st_case,state,year,month,day,day_week,hour,minute,county,city,fatals_crash,vehicles_total,vehicles_in_transport,persons_total,route,rural_urban,functional_system,road_owner,nhs,special_jurisdiction,milepoint,latitude,longitude,first_harmful_event,manner_collision,rel_jct_interchange,rel_jct_location,intersection_type,relation_to_road,work_zone,light_condition,weather,school_bus_related,ems_notified_hour,ems_notified_min,ems_arrival_hour,ems_arrival_min,hospital_hour,hospital_min
10647,1,2020,10,23,6,17,8,61,0,1,1,1,2,4,1,7,2,0,0,0,31.15023056,-85.95523611,1,0,0,1,1,4,0,1,10,0,,,,,,
10648,1,2020,10,24,7,0,15,11,0,1,1,1,1,4,1,5,2,0,0,0,32.14565,-85.55918889,42,0,0,1,1,4,0,2,1,0,0,15,0,50,,
10649,1,2020,10,24,7,0,5,31,0,1,1,1,1,4,1,7,2,0,0,0,31.61098333,-85.95004444,42,0,0,1,1,4,0,2,1,0,,,,,,
10650,1,2020,10,24,7,18,15,75,0,1,2,2,2,3,1,5,1,0,0,49,33.55791667,-88.19454167,12,2,0,1,1,1,0,5,10,0,,,19,10,,
10651,1,2020,10,24,7,12,52,49,1632,1,2,2,5,3,1,4,1,0,0,962,34.63342778,-85.74213056,12,6,0,2,2,1,0,1,2,0,12,53,13,0,14,30
10652,1,2020,10,25,1,19,45,97,0,1,2,2,2,4,1,5,2,0,0,0,31.01164444,-88.17186389,12,2,0,1,1,1,0,2,10,0,19,45,19,59,,
10653,1,2020,10,25,1,7,16,87,3070,1,1,1,1,6,2,5,4,0,0,0,32.41816389,-85.71545,42,0,0,1,1,4,0,4,2,0,7,16,7,47,,
10654,1,2020,10,26,2,16,12,69,0,1,2,2,5,3,1,5,1,0,0,103,31.20675833,-85.62560833,12,6,0,2,2,1,0,1,1,0,16,10,16,30,16,55
10655,1,2020,10,27,3,5,40,91,0,2,2,2,5,3,1,4,1,0,0,828,32.38213056,-87.71999722,12,6,0,2,3,1,1,2,10,0,,,6,15,,
10656,1,2020,10,27,3,17,30,15,0,1,1,1,2,4,2,5,4,0,0,0,33.71381944,-85.84405556,8,0,0,1,1,2,0,5,10,0,17,27,17,32,,
10657,1,2020,10,28,4,19,45,75,0,1,1,1,1,4,1,7,2,0,0,0,33.703225,-88.12883611,35,0,0,1,1,4,0,2,2,0,19,53,19,58,,
10658,1,2020,10,29,5,6,15,101,2130,1,2,2,3,3,2,3,1,1,0,0,32.32697778,-86.26823333,12,6,0,2,2,1,0,1,1,0,6,18,6,31,6,41
10659,1,2020,10,29,5,15,40,109,0,1,1,1,3,3,1,4,1,0,0,252,31.67390556,-85.82530278,38,0,0,1,1,4,0,1,1,0,,,16,8,,
10660,1,2020,10,29,5,22,30,125,0,2,3,3,7,2,1,3,1,1,0,2054,33.33970556,-87.60828889,12,8,0,1,1,1,0,2,1,0,22,37,22,48,23,14
10661,1,2020,10,30,6,13,11,123,0,1,1,1,1,3,1,4,1,0,0,173,32.666375,-85.79513056,42,0,0,1,1,4,0,1,1,0,,,,,,
10662,1,2020,10,30,6,13,5,43,0,1,1,1,1,2,1,3,1,1,0,710,34.19599167,-86.96921389,19,0,0,1,1,5,0,1,1,0,13,5,13,8,,
10663,1,2020,10,30,6,22,56,101,2130,1,1,1,1,2,2,3,1,1,0,1555,32.32668611,-86.33122222,8,0,0,1,1,1,0,3,1,0,,,23,0,,
10664,1,2020,10,31,7,8,0,89,0,1,1,1,1,4,2,7,2,0,0,0,34.8556,-86.50921667,42,0,0,1,1,4,0,1,1,0,8,15,8,23,,
10665,1,2020,11,1,1,0,17,17,1830,1,1,1,2,6,2,5,2,0,0,0,32.84658889,-85.21601667,42,0,0,3,4,4,0,2,1,0,0,17,0,24,,
10666,1,2020,11,2,2,20,30,131,0,1,1,1,1,4,1,5,2,0,0,0,32.22598611,-87.40114722,42,0,0,1,1,4,0,2,1,0,,,21,15,,
10667,1,2020,11,3,3,21,50,97,2100,1,4,4,7,6,2,4,4,0,0,0,30.69648611,-88.11463611,12,6,0,2,2,1,0,3,10,0,21,50,21,57,,
10668,1,2020,11,3,3,5,0,83,0,1,1,1,1,3,1,4,1,0,0,151,34.93341944,-87.13540556,17,0,0,1,1,4,0,2,1,0,8,9,8,25,,
10669,1,2020,11,4,4,18,20,47,0,2,2,2,4,3,1,4,1,0,0,320,32.52446667,-86.98175278,12,2,0,1,1,1,0,2,1,0,,,,,,
10670,1,2020,11,6,6,17,9,15,100,1,3,3,4,6,2,4,4,0,0,0,33.631325,-85.81577778,8,0,0,1,1,1,0,1,1,0,17,9,17,17,,
10671,1,2020,11,7,7,2,0,87,3070,1,1,1,1,3,2,4,1,0,0,30,32.47345278,-85.69280833,59,0,0,1,1,4,0,3,1,0,2,0,2,28,,
10672,1,2020,11,8,1,7,40,19,0,1,1,1,1,2,1,3,1,1,0,1627,33.97943056,-85.52350833,42,0,0,1,1,4,0,1,10,0,7,46,7,52,,
10673,1,2020,11,8,1,18,30,53,0,1,1,1,1,4,1,5,2,0,0,0,31.16145833,-87.55150833,34,0,0,3,2,4,0,2,1,0,20,3,20,13,,
10674,1,2020,11,9,2,14,53,53,470,1,2,2,7,2,2,3,1,1,0,686,31.09646944,-87.08241944,12,1,0,8,1,1,0,1,1,0,,,15,0,,
10675,1,2020,11,13,6,22,30,9,0,1,1,1,1,3,1,3,1,1,0,253,33.87448889,-86.65496667,34,0,0,1,1,4,0,3,5,0,,,9,8,,
10676,1,2020,11,14,7,3,0,119,0,1,1,1,1,4,1,5,2,0,0,0,32.49420556,-88.36610278,1,0,0,1,1,4,0,2,1,0,,,9,15,,
10677,1,2020,11,16,2,7,28,15,0,1,2,2,2,4,2,4,2,0,0,0,33.65011389,-85.71823889,12,2,0,1,1,1,0,1,1,0,,,,,,
10678,1,2020,9,6,1,16,9,3,1493,1,4,4,13,3,2,3,1,1,0,97,30.25603611,-87.64104722,12,2,0,8,1,1,0,1,1,0,16,9,16,23,17,25
10679,1,2020,9,9,4,19,36,15,2370,1,2,2,5,6,2,4,4,0,0,0,33.603825,-85.78615,12,2,0,1,1,1,0,2,1,0,19,41,19,45,,
10680,1,2020,9,15,3,2,0,81,0,1,1,1,3,4,1,7,2,0,0,0,32.72818056,-85.23381944,32,0,0,1,1,4,0,2,10,0,4,6,4,19,4,48
10681,1,2020,9,5,7,15,5,5,0,1,2,2,3,3,1,3,1,1,0,517,31.72035833,-85.26771667,12,6,0,2,3,1,0,1,1,0,15,3,15,16,15,54
10682,1,2020,12,29,3,22,30,117,0,1,1,1,1,1,2,1,1,1,0,2270,33.08368333,-86.73578889,24,0,0,1,1,3,0,2,1,0,22,30,22,35,,
10683,1,2020,11,11,4,16,7,47,2760,1,1,1,1,6,2,7,4,0,0,0,32.42115833,-87.01980278,8,0,0,8,1,1,0,1,1,0,16,7,16,21,,
10684,1,2020,11,5,5,15,42,125,2260,1,2,2,2,3,2,4,1,0,0,12,33.27357778,-87.62020278,12,2,0,1,1,1,0,1,1,0,15,40,15,49,16,26
10685,1,2020,10,29,5,21,33,73,3125,1,1,1,1,3,2,3,1,0,0,2690,33.45609722,-86.78605556,19,0,0,1,1,4,0,3,1,0,21,33,21,35,,
10686,1,2020,11,13,6,15,50,73,350,1,3,3,4,6,2,5,4,0,0,0,33.50354722,-86.81112778,12,6,0,2,2,1,0,1,1,0,16,30,16,32,,
10687,1,2020,12,18,6,5,46,81,200,1,3,3,3,3,2,4,1,0,0,0,32.60284444,-85.52328056,12,6,0,2,3,1,0,3,10,0,5,46,5,57,,
10688,1,2020,12,13,1,13,50,97,0,1,1,1,2,2,1,3,1,1,0,176,30.97539167,-88.02689167,52,0,0,1,1,4,0,1,10,0,13,55,14,26,15,6
10689,1,2020,12,15,3,15,51,101,2130,1,1,1,3,6,2,5,4,0,0,0,32.36597778,-86.32711944,53,0,0,1,1,4,0,1,10,0,,,16,40,,
10690,1,2020,12,28,2,13,41,117,2405,1,1,1,1,1,2,1,1,1,0,2437,33.30525833,-86.79031111,52,0,0,1,1,4,0,1,10,0,13,40,13,45,,
10691,1,2020,12,26,7,14,5,125,0,1,2,2,2,1,2,1,1,1,0,714,33.16853611,-87.55661944,12,1,0,1,1,1,0,1,1,0,14,5,14,22,,
10692,1,2020,12,19,7,7,13,73,330,1,1,1,1,1,2,1,1,1,0,1055,33.34848056,-87.02056667,25,0,0,1,1,3,0,4,1,0,7,12,7,25,,
10693,1,2020,12,14,2,6,13,73,330,1,1,1,1,1,2,1,1,1,0,1100,33.39006944,-86.98608611,8,0,1,20,1,1,0,2,10,0,6,13,6,25,,
10694,1,2020,12,7,2,11,10,97,2100,2,2,1,3,1,2,1,1,1,0,20,30.66182778,-88.12650556,14,0,0,1,1,2,0,1,1,0,11,10,11,27,,
10695,1,2020,11,29,1,18,3,73,0,1,1,1,2,1,2,1,1,1,0,1193,33.49513333,-86.91443056,34,0,0,1,1,4,0,2,2,0,18,3,18,7,,
10696,1,2020,11,22,1,6,10,3,0,1,1,1,3,1,1,1,1,1,0,558,30.61415,-87.57322778,1,0,0,1,1,4,0,1,1,0,6,18,6,45,7,24
10697,1,2020,11,20,6,23,8,73,350,1,2,2,2,1,2,1,1,1,0,1307,33.55042778,-86.74583611,12,7,1,18,1,1,0,2,1,0,9,54,9,57,,
10698,1,2020,11,15,1,20,47,117,1716,1,2,2,9,1,2,1,1,1,0,2628,33.33398611,-86.77938056,26,0,0,1,1,4,0,2,1,0,20,47,20,55,,
10699,1,2020,11,15,1,8,16,55,0,1,2,2,4,1,1,1,1,1,0,1957,34.17559444,-85.96459167,12,1,0,1,1,1,0,1,1,0,8,16,8,30,,
10700,1,2020,11,14,7,3,20,121,0,1,2,1,3,1,1,1,1,1,0,1751,33.57756944,-86.00398889,14,0,0,1,1,4,0,2,1,0,3,22,3,34,,
10701,1,2020,11,11,4,15,37,89,1730,1,1,1,3,1,2,1,1,1,0,150,34.71947222,-86.62755556,30,0,1,3,2,8,0,1,1,0,15,37,15,39,,
10702,1,2020,10,10,7,18,32,73,350,1,1,1,2,6,2,3,1,1,0,0,33.55872222,-86.73154444,30,0,0,1,1,4,0,3,2,0,18,34,18,37,18,56
10703,1,2020,11,3,3,19,14,73,350,1,3,3,6,1,2,1,1,1,0,1260,33.53202222,-86.79961944,12,7,0,1,1,1,0,3,1,0,19,14,19,22,,
10704,1,2020,10,18,1,2,15,73,350,1,2,1,1,6,2,4,4,0,0,0,33.45463889,-86.89731389,30,0,0,1,1,4,0,3,1,0,2,18,2,38,,
10705,1,2020,10,29,5,18,32,89,2225,1,1,1,1,3,1,3,1,1,0,3165,34.54442222,-86.42764167,8,0,0,1,1,1,0,2,1,0,18,32,18,40,,
10706,1,2020,11,4,4,16,40,97,2100,1,1,1,1,4,2,3,2,1,0,0,30.61026944,-88.22492778,33,0,0,1,1,4,0,1,1,0,16,46,16,52,,
10707,1,2020,11,5,5,17,35,31,0,1,2,2,3,2,2,3,1,0,0,1859,31.29830556,-85.791075,12,6,0,2,2,1,0,1,1,0,17,35,17,45,17,51
10708,1,2020,11,6,6,16,24,103,890,1,2,2,2,6,2,4,2,0,0,0,34.58713889,-87.03503611,12,6,0,2,3,1,0,5,1,0,16,24,16,32,16,50
10709,1,2020,11,7,7,0,32,25,1760,1,1,1,1,3,1,4,1,0,0,30,31.55009722,-87.92776111,1,0,0,1,1,4,0,2,1,0,0,50,1,2,,
10710,1,2020,11,7,7,5,0,3,0,1,1,1,1,4,2,5,2,0,0,0,30.35552778,-87.74094444,1,0,0,1,1,4,0,2,10,0,,,6,15,,
10711,1,2020,11,7,7,2,40,73,350,1,1,1,1,6,2,4,4,0,0,0,33.50600833,-86.81101944,58,0,0,3,2,1,0,3,1,0,2,44,2,50,,
10712,1,2020,11,7,7,8,2,83,9997,1,1,1,1,6,1,7,4,0,0,0,34.70083333,-86.81766667,8,0,0,8,1,4,0,1,1,0,8,4,8,12,,
10713,1,2020,11,7,7,22,44,87,0,1,1,1,1,3,1,4,1,0,0,2015,32.57745833,-85.75910556,1,0,0,1,1,4,0,2,1,0,,,,,,
10714,1,2020,11,8,1,18,6,61,0,1,3,3,3,3,1,4,1,0,0,42,31.04700556,-85.68079722,12,6,0,1,1,1,0,2,1,0,18,12,18,22,,
10715,1,2020,11,9,2,21,3,47,2760,1,1,1,1,3,2,3,1,1,0,830,32.43125833,-87.02950278,8,0,0,1,1,1,0,2,1,0,21,3,21,20,,
10716,1,2020,11,11,4,17,50,45,0,1,1,1,1,4,1,5,2,0,0,0,31.35271667,-85.4775,1,0,0,3,4,1,0,2,1,0,17,41,17,47,17,53
10717,1,2020,11,11,4,9,58,113,2440,1,2,2,3,3,2,4,1,0,0,321,32.41414722,-85.03875556,12,2,0,1,1,1,0,1,10,0,10,2,10,8,10,27
10718,1,2020,11,11,4,1,40,15,2370,1,1,1,1,6,2,4,4,0,0,0,33.60356389,-85.99527778,8,0,0,1,1,1,0,2,10,0,1,40,1,57,,
10719,1,2020,11,13,6,8,44,61,0,1,1,1,4,4,1,5,2,0,0,0,31.09514167,-85.56285833,1,0,0,1,1,4,0,1,1,0,,,,,,
10720,1,2020,11,13,6,12,40,61,0,1,1,1,1,3,1,5,1,0,0,145,31.03499722,-85.53596111,8,0,0,1,1,1,0,1,1,0,,,,,,
10721,1,2020,11,13,6,5,10,11,0,1,2,2,2,3,1,4,1,0,0,209,32.21542778,-85.91170278,12,2,0,1,1,1,0,2,5,0,,,,,,
10722,1,2020,11,13,6,20,45,123,0,2,2,2,3,2,1,3,1,1,0,850,32.81335833,-85.71044722,12,6,0,2,3,1,0,2,1,0,20,45,20,51,,
10723,1,2020,11,14,7,5,28,113,0,1,1,1,1,4,1,5,2,0,0,0,32.21536944,-85.36796111,18,0,0,1,1,1,0,2,1,0,5,15,5,43,,
10724,1,2020,11,14,7,22,27,125,2260,1,1,1,2,3,2,4,1,0,0,10,33.271825,-87.61752778,34,0,0,1,1,4,0,2,1,0,22,37,22,49,23,37
10725,1,2020,11,14,7,22,10,121,2910,1,2,1,5,4,2,6,2,0,0,0,33.47046389,-86.11048333,53,0,0,1,1,4,0,2,1,0,22,10,22,20,23,0
10726,1,2020,11,15,1,0,10,83,0,1,1,1,1,4,1,7,2,0,0,0,34.83709167,-87.07998611,42,0,0,1,1,4,0,2,1,0,0,20,0,31,,
10727,1,2020,11,15,1,18,6,1,2540,1,2,2,2,6,2,3,4,0,0,0,32.47480556,-86.44572222,12,2,0,1,1,1,0,3,1,0,18,36,19,7,,
10728,1,2020,11,15,1,21,57,103,890,1,1,1,1,3,2,3,1,1,0,390,34.56194167,-86.9725,30,0,0,1,1,4,0,3,1,0,,,22,2,,
10729,1,2020,11,16,2,21,0,77,0,1,1,1,1,4,1,5,2,0,0,0,34.95077222,-87.68608611,32,0,0,1,1,4,0,2,10,0,21,3,21,17,,
10730,1,2020,11,16,2,15,50,101,2130,2,2,2,3,3,2,3,1,1,0,1540,32.32683889,-86.30728056,12,1,0,1,1,1,0,1,1,0,15,50,15,54,,
10731,1,2020,11,16,2,5,45,101,2130,3,2,2,4,2,2,3,1,1,0,1632,32.30345833,-86.20901944,12,6,0,2,3,1,0,4,1,0,5,45,5,59,,
10732,1,2020,11,17,3,0,40,15,0,1,1,1,3,4,1,5,2,0,0,0,33.82425833,-85.81258611,32,0,0,1,1,4,0,2,1,0,0,40,0,45,,
10733,1,2020,11,17,3,4,30,95,0,1,3,1,1,4,1,5,2,0,0,0,34.5652,-86.16025,43,0,0,1,1,4,0,2,1,0,4,30,4,50,,
10734,1,2020,11,18,4,2,20,75,0,1,2,2,2,3,1,4,1,0,0,2559,33.92425833,-88.15011667,12,6,0,2,2,1,0,2,10,0,2,20,2,45,,
10735,1,2020,11,18,4,11,20,117,0,1,2,2,2,4,1,5,2,0,0,0,33.23978889,-86.55436944,12,2,0,1,1,1,0,1,1,0,11,20,11,30,,
10736,1,2020,11,18,4,13,20,31,0,1,2,2,6,3,1,4,1,0,0,181,31.31274444,-85.97944167,12,2,0,1,1,1,0,1,1,0,13,49,14,0,14,50
10737,1,2020,11,19,5,8,41,73,330,1,3,3,3,6,2,4,4,0,0,0,33.41881944,-86.98181667,12,6,0,1,1,1,0,1,1,0,8,41,8,45,,
10738,1,2020,11,20,6,3,1,55,1370,1,1,1,1,6,2,7,4,0,0,0,33.94959167,-85.94795556,1,0,0,1,1,4,0,6,1,0,3,1,3,17,,
10739,1,2020,11,20,6,12,10,71,0,1,1,1,1,3,1,5,1,0,0,165,34.71418611,-85.75062778,32,0,0,1,1,4,0,1,1,0,12,10,12,20,,
10740,1,2020,11,20,6,12,15,89,1730,1,2,2,2,4,1,4,2,0,0,0,34.94023333,-86.42320833,12,2,0,1,1,1,0,1,1,0,12,31,12,46,13,34
10741,1,2020,11,20,6,13,35,53,0,1,2,2,3,2,2,4,1,0,0,430,31.02483889,-87.46308056,12,6,0,2,2,1,0,1,1,0,13,35,13,45,,
10742,1,2020,11,20,6,11,50,93,0,1,1,1,1,3,1,5,1,0,0,202,34.28598611,-88.06469167,24,0,0,1,1,4,0,1,1,0,,,,,,
10743,1,2020,11,21,7,6,22,121,1870,1,1,1,1,3,1,3,1,1,0,710,33.60033611,-86.11580833,8,0,0,1,1,1,0,9,99,0,6,30,6,35,,
10744,1,2020,11,21,7,12,25,121,0,1,1,1,1,2,2,3,1,1,0,468,33.11011667,-86.23283611,43,0,0,1,1,3,0,1,1,0,12,25,12,33,,
10745,1,2020,11,21,7,18,2,101,2130,1,2,2,2,6,2,3,1,1,0,0,32.42377222,-86.22695278,8,0,0,1,1,1,0,3,1,0,18,2,18,15,,
10746,1,2020,11,21,7,19,45,111,0,1,1,1,1,3,1,4,1,0,0,117,33.30253333,-85.547375,53,0,0,1,1,4,0,2,1,0,,,20,1,,
10747,1,2020,11,21,7,22,26,43,0,3,2,2,5,3,1,4,1,0,0,2219,33.94849722,-87.04236944,12,2,0,1,1,1,0,2,1,0,,,23,18,,
10748,1,2020,11,22,1,1,47,115,160,1,1,1,1,4,1,7,2,0,0,0,33.83252222,-86.24764444,42,0,0,1,1,4,0,2,1,0,1,47,1,52,,
10749,1,2020,11,22,1,18,23,69,930,1,2,2,3,2,2,3,1,1,0,120,31.17181667,-85.40215556,12,6,0,8,1,1,0,3,10,0,18,25,18,32,,
10750,1,2020,11,22,1,21,20,73,330,1,2,2,2,6,2,4,4,0,0,0,33.49449167,-86.83264444,12,6,0,1,1,1,0,3,1,0,21,23,21,30,,
10751,1,2020,11,23,2,15,40,71,0,1,2,2,3,3,1,5,1,0,0,679,34.617525,-86.28938611,12,2,0,1,1,1,0,1,1,0,15,48,16,5,16,27
10752,1,2020,11,24,3,22,20,33,3060,1,1,1,1,6,2,7,4,0,0,0,34.72926389,-87.69489444,33,0,0,1,1,4,0,3,1,0,22,54,22,58,,
10753,1,2020,11,25,4,20,10,73,0,1,3,3,3,3,2,5,1,0,0,1,33.65325556,-86.65856111,12,6,0,1,1,1,0,3,2,0,20,10,20,14,,
10754,1,2020,11,25,4,13,7,37,0,1,2,2,4,2,1,3,1,1,0,635,32.9677,-86.00973611,12,6,0,2,3,1,0,1,10,0,13,12,13,17,13,33
10755,1,2020,12,21,2,6,45,101,2130,1,1,1,1,3,2,5,4,0,0,0,32.38531389,-86.20997778,33,0,0,1,1,4,0,4,1,0,7,4,7,8,,
10756,1,2020,12,30,4,20,9,77,1200,1,2,2,2,3,2,3,1,1,0,0,34.8397,-87.63585833,12,1,0,2,2,1,0,3,1,0,20,24,20,42,21,49
10757,1,2020,12,30,4,13,10,97,2100,1,1,1,1,6,2,5,4,0,0,0,30.67426111,-88.12663333,38,0,0,1,1,4,0,1,1,0,13,15,13,25,,
10758,1,2020,12,19,7,3,8,125,2260,1,1,1,4,6,2,4,4,0,0,0,33.224925,-87.60191944,42,0,0,1,1,4,0,2,1,0,3,8,3,18,,
10759,1,2020,11,27,6,18,56,97,2100,1,2,2,2,6,2,3,4,1,0,0,30.69195,-88.08114722,8,0,0,3,2,1,0,2,2,0,,,19,0,,
10760,1,2020,7,21,3,16,5,55,1280,1,2,2,2,2,2,4,1,0,0,0,34.03590556,-85.96184444,12,6,0,2,2,1,0,1,1,0,16,5,16,8,,
10761,1,2020,2,2,1,18,11,101,2130,1,1,1,3,3,2,3,1,1,0,0,32.32723611,-86.25007778,8,0,0,3,2,1,0,3,1,0,18,11,18,15,,
10762,1,2020,2,18,3,14,33,103,890,1,1,1,1,6,2,4,4,0,0,0,34.57800556,-86.978525,8,0,0,1,1,1,0,1,2,0,14,33,14,38,,
10763,1,2020,2,28,6,23,10,73,350,1,2,2,2,6,2,3,1,1,0,0,33.52799722,-86.85044722,12,2,0,2,3,1,0,6,1,0,23,7,23,17,23,37
10764,1,2020,12,19,7,16,40,97,0,1,1,1,1,4,1,5,2,0,0,0,30.93836944,-88.134525,34,0,0,1,1,4,0,2,1,0,16,45,17,0,17,44
10765,1,2020,12,27,1,13,12,97,0,1,1,1,1,4,1,5,2,0,0,0,30.44796667,-88.16703611,34,0,0,1,1,4,0,1,1,0,13,12,13,28,,
10766,1,2020,12,29,3,19,15,51,0,1,1,1,7,4,1,5,2,0,0,0,32.59341944,-86.306625,59,0,0,1,1,4,0,2,1,0,,,,,,
10767,1,2020,12,30,4,17,47,125,0,3,2,2,4,2,1,3,1,1,0,352,33.27404722,-87.75709722,12,2,0,1,1,1,0,2,1,0,17,47,17,57,,
10768,1,2020,12,22,3,12,33,81,0,1,1,1,1,3,1,4,1,0,0,2112,32.59488611,-85.62363889,42,0,0,1,1,4,0,1,1,0,12,37,12,53,,
10769,1,2020,12,23,4,15,51,1,0,1,2,2,2,4,1,5,2,0,0,0,32.57423611,-86.59536667,12,2,0,1,1,1,0,1,1,0,15,54,16,1,17,1
10770,1,2020,12,5,7,5,40,43,0,1,1,1,1,3,1,3,1,1,0,94,34.23401389,-86.92385556,43,0,0,1,1,1,0,2,5,0,5,41,5,54,,
10771,1,2020,12,4,6,23,10,3,2355,1,1,1,2,6,2,5,1,0,0,0,30.30326389,-87.52258889,93,0,0,1,1,4,0,3,5,0,23,10,23,15,,
10772,1,2020,12,27,1,6,0,83,0,1,2,2,2,4,2,5,2,0,0,0,34.73254444,-87.01131667,12,2,0,1,1,1,0,2,1,0,6,18,6,25,7,11
10773,1,2020,12,18,6,17,50,103,0,1,1,1,1,4,1,5,2,0,0,0,34.47853889,-86.89075833,42,0,0,1,1,4,0,2,1,0,17,54,18,13,,
10774,1,2020,12,20,1,10,48,3,0,1,1,1,1,4,2,7,2,0,0,0,30.85686944,-87.81369722,53,0,0,1,1,4,0,1,2,0,10,48,10,58,,
10775,1,2020,12,11,6,14,0,67,0,1,1,1,1,4,1,7,2,0,0,0,31.64643889,-85.27025556,42,0,0,1,1,4,0,1,1,0,14,6,14,14,15,3
10776,1,2020,11,14,7,1,50,89,0,1,1,1,2,6,2,5,4,0,0,0,34.7646,-86.69776389,59,0,0,1,1,4,0,3,1,0,,,2,0,,
10778,1,2020,11,8,1,1,51,1,0,1,1,1,2,4,1,5,2,0,0,0,32.62041944,-86.60446944,42,0,0,1,1,4,0,2,1,0,1,57,2,25,3,17
10779,1,2020,3,24,3,21,50,9,370,1,1,1,1,3,1,4,1,0,0,391,34.04941667,-86.57688611,34,0,0,1,1,4,0,2,10,0,,,22,5,,
10780,1,2020,3,28,7,8,45,129,0,1,1,1,1,2,1,3,1,1,0,491,31.42426944,-88.02696944,59,0,0,1,1,3,0,1,1,0,,,9,5,,
10781,1,2020,3,30,2,17,40,13,0,1,1,1,1,3,1,4,1,0,0,3,31.78335556,-86.64065833,34,0,0,1,1,4,0,1,1,0,18,22,18,35,19,6
10782,1,2020,3,2,2,16,44,25,0,1,2,2,2,2,1,3,1,1,0,554,31.60738333,-87.62943333,12,6,0,1,1,1,0,1,10,0,16,53,16,53,17,21
10783,1,2020,2,27,5,21,25,69,0,1,3,3,5,3,1,4,1,0,0,144,31.14713611,-85.33318889,12,2,0,1,1,1,0,2,1,0,21,29,21,39,22,19
10784,1,2020,12,24,5,0,30,85,3271,1,1,1,1,2,1,3,1,1,0,1058,32.27181389,-86.73970556,8,0,0,1,1,1,0,2,2,0,0,30,0,35,,
10785,1,2020,3,26,5,20,13,73,350,1,2,2,2,1,2,1,1,1,0,1310,33.54225833,-86.73546667,12,1,0,1,1,1,0,2,1,0,20,22,20,27,,
10786,1,2020,12,6,1,10,15,101,2130,1,1,1,1,1,2,1,1,1,0,1670,32.3098,-86.33525278,59,0,0,5,1,4,0,1,1,0,10,20,10,30,10,48
10787,1,2020,3,19,5,12,25,3,0,1,3,2,3,1,1,1,1,1,0,315,30.94759167,-87.86171389,45,0,0,1,1,1,1,1,1,0,12,25,12,40,,
10788,1,2020,11,25,4,10,30,125,0,2,2,2,6,3,1,4,1,0,0,65,33.33396111,-87.66274167,12,2,0,1,1,1,0,1,2,0,10,39,10,41,11,36
10789,1,2020,11,25,4,21,50,103,0,1,1,1,2,2,1,3,1,1,0,3044,34.54863889,-86.58665278,1,0,0,1,1,4,0,2,1,0,,,22,14,,
10790,1,2020,11,26,5,14,11,127,0,1,1,1,1,3,1,5,1,0,0,98,33.9819,-87.350475,34,0,0,1,1,4,0,1,1,0,14,26,14,44,,
10791,1,2020,11,27,6,15,10,33,0,1,1,1,2,2,1,3,1,1,0,3065,34.64969167,-87.65442222,32,0,0,1,1,4,0,1,10,0,15,10,15,20,,
10792,1,2020,11,27,6,5,23,73,0,1,1,1,1,4,2,7,2,0,0,0,33.280875,-87.0286,3,0,0,1,1,5,0,2,1,0,5,23,5,31,,
10793,1,2020,11,27,6,21,11,69,930,1,1,1,2,2,2,3,1,1,0,0,31.25396667,-85.43004722,8,0,0,1,1,1,0,2,2,0,21,13,21,23,,
10794,1,2020,11,28,7,0,45,97,2100,1,1,1,1,6,2,5,4,0,0,0,30.66491389,-88.09139722,30,0,0,1,1,4,0,3,2,0,0,45,0,50,,
10795,1,2020,11,29,1,18,13,113,0,1,1,1,3,3,1,4,1,0,0,232,32.29545278,-85.00778056,8,0,0,1,1,1,0,2,2,0,18,19,18,35,19,1
10796,1,2020,11,29,1,7,42,55,1280,1,1,1,1,6,2,7,4,0,0,0,34.03770278,-86.01895,32,0,0,1,1,4,0,1,10,0,7,46,7,53,8,21
10797,1,2020,11,29,1,11,10,121,2910,1,2,2,3,3,2,3,1,1,0,0,33.45132778,-86.05740833,12,6,0,2,3,1,0,1,10,0,11,16,11,20,11,47
10798,1,2020,11,30,2,5,25,95,0,2,1,1,3,4,1,5,2,0,0,0,34.53173333,-86.24121111,18,0,0,1,1,1,0,2,2,0,5,25,5,45,,
10799,1,2020,11,30,2,7,25,35,0,2,2,2,2,2,1,3,1,1,0,827,31.277525,-87.02506667,12,2,0,1,1,1,0,1,10,0,7,44,8,2,,
10800,1,2020,11,30,2,8,20,3,0,1,2,2,2,4,2,5,2,0,0,0,30.43600278,-87.69786667,12,2,0,1,1,1,0,1,10,0,8,30,8,54,9,1
10801,1,2020,11,30,2,13,4,73,0,1,2,2,3,3,2,4,4,0,0,0,33.64441667,-86.74748889,12,2,0,1,1,1,0,1,10,0,13,16,13,20,13,49
10802,1,2020,12,1,3,12,49,83,0,1,1,1,1,3,2,4,1,0,0,71,34.8637,-86.85049722,38,0,0,1,1,4,0,1,1,0,12,48,12,55,,
10803,1,2020,12,1,3,6,20,7,0,1,2,2,4,3,1,3,1,1,0,1021,33.16911944,-87.15266389,12,2,0,1,1,1,0,1,1,0,6,14,6,20,,
10804,1,2020,12,1,3,17,33,73,330,1,1,1,2,6,2,5,4,0,0,0,33.35684444,-86.94540556,30,0,0,1,1,4,0,1,1,0,17,34,17,39,18,23
10805,1,2020,12,1,3,15,55,13,0,1,1,1,1,4,1,6,2,0,0,0,31.95036111,-86.47681944,34,0,0,1,1,4,0,1,1,0,16,4,16,20,,
10806,1,2020,12,2,4,2,45,9,0,1,1,1,1,4,1,6,1,0,0,0,34.04423611,-86.60374722,42,0,0,1,1,4,0,2,1,0,2,49,3,2,,