st_case,state,year,month,day,day_week,hour,minute,county,city,fatals_crash,vehicles_total,vehicles_in_transport,persons_total,route,rural_urban,functional_system,road_owner,nhs,special_jurisdiction,milepoint,latitude,longitude,first_harmful_event,manner_collision,rel_jct_interchange,rel_jct_location,intersection_type,relation_to_road,work_zone,light_condition,weather,school_bus_related,ems_notified_hour,ems_notified_min,ems_arrival_hour,ems_arrival_min,hospital_hour,hospital_min
10807,1,2020,12,2,4,16,3,73,350,1,1,1,1,6,2,5,4,0,0,0,33.52100833,-86.77439722,8,0,0,3,2,1,0,5,1,0,16,4,16,7,16,30
10808,1,2020,12,2,4,8,51,73,0,1,1,1,1,4,2,7,2,0,0,0,33.62956944,-86.65865833,42,0,0,3,3,4,0,1,1,0,8,52,8,58,9,20
10809,1,2020,12,3,5,7,38,109,3040,1,1,1,1,2,2,3,1,1,0,1698,31.80610833,-85.98841111,21,0,1,19,1,4,0,1,1,0,7,38,7,42,,
10810,1,2020,12,3,5,17,44,73,350,1,1,1,1,6,2,4,4,0,0,0,33.54349722,-86.76805833,9,0,0,3,2,1,0,3,10,0,17,45,17,49,18,15
10811,1,2020,12,3,5,17,0,125,3050,1,1,1,1,6,2,4,4,0,0,0,33.20623889,-87.50939444,30,0,0,8,1,4,0,5,10,0,17,0,17,4,,
10812,1,2020,12,5,7,18,39,73,0,1,1,1,2,4,2,4,2,0,0,0,33.65109722,-86.67971944,32,0,0,1,1,4,0,2,1,0,18,40,18,49,19,20
10813,1,2020,12,5,7,19,40,3,0,1,1,1,1,2,1,3,1,1,0,110,30.747475,-87.79386667,32,0,0,1,1,4,0,2,1,0,20,10,20,20,,
10814,1,2020,12,5,7,11,23,69,790,1,2,2,2,4,1,5,4,0,0,0,31.03445833,-85.33240278,59,0,0,3,3,4,0,1,10,0,11,23,11,30,,
10815,1,2020,12,5,7,22,4,73,0,1,2,2,2,3,2,3,1,1,0,0,33.56105,-86.89263056,12,1,0,1,1,1,0,3,1,0,22,6,22,8,,
10816,1,2020,12,6,1,16,45,15,0,1,2,2,5,3,2,3,1,1,0,2499,33.59494722,-85.84296944,12,6,0,2,3,1,0,2,2,0,16,15,16,30,,
10817,1,2020,12,7,2,16,53,73,350,1,1,1,1,6,2,5,4,0,0,0,33.54386389,-86.76139722,59,0,0,1,1,4,0,3,1,0,16,53,16,54,,
10818,1,2020,12,8,3,14,30,43,0,1,2,2,2,4,1,5,2,0,0,0,34.24999167,-87.01691944,12,6,0,2,3,1,0,1,1,0,15,57,16,3,,
10819,1,2020,12,8,3,19,8,97,0,1,1,1,4,4,2,3,1,1,0,0,30.75163056,-88.22561667,8,0,0,1,1,1,0,2,1,0,19,10,19,15,,
10820,1,2020,12,8,3,21,45,121,0,1,1,1,1,3,1,4,1,0,0,49,33.51880833,-86.22034167,40,0,0,1,1,4,0,2,1,0,21,51,22,5,,
10821,1,2020,12,10,5,10,33,73,0,1,2,2,2,3,2,4,4,0,0,0,33.63128611,-86.78028889,12,2,0,1,1,1,0,1,1,0,10,30,10,39,11,13
10822,1,2020,12,10,5,12,26,97,2713,1,2,2,2,6,1,5,4,0,0,0,30.89709444,-88.12390278,12,2,0,1,1,1,0,1,1,0,12,27,12,39,13,8
10823,1,2020,12,10,5,17,48,101,0,1,1,1,1,4,1,6,2,0,0,0,32.05621389,-86.06084444,42,0,0,1,1,4,0,2,1,0,17,50,18,21,,
10824,1,2020,12,10,5,22,38,115,2410,1,1,1,2,6,2,5,4,0,0,0,33.55166667,-86.26354167,30,0,0,1,1,4,0,6,1,0,22,34,22,55,23,40
10825,1,2020,12,11,6,15,35,77,0,2,2,2,5,2,1,3,1,0,0,3307,34.92844167,-87.53145833,12,6,0,2,2,1,0,1,10,0,15,35,15,54,,
10826,1,2020,12,12,7,17,30,93,0,1,1,1,1,3,1,5,1,0,0,88,34.01951667,-87.69718333,42,0,0,1,1,4,0,5,1,0,,,,,,
10827,1,2020,12,29,3,22,41,3,2355,1,2,2,2,3,2,3,1,1,0,110,30.26959167,-87.58640833,12,2,0,1,1,1,0,2,1,0,22,48,23,20,23,49
10828,1,2020,12,11,6,17,25,95,0,1,2,2,2,4,2,5,2,0,0,0,34.32047222,-86.20500278,1,0,0,1,1,1,0,2,1,0,17,25,17,45,18,31
10829,1,2020,12,11,6,2,53,97,2100,2,2,2,3,6,2,4,4,0,0,0,30.70158333,-88.11645556,12,6,0,8,1,1,0,3,1,0,2,57,3,12,3,22
10830,1,2020,12,12,7,21,4,103,1590,1,2,2,5,2,2,3,1,1,0,3468,34.44983611,-86.94542778,12,6,0,2,3,1,0,3,5,0,21,6,21,11,22,54
10831,1,2020,12,13,1,19,9,35,1080,1,1,1,1,6,1,5,4,0,0,0,31.29831667,-87.03813889,42,0,0,1,1,4,0,2,2,0,,,20,0,,
10832,1,2020,12,13,1,18,7,121,2900,1,1,1,5,6,2,7,4,0,0,0,33.17492778,-86.30925556,30,0,0,1,1,4,0,2,10,0,18,7,18,15,,
10833,1,2020,12,14,2,18,27,113,0,1,2,2,3,2,1,3,1,1,0,2050,32.45682778,-85.18708333,12,2,0,8,1,1,0,2,1,0,18,32,18,49,19,12
10834,1,2020,12,15,3,13,10,101,0,1,1,1,3,4,1,5,2,0,0,0,32.2169,-86.08969444,38,0,0,1,1,4,0,1,1,0,13,10,13,20,,
10835,1,2020,12,15,3,23,40,13,0,1,1,1,1,3,1,4,1,0,0,1072,31.83803611,-86.87911667,59,0,0,1,1,4,0,2,2,0,11,45,0,4,,
10836,1,2020,12,16,4,17,25,89,1730,1,3,3,5,3,2,3,1,1,0,3245,34.79098889,-86.66711944,12,7,0,3,2,1,0,5,1,0,17,25,17,35,18,21
10837,1,2020,12,17,5,19,8,1,2540,1,1,1,1,6,2,7,1,0,0,0,32.431575,-86.44806944,42,0,0,1,1,4,0,3,1,0,19,8,19,52,,
10838,1,2020,12,17,5,8,40,51,0,3,2,2,6,3,2,4,1,0,0,0,32.4602,-86.38780278,12,6,0,2,2,1,0,1,10,0,8,40,8,50,,
10839,1,2020,12,18,6,17,15,59,2690,1,1,1,1,6,2,5,4,0,0,0,34.51011667,-87.73427778,8,0,0,1,1,1,0,3,1,0,17,17,17,20,,
10840,1,2020,12,19,7,21,42,73,0,1,3,3,5,4,2,4,2,0,0,0,33.47749722,-86.92658333,12,1,0,2,3,1,0,3,2,0,21,52,22,5,22,18
10841,1,2020,12,19,7,11,0,43,0,1,2,2,4,3,1,3,1,1,0,125,34.25307778,-86.97218056,12,6,0,2,3,1,0,1,1,0,,,,,,
10842,1,2020,12,19,7,10,45,77,0,2,1,1,3,4,1,6,2,0,0,0,34.96991111,-87.73168056,42,0,0,1,1,4,0,1,10,0,10,45,10,59,,
10843,1,2020,12,21,2,16,28,73,0,1,2,2,2,4,2,4,2,0,0,0,33.66863056,-86.53892778,12,2,0,1,1,1,0,5,1,0,16,33,16,40,17,40
10844,1,2020,12,21,2,5,35,127,0,1,1,1,1,4,1,5,2,0,0,0,33.93212222,-87.49696944,32,0,0,1,1,4,1,4,10,0,5,53,6,2,,
10845,1,2020,12,21,2,15,40,91,0,1,1,1,1,4,1,5,2,0,0,0,32.42121111,-87.53407778,42,0,0,1,1,4,0,1,1,0,,,18,0,,
10846,1,2020,12,21,2,23,40,45,2230,1,1,1,1,4,1,4,2,0,0,450,31.31590833,-85.5797,34,0,0,3,3,4,0,3,1,0,23,40,23,54,,
10847,1,2020,12,23,4,0,13,113,0,1,1,1,2,4,1,5,2,0,0,0,32.42854444,-85.25109722,1,0,0,1,1,1,0,2,1,0,0,16,0,35,,
10848,1,2020,12,24,5,9,35,103,890,1,2,2,2,3,2,3,1,1,0,655,34.61946944,-87.03952222,12,1,0,3,3,1,0,1,10,0,9,35,9,48,,
10849,1,2020,12,25,6,8,35,59,2690,1,2,1,1,6,2,3,1,1,0,0,34.50448889,-87.71245,42,0,0,1,1,4,0,1,1,0,8,37,8,43,,
10850,1,2020,1,4,7,15,12,81,200,1,2,2,5,1,2,1,1,1,0,530,32.57507222,-85.477825,12,1,0,1,1,1,0,1,10,0,15,18,15,22,15,46
10851,1,2020,6,26,6,18,59,69,930,1,1,1,1,6,2,7,4,0,0,0,31.26938611,-85.465775,34,0,0,1,1,4,0,1,10,0,19,3,19,15,19,33
10852,1,2020,7,31,6,15,26,69,930,1,2,2,2,3,2,3,1,1,0,0,31.22504722,-85.36033611,12,6,0,2,3,1,0,1,1,0,15,27,15,35,15,48
10853,1,2020,8,19,4,7,30,95,0,1,2,2,2,4,1,5,2,0,0,0,34.41158889,-86.46253889,12,6,0,2,3,1,0,1,1,0,7,25,7,32,7,58
10854,1,2020,11,8,1,11,32,89,1730,1,1,1,1,6,2,7,4,0,0,0,34.75446667,-86.559575,19,0,0,3,2,5,0,1,1,0,11,32,11,38,11,51
10855,1,2020,12,14,2,4,50,1,0,1,1,1,1,3,2,4,1,0,0,1487,32.430725,-86.51148333,11,0,0,1,1,1,0,2,10,0,,,5,5,,
10856,1,2020,12,27,1,4,30,15,0,1,1,1,3,4,2,5,4,0,0,0,33.65459444,-85.86395833,8,0,0,1,1,1,0,2,1,0,4,39,4,46,5,41
10857,1,2020,12,29,3,12,15,73,350,1,1,1,1,1,2,1,1,1,0,1220,33.50314167,-86.892225,32,0,0,1,1,4,0,1,1,0,12,20,12,28,12,47
10858,1,2020,9,9,4,20,2,101,2130,1,1,1,1,2,2,3,1,1,0,0,32.32662222,-86.29925833,8,0,0,3,2,1,0,3,1,0,20,5,20,12,20,27
10859,1,2020,12,30,4,11,43,101,2130,1,2,1,0,6,2,7,4,0,0,0,32.3322,-86.20361944,8,0,0,4,1,1,0,1,1,0,,,12,6,,
10860,1,2020,12,19,7,18,30,73,350,1,1,1,1,6,2,4,4,0,0,0,33.504875,-86.82509722,53,0,0,1,1,4,0,6,1,0,18,30,18,39,,
20001,2,2020,1,13,2,18,25,170,2000,1,2,2,2,8,2,4,1,0,0,18,62.02305556,-149.28333056,12,6,0,1,1,1,0,2,12,0,18,30,18,42,19,0
20002,2,2020,1,22,4,17,30,20,130,1,1,1,1,8,2,3,1,1,0,46,61.14358889,-149.86434167,8,0,0,4,1,1,0,3,4,0,17,31,17,34,17,54
20003,2,2020,1,25,7,14,31,170,2823,2,2,2,3,3,1,1,1,1,0,611,61.65352778,-149.90337778,12,1,0,1,1,1,0,1,10,0,14,34,14,44,,
20004,2,2020,2,3,2,10,7,170,2000,1,2,2,4,8,2,3,1,1,0,28,61.59923611,-149.20868889,12,6,0,2,2,1,0,1,1,0,10,10,10,15,10,46
20005,2,2020,2,7,6,15,31,170,567,1,2,2,5,3,1,1,1,1,0,1258,62.87699167,-149.83280278,12,2,0,1,1,1,0,1,4,0,18,5,18,42,19,49
20006,2,2020,2,9,1,2,11,20,130,1,1,1,1,3,2,1,1,1,0,41,,,8,0,0,1,1,1,0,3,12,0,2,16,2,24,,
20007,2,2020,2,12,4,0,15,90,770,1,1,1,1,6,2,5,4,0,0,6,64.85508889,-147.76181111,8,0,0,1,1,1,0,3,1,0,0,22,0,28,,
20008,2,2020,2,21,6,12,7,122,2407,2,3,3,4,3,1,1,1,1,0,532,60.50408889,-150.95601667,12,2,0,1,1,1,0,1,4,0,12,7,12,10,,
20009,2,2020,3,2,2,10,40,20,9997,2,2,2,5,3,1,1,1,1,0,998,60.96900278,-149.44860278,12,6,0,1,1,2,0,1,4,0,10,39,10,53,11,35
20010,2,2020,3,17,3,4,46,170,2000,1,1,1,1,3,2,1,1,1,0,386,61.57771389,-149.14035,8,0,0,3,3,1,0,2,4,0,4,49,4,54,,
20011,2,2020,5,3,1,19,11,122,1620,1,3,3,3,3,1,1,1,1,0,445,60.63095,-149.51434167,12,6,0,1,1,1,0,1,2,0,19,17,19,30,,
20012,2,2020,5,10,1,3,25,20,130,1,1,1,1,8,2,3,2,1,0,5,61.19530833,-149.75011389,30,0,0,1,1,4,0,3,1,0,3,26,3,33,,
20013,2,2020,5,27,4,,,270,1664,1,1,1,3,8,1,6,1,0,0,47,62.10096944,-163.60494444,1,0,0,1,1,5,0,4,1,0,6,19,,,,
20014,2,2020,6,1,2,19,56,122,1815,1,1,1,1,8,1,7,2,0,0,5,60.73772222,-151.22073611,42,0,0,1,1,4,0,1,1,0,19,59,20,10,21,30
20015,2,2020,6,4,5,21,40,90,,1,3,3,7,8,1,4,1,0,0,53,64.885525,-147.77753889,12,2,0,1,1,1,0,1,1,0,21,44,21,47,22,43
20016,2,2020,6,6,7,8,10,20,130,1,1,1,1,8,2,3,1,1,0,19,61.17288056,-149.91347778,30,0,1,5,1,4,0,1,10,0,8,13,8,19,,
20017,2,2020,6,16,3,16,51,170,2790,1,2,2,3,8,2,4,1,0,0,19,61.60621944,-149.41270556,12,6,0,2,3,1,0,1,1,0,16,52,16,58,,
20018,2,2020,6,20,7,12,23,180,0,1,1,1,1,8,1,5,1,0,0,158,64.62265833,-165.30460278,1,0,0,1,1,4,0,1,1,0,,,,,,
20019,2,2020,6,22,2,14,53,20,850,2,3,3,9,3,2,1,1,1,0,801,60.84864444,-148.99509722,12,99,0,1,1,1,0,1,10,0,14,52,15,7,16,15
20020,2,2020,6,24,4,22,7,90,770,1,1,1,1,3,2,1,1,1,0,3192,64.83839167,-147.83760278,1,0,0,1,1,3,0,1,1,0,22,8,22,13,,
20021,2,2020,7,15,4,17,25,90,2668,2,2,2,6,8,1,5,1,0,0,176,64.86983056,-147.05199722,12,2,0,1,1,1,0,1,1,0,17,24,17,45,18,51
20022,2,2020,7,19,1,16,52,90,810,1,1,1,1,8,1,3,1,1,0,28,65.15336111,-147.93222778,24,0,0,1,1,4,0,1,1,0,16,51,17,4,,
20023,2,2020,7,24,6,13,10,180,2450,1,1,1,1,6,1,7,4,0,0,0,63.51641944,-162.283575,9,0,0,1,1,1,0,1,10,0,,,,,,
20024,2,2020,7,28,3,,,195,0,4,1,1,4,8,1,7,1,0,0,250,56.54127778,-132.67524167,1,0,0,1,1,4,0,5,10,0,,,,,,
20025,2,2020,7,28,3,19,38,170,1030,2,2,2,3,3,1,1,1,1,0,180,61.58579444,-149.74650833,12,2,0,1,1,1,0,1,1,0,19,40,19,45,20,2
20026,2,2020,8,1,7,5,50,290,320,1,1,1,1,3,1,4,1,0,0,1203,65.57098333,-144.87931944,9,0,0,1,1,1,0,4,1,0,6,35,8,25,9,41
20027,2,2020,8,23,1,8,34,90,9997,1,2,2,4,3,1,1,1,1,0,2957,64.72533611,-148.46165556,12,1,0,1,1,1,0,1,10,0,8,33,8,57,9,51
20028,2,2020,8,25,3,6,21,20,130,1,1,1,1,8,2,3,1,1,0,11,61.18070556,-149.88584722,8,0,0,3,2,1,0,4,2,0,6,21,6,26,6,46
20029,2,2020,8,25,3,16,43,170,300,1,2,2,5,8,1,5,1,0,0,151,61.59178333,-149.04182222,12,2,0,1,1,1,0,1,1,0,16,45,16,56,18,5
20030,2,2020,8,27,5,17,1,20,611,1,2,2,3,8,2,4,1,0,0,2,61.31611389,-149.57093333,12,2,0,4,1,1,0,1,10,0,17,1,17,4,,
20031,2,2020,8,30,1,,,261,2638,1,1,1,1,8,1,4,1,0,0,55,61.79428056,-145.06908611,1,0,0,1,1,4,0,2,99,0,8,52,9,2,,
20032,2,2020,9,3,5,6,45,20,130,1,1,1,1,3,2,1,1,1,0,125,61.41245833,-149.43351667,1,0,0,1,1,1,0,4,10,0,6,45,6,51,,
20033,2,2020,9,5,7,3,38,90,770,1,1,1,2,8,2,3,1,1,0,17,64.84630556,-147.87077778,30,0,0,3,2,4,0,3,2,0,3,43,4,0,4,51
20034,2,2020,9,11,6,8,29,198,0,2,2,2,6,8,1,5,1,0,0,94,55.68897222,-132.67247778,12,2,0,1,1,1,0,1,1,0,,,,,,
20035,2,2020,9,19,7,2,40,20,130,2,1,1,1,8,2,3,1,1,0,7,61.19174444,-149.88306111,8,0,0,3,2,1,0,3,98,0,2,40,2,46,,
20036,2,2020,9,19,7,14,6,122,1815,1,2,2,3,8,1,4,1,1,0,256,60.72313056,-151.32358611,12,6,0,2,2,1,0,1,1,0,14,12,14,22,15,15
20037,2,2020,9,19,7,18,45,170,2000,1,1,1,5,8,1,5,1,0,0,157,61.59943333,-149.04492778,1,0,0,3,3,4,0,1,10,0,18,52,19,3,19,30
20038,2,2020,9,23,4,0,51,20,130,1,1,1,1,8,2,5,1,0,0,8,61.13615556,-149.85576667,8,0,0,3,3,1,0,3,10,0,1,12,1,30,,
20039,2,2020,6,9,3,23,0,188,0,1,1,1,3,6,1,6,4,0,0,40,65.964775,-161.26891944,1,0,0,1,1,1,0,1,1,0,,,,,,
20040,2,2020,9,29,3,20,29,20,130,1,1,1,1,8,2,3,1,1,0,31,61.18075556,-149.82663611,8,0,0,3,2,1,0,3,1,0,20,3,20,8,20,21
20041,2,2020,9,29,3,16,25,90,1895,1,2,2,2,3,2,1,1,1,0,3519,64.76494444,-147.376175,12,11,0,2,2,1,0,1,1,0,16,26,16,30,16,52
20043,2,2020,10,4,1,,,90,770,1,1,1,1,8,1,7,2,0,0,7,64.97718333,-147.85227778,1,0,0,1,1,4,0,2,1,0,,,,,,
20044,2,2020,10,24,7,21,5,20,130,1,1,1,1,8,2,3,1,1,0,30,61.18090833,-149.82667778,8,0,0,1,1,1,0,3,10,0,21,5,21,6,,
20045,2,2020,10,27,3,8,35,90,760,1,2,2,2,3,2,1,1,1,0,3159,64.85661944,-147.92269167,12,2,0,1,1,1,0,2,4,0,8,36,8,47,9,4
20046,2,2020,11,7,7,13,27,170,9997,1,2,2,3,3,1,1,1,1,0,136,61.58254167,-149.63733056,12,6,0,2,3,1,0,1,1,0,13,31,13,51,,
20048,2,2020,11,29,1,3,7,20,130,1,2,2,2,8,2,3,1,1,0,15,61.20977778,-149.79378889,8,0,0,3,2,1,2,3,1,0,3,7,3,13,3,24
20049,2,2020,12,8,3,9,27,122,1020,1,2,2,4,3,1,1,1,1,0,622,60.72793333,-149.30840833,12,6,0,1,1,1,0,1,10,0,,,,,,
20050,2,2020,12,19,7,11,15,20,130,1,2,2,3,3,1,1,1,1,0,1044,60.98003333,-149.48330278,12,2,0,1,1,1,0,1,4,0,10,52,11,14,12,0
20051,2,2020,11,30,2,17,29,20,130,1,2,2,5,3,1,1,1,1,0,891,60.93541111,-149.15861389,12,2,0,1,1,1,0,2,11,0,17,30,17,32,18,53
20052,2,2020,12,23,4,21,51,170,2790,1,1,1,1,3,1,1,1,1,0,148,61.57274167,-149.66271111,8,0,0,1,1,1,0,2,10,0,21,54,21,59,,
20053,2,2020,12,31,5,13,22,130,1250,1,1,1,1,3,2,4,1,1,0,0,55.35628056,-131.69400278,8,0,0,3,2,1,0,1,1,0,13,33,13,36,13,46
20054,2,2020,8,6,5,22,47,20,130,1,1,1,1,8,2,7,1,0,0,36,61.17680556,-150.00971389,25,0,0,3,3,1,0,5,1,0,22,49,23,2,,
20055,2,2020,3,29,1,0,23,261,2750,1,2,1,1,6,1,7,4,0,0,3,61.09591111,-146.19837778,14,0,0,1,1,2,0,2,1,0,0,23,0,33,1,6
40001,4,2020,1,1,4,3,10,13,370,1,1,1,6,6,2,4,4,0,0,0,33.40306944,-112.04719444,33,0,0,1,1,4,0,3,1,0,3,15,3,21,,
40002,4,2020,1,1,4,6,15,19,530,1,1,1,1,4,2,3,2,0,0,0,32.31210556,-111.01201667,8,0,0,1,1,1,0,2,1,0,6,15,6,20,,
40003,4,2020,1,2,5,13,14,5,277,3,1,1,5,2,1,5,1,0,0,240,36.74675278,-111.74921389,59,0,0,1,1,4,0,1,1,0,13,18,13,47,,
40004,4,2020,1,4,7,2,47,13,370,1,2,2,2,3,2,2,1,1,0,,33.37192222,-112.18971389,12,2,0,1,1,1,0,2,1,0,2,55,2,58,,
40005,4,2020,1,4,7,4,24,1,278,1,1,1,7,2,1,4,1,0,3,4626,36.38883333,-109.61058611,8,0,0,1,1,1,0,2,1,0,4,25,4,55,,
40006,4,2020,1,4,7,11,30,13,370,1,2,2,3,6,2,3,4,1,0,0,33.49431389,-112.23556667,12,6,0,8,1,1,0,1,1,0,,,,,,
40007,4,2020,1,4,7,17,50,19,530,2,1,1,5,4,2,4,2,0,0,0,32.29489167,-110.77303056,44,0,1,2,3,1,0,5,1,0,,,,,,
40008,4,2020,1,4,7,23,54,13,0,1,1,1,1,6,2,3,4,1,0,0,33.56611944,-111.70829722,35,0,0,3,3,4,0,2,1,0,23,56,0,3,0,40
40009,4,2020,1,5,1,13,0,25,386,1,4,4,8,3,2,3,1,1,0,309,34.54843611,-112.40046111,12,8,0,1,1,1,0,1,1,0,13,0,13,7,14,12
40010,4,2020,1,6,2,20,6,19,530,1,1,1,1,4,2,4,2,0,0,0,32.13503333,-111.02883611,8,0,0,1,1,1,0,2,1,0,20,11,20,15,20,38
40012,4,2020,1,9,5,2,18,17,429,1,2,2,3,2,2,3,1,1,0,3066,34.25710833,-110.01855278,12,1,0,3,2,1,0,3,1,0,2,20,2,27,,
40013,4,2020,1,10,6,10,39,19,530,1,2,2,2,1,2,1,1,1,0,2622,32.17705556,-110.94375833,12,1,0,1,1,1,0,1,1,0,10,39,10,50,11,20
40014,4,2020,1,10,6,14,44,21,487,2,2,2,4,2,1,3,1,1,0,1905,33.28253889,-111.1658,12,6,1,2,2,1,0,1,1,0,14,44,14,59,16,9
40015,4,2020,1,10,6,18,34,13,290,1,1,1,1,6,2,3,4,0,0,0,33.45181667,-111.77262222,8,0,0,1,1,1,0,3,1,0,18,34,18,41,19,16
40017,4,2020,1,12,1,10,47,19,530,1,2,2,2,6,2,3,4,0,0,0,32.20659167,-110.840875,12,6,0,2,2,1,0,1,1,0,10,47,10,54,11,10
40019,4,2020,1,14,3,3,54,21,426,1,2,1,2,4,1,7,2,0,0,0,32.60491389,-110.634775,14,0,0,1,1,1,0,2,10,0,3,59,4,7,,
40020,4,2020,1,14,3,9,45,3,424,1,1,1,2,1,1,1,1,1,0,3888,32.23583056,-109.08548333,38,0,0,1,1,4,0,1,1,0,9,45,11,10,,
40021,4,2020,1,14,3,21,46,19,530,1,2,2,3,4,2,4,2,0,0,0,32.35552222,-110.995625,12,7,0,3,3,1,0,3,1,0,21,46,,,,
40022,4,2020,1,16,5,21,6,13,220,1,1,1,1,6,2,3,4,0,0,0,33.49633333,-112.40132778,43,0,0,1,1,4,0,3,1,0,21,6,21,11,,
40023,4,2020,1,17,6,2,11,19,530,1,1,1,2,7,2,1,1,1,0,,32.235925,-110.98366667,46,0,1,3,2,4,0,3,2,0,2,12,2,18,,
40024,4,2020,1,17,6,12,36,13,370,1,2,2,2,6,2,3,4,0,0,0,33.55306944,-112.13425833,12,6,0,8,1,1,0,1,10,0,12,37,12,40,12,58
40025,4,2020,1,18,7,11,54,21,0,1,3,3,8,1,1,1,1,1,0,2300,32.51968889,-111.27788056,12,8,0,1,1,1,0,1,1,0,11,57,12,29,,
40026,4,2020,1,19,1,14,24,19,530,1,2,2,2,6,2,5,4,0,0,0,32.25766667,-110.93104167,12,6,0,2,2,1,0,1,1,0,14,24,14,26,14,40
40028,4,2020,1,20,2,6,33,15,260,1,1,1,1,1,1,1,1,1,0,820,35.15883889,-113.56063333,24,0,0,1,1,4,0,2,1,0,6,33,6,55,,
40029,4,2020,1,22,4,16,36,13,290,1,2,2,3,6,2,3,4,0,0,0,33.42285556,-111.72309167,12,2,0,1,1,1,0,1,10,0,,,,,,
40030,4,2020,1,26,1,7,50,13,420,1,1,1,1,3,2,4,1,0,0,0,33.55505278,-111.87881944,24,0,0,5,1,4,0,1,1,0,8,29,8,35,8,50
40031,4,2020,1,26,1,20,9,25,0,1,2,2,2,3,1,4,1,0,0,916,35.06046389,-112.39882778,12,2,0,1,1,1,0,2,10,0,20,13,21,30,,
40032,4,2020,1,26,1,20,55,19,567,2,1,1,3,3,1,4,1,0,0,557,32.32275556,-112.77165,1,0,0,1,1,4,0,2,1,0,20,56,22,0,,
40033,4,2020,1,29,4,16,35,19,530,2,1,1,5,4,1,6,2,0,0,0,31.63594167,-111.44413333,42,0,0,1,1,4,0,1,1,0,16,35,16,36,,
40034,4,2020,1,29,4,20,1,19,530,1,1,1,1,6,2,4,4,0,0,0,32.19957778,-110.95919722,8,0,0,3,2,1,0,3,1,0,,,,,,
40036,4,2020,1,31,6,13,17,3,431,1,1,1,1,3,1,3,1,1,0,393,31.55378056,-110.12906667,41,0,0,1,1,4,0,1,1,0,13,17,13,26,,
40037,4,2020,2,3,2,2,53,13,370,1,1,1,2,1,2,1,1,1,0,7,33.42739167,-112.04454167,8,0,0,1,1,1,0,3,1,0,3,0,3,7,3,25
40038,4,2020,2,3,2,14,26,13,290,1,1,1,1,6,2,3,4,1,0,168,33.44854722,-111.68404444,8,0,0,3,3,4,0,1,1,0,14,26,14,31,14,59
40039,4,2020,2,3,2,18,33,13,370,1,2,2,3,3,2,2,1,1,0,66,33.55168056,-112.038075,12,1,0,1,1,1,0,3,1,0,18,36,18,43,19,11
40040,4,2020,2,5,4,6,5,23,529,1,1,1,1,1,2,1,1,1,0,240,31.51688333,-111.01579444,42,0,0,1,1,3,0,4,1,0,6,5,6,10,,
40041,4,2020,2,5,4,22,40,25,0,1,1,1,2,1,1,1,1,1,0,557,34.15749722,-112.14650556,1,0,0,1,1,3,0,2,1,0,22,40,23,2,,
40042,4,2020,2,7,6,8,14,19,407,1,2,2,2,1,2,1,1,1,0,482,31.98144722,-110.99108333,12,1,0,1,1,1,0,1,1,0,8,18,8,21,,
40043,4,2020,2,8,7,0,40,13,200,1,1,1,1,6,2,3,4,0,0,0,33.54309722,-112.186125,33,0,0,3,2,4,0,3,1,0,0,44,0,47,,
40044,4,2020,2,8,7,16,26,13,189,1,1,1,1,1,1,1,1,1,0,1147,32.93914444,-112.758875,38,0,0,1,1,4,0,1,1,0,16,30,16,35,,
40045,4,2020,2,9,1,15,10,25,105,1,3,3,3,2,1,3,1,1,0,1931,34.10404722,-112.92268333,12,2,0,1,1,1,0,1,1,0,15,10,15,12,,
40046,4,2020,2,9,1,17,35,13,190,1,1,1,1,9,2,7,98,0,0,0,33.24676389,-111.72313889,7,0,0,2,3,1,0,3,10,0,17,35,17,40,18,13
40047,4,2020,2,10,2,5,12,21,405,1,3,3,3,1,1,1,1,1,0,1712,33.15761111,-111.87285278,12,7,0,1,1,1,0,2,10,0,5,30,5,35,,
40048,4,2020,2,11,3,15,5,23,532,3,2,2,5,1,1,1,1,1,0,180,31.55546944,-111.05039722,44,0,0,1,1,1,0,1,3,0,15,1,15,28,,
40049,4,2020,2,11,3,15,29,3,580,1,1,1,2,1,1,1,1,1,0,3550,32.362475,-109.63728056,1,0,0,1,1,4,0,1,3,0,15,32,15,42,16,15
40050,4,2020,2,11,3,21,21,13,200,1,1,1,1,6,2,4,4,0,0,0,33.56736111,-112.19498333,8,0,0,3,4,1,0,3,1,0,21,21,21,22,21,46
40051,4,2020,2,12,4,4,44,19,530,1,2,2,2,1,2,2,1,1,0,,32.199525,-110.97851667,12,6,1,2,2,1,0,3,1,0,4,41,4,54,,
40052,4,2020,2,13,5,17,23,25,299,1,1,1,1,3,1,3,1,1,0,89,34.40440278,-112.23863056,1,0,0,1,1,1,0,1,1,0,17,23,17,26,,
40053,4,2020,2,14,6,11,45,25,0,1,3,3,6,2,1,3,1,1,0,1799,34.18453889,-113.04348611,12,2,0,1,1,1,0,1,1,0,11,45,12,5,,
40054,4,2020,2,14,6,12,41,13,368,1,2,2,3,6,2,4,4,0,0,0,33.68175556,-112.28359444,12,8,0,2,3,1,0,1,1,0,12,43,12,47,13,24
40056,4,2020,2,16,1,14,56,25,362,1,1,1,2,9,1,7,98,0,0,,34.98443056,-112.50055833,1,0,0,1,1,4,0,1,1,0,14,56,15,43,,