st_case,state,year,month,day,day_week,hour,minute,county,city,fatals_crash,vehicles_total,vehicles_in_transport,persons_total,route,rural_urban,functional_system,road_owner,nhs,special_jurisdiction,milepoint,latitude,longitude,first_harmful_event,manner_collision,rel_jct_interchange,rel_jct_location,intersection_type,relation_to_road,work_zone,light_condition,weather,school_bus_related,ems_notified_hour,ems_notified_min,ems_arrival_hour,ems_arrival_min,hospital_hour,hospital_min
40057,4,2020,2,17,2,19,41,7,369,1,1,1,1,2,1,4,1,0,0,159,33.31115278,-110.50696111,8,0,0,1,1,1,0,2,1,0,,,,,,
40058,4,2020,2,20,5,21,46,13,200,1,1,1,1,6,2,4,4,0,0,0,33.56736667,-112.19426667,8,0,0,1,1,1,0,3,1,0,21,46,21,52,23,13
40059,4,2020,2,21,6,19,18,13,0,1,1,1,1,1,1,1,1,1,0,927,32.870525,-113.13878056,8,0,0,1,1,1,4,2,10,0,19,20,19,41,,
40060,4,2020,2,21,6,21,57,19,530,1,1,1,1,1,2,1,1,1,0,2592,32.20367222,-110.97964722,8,0,0,1,1,1,0,3,10,0,22,12,22,17,,
40061,4,2020,2,23,1,2,7,13,200,1,1,1,2,6,2,3,4,0,0,0,33.53783333,-112.22459167,33,0,0,1,1,3,0,3,10,0,2,6,2,13,2,45
40062,4,2020,2,23,1,23,40,21,0,1,2,2,2,3,1,3,1,1,0,151,33.08945556,-112.03544444,12,2,0,1,1,1,0,2,1,0,23,47,23,57,0,30
40063,4,2020,2,26,4,3,31,13,370,1,2,2,2,6,2,3,4,0,0,0,33.40764444,-112.09943333,12,2,0,1,1,1,0,2,1,0,3,33,3,40,4,1
40064,4,2020,2,26,4,16,40,21,9997,1,2,2,2,6,1,4,4,0,0,0,33.00775833,-111.96855,12,2,0,1,1,1,0,1,1,0,15,25,15,30,,
40065,4,2020,2,27,5,11,32,25,120,1,2,2,3,3,2,3,1,0,0,,34.72504444,-112.00704444,12,6,0,8,1,1,0,1,1,0,11,32,11,33,11,54
40066,4,2020,2,28,6,17,24,19,0,1,1,1,2,9,1,7,98,0,0,,31.89728056,-111.14187778,5,0,0,1,1,2,0,1,1,0,17,24,17,36,,
40067,4,2020,2,29,7,22,44,19,530,2,2,2,4,4,2,4,2,0,0,0,32.35172778,-110.982825,12,6,0,2,3,1,0,3,1,0,22,44,22,44,,
40068,4,2020,2,24,2,11,8,19,530,1,3,3,4,6,2,3,4,0,0,0,32.21806111,-110.85812222,12,6,0,2,3,1,0,1,1,0,,,,,,
40069,4,2020,2,25,3,18,35,17,430,1,1,1,1,5,1,5,3,0,0,0,34.54171389,-110.05292778,9,0,0,1,1,2,0,5,1,0,18,39,18,51,,
40070,4,2020,2,28,6,13,29,19,530,1,1,1,1,4,2,3,2,1,0,0,32.12631389,-110.840975,33,0,0,1,1,4,0,1,1,0,,,,,,
40071,4,2020,2,29,7,19,7,1,243,1,1,1,1,1,1,1,1,1,0,3547,35.31206111,-109.10291111,38,0,0,1,1,4,0,2,1,0,19,7,19,22,,
40072,4,2020,3,2,2,19,20,25,65,1,2,2,2,3,2,3,1,1,0,115,34.57673333,-111.88326111,12,6,0,2,2,1,0,3,1,0,19,2,19,9,19,45
40073,4,2020,3,4,4,15,8,19,530,1,2,2,2,6,2,7,4,0,0,0,32.23979722,-110.87769444,12,6,0,2,4,1,0,1,1,0,15,8,15,10,15,25
40074,4,2020,3,4,4,20,28,21,0,1,1,1,2,8,1,7,98,0,0,0,32.80691111,-111.42553889,1,0,0,1,1,4,0,2,1,0,,,,,,
40075,4,2020,3,5,5,20,30,1,273,1,1,1,1,1,1,1,1,1,0,3567,35.32966667,-109.07672778,8,0,0,1,1,1,0,2,1,0,20,20,20,45,,
40076,4,2020,3,7,7,16,42,3,424,2,2,2,6,1,1,1,1,1,0,3867,32.24337778,-109.11843889,1,0,0,1,1,3,0,1,1,0,16,44,17,13,,
40078,4,2020,3,7,7,18,52,12,413,1,1,1,1,2,1,5,1,0,0,233,33.76218056,-113.65004444,38,0,0,1,1,4,0,2,1,0,18,52,19,6,,
40080,4,2020,3,12,5,6,53,19,567,1,1,1,4,3,1,4,1,0,0,0,32.264825,-112.73752778,1,0,0,1,1,4,0,4,10,0,6,52,7,0,,
40081,4,2020,3,12,5,8,30,13,189,1,2,2,2,3,1,3,1,1,0,1573,32.95841667,-112.6824,12,2,0,1,1,1,0,1,10,0,8,30,8,56,,
40082,4,2020,3,17,3,9,55,15,260,1,1,1,1,1,1,1,1,1,0,727,35.16249167,-113.66366667,1,0,0,1,1,3,0,1,1,0,10,0,10,10,,
40084,4,2020,3,20,6,16,38,19,530,1,1,1,1,6,2,3,4,0,0,0,32.27218889,-110.94383333,8,0,0,3,2,1,0,1,1,0,,,,,,
40085,4,2020,3,22,1,23,58,15,260,1,1,1,1,1,1,1,1,1,0,737,35.161825,-113.66904722,1,0,0,1,1,3,0,2,1,0,0,2,0,22,,
40086,4,2020,1,3,6,22,57,5,522,1,2,2,2,2,1,3,1,1,0,266,36.26468056,-111.01768056,12,2,9,99,99,1,0,6,99,0,,,,,,
40087,4,2020,1,11,7,9,15,21,70,1,2,2,2,6,2,5,4,0,0,0,32.790475,-111.67106944,12,2,0,1,1,1,0,1,99,0,,,,,,
40088,4,2020,1,11,7,19,17,13,200,1,1,1,1,6,2,4,4,0,0,0,33.53844167,-112.16455833,8,0,0,1,1,11,0,2,1,0,,,,,,
40089,4,2020,1,16,5,,,13,200,1,1,1,1,9,9,99,99,9,0,0,,,99,99,9,99,99,99,0,9,99,0,,,,,,
40090,4,2020,1,16,5,5,1,13,370,1,1,1,1,6,2,4,4,0,0,0,33.40669444,-112.07246389,8,0,0,1,1,1,0,3,1,0,5,1,5,5,,
40091,4,2020,1,16,5,17,29,13,370,1,1,1,1,6,2,4,4,0,0,0,33.39223333,-112.08828333,9,0,0,1,1,11,0,1,1,0,17,31,,17,17,53
40093,4,2020,1,17,6,18,4,13,370,1,1,1,2,6,2,3,4,1,0,0,33.64035,-112.07226667,15,0,0,1,1,1,0,2,6,0,18,6,18,10,18,17
40094,4,2020,1,18,7,11,9,13,370,1,4,4,6,6,2,3,4,1,0,0,33.60038333,-112.06539167,12,7,0,8,1,1,0,1,1,0,11,12,11,17,11,29
40095,4,2020,1,19,1,16,45,13,420,1,1,1,1,8,2,3,1,1,3,0,33.49504722,-111.88711111,99,98,0,99,99,99,0,9,99,0,,,,,,
40096,4,2020,1,21,3,21,37,13,370,1,2,2,3,6,2,3,4,0,0,0,33.51799722,-112.13428056,8,0,0,1,1,1,0,3,10,0,21,38,21,41,22,1
40097,4,2020,1,23,5,3,57,21,,1,1,1,2,6,2,5,4,0,0,0,33.07246111,-112.04141667,8,0,0,1,1,1,0,3,1,0,3,57,4,1,,
40098,4,2020,1,24,6,22,0,19,530,1,1,1,2,9,9,99,99,9,9,,,,99,99,9,99,99,99,0,6,99,0,,,,,,
40099,4,2020,1,25,7,0,10,13,370,1,2,2,3,6,2,4,4,0,0,0,33.46591111,-112.10851944,12,6,0,2,2,1,0,3,1,0,0,11,0,16,,
40100,4,2020,1,25,7,12,22,21,0,1,1,1,2,3,1,4,1,1,0,41,33.18571389,-111.84105278,30,0,0,1,1,4,0,1,1,0,12,10,12,28,12,47
40101,4,2020,1,25,7,15,22,13,370,1,2,2,2,6,2,4,4,0,0,0,33.50451667,-112.29007222,12,6,0,2,3,1,0,1,1,0,15,22,15,31,15,45
40102,4,2020,1,27,2,19,15,21,34,1,1,1,1,8,1,6,62,0,0,0,33.132175,-111.84370278,8,0,0,99,99,99,0,9,99,0,,,,,,
40103,4,2020,1,28,3,,,13,370,1,1,1,1,9,9,99,99,9,9,,,,8,0,9,99,99,99,0,9,99,0,,,,,,
40105,4,2020,1,28,3,16,40,13,370,1,1,1,1,6,2,7,4,0,0,0,33.56952222,-112.04693056,39,0,0,1,1,4,0,1,1,0,16,41,16,50,17,8
40106,4,2020,1,29,4,6,54,13,370,1,1,1,1,6,2,3,4,1,0,0,33.64009167,-112.10838056,8,0,0,3,3,1,0,3,10,0,6,54,,6,7,15
40107,4,2020,1,30,5,14,2,13,200,1,1,1,0,6,2,3,4,1,0,0,33.63943889,-112.14897222,8,0,0,3,2,1,0,1,1,0,14,2,14,8,14,30
40108,4,2020,1,30,5,18,44,13,370,1,2,2,2,6,2,3,4,0,0,0,33.62850833,-112.02543056,12,6,0,3,2,1,0,3,1,0,18,46,18,57,19,11
40109,4,2020,1,5,1,12,58,13,0,1,1,1,1,4,2,6,2,0,0,0,33.55166667,-112.43993889,9,0,0,3,2,1,0,1,1,0,12,58,13,8,13,30
40110,4,2020,1,11,7,22,40,13,510,1,1,1,1,6,2,3,1,0,0,0,33.45151111,-112.27250278,8,0,0,1,1,1,0,2,1,0,22,40,22,43,22,51
40111,4,2020,1,16,5,19,0,21,22,1,1,1,1,6,2,4,4,0,0,0,33.41866111,-111.56339167,9,0,0,1,1,1,0,2,1,0,,,,,,
40112,4,2020,1,17,6,23,14,13,370,1,2,2,2,6,2,4,4,0,0,0,33.65465,-112.13367778,12,6,0,8,1,11,0,3,1,0,23,15,23,16,23,26
40113,4,2020,1,19,1,13,23,19,530,1,2,2,2,6,2,3,4,0,0,0,32.27206667,-110.96106667,12,6,0,2,4,1,0,1,1,0,,,,,,
40114,4,2020,1,21,3,6,22,19,530,1,1,1,1,6,2,3,4,0,0,0,32.25025833,-110.97279444,8,0,0,1,1,1,0,2,2,0,,,,,,
40115,4,2020,1,27,2,20,41,13,290,1,1,1,1,6,2,5,4,0,0,0,33.40034167,-111.85701111,8,0,0,3,2,1,0,3,1,0,,,,,,
40116,4,2020,1,28,3,6,51,3,431,1,2,2,2,3,2,3,1,1,0,,31.57408056,-110.315325,12,6,0,2,2,1,0,1,1,0,,,,,,
40117,4,2020,2,1,7,9,34,19,530,1,1,1,2,8,1,7,62,0,3,0,32.266125,-112.02845833,1,0,0,1,1,1,0,1,1,0,9,35,9,53,,
40118,4,2020,2,1,7,18,31,19,530,1,2,2,5,6,2,3,4,1,0,0,32.18385833,-110.84104722,12,1,0,3,3,1,0,3,1,0,18,30,18,34,19,1
40119,4,2020,2,1,7,18,41,13,490,1,2,1,2,9,2,7,98,0,0,0,33.39474444,-111.94266111,33,0,0,1,1,4,0,3,1,0,18,43,18,47,18,59
40120,4,2020,2,1,7,19,48,13,370,1,1,1,1,3,2,2,1,1,0,267,33.67283333,-112.0237,25,0,0,1,1,3,1,3,1,0,19,48,19,57,20,10
40121,4,2020,2,1,7,21,59,9,182,3,2,2,4,2,1,4,1,0,0,499,33.07326667,-110.02339722,12,2,0,1,1,1,0,2,1,0,22,0,22,15,,
40122,4,2020,2,4,3,5,55,21,405,1,2,2,2,3,1,4,1,0,0,356,33.06667222,-111.69523333,12,6,0,2,2,1,0,2,1,0,5,55,6,2,,
40123,4,2020,2,7,6,14,31,13,190,1,2,2,4,6,2,3,4,0,0,0,33.29095,-111.69713889,12,7,0,1,1,1,0,1,1,0,14,32,14,38,15,1
40124,4,2020,2,8,7,13,41,19,530,1,2,2,3,6,2,4,4,0,0,0,32.199725,-110.88970556,12,1,0,1,1,1,0,1,1,0,,,,,,
40125,4,2020,2,8,7,23,31,13,490,1,5,5,8,1,2,1,1,1,0,1581,33.33405556,-111.97206111,12,7,0,1,1,1,0,3,1,0,23,32,23,38,,
40126,4,2020,2,13,5,11,27,13,370,1,2,2,3,6,2,4,4,0,0,0,33.62531667,-112.12031111,12,6,0,2,4,1,0,1,1,0,11,28,11,32,11,47
40127,4,2020,2,16,1,2,28,13,490,1,1,1,1,6,2,3,4,0,3,0,33.42195833,-111.93504444,8,0,0,3,4,1,0,3,1,0,2,29,2,35,2,51
40128,4,2020,2,16,1,3,28,13,0,3,3,3,7,1,2,1,1,1,0,1662,33.24328056,-111.93856944,12,2,0,1,1,1,0,2,1,0,3,36,3,42,4,0
40129,4,2020,2,16,1,22,0,5,314,1,1,1,2,1,1,1,1,1,0,1266,34.92184167,-111.64402778,1,0,0,1,1,4,0,2,1,0,22,20,22,33,,
40131,4,2020,2,2,1,16,14,13,370,1,1,1,1,6,2,3,4,0,0,0,33.63745556,-112.06703333,7,0,0,1,1,1,0,3,1,0,16,14,16,18,16,32
40132,4,2020,2,3,2,13,0,13,475,1,1,1,1,4,2,4,2,0,0,0,33.61834167,-112.29108333,7,0,0,3,3,1,0,1,1,0,,,,,,
40133,4,2020,2,5,4,6,30,13,220,1,2,2,2,6,2,3,4,0,0,0,33.48575278,-112.36266667,12,6,0,2,2,1,0,3,1,0,6,32,6,37,,
40134,4,2020,2,9,1,18,19,9,0,1,2,2,3,2,1,4,1,0,0,399,33.16596389,-110.13463333,12,2,0,1,1,1,0,2,1,0,18,19,18,30,,
40135,4,2020,2,14,6,18,52,13,263,1,2,2,4,4,2,3,2,0,0,0,33.515175,-112.34098056,12,6,0,2,2,1,0,3,1,0,18,52,19,1,19,20
40136,4,2020,2,18,3,20,12,13,370,1,1,1,1,3,2,2,1,1,0,95,33.58192222,-112.00991111,35,0,0,1,1,4,0,3,1,0,20,12,20,20,,
40137,4,2020,2,19,4,6,7,13,189,1,1,1,1,8,1,3,1,1,0,0,32.94373056,-112.73289722,8,0,0,1,1,1,0,2,1,0,6,7,6,11,,
40138,4,2020,2,20,5,23,22,13,290,1,2,2,4,2,2,2,1,1,0,1606,33.38671111,-111.61393056,12,1,0,1,1,1,0,3,1,0,23,26,23,34,,
40139,4,2020,2,21,6,17,56,25,423,1,2,2,2,8,1,5,2,0,0,0,35.36895833,-112.97624167,12,2,0,1,1,1,0,5,1,0,17,56,17,57,,
40140,4,2020,2,21,6,22,2,9,380,3,1,1,9,2,1,4,1,0,0,637,32.92381667,-109.87563333,18,0,0,1,1,4,0,2,1,0,22,1,22,14,,
40142,4,2020,2,22,7,12,41,15,572,1,1,1,6,2,1,3,1,1,0,1485,34.48496667,-113.362225,35,0,0,1,1,4,0,1,2,0,12,41,13,20,,
40143,4,2020,2,22,7,18,37,13,370,1,2,2,2,9,2,7,98,0,0,0,33.7629,-111.95191944,12,6,0,3,2,1,2,1,10,0,17,21,17,21,,
40144,4,2020,2,23,1,13,25,13,0,1,1,1,1,9,1,7,98,0,0,0,33.45016111,-112.83659444,1,0,0,1,1,4,0,1,1,0,12,39,12,48,13,28
40145,4,2020,2,24,2,4,25,13,370,1,2,2,2,6,2,4,4,0,0,0,33.52408611,-112.113825,12,7,0,1,1,1,0,3,1,0,4,25,4,31,4,48
40146,4,2020,2,24,2,13,10,19,530,1,2,2,4,6,2,3,4,1,0,0,32.13404722,-110.926125,12,6,0,2,2,1,0,1,1,0,,,,,,
40147,4,2020,2,26,4,19,3,13,370,1,1,1,1,6,2,4,4,0,0,0,33.41134167,-112.04706111,8,0,0,1,1,1,0,3,1,0,19,4,19,10,19,23
40148,4,2020,2,26,4,20,13,19,530,1,1,1,1,6,2,3,4,0,0,0,32.13389444,-111.00013056,8,0,0,1,1,1,0,3,1,0,20,13,20,18,20,42
40149,4,2020,2,27,5,6,33,13,290,1,2,2,2,6,2,4,4,0,0,0,33.40786944,-111.62405278,12,6,0,2,4,1,0,3,1,0,6,35,6,44,7,10
40150,4,2020,2,29,7,15,15,13,290,1,1,1,1,6,2,3,4,0,0,0,33.41521667,-111.80524167,33,0,0,3,2,4,0,1,1,0,,,,,,
40151,4,2020,2,5,4,16,30,13,370,1,4,4,4,6,2,4,4,0,0,0,33.39276944,-111.97903889,12,6,0,8,1,11,0,8,98,0,,,,,,
40152,4,2020,2,8,7,,,13,370,1,1,1,2,9,2,7,98,0,0,,,,99,99,0,99,99,99,0,9,99,0,,,,,,
40153,4,2020,2,8,7,15,42,13,370,1,1,1,1,9,2,7,98,0,0,0,33.78116389,-111.95431389,8,0,0,4,1,1,0,1,1,0,15,45,15,52,16,27
40154,4,2020,2,9,1,15,30,21,0,1,1,1,5,9,9,99,99,9,9,0,33.03674722,-111.58263611,35,0,0,1,1,4,0,1,1,0,15,38,15,45,16,32
40155,4,2020,2,10,2,12,14,13,370,1,2,2,2,6,2,7,4,0,0,0,33.50778333,-112.20749722,12,6,0,2,2,1,0,1,1,0,12,14,12,18,12,40
40156,4,2020,2,10,2,16,0,13,370,1,2,2,3,4,1,5,2,0,0,0,,,12,2,0,1,1,1,0,1,10,0,,,,,,
40157,4,2020,2,12,4,4,30,21,34,1,1,1,2,1,1,1,1,1,3,1752,33.12262778,-111.84544167,1,0,0,1,1,4,0,6,99,0,,,,,,
40158,4,2020,2,12,4,5,36,13,370,1,1,1,1,1,2,1,1,1,0,0,33.56750278,-112.11681944,8,0,1,3,7,1,0,3,1,0,5,38,5,39,5,56
40159,4,2020,2,14,6,,,13,475,1,2,2,2,4,2,5,2,0,0,0,33.67083333,-112.37171667,12,99,0,98,99,99,0,9,99,0,,,,,,
40161,4,2020,2,20,5,19,55,13,486,1,2,2,3,6,2,3,4,1,0,0,33.63873333,-112.35506389,12,6,0,2,2,1,0,3,1,0,19,55,19,57,20,35
40162,4,2020,2,20,5,20,52,13,370,1,1,1,1,6,2,4,4,0,0,0,33.52366944,-112.11693056,8,0,0,1,1,1,0,3,1,0,20,53,20,58,21,14
40163,4,2020,2,21,6,,,13,60,1,1,1,1,9,2,99,99,0,0,0,33.38200278,-112.58879444,8,0,0,99,99,99,0,8,98,0,,,,,,
40165,4,2020,2,21,6,12,18,13,370,1,2,2,3,6,2,3,4,1,0,0,33.61074444,-112.13379444,12,6,0,2,2,1,0,1,1,0,12,19,12,24,12,50
40166,4,2020,2,22,7,20,15,13,60,1,1,1,1,9,9,99,99,0,0,0,33.66705,-112.622975,8,0,0,1,1,1,0,8,98,0,,,,,,
40168,4,2020,2,24,2,17,57,13,370,1,2,2,3,6,2,4,4,0,0,0,33.39220833,-112.08198611,12,6,0,2,4,1,0,5,1,0,18,0,18,3,18,30
40169,4,2020,2,26,4,14,53,13,370,1,2,2,2,6,2,3,4,1,0,0,33.63982778,-112.12355833,12,6,0,2,3,1,0,1,98,0,14,53,,,,
40170,4,2020,2,27,5,,,1,272,1,1,1,1,8,1,7,62,0,0,0,36.41315833,-109.24281111,99,99,0,99,99,99,0,9,99,0,,,,,,
40171,4,2020,2,27,5,13,46,13,80,1,2,2,2,6,2,4,4,0,0,0,33.21193889,-111.77260556,12,6,0,2,4,1,0,1,1,0,13,46,14,7,14,22
40172,4,2020,2,27,5,14,51,13,388,1,2,2,4,4,2,4,2,0,0,0,,,12,6,0,2,2,1,0,1,10,0,14,51,15,0,,
40173,4,2020,2,28,6,18,22,13,200,1,1,1,1,6,2,3,4,0,0,0,33.50953333,-112.18135833,33,0,0,1,1,4,0,1,1,0,,,,,,
40174,4,2020,2,29,7,8,42,13,370,1,1,1,1,6,2,3,4,0,0,0,33.70199444,-112.06573333,30,0,0,1,1,4,0,1,1,0,,,,,,
40176,4,2020,4,1,4,18,37,19,530,1,1,1,2,4,1,6,2,0,0,0,32.29174167,-111.24951389,9,0,0,1,1,1,0,5,1,0,18,41,18,48,19,26
40178,4,2020,4,2,5,11,50,15,260,1,1,1,2,9,9,99,99,9,0,0,35.21171667,-113.56480556,43,0,0,1,1,4,0,1,1,0,11,50,12,15,,
40179,4,2020,4,3,6,11,29,12,413,1,1,1,1,1,1,1,1,1,0,700,33.56761111,-113.34588333,1,0,0,1,1,4,0,1,1,0,11,30,11,58,,
40180,4,2020,4,3,6,14,9,21,70,2,3,3,6,4,2,99,2,0,0,0,32.86493611,-111.73704444,12,1,0,3,3,1,0,1,1,0,14,10,14,16,,
40181,4,2020,4,3,6,19,2,21,22,1,2,2,4,9,2,99,4,0,0,0,33.42956944,-111.55476389,12,6,0,2,4,1,0,2,1,0,19,5,19,8,19,27
40183,4,2020,4,4,7,17,6,13,370,1,1,1,1,9,9,99,99,0,9,0,33.49711667,-112.19645556,1,0,0,1,1,4,0,1,1,0,17,7,17,9,17,34
40184,4,2020,4,5,1,17,14,19,530,1,2,2,4,6,2,98,4,0,0,0,32.23593333,-111.02159444,12,6,0,2,2,1,0,1,1,0,17,14,17,19,,
40185,4,2020,4,7,3,12,52,13,420,1,3,3,3,3,2,2,1,1,0,397,33.57379167,-111.88891944,24,0,0,1,1,4,0,1,1,0,,,,,,
40186,4,2020,4,7,3,21,0,25,257,1,1,1,1,3,1,5,1,0,0,186,34.44449444,-112.93959444,35,0,0,1,1,4,0,2,1,0,20,31,20,54,,
40187,4,2020,4,8,4,19,16,19,530,1,1,1,1,6,2,4,4,0,0,0,32.23601667,-110.80680278,8,0,0,1,1,1,0,2,1,0,17,16,17,18,,
40188,4,2020,4,9,5,19,39,25,65,2,1,1,3,1,1,1,1,1,0,916,34.57238056,-111.88958333,1,0,0,1,1,3,0,2,1,0,19,43,19,53,20,45
40189,4,2020,4,10,6,15,43,13,370,1,3,3,3,3,2,2,1,1,0,277,33.67238333,-112.00486944,54,11,0,1,1,1,1,1,1,0,15,45,15,52,16,32
40190,4,2020,4,10,6,16,53,13,370,1,2,2,2,6,2,3,4,1,0,0,33.67460278,-112.03096111,12,2,0,1,1,1,0,1,1,0,16,53,17,1,17,22
40192,4,2020,4,14,3,8,1,19,530,1,1,1,1,6,2,3,4,0,0,0,32.18142778,-110.96830833,8,0,0,3,2,1,0,1,1,0,8,1,8,4,8,48
40193,4,2020,4,14,3,19,46,13,370,1,1,1,1,6,2,5,4,0,0,0,33.60904167,-112.12521944,30,0,0,3,3,4,0,3,1,0,19,48,19,52,,
40194,4,2020,4,15,4,2,34,25,373,1,1,1,8,3,1,5,1,0,0,105,34.66361944,-112.24931111,1,0,0,1,1,4,0,2,1,0,2,34,2,45,,
40195,4,2020,4,18,7,13,18,7,474,1,2,2,2,3,1,5,1,0,0,1531,34.41316944,-111.489575,12,2,0,1,1,1,0,1,1,0,13,18,13,30,,
40196,4,2020,4,21,3,8,59,1,79,1,1,1,1,1,1,1,1,1,0,3357,35.20321111,-109.37475,1,0,0,1,1,4,0,1,1,0,9,0,9,6,,
40197,4,2020,4,24,6,17,54,3,0,1,1,1,1,2,1,5,1,0,0,310,31.78528889,-109.69168889,1,0,0,1,1,4,0,1,1,0,20,31,20,31,,
40198,4,2020,4,25,7,9,26,21,256,1,1,1,1,3,1,5,1,0,0,237,33.2,-111.05600833,35,0,0,1,1,4,0,1,1,0,9,31,9,47,,
40201,4,2020,4,27,2,13,34,7,365,1,1,1,1,3,1,3,1,1,0,957,34.29991111,-110.96186667,7,0,0,1,1,1,0,1,1,0,13,35,13,44,,
40202,4,2020,3,1,1,19,31,5,0,1,1,1,1,2,1,3,1,1,0,66,35.30370278,-111.54278611,8,0,0,1,1,1,0,2,1,0,19,31,19,36,19,51
40203,4,2020,3,2,2,12,2,9,63,1,2,2,2,2,1,4,1,0,0,429,33.13165556,-110.11976111,12,8,0,1,1,1,0,1,10,0,12,2,12,12,13,4
40204,4,2020,3,2,2,15,54,13,490,1,2,2,2,2,2,2,1,1,0,1436,33.38556667,-111.91564167,12,7,0,1,1,1,0,1,10,0,15,52,15,59,16,20
40205,4,2020,3,4,4,10,50,21,405,1,2,1,2,1,1,1,1,1,0,1722,33.15134722,-111.86756944,8,0,0,1,1,4,2,1,1,0,10,51,11,13,,
40206,4,2020,3,7,7,17,45,19,530,1,1,1,1,6,2,5,4,0,0,0,32.17405556,-110.94851389,8,0,0,8,1,1,0,1,1,0,17,45,17,49,18,8
40207,4,2020,3,8,1,11,27,19,530,1,2,2,3,6,2,3,4,0,0,0,32.22159722,-110.89227778,12,6,0,2,4,1,0,1,2,0,11,29,,,12,2
40208,4,2020,3,9,2,2,12,13,490,1,2,2,2,6,2,3,4,1,0,0,33.43410278,-111.92624722,33,0,0,3,3,3,0,6,1,0,2,12,2,16,2,39
40209,4,2020,3,9,2,22,20,13,60,1,1,1,1,3,1,3,1,1,0,1753,33.21926389,-112.64427222,9,0,0,1,1,1,0,2,1,0,22,24,22,39,23,15
40210,4,2020,3,12,5,23,8,13,60,1,2,2,3,1,2,1,1,1,0,1120,33.42845556,-112.6301,44,0,0,1,1,1,0,2,2,0,23,10,23,23,0,30
40211,4,2020,3,15,1,5,4,1,415,1,2,2,4,1,1,1,1,1,0,3167,35.07832778,-109.72754444,12,1,0,1,1,1,0,2,1,0,5,4,5,22,,
40212,4,2020,3,16,2,15,0,13,370,1,1,1,1,1,2,1,1,1,0,1490,33.42881389,-112.03690278,39,0,0,1,1,3,0,1,1,0,15,3,15,12,15,30
40213,4,2020,3,17,3,21,52,7,210,1,1,1,1,6,2,4,4,0,0,0,33.39375556,-110.78381944,33,0,0,3,3,4,0,2,1,0,21,55,21,57,,
40214,4,2020,3,20,6,13,3,5,428,1,1,1,1,3,1,4,1,0,0,565,34.88528611,-111.74315556,23,0,0,1,1,4,0,1,99,0,13,3,13,7,,
40215,4,2020,3,21,7,22,56,25,0,1,1,1,2,1,1,1,1,1,0,568,34.17103056,-112.141275,1,0,0,1,1,3,0,2,1,0,22,56,23,19,,
40216,4,2020,3,22,1,11,54,19,530,1,2,2,3,6,2,4,4,0,0,0,32.25074167,-110.82379722,12,6,0,2,4,1,0,1,1,0,,,,,,
40218,4,2020,3,29,1,21,2,19,530,1,2,2,2,6,2,3,4,0,0,0,32.27206944,-110.96108056,12,6,0,2,4,1,0,1,1,0,,,,,,
40219,4,2020,3,30,2,5,50,19,530,1,1,1,1,1,1,1,1,1,0,3061,,,9,0,0,1,1,1,0,2,1,0,5,50,6,10,,
40220,4,2020,3,1,1,1,57,13,370,1,2,1,1,6,2,3,4,1,0,0,33.50145556,-112.16886111,14,0,0,1,1,7,0,3,1,0,2,3,2,7,,
40221,4,2020,3,1,1,22,45,1,,1,2,2,2,2,9,99,99,9,9,,,,12,2,9,99,99,99,0,6,99,0,,,,,,
40222,4,2020,3,5,5,15,25,17,333,1,2,2,2,8,1,98,62,0,3,,,,12,99,9,99,99,99,0,1,99,0,,,,,,
40223,4,2020,3,20,6,,,17,,1,1,1,2,3,1,4,1,0,0,411,34.00751389,-109.90266944,99,99,9,99,99,99,1,9,1,0,,,,,,
40224,4,2020,3,25,4,16,17,13,370,1,1,1,1,6,2,4,4,0,0,0,33.40724444,-111.98821667,33,0,0,3,3,4,0,1,1,0,16,17,16,21,16,39
40225,4,2020,3,29,1,4,48,9,0,1,1,1,1,2,1,4,1,0,0,419,33.13876667,-110.124825,8,0,0,1,1,1,0,4,1,0,4,48,5,9,,
40226,4,2020,3,29,1,13,25,3,285,1,1,1,1,4,1,5,2,0,0,0,31.46690833,-109.68118056,9,0,0,1,1,1,0,1,1,0,13,28,13,43,,
40227,4,2020,5,1,6,4,4,13,60,1,3,3,2,1,2,1,1,1,0,1180,33.45056111,-112.53876667,12,1,0,1,1,1,0,2,1,0,4,4,4,10,,
40228,4,2020,5,2,7,4,59,25,386,1,1,1,4,6,2,5,4,0,0,0,34.58457778,-112.45533333,1,0,0,1,1,4,0,2,1,0,4,59,5,4,6,42
40229,4,2020,5,2,7,12,4,1,0,1,1,1,4,1,1,1,1,1,0,3267,35.13290833,-109.53444167,1,0,0,1,1,1,0,1,1,0,12,5,12,24,,
40230,4,2020,5,2,7,19,4,25,116,1,1,1,4,9,9,99,99,0,9,0,34.75386389,-111.902525,7,0,0,1,1,1,0,5,1,0,,,,,,
40231,4,2020,5,3,1,21,53,5,0,1,3,1,3,2,1,3,1,1,0,236,35.54726667,-111.537525,14,0,0,1,1,4,0,2,1,0,21,56,22,16,,
40232,4,2020,5,4,2,12,20,13,200,1,1,1,1,3,2,3,1,1,0,137,33.652975,-112.23281667,25,0,0,5,1,4,0,1,1,0,12,19,12,27,,
40233,4,2020,5,4,2,13,36,13,525,1,2,2,6,1,1,1,1,1,0,940,33.49588611,-112.93129167,12,8,0,5,1,4,0,1,1,0,13,39,13,56,15,0
40234,4,2020,5,4,2,14,44,13,370,1,1,1,2,3,2,2,1,1,0,30,33.45826944,-111.98919722,20,0,1,5,1,4,0,1,1,0,14,47,14,50,,