st_case,state,year,month,day,day_week,hour,minute,county,city,fatals_crash,vehicles_total,vehicles_in_transport,persons_total,route,rural_urban,functional_system,road_owner,nhs,special_jurisdiction,milepoint,latitude,longitude,first_harmful_event,manner_collision,rel_jct_interchange,rel_jct_location,intersection_type,relation_to_road,work_zone,light_condition,weather,school_bus_related,ems_notified_hour,ems_notified_min,ems_arrival_hour,ems_arrival_min,hospital_hour,hospital_min
40235,4,2020,5,5,3,23,8,13,60,1,2,2,2,1,2,1,1,1,0,1140,33.42948333,-112.60410833,12,1,0,1,1,1,0,3,1,0,23,10,23,15,,
40236,4,2020,5,7,5,5,57,13,370,1,3,3,3,6,2,4,4,0,0,0,33.52395,-112.13274444,12,2,0,1,1,1,0,1,1,0,,,,,,
40237,4,2020,5,9,7,18,16,19,0,1,2,2,2,3,2,4,1,0,0,189,32.5113,-110.92569722,12,6,0,3,3,1,0,1,1,0,18,19,18,36,19,18
40238,4,2020,5,11,2,8,23,15,269,1,7,7,8,1,1,1,1,1,0,170,36.946225,-113.80855278,12,8,0,1,1,1,0,1,1,0,8,30,8,43,9,40
40239,4,2020,5,12,3,11,14,5,,1,1,1,2,3,1,5,1,0,0,2158,34.95330278,-110.75724444,34,0,0,1,1,4,0,1,1,0,11,14,11,33,,
40240,4,2020,5,12,3,22,19,21,70,1,3,3,3,3,2,4,1,0,0,49,32.95782778,-111.75666389,12,2,0,1,1,1,0,2,1,0,22,19,22,25,,
40241,4,2020,5,13,4,10,6,19,530,1,2,2,3,6,2,4,4,0,0,0,32.22790556,-110.93951944,12,6,0,2,2,1,0,1,1,0,10,7,10,10,10,33
40243,4,2020,5,13,4,15,54,19,530,1,4,4,5,9,9,99,99,0,0,0,32.31295556,-111.03742778,12,8,0,1,1,1,0,1,1,0,15,54,16,4,16,12
40245,4,2020,5,14,5,21,39,13,370,1,1,1,1,6,2,3,4,0,0,0,33.50922222,-112.04748889,8,0,0,3,4,1,0,3,1,0,21,40,21,41,21,59
40246,4,2020,5,15,6,19,8,13,490,1,2,2,3,6,2,3,4,0,0,0,33.37842778,-111.89723333,12,6,0,2,4,1,0,1,1,0,19,8,19,11,19,30
40247,4,2020,5,15,6,20,42,19,530,1,2,2,2,6,2,3,4,0,0,0,32.20701667,-110.89228611,12,6,0,2,4,1,0,3,1,0,20,45,20,47,21,3
40248,4,2020,5,17,1,6,41,27,0,1,2,2,2,1,1,1,1,1,0,637,32.77207778,-113.60627222,12,2,0,1,1,1,0,1,1,0,6,42,7,3,,
40249,4,2020,5,17,1,16,14,13,290,1,2,2,4,3,1,5,1,0,0,100,33.50212778,-111.46154444,12,2,0,1,1,1,0,1,1,0,16,17,16,39,17,41
40250,4,2020,5,19,3,18,34,7,365,1,1,1,2,3,1,3,1,1,0,816,34.282425,-111.14491111,24,0,0,1,1,4,0,1,1,0,18,37,18,52,,
40251,4,2020,5,21,5,13,40,13,200,1,1,1,2,9,2,99,99,0,0,0,33.65185278,-112.21014167,9,0,0,1,1,1,0,1,1,0,,,,,,
40252,4,2020,5,21,5,16,55,13,290,1,2,2,2,6,2,3,4,0,0,0,33.38838611,-111.78823611,12,1,0,1,1,1,0,1,1,0,16,57,17,8,17,30
40253,4,2020,5,21,5,20,54,13,490,1,1,1,2,6,2,4,4,0,0,0,33.39760833,-111.93964444,8,0,0,1,1,1,0,3,1,0,20,55,21,0,,
40254,4,2020,5,21,5,22,3,19,530,1,2,2,4,9,2,99,99,0,0,0,32.17041389,-110.96961389,12,6,0,3,6,1,0,3,1,0,,,,,,
40255,4,2020,5,22,6,1,5,19,530,1,1,1,1,4,2,4,2,0,0,0,32.15968889,-111.03000556,8,0,0,1,1,1,0,2,1,0,,,,,,
40256,4,2020,5,22,6,12,7,25,0,1,2,2,3,2,1,3,1,1,0,1791,34.17951667,-113.03403889,12,8,0,1,1,1,0,1,1,0,12,11,12,29,,
40257,4,2020,5,22,6,14,21,13,370,1,4,4,5,1,2,1,1,1,0,1490,33.42867778,-112.03677222,12,6,0,1,1,1,0,1,1,0,14,21,14,32,15,21
40259,4,2020,5,23,7,12,9,21,332,1,1,1,1,3,1,4,1,0,0,8,32.55723889,-110.93438333,59,0,0,1,1,4,0,1,1,0,12,13,12,20,13,0
40260,4,2020,5,23,7,20,7,13,200,1,1,1,1,6,2,4,4,0,0,0,33.52395278,-112.16325833,8,0,0,1,1,1,0,5,1,0,,,,,,
40261,4,2020,5,24,1,4,37,19,530,1,2,1,1,9,2,99,99,0,0,0,32.12899722,-110.98332778,14,0,0,1,1,4,0,3,1,0,4,37,4,44,5,8
40262,4,2020,5,26,3,9,30,13,290,2,1,1,4,9,2,99,99,0,0,0,33.48288889,-111.73568333,33,0,0,1,1,4,0,1,1,0,9,30,9,37,,
40263,4,2020,5,27,4,3,49,25,0,1,3,3,3,3,1,4,1,0,0,120,34.52343333,-112.04596944,12,8,0,1,1,1,0,2,1,0,3,51,4,5,,
40264,4,2020,5,27,4,4,9,13,370,1,1,1,2,6,2,4,4,0,0,0,33.52413611,-112.10169722,9,0,0,1,1,1,0,3,1,0,4,10,4,15,,
40265,4,2020,5,27,4,10,31,7,600,1,1,1,1,3,1,5,1,0,0,7,32.99165556,-110.78098056,35,0,0,1,1,4,0,1,1,0,10,33,10,57,,
40266,4,2020,5,27,4,20,18,19,530,1,1,1,1,3,1,4,1,0,0,1026,32.08575278,-111.29066389,8,0,0,1,1,1,0,2,1,0,20,20,20,23,,
40267,4,2020,5,28,5,1,3,15,572,2,1,1,2,2,1,3,1,1,0,1416,34.55258056,-113.45288611,1,0,0,1,1,4,0,2,1,0,1,7,2,37,,
40268,4,2020,5,28,5,14,40,5,0,1,1,1,4,3,1,3,1,1,0,1024,34.30246389,-110.85787778,43,0,0,1,1,4,0,1,10,0,14,49,15,10,,
40269,4,2020,5,29,6,19,31,19,530,1,2,2,4,6,2,5,4,0,0,0,32.08818056,-110.77265833,12,6,0,2,4,1,0,3,1,0,19,31,19,40,20,13
40270,4,2020,5,31,1,8,19,25,0,4,2,2,8,3,1,4,1,0,0,30,34.54079167,-112.19640556,12,2,0,1,1,1,0,1,1,0,8,21,8,30,,
40271,4,2020,2,13,5,17,40,13,370,1,1,1,1,9,2,99,99,0,0,0,33.58305,-112.06249167,8,0,0,1,1,4,0,1,1,0,,,,,,
40272,4,2020,2,16,1,0,57,19,530,1,1,1,1,6,2,5,4,0,0,0,32.14865,-110.98059167,8,0,0,3,3,1,0,2,1,0,0,58,1,7,1,25
40273,4,2020,2,19,4,14,15,25,82,1,1,1,1,9,2,99,99,0,0,0,34.71811667,-112.44699444,99,99,0,1,1,4,0,1,1,0,,,,,,
40274,4,2020,2,20,5,6,21,13,420,1,1,1,1,6,2,5,4,0,0,0,33.48133333,-111.93474167,8,0,0,1,1,1,0,3,1,0,6,21,6,27,,
40275,4,2020,3,2,2,15,52,13,420,1,1,1,2,6,2,5,4,0,0,0,33.62373056,-111.90298333,33,0,0,3,4,4,0,1,10,0,15,53,16,0,16,26
40276,4,2020,3,3,3,6,18,13,370,1,2,2,2,6,2,4,4,0,0,0,33.46333333,-112.15179722,8,0,0,1,1,1,0,3,1,0,,,,,,
40277,4,2020,3,3,3,17,27,13,60,1,2,2,2,4,1,5,2,0,0,0,33.34851667,-112.71183611,12,6,0,2,3,1,0,5,1,0,17,27,17,35,,
40278,4,2020,3,5,5,12,47,21,487,2,2,2,7,2,1,3,1,1,0,,33.28742778,-111.10462778,12,6,1,2,4,1,0,1,1,0,,,,,,
40279,4,2020,3,6,6,22,9,19,530,2,1,1,2,6,2,5,4,0,0,0,32.16816667,-110.92634722,44,0,0,1,1,1,0,2,1,0,,,,,,
40280,4,2020,3,7,7,9,39,13,420,1,1,1,1,6,2,3,1,0,0,0,33.55735833,-111.89867778,33,0,0,1,1,4,0,1,1,0,9,39,9,44,10,10
40281,4,2020,3,7,7,18,1,21,180,1,1,1,1,5,1,4,3,0,0,0,33.05242778,-111.40801111,43,0,0,1,1,4,0,1,1,0,18,1,18,8,19,0
40282,4,2020,3,9,2,20,32,13,80,1,2,2,4,6,2,3,4,0,0,0,33.320475,-111.87640833,12,6,0,2,4,1,0,3,10,0,20,32,20,37,20,47
40283,4,2020,3,9,2,23,14,13,370,1,1,1,1,6,2,3,4,0,0,0,33.582,-112.11186389,8,0,0,1,1,1,0,3,1,0,23,15,23,16,23,33
40284,4,2020,3,11,4,17,8,13,370,1,3,3,5,6,2,3,4,1,0,0,33.56793889,-112.06521944,12,6,0,2,7,1,0,1,1,0,17,10,17,12,,
40285,4,2020,3,11,4,17,23,13,370,1,1,1,1,6,2,3,4,0,0,0,33.58208889,-112.09967778,8,0,0,3,4,1,0,1,2,0,17,23,17,28,17,42
40286,4,2020,3,14,7,16,12,13,80,1,2,2,3,6,2,3,4,0,0,0,33.33517778,-111.82645556,12,6,0,2,3,1,0,1,1,0,16,13,16,18,16,38
40287,4,2020,3,14,7,17,14,15,269,1,1,1,2,9,1,99,99,0,0,0,36.90612222,-113.92806944,99,99,0,98,98,98,0,1,1,0,17,18,17,20,,
40288,4,2020,3,25,4,22,35,13,370,1,1,1,3,6,2,4,4,0,0,0,33.48425833,-112.186425,8,0,0,1,1,11,0,3,1,0,22,35,22,39,,
40289,4,2020,3,26,5,23,13,3,9997,1,1,1,1,3,2,3,1,1,0,464,31.44562222,-109.92836389,24,0,0,1,1,4,0,2,3,0,23,16,23,16,0,51
40290,4,2020,3,28,7,7,29,5,321,1,1,1,1,4,1,5,2,0,0,0,34.89144722,-111.43820278,35,0,0,1,1,4,0,1,4,0,7,29,7,49,,
40291,4,2020,3,31,3,11,20,13,368,1,1,1,1,4,2,5,2,0,0,0,33.61732778,-112.27040833,5,0,0,1,1,4,0,1,1,0,11,20,11,24,12,0
40292,4,2020,4,1,4,5,48,13,420,1,1,1,1,9,9,99,99,0,0,0,33.49786667,-111.89843056,8,0,0,1,1,1,0,2,10,0,5,48,5,54,,
40293,4,2020,4,1,4,11,28,13,420,1,1,1,2,6,2,3,4,0,0,0,33.68507222,-111.92535556,1,0,0,1,1,4,0,1,1,0,11,30,11,40,12,15
40294,4,2020,4,2,5,16,19,21,,1,1,1,1,2,1,3,1,1,0,1865,33.27621944,-111.22953056,43,0,0,1,1,3,0,1,1,0,16,18,16,35,,
40295,4,2020,4,4,7,21,22,13,370,1,1,1,1,6,2,4,4,0,0,0,33.46878333,-112.15178611,8,0,0,3,3,1,0,3,1,0,21,22,21,26,21,47
40296,4,2020,4,10,6,7,21,13,370,1,1,1,1,6,2,4,4,0,0,0,33.41743611,-112.08221111,33,0,0,1,1,4,0,1,1,0,7,21,7,45,,
40297,4,2020,4,11,7,23,38,19,530,1,1,1,1,4,1,5,2,0,0,0,32.37035833,-110.70965833,24,0,0,1,1,4,0,2,1,0,,,,,,
40298,4,2020,4,17,6,7,19,13,370,1,1,1,1,1,2,1,1,1,0,2100,33.60966667,-112.11655,8,0,0,1,1,2,0,3,1,0,7,59,8,11,,
40300,4,2020,4,23,5,20,28,19,530,1,1,1,1,6,2,4,4,0,0,0,32.16281111,-110.83969167,24,0,0,1,1,3,0,2,1,0,,,,,,
40301,4,2020,4,25,7,6,7,21,405,1,1,1,1,1,1,1,1,1,0,1732,33.14998611,-111.86696667,33,0,0,1,1,4,0,4,1,0,6,9,6,25,,
40302,4,2020,4,28,3,12,31,13,370,1,1,1,3,6,2,4,4,0,0,0,33.465975,-112.14928889,8,0,0,8,1,1,0,1,1,0,12,33,12,37,12,54
40303,4,2020,4,29,4,19,15,19,530,1,1,1,1,4,2,3,2,0,0,0,32.32318056,-111.03400556,8,0,0,1,1,1,0,5,1,0,,,,,,
40304,4,2020,4,30,5,23,54,13,370,1,1,1,1,6,2,3,4,1,0,0,33.40753333,-112.06460278,8,0,0,1,1,1,0,3,1,0,23,54,23,59,0,17
40305,4,2020,5,19,3,22,14,13,490,1,1,1,1,6,2,4,4,0,0,0,33.44019722,-111.93498889,33,0,0,1,1,4,0,3,1,0,22,14,22,20,22,35
40306,4,2020,6,2,3,0,32,19,530,1,1,1,1,6,2,4,4,0,0,0,32.148625,-110.95346667,8,0,0,3,3,11,0,2,10,0,0,32,0,38,0,59
40307,4,2020,6,2,3,19,31,3,0,3,1,1,5,3,1,5,1,0,0,1038,31.62255278,-109.21049167,1,0,0,1,1,4,0,2,1,0,19,40,19,57,,
40309,4,2020,6,3,4,12,54,25,257,1,1,1,1,3,1,5,1,0,0,186,34.44451667,-112.93949444,35,0,0,1,1,4,0,1,1,0,12,59,13,23,14,48
40310,4,2020,6,4,5,16,31,19,530,1,2,2,4,6,2,3,4,0,0,0,32.20691667,-110.90092778,12,2,0,2,4,1,0,1,1,0,16,31,16,34,17,0
40311,4,2020,6,4,5,20,47,17,240,2,2,2,3,1,1,1,1,1,0,3007,34.99300278,-109.9468,12,2,0,1,1,1,0,2,1,0,21,1,21,10,,
40312,4,2020,6,5,6,9,29,13,370,1,2,2,2,6,2,4,4,0,0,0,33.52409722,-112.09989722,12,6,0,2,2,1,0,1,1,0,9,31,9,34,9,55
40313,4,2020,6,5,6,20,4,19,530,1,1,1,1,6,2,5,4,0,0,0,32.27948333,-110.99925833,8,0,0,1,1,1,0,2,1,0,20,4,20,8,,
40314,4,2020,6,5,6,21,13,13,370,1,2,2,2,6,2,3,4,0,0,0,33.48044722,-112.01745278,8,0,0,1,1,1,0,3,1,0,21,14,21,19,21,33
40315,4,2020,6,6,7,6,7,13,263,1,1,1,1,3,2,3,1,1,0,68,33.55448056,-112.41789444,25,0,1,5,1,4,0,1,1,0,6,7,6,30,,
40316,4,2020,6,7,1,1,14,13,370,1,2,2,2,1,2,1,1,1,0,40,33.43722778,-112.10828889,12,2,0,1,1,1,0,3,1,0,1,15,1,24,1,55
40317,4,2020,6,7,1,16,48,13,200,1,2,1,3,6,2,3,4,0,0,0,33.53785278,-112.22293889,8,0,0,1,1,1,0,1,1,0,,,,,,
40318,4,2020,6,8,2,14,44,13,486,1,2,2,2,2,2,3,1,1,0,1122,33.63426667,-112.34439722,12,1,0,3,3,1,0,1,1,0,14,44,14,48,,
40319,4,2020,6,9,3,21,36,13,290,1,1,1,1,6,2,3,4,0,0,0,33.41568056,-111.70618333,8,0,0,2,3,1,0,3,1,0,,,,,22,0
40322,4,2020,6,13,7,9,50,5,9997,1,1,1,2,3,1,5,1,0,0,1555,34.42158333,-111.51166111,24,0,0,1,1,4,0,1,1,0,9,50,9,58,,
40323,4,2020,6,13,7,18,11,13,368,1,2,2,2,6,2,3,4,1,0,0,33.55118889,-112.28109167,12,6,0,2,2,1,0,1,1,0,18,11,18,16,,
40324,4,2020,6,13,7,20,3,25,0,1,2,2,4,2,1,3,1,1,0,1711,34.27183333,-113.09540556,12,2,0,1,1,1,0,2,1,0,20,3,20,37,,
40325,4,2020,6,13,7,21,27,13,290,1,1,1,1,6,2,3,4,0,0,0,33.39610278,-111.80543333,8,0,0,3,2,1,0,3,1,0,21,27,,,,
40326,4,2020,6,15,2,13,40,21,110,1,2,2,2,3,1,4,1,0,0,210,33.00240556,-111.55861389,12,6,0,2,4,1,0,1,1,0,13,40,13,55,,
40327,4,2020,6,16,3,10,29,13,368,1,1,1,1,3,2,2,1,1,0,227,33.72986111,-112.30905833,1,0,0,1,1,3,0,1,1,0,10,32,10,44,11,10
40328,4,2020,6,18,5,17,39,19,530,1,1,1,1,6,2,5,4,0,0,0,32.15449167,-110.97875,7,0,0,3,3,1,0,1,1,0,,,,,,
40329,4,2020,6,18,5,18,14,13,370,1,1,1,1,6,2,3,4,0,0,0,33.79835833,-112.11566389,7,0,0,1,1,1,0,1,1,0,18,14,18,18,18,43
40330,4,2020,6,19,6,16,7,5,9997,2,2,2,4,2,1,3,1,1,0,345,35.70181944,-111.49792222,12,2,0,1,1,1,0,1,1,0,16,9,16,42,,
40331,4,2020,6,20,7,20,11,13,200,1,1,1,1,6,2,4,4,0,0,0,33.53686389,-112.35756389,8,0,0,1,1,11,0,6,1,0,,,,,,
40333,4,2020,6,22,2,7,30,3,,1,1,1,1,3,1,3,1,1,0,454,31.45697778,-109.94134722,9,0,0,1,1,1,0,1,1,0,7,30,7,35,,
40334,4,2020,6,24,4,1,44,1,273,1,1,1,2,1,1,1,1,1,0,3557,35.32899444,-109.07744167,8,0,0,1,1,1,0,2,1,0,1,48,2,8,,
40335,4,2020,6,24,4,2,56,19,530,1,2,2,2,6,2,3,4,0,0,0,32.21460556,-110.85813889,12,1,0,3,3,1,0,3,1,0,2,56,3,2,,
40336,4,2020,6,24,4,23,55,13,290,1,1,1,1,6,2,98,4,0,0,0,33.41435,-111.60340833,30,0,0,1,1,4,0,3,1,0,23,55,0,10,,
40338,4,2020,6,29,2,21,16,13,370,1,2,2,2,1,2,1,1,1,0,1400,33.46269722,-112.16237778,12,1,0,1,1,1,0,3,1,0,21,18,21,25,21,47
40339,4,2020,4,24,6,18,41,13,30,1,2,2,2,6,2,4,4,0,0,0,33.449975,-112.28980556,12,6,0,2,2,1,0,5,1,0,18,43,18,50,19,11
40340,4,2020,4,29,4,4,36,19,530,1,1,1,1,6,2,3,4,0,0,0,32.22879444,-110.89254167,15,0,0,2,2,1,0,4,1,0,4,37,4,42,4,59
40342,4,2020,6,11,5,11,33,13,370,1,3,3,6,6,2,4,4,0,0,0,33.65492222,-112.04847778,12,6,0,2,2,1,0,1,1,0,,,,,,
40343,4,2020,6,13,7,17,39,19,530,2,1,1,2,6,2,2,4,1,0,0,32.19346944,-110.90154444,33,0,0,5,1,4,0,1,1,0,17,38,17,46,18,7
40345,4,2020,6,15,2,2,29,13,370,1,1,1,4,1,2,1,1,1,0,2042,33.52613333,-112.11259722,39,0,1,5,1,4,0,3,1,0,2,37,2,47,3,30
40346,4,2020,6,17,4,7,54,13,370,1,2,2,2,6,2,3,4,0,0,0,33.56756944,-112.111675,12,2,0,1,1,1,0,1,1,0,7,54,8,3,,
40347,4,2020,6,21,1,15,29,13,220,1,1,1,1,1,2,1,1,1,0,1240,33.46691944,-112.42623333,59,0,1,5,1,3,0,1,1,0,15,29,15,36,16,0
40348,4,2020,6,24,4,10,32,19,530,1,1,1,2,6,2,3,4,0,0,0,32.27205833,-110.96400556,15,0,0,1,1,1,0,1,1,0,10,32,10,45,10,56
40349,4,2020,6,28,1,11,52,7,0,1,3,3,3,2,1,4,1,0,0,2624,33.81348056,-110.46363611,12,2,0,1,1,1,0,1,1,0,11,54,12,7,,
40351,4,2020,7,2,5,20,21,13,370,1,1,1,1,1,2,1,1,1,0,1511,33.41090278,-112.00738611,25,0,0,1,1,3,0,3,1,0,20,24,20,30,20,47
40352,4,2020,7,3,6,17,30,1,222,1,1,1,2,4,9,99,2,0,9,0,34.14574444,-109.51873611,1,0,0,1,1,4,0,1,1,0,17,30,17,53,,
40353,4,2020,7,3,6,22,24,19,530,1,2,2,2,6,2,3,4,1,0,0,32.13411389,-110.96152222,12,7,0,2,2,1,0,3,1,0,22,24,22,31,,
40354,4,2020,7,4,7,0,24,13,525,1,1,1,1,1,1,1,1,1,0,933,33.50065,-112.95084444,1,0,0,1,1,4,0,2,1,0,0,24,0,30,,
40355,4,2020,7,5,1,11,2,5,,1,2,2,5,3,1,3,1,1,0,1005,34.30276667,-110.89590278,12,6,0,2,2,1,0,1,1,0,11,3,11,13,,
40356,4,2020,7,5,1,19,29,19,530,1,1,1,1,6,2,5,4,0,0,0,32.08784167,-110.80417222,42,0,0,1,1,3,0,5,1,0,19,29,19,32,,
40357,4,2020,7,6,2,11,12,17,232,1,1,1,1,3,1,3,1,1,0,1238,34.42001667,-110.57843611,8,0,0,1,1,11,0,1,1,0,11,12,11,17,13,10
40358,4,2020,7,7,3,2,7,19,530,2,2,2,3,6,2,3,4,0,0,0,32.22150833,-110.93518611,12,6,0,2,4,1,1,3,1,0,2,7,2,8,,
40360,4,2020,7,10,6,12,9,21,0,1,3,3,4,3,1,4,1,0,0,551,33.250025,-111.34111389,12,2,0,1,1,1,0,1,1,0,12,12,12,15,,
40361,4,2020,7,10,6,21,5,13,290,1,2,2,5,6,2,3,4,0,0,0,33.42965833,-111.80528333,12,6,0,2,4,1,0,3,1,0,21,5,,,21,15
40362,4,2020,7,11,7,13,5,25,0,1,1,1,2,3,1,5,1,0,0,320,34.48749444,-111.623675,5,0,0,1,1,1,0,1,10,0,13,3,13,23,14,14
40363,4,2020,7,11,7,21,34,17,379,1,2,2,3,3,2,3,1,1,0,1712,34.13423056,-109.94916667,12,2,0,1,1,11,0,2,1,0,21,34,21,34,22,0
40364,4,2020,7,12,1,0,23,19,530,1,1,1,1,4,2,3,2,0,0,0,32.14056667,-110.85005,1,0,0,1,1,3,0,6,1,0,0,25,0,25,0,35
40365,4,2020,7,12,1,19,30,13,200,2,1,1,1,6,2,4,4,0,0,0,33.61073056,-112.171075,9,0,0,3,2,1,0,5,1,0,,,,,,
40366,4,2020,7,14,3,11,53,1,328,1,2,2,2,2,1,4,1,0,0,2702,34.02625833,-109.18350556,12,6,0,1,1,1,0,1,10,0,11,55,12,1,13,2
40367,4,2020,7,16,5,13,15,13,370,2,3,1,3,3,2,2,1,1,0,19,33.45952778,-112.009425,45,0,0,1,1,8,0,1,10,0,13,18,13,25,,
40368,4,2020,7,16,5,9,27,13,370,1,5,5,5,1,2,1,1,1,0,1510,33.41687778,-112.01665278,12,7,0,1,1,1,0,1,1,0,9,30,9,35,10,20
40369,4,2020,7,16,5,9,33,17,610,1,1,1,1,1,1,1,1,1,0,2606,35.00129444,-110.60254167,1,0,0,1,1,4,0,1,10,0,9,36,9,43,,
40370,4,2020,7,14,3,16,57,13,370,1,2,2,3,9,2,99,99,0,0,0,33.62027222,-112.0167,12,6,0,1,1,1,0,1,1,0,17,0,17,4,,
40371,4,2020,7,17,6,15,30,13,322,1,2,2,4,2,1,3,1,1,0,893,33.86378333,-112.63318611,12,6,1,2,2,1,0,1,1,0,15,35,15,38,17,38
40372,4,2020,7,18,7,1,22,5,170,1,1,1,2,1,2,1,1,1,0,1997,35.21516389,-111.58606667,8,0,0,1,1,1,0,3,1,0,1,22,1,29,,
40373,4,2020,7,18,7,22,42,13,368,1,1,1,1,3,1,5,1,0,0,249,33.79969444,-112.23363611,8,0,0,1,1,1,0,2,10,0,22,45,22,56,,
40374,4,2020,7,19,1,10,2,19,295,1,2,2,2,1,1,1,1,1,0,2352,32.47441389,-111.23390556,12,1,0,1,1,1,0,1,10,0,10,2,10,10,10,41
40375,4,2020,7,20,2,1,23,13,60,1,1,1,1,1,2,1,1,1,0,1200,33.45401944,-112.52807222,1,0,0,1,1,4,0,2,1,0,1,23,1,44,,
40378,4,2020,7,22,4,7,36,13,370,1,1,1,2,6,2,3,4,1,0,0,33.49480556,-112.04058333,33,0,0,1,1,4,0,1,1,0,,,,,,
40379,4,2020,7,23,5,3,46,19,530,1,3,3,3,6,2,2,4,1,0,0,32.19236667,-110.87473056,8,0,0,3,2,1,0,3,10,0,,,,,,
40380,4,2020,7,24,6,0,44,15,226,1,2,2,4,1,1,1,1,1,0,826,35.17128611,-113.51468611,24,0,0,1,1,3,0,2,2,0,0,48,1,33,,
40381,4,2020,7,24,6,16,11,5,0,1,2,2,5,2,1,3,1,1,0,761,36.27534167,-111.43756667,12,8,0,1,1,2,0,1,1,0,16,11,16,35,,
40383,4,2020,7,26,1,9,43,13,322,1,1,1,1,2,1,3,1,1,0,842,33.91135833,-112.67590833,24,0,0,1,1,4,0,1,1,0,9,44,9,55,,
40384,4,2020,7,26,1,14,55,21,0,1,1,1,1,1,1,1,1,1,3,1762,33.10310278,-111.830825,1,0,0,1,1,4,1,1,1,0,14,58,15,7,,
40385,4,2020,7,26,1,19,56,13,290,1,2,2,2,6,2,4,4,0,0,319,33.364825,-111.64474722,12,6,1,2,2,1,0,3,10,0,19,56,19,59,,
40386,4,2020,7,27,2,12,19,13,200,1,2,2,2,6,2,4,4,0,0,0,33.53272222,-112.220525,12,6,0,8,1,1,0,1,1,0,,,,,,
40387,4,2020,7,28,3,10,21,13,290,1,2,2,2,6,2,3,4,0,0,0,33.39380556,-111.736525,12,6,0,2,4,1,0,1,1,0,10,22,10,22,10,35
40389,4,2020,7,29,4,23,56,1,79,1,2,2,3,1,1,1,1,1,0,3296,35.15915278,-109.49404722,12,1,0,1,1,1,0,2,1,0,23,56,0,9,,
40390,4,2020,7,31,6,6,29,13,290,1,2,2,2,6,2,3,4,0,0,0,33.40817222,-111.77420556,12,6,0,2,3,1,0,1,1,0,6,29,6,35,6,45
40391,4,2020,7,31,6,12,59,13,0,1,1,1,1,3,1,3,1,1,0,1006,33.84033889,-111.46883333,18,0,0,1,1,3,0,1,1,0,13,0,13,36,14,15
40392,4,2020,2,24,2,22,30,5,528,1,1,1,1,8,9,98,62,0,3,0,,,9,0,0,99,99,99,0,6,99,0,,,,,,
40393,4,2020,2,23,1,0,23,17,382,1,1,1,2,8,1,5,62,0,9,,,,99,99,9,99,99,99,0,6,99,0,,,,,,
40394,4,2020,3,22,1,6,47,13,370,1,1,1,1,6,2,4,4,0,0,0,33.69837222,-112.10100833,41,0,0,1,1,4,0,1,1,0,6,50,6,57,7,21
40395,4,2020,4,3,6,,,7,,1,1,1,1,9,9,99,99,9,9,,,,8,0,9,99,99,99,0,9,99,0,,,,,,
40396,4,2020,4,5,1,22,37,13,200,2,2,2,3,6,2,5,4,0,0,0,33.52408056,-112.17747778,12,6,0,2,2,1,0,3,1,0,,,,,,
40397,4,2020,4,8,4,16,37,13,370,1,2,2,3,6,2,5,4,0,0,0,33.47324722,-112.16251944,12,6,0,2,3,1,0,1,98,0,16,37,16,38,,
40398,4,2020,4,12,1,18,46,19,530,1,2,2,2,6,2,5,4,0,0,0,32.11555278,-111.04815278,12,1,0,3,2,1,0,9,99,0,,,,,,
40399,4,2020,4,15,4,,,19,93,1,2,1,0,9,2,99,99,0,0,0,32.49295556,-110.91160556,8,0,0,1,1,1,0,9,98,0,,,,,,
40400,4,2020,4,15,4,7,13,13,475,1,2,1,1,4,2,6,2,0,0,0,33.61870278,-112.283825,33,0,0,1,1,4,0,1,1,0,7,13,7,20,,
40401,4,2020,4,22,4,21,24,13,370,1,2,2,3,6,2,5,4,0,0,0,33.504875,-112.03884722,12,6,0,8,1,1,0,3,99,0,,,,,21,50
40402,4,2020,4,25,7,18,3,1,83,1,1,1,1,8,1,99,62,0,9,0,,,99,99,9,99,99,99,0,9,99,0,,,,,,
40404,4,2020,4,13,2,22,15,19,530,1,1,1,1,4,2,4,2,0,0,0,32.28842778,-110.99510278,15,0,0,3,3,1,0,3,1,0,,,,,,
40405,4,2020,4,26,1,21,25,13,290,1,2,2,8,4,2,5,2,0,0,0,33.49470278,-111.61726389,12,2,0,1,1,1,0,2,1,0,21,25,21,40,,
40406,4,2020,5,13,4,22,4,21,0,1,1,1,1,3,1,3,1,1,0,201,33.15950833,-112.00789167,1,0,0,1,1,4,0,2,1,0,22,4,22,15,,
40407,4,2020,5,23,7,21,10,13,200,1,2,1,1,3,2,2,1,1,0,167,33.66780278,-112.20890556,14,0,0,1,1,2,0,3,1,0,21,10,21,17,,
40408,4,2020,5,24,1,8,8,13,9997,1,1,1,1,9,1,99,99,0,0,0,32.92721944,-113.29403056,1,0,0,1,1,4,0,1,1,0,8,3,8,20,9,25
40409,4,2020,5,25,2,2,45,13,370,1,1,1,1,1,2,1,1,1,0,80,33.493325,-112.11292778,8,0,0,1,1,1,0,3,1,0,2,52,3,4,,
40410,4,2020,5,25,2,19,20,19,9997,1,1,1,5,3,1,4,1,0,3,309,32.17696667,-112.24411944,1,0,0,1,1,4,0,2,1,0,,,,,,
40412,4,2020,5,28,5,2,6,13,200,1,1,1,1,6,2,3,4,0,0,0,33.55994167,-112.18621944,8,0,0,3,3,1,0,3,1,0,2,8,2,14,2,30