st_case,state,year,month,day,day_week,hour,minute,county,city,fatals_crash,vehicles_total,vehicles_in_transport,persons_total,route,rural_urban,functional_system,road_owner,nhs,special_jurisdiction,milepoint,latitude,longitude,first_harmful_event,manner_collision,rel_jct_interchange,rel_jct_location,intersection_type,relation_to_road,work_zone,light_condition,weather,school_bus_related,ems_notified_hour,ems_notified_min,ems_arrival_hour,ems_arrival_min,hospital_hour,hospital_min
40940,4,2020,10,23,6,21,52,19,0,1,2,2,4,6,2,5,2,0,0,0,32.1706,-111.13606944,15,0,0,1,1,1,0,2,1,0,21,52,22,9,,
40941,4,2020,10,25,1,17,59,13,370,1,2,2,2,6,2,3,4,1,0,0,33.63978611,-112.12226111,12,2,0,1,1,1,0,3,1,0,18,8,18,13,18,24
40942,4,2020,11,7,7,18,45,13,370,1,1,1,1,6,2,5,4,0,0,0,33.45856667,-112.01958611,8,0,0,1,1,2,0,3,1,0,18,48,18,50,19,2
40943,4,2020,11,21,7,18,25,13,0,1,4,4,7,3,1,3,1,1,3,261,33.24983056,-111.97740278,12,1,0,3,3,1,0,2,1,0,18,23,18,30,19,5
40944,4,2020,11,22,1,19,50,13,290,1,1,1,1,6,2,4,4,0,0,0,33.41942778,-111.73640556,8,0,0,1,1,1,0,3,1,0,,,,,,
40945,4,2020,11,26,5,18,54,13,486,1,1,1,2,6,2,5,4,0,0,0,33.64636111,-112.42078333,33,0,0,1,1,4,0,3,1,0,18,54,19,3,,
40946,4,2020,12,19,7,20,51,13,486,1,1,1,1,6,2,4,4,0,0,0,33.63078889,-112.324775,33,0,0,3,3,4,0,3,1,0,21,0,21,3,,
40947,4,2020,12,25,6,1,26,13,370,1,1,1,1,7,2,3,1,1,0,1370,33.46343056,-112.20326944,33,0,0,3,2,12,0,6,7,0,,,,,,
40948,4,2020,8,28,6,17,20,21,160,1,1,1,3,6,2,5,4,0,0,0,32.74849444,-111.55049167,33,0,0,3,3,4,0,1,1,0,,,,,,
40949,4,2020,10,18,1,3,35,13,420,1,1,1,2,6,1,5,2,0,0,0,33.85915,-111.77236389,24,0,0,1,1,4,0,2,1,0,3,35,4,0,,
40950,4,2020,10,23,6,0,26,25,105,1,1,1,1,9,9,99,99,0,0,0,34.16608333,-112.85890833,31,0,0,1,1,4,0,2,1,0,,,,,,
40951,4,2020,10,28,4,15,8,13,370,1,2,2,2,6,2,4,4,0,0,0,33.4705,-112.13442222,12,6,0,8,1,1,0,1,1,0,,,,,,
40952,4,2020,10,28,4,18,7,13,200,1,3,2,7,6,2,4,4,0,0,0,33.50949722,-112.17096667,12,8,0,1,1,1,0,3,1,0,,,,,,
40953,4,2020,11,3,3,4,48,13,368,1,1,1,1,6,2,5,4,0,0,0,33.62710278,-112.23737222,8,0,0,1,1,1,0,3,1,0,,,,,,
40954,4,2020,11,15,1,19,7,13,486,1,2,2,3,6,2,4,2,0,0,0,33.68937222,-112.33381389,12,6,0,2,3,1,0,3,1,0,19,7,19,20,19,35
40955,4,2020,11,30,2,15,10,13,486,1,1,1,1,6,2,6,4,0,0,0,33.64049167,-112.45698611,8,0,0,3,3,1,0,1,1,0,15,10,15,17,15,57
40956,4,2020,12,9,4,20,37,13,200,1,1,1,1,6,2,4,4,0,0,0,33.52149444,-112.23768056,8,0,0,1,1,1,0,3,10,0,,,,,,
40957,4,2020,12,10,5,17,55,13,290,1,2,2,2,4,2,4,2,0,0,0,33.40244167,-111.63275,12,6,0,8,1,1,0,3,10,0,17,55,18,1,,
40958,4,2020,12,20,1,0,14,13,370,1,2,2,2,6,2,4,4,0,0,0,,,8,0,0,1,1,1,0,2,1,0,0,16,0,20,,
40960,4,2020,12,26,7,18,9,13,370,1,2,2,8,6,2,4,4,0,0,0,33.48053611,-112.16287222,8,0,0,1,1,1,0,3,1,0,18,10,18,13,,
40961,4,2020,12,28,2,14,18,13,370,1,2,2,2,6,2,4,4,0,0,0,33.55636389,-112.13424167,12,6,0,8,1,1,0,1,10,0,,,,,,
40962,4,2020,5,16,7,21,54,13,490,1,4,4,7,3,2,2,1,1,0,517,33.41212222,-111.89150833,12,1,0,1,1,1,4,3,1,0,,,,,,
40963,4,2020,9,11,6,7,14,5,170,1,2,2,2,3,2,3,1,0,0,836,35.19247778,-111.65885833,12,1,0,1,1,1,0,1,10,0,7,11,7,16,7,34
40964,4,2020,10,10,7,1,16,13,370,1,2,2,2,7,2,6,2,0,0,0,33.42934167,-112.06513611,12,6,1,2,2,1,0,3,1,0,,,,,,
40965,4,2020,6,12,6,,,,,1,1,1,1,9,9,99,99,9,9,,,,99,99,9,99,99,99,0,9,99,0,,,,,,
40966,4,2020,6,12,6,23,49,19,219,1,1,1,2,6,2,5,2,0,0,0,31.85368889,-111.00732778,5,0,0,1,1,1,0,6,99,0,23,49,23,57,,
40967,4,2020,6,22,2,,,13,420,1,1,1,1,9,9,99,99,9,9,,,,8,0,9,99,99,99,0,9,99,0,,,,,,
40968,4,2020,7,22,4,20,0,,,1,1,1,1,9,9,99,99,9,9,,,,99,99,9,99,99,99,0,6,99,0,,,,,,
40969,4,2020,8,1,7,17,50,13,370,1,1,1,1,9,9,99,99,9,9,,,,8,0,9,99,99,1,0,6,99,0,,,,,,
40970,4,2020,9,19,7,,,27,620,1,1,1,2,9,9,99,99,9,9,,,,99,99,9,99,99,99,0,9,99,0,,,,,,
40971,4,2020,9,28,2,,,13,80,1,1,1,1,9,9,99,99,9,9,,,,99,99,9,99,99,99,0,9,99,0,,,,,,
40972,4,2020,11,18,4,23,27,13,30,1,1,1,1,4,2,4,2,0,0,0,33.49316111,-112.30551389,33,0,0,1,1,4,0,2,1,0,10,30,10,45,,
40974,4,2020,12,2,4,18,20,17,,1,1,1,1,8,1,5,62,0,9,,,,11,0,0,1,1,1,0,6,99,0,,,,,,
40975,4,2020,12,20,1,16,0,19,530,1,2,2,4,6,2,3,4,0,0,0,32.28528056,-110.93284444,12,6,0,2,4,1,0,1,1,0,,,,,,
50001,5,2020,1,9,5,15,55,15,0,1,3,3,3,3,1,5,1,0,0,36,36.43840556,-93.73098333,12,2,0,1,1,1,0,1,2,0,15,59,16,5,,
50002,5,2020,1,26,1,2,2,15,0,1,1,1,3,2,1,4,1,0,0,41,36.34810833,-93.50304444,32,0,0,1,1,4,0,2,1,0,2,5,2,9,2,25
50003,5,2020,1,24,6,17,40,25,0,1,2,2,4,2,1,4,1,0,0,34,34.01473611,-92.04281111,12,1,0,3,3,1,0,5,1,0,17,43,17,57,18,25
50004,5,2020,1,25,7,18,5,69,2045,1,3,3,4,2,1,3,1,1,0,45,34.27746111,-92.14145,12,6,0,2,2,1,0,2,1,0,18,15,18,22,,
50005,5,2020,1,28,3,7,0,135,0,1,1,1,1,2,1,3,1,1,0,161,36.24738333,-91.27918889,32,0,0,1,1,4,0,9,99,0,7,20,7,30,,
50006,5,2020,1,24,6,14,45,19,0,1,1,1,2,3,1,4,1,0,0,96,34.09850556,-93.27612222,42,0,0,1,1,4,0,1,1,0,14,46,14,59,,
50007,5,2020,1,26,1,21,0,1,0,1,1,1,3,2,1,3,1,1,0,42,34.44048889,-91.63786667,42,0,0,1,1,4,0,2,2,0,21,15,21,23,,
50008,5,2020,1,27,2,18,35,143,1310,1,1,1,2,2,2,2,1,1,0,10,36.11229722,-94.16059167,8,0,0,1,1,1,0,2,1,0,18,36,18,41,,
50009,5,2020,1,30,5,9,40,63,0,1,2,2,2,2,1,3,1,1,0,75,35.63394167,-91.60396389,12,2,0,1,1,1,0,1,10,0,9,42,9,56,,
50010,5,2020,1,29,4,21,52,145,0,1,2,2,6,2,2,2,1,1,0,186,35.27582778,-91.66653889,12,1,0,1,1,1,1,2,1,0,22,1,22,10,22,29
50012,5,2020,1,14,3,2,30,51,0,1,1,1,1,3,1,5,1,0,0,25,34.40358333,-93.06593333,34,0,0,1,1,4,0,3,10,0,2,35,2,46,,
50013,5,2020,1,17,6,19,24,55,0,1,1,1,1,4,1,7,2,0,0,35,36.25946111,-90.3555,42,0,0,3,3,4,0,2,2,0,19,28,19,51,,
50014,5,2020,1,20,2,18,15,7,1480,1,1,1,1,3,1,3,1,1,0,1,36.49200556,-93.9313,38,0,0,1,1,4,0,2,1,0,,,,,,
50015,5,2020,1,23,5,5,2,85,600,1,2,2,2,3,2,3,1,0,0,7,34.94331944,-92.05274722,12,6,0,8,1,1,0,2,2,0,5,4,5,11,,
50016,5,2020,1,21,3,4,28,51,1907,1,1,1,1,3,2,3,1,0,0,54,34.44801667,-93.08695,18,0,0,1,1,4,0,2,1,0,4,28,4,32,,
50017,5,2020,1,22,4,12,30,137,0,1,2,2,2,3,1,5,1,0,0,64,35.87193056,-92.32488611,12,2,0,1,1,1,0,1,2,0,12,41,12,59,13,51
50018,5,2020,1,23,5,10,25,107,0,1,2,2,4,2,2,3,1,1,0,225,34.554625,-90.67786111,12,2,0,1,1,1,0,1,2,0,10,38,10,45,11,19
50019,5,2020,1,2,5,15,21,131,1370,1,2,2,3,6,2,7,3,0,0,8,35.38533056,-94.37213056,12,6,0,2,2,1,0,1,10,0,15,23,15,28,,
50020,5,2020,1,3,6,2,0,91,0,1,1,1,1,2,1,5,1,0,0,97,33.52109722,-93.92392222,8,0,0,1,1,1,0,2,10,0,2,7,2,14,,
50021,5,2020,1,3,6,6,30,119,0,1,1,1,1,3,1,4,1,0,0,57,34.92474167,-92.55924167,1,0,0,1,1,4,0,2,2,0,6,45,7,16,,
50022,5,2020,1,3,6,18,45,139,0,1,2,2,3,2,1,3,60,1,0,87,33.1368,-92.21768333,9,0,0,1,1,1,0,2,1,0,,,,,,
50023,5,2020,1,7,3,0,46,123,0,1,1,1,1,1,1,1,1,1,0,257,35.13208056,-90.50550833,57,0,0,1,1,3,0,2,1,0,1,3,1,28,,
50024,5,2020,1,8,4,15,57,103,630,1,1,1,2,6,1,7,4,0,0,0,33.52881944,-92.84158889,42,0,1,3,3,4,0,1,1,0,15,57,15,59,,
50025,5,2020,1,9,5,21,10,31,2070,1,1,1,1,2,2,3,1,1,0,100,35.86115,-90.6487,8,0,0,8,1,1,0,2,10,0,21,14,21,17,21,35
50026,5,2020,1,6,2,17,26,51,0,1,1,1,2,3,1,4,1,0,0,4,34.39554722,-93.109875,59,0,0,1,1,4,0,5,1,0,17,33,17,44,18,35
50027,5,2020,1,11,7,18,45,91,0,1,1,1,2,1,1,1,1,1,0,392,33.51472778,-93.99872778,8,0,0,1,1,1,0,2,1,0,18,51,19,10,,
50028,5,2020,1,11,7,16,56,7,2380,1,2,2,6,2,2,3,1,1,0,35,36.26111111,-94.13666667,12,6,0,1,1,1,0,1,12,0,17,3,17,12,17,34
50029,5,2020,1,13,2,6,25,47,0,1,1,1,1,1,1,1,1,1,0,246,35.52781389,-94.03573333,42,0,0,1,1,4,0,2,5,0,6,32,6,48,,
50030,5,2020,1,2,5,14,45,119,0,1,1,1,1,4,1,7,2,0,0,0,34.78874722,-92.52209444,42,0,0,1,1,4,0,1,2,0,14,52,15,1,16,40
50031,5,2020,1,1,4,7,1,61,0,1,1,1,2,3,1,5,1,0,0,56,33.76542778,-93.90533611,32,0,0,1,1,4,0,4,10,0,7,1,7,20,,
50032,5,2020,2,26,4,14,18,59,0,1,1,1,1,3,1,5,1,0,0,78,34.33453056,-93.04260278,42,0,0,1,1,4,0,1,1,0,14,27,14,47,,
50033,5,2020,2,14,6,20,42,119,2320,1,1,1,1,6,2,7,4,0,0,3,34.69035278,-92.33314444,8,0,0,1,1,1,0,2,1,0,20,49,20,57,21,15
50034,5,2020,2,15,7,20,11,143,1310,1,2,2,2,3,2,4,1,0,0,65,36.05581111,-94.11228611,33,0,0,1,1,4,4,3,1,0,20,12,20,18,20,50
50035,5,2020,2,17,2,10,4,9,0,1,1,1,6,3,1,5,1,0,0,42,36.15269722,-93.23103611,42,0,0,1,1,4,0,1,10,0,10,8,10,26,11,0
50036,5,2020,2,16,1,5,13,35,0,1,1,1,1,1,2,1,1,1,0,626,35.20515278,-90.20438611,34,0,0,1,1,4,0,2,2,0,5,14,5,23,,
50037,5,2020,2,22,7,10,57,87,0,1,1,1,1,2,1,3,1,1,0,72,36.12406111,-93.818475,1,0,0,1,1,3,0,1,1,0,11,1,11,9,12,12
50038,5,2020,2,24,2,5,43,119,2880,2,1,1,3,2,2,2,1,1,0,151,34.77839722,-92.23433056,21,0,0,1,1,4,0,2,2,0,5,49,5,55,6,17
50039,5,2020,2,23,1,6,15,97,0,1,2,2,3,2,1,4,1,0,0,6,34.34562778,-93.49017222,12,2,0,1,1,1,0,4,10,0,6,23,6,30,,
50040,5,2020,2,4,3,14,16,49,0,1,1,1,1,2,1,3,1,1,0,69,36.30133056,-91.75639167,42,0,0,1,1,4,0,1,2,0,14,16,14,20,,
50041,5,2020,2,4,3,18,47,51,0,1,3,3,5,2,1,3,1,1,0,126,34.55615,-92.82252222,12,6,0,1,1,1,0,2,10,0,18,47,18,47,,
50042,5,2020,2,7,6,18,15,113,0,2,2,2,4,3,1,4,1,0,0,107,34.53896944,-94.0704,12,2,0,1,1,1,0,2,1,0,18,24,18,35,18,54
50043,5,2020,2,6,5,22,5,143,3670,1,2,2,2,1,2,1,1,1,0,709,36.16618056,-94.18659444,12,1,0,1,1,1,0,2,10,0,22,10,22,18,,
50044,5,2020,2,11,3,17,53,93,0,1,1,1,1,7,1,1,1,1,0,36,35.97910833,-89.87423333,8,0,0,1,1,1,0,2,1,0,17,59,18,8,,
50045,5,2020,2,11,3,17,10,75,0,2,2,2,4,2,1,3,1,1,0,203,36.07195,-91.02770833,12,2,0,1,1,1,0,1,1,0,17,10,17,21,,
50046,5,2020,2,9,1,14,30,125,0,1,2,2,2,3,1,4,1,0,0,29,34.6162,-92.82780833,12,6,0,4,1,1,0,1,1,0,14,30,14,41,,
50047,5,2020,2,4,3,10,36,115,3450,1,1,1,1,1,2,1,1,1,0,1988,35.26941389,-93.07023889,32,0,0,1,1,4,0,1,2,0,10,41,10,52,,
50048,5,2020,2,1,7,20,0,119,2036,1,1,1,1,2,1,2,1,1,0,98,34.87512222,-92.11850556,1,0,0,1,1,1,0,2,1,0,20,15,20,19,,
50049,5,2020,1,16,5,6,16,7,0,1,2,2,2,3,1,4,1,0,0,24,36.411202780000004,-94.25999722,12,2,0,1,1,1,0,4,1,0,6,16,6,25,,
50050,5,2020,2,28,6,16,46,91,3810,1,2,2,2,2,2,3,1,0,0,127,33.401625,-94.02519167,12,1,0,1,1,1,0,1,1,0,,,,,,
50051,5,2020,2,28,6,18,13,91,3810,1,2,2,2,6,2,7,3,0,0,4,33.43556111,-94.0384,12,6,0,2,2,1,0,5,1,0,18,14,18,17,18,23
50052,5,2020,2,27,5,11,57,47,0,1,1,1,1,3,1,4,1,0,0,71,35.57712222,-93.85868611,59,0,0,1,1,4,0,1,1,0,12,0,12,9,12,38
50053,5,2020,2,18,3,9,15,85,2140,1,2,2,2,2,1,3,1,1,0,246,34.61839167,-92.02396389,12,6,0,1,1,1,0,1,2,0,,,,,,
50054,5,2020,2,29,7,2,40,53,0,1,1,1,1,3,1,4,1,0,0,36,34.41558056,-92.49337778,32,0,0,1,1,4,0,2,1,0,2,44,2,57,,
50055,5,2020,2,16,1,0,55,45,860,1,2,1,2,1,2,1,1,1,0,1262,35.09722778,-92.42856944,14,0,0,1,1,2,0,3,1,0,1,7,1,14,,
50056,5,2020,2,29,7,23,7,27,0,1,1,1,3,2,1,4,1,0,0,190,33.13400556,-93.46021944,42,0,0,1,1,4,0,2,1,0,23,8,23,23,,
50058,5,2020,2,14,6,14,56,45,0,1,1,1,1,4,1,7,2,0,0,21,35.18067778,-92.36027222,42,0,0,1,1,4,0,1,1,0,15,5,15,10,,
50059,5,2020,1,27,2,6,45,149,0,1,1,1,1,3,1,4,1,0,0,152,35.01508056,-93.16001944,1,0,0,1,1,4,0,4,5,0,7,6,7,15,,
50060,5,2020,1,12,1,1,50,125,330,1,1,1,1,7,2,3,1,0,0,99,34.54276667,-92.63600278,8,0,0,1,1,1,0,2,1,0,1,50,1,55,,
50061,5,2020,1,11,7,17,53,71,800,1,1,1,1,3,2,4,1,0,0,28,35.46886389,-93.45904167,8,0,0,1,1,1,0,3,1,0,17,53,17,56,,
50062,5,2020,3,7,7,12,20,83,0,1,1,1,1,3,1,5,1,0,0,19,35.17558889,-93.80673611,1,0,0,1,1,1,0,1,1,0,12,24,12,29,12,57
50063,5,2020,3,3,3,17,40,111,0,2,2,2,3,3,1,3,1,1,0,82,35.67997778,-90.70173611,12,2,0,1,1,1,0,1,1,0,17,48,17,56,19,0
50064,5,2020,3,9,2,19,30,87,0,1,1,1,1,2,1,3,1,1,0,28,36.12285833,-93.69152778,59,0,0,1,1,4,0,1,10,0,19,32,19,42,,
50065,5,2020,2,22,7,6,45,119,2320,1,1,1,1,3,2,3,1,1,0,88,34.7836,-92.37758611,30,0,0,1,1,4,0,4,1,0,6,45,6,51,,
50066,5,2020,3,7,7,4,43,119,2320,2,2,2,2,1,2,1,1,1,0,99,34.70725278,-92.40225833,12,2,0,1,1,1,0,2,1,0,4,46,4,52,5,14
50067,5,2020,1,12,1,17,30,35,4120,1,2,2,3,6,2,7,3,0,0,0,35.15806389,-90.13643056,12,1,0,8,1,1,0,6,1,0,17,35,17,43,,
50068,5,2020,1,15,4,17,34,69,3150,1,1,1,1,3,2,4,1,0,0,71,34.21293611,-91.98913889,8,0,0,1,1,1,0,2,2,0,17,40,17,45,,
50069,5,2020,1,21,3,12,50,39,0,1,1,1,2,3,1,5,1,0,0,90,33.90936111,-92.81548333,42,0,0,1,1,4,0,1,1,0,12,55,13,13,,
50070,5,2020,1,25,7,12,50,1,0,1,1,1,1,3,1,3,1,1,0,36,34.32298056,-91.27616389,32,0,0,1,1,4,0,1,1,0,12,57,13,0,,
50071,5,2020,1,29,4,18,12,143,1310,1,2,2,2,3,2,3,1,1,0,13,36.07815833,-94.19658056,8,0,1,2,3,1,0,3,1,0,18,12,18,17,18,41
50072,5,2020,3,4,4,23,33,23,0,2,1,1,2,3,1,4,1,0,0,170,35.63349167,-91.94706111,32,0,0,3,3,4,0,3,1,0,23,40,23,53,,
50073,5,2020,3,11,4,21,40,143,0,1,2,2,2,2,1,3,1,1,0,186,36.17126667,-94.01841111,12,2,0,1,1,1,0,2,1,0,21,43,22,0,22,26
50074,5,2020,3,16,2,20,36,91,3810,1,2,2,2,1,2,1,1,1,0,354,33.46643611,-93.99741944,12,1,0,1,1,1,0,2,2,0,20,48,20,55,,
50075,5,2020,3,12,5,22,0,51,0,1,2,2,3,3,1,3,1,1,0,29,34.59875556,-93.01955833,12,2,0,1,1,1,0,2,2,0,22,5,22,17,22,50
50076,5,2020,2,19,4,18,5,119,2036,1,3,3,3,3,2,4,1,0,0,38,34.840725,-92.125775,12,2,0,1,1,1,0,2,1,0,18,20,18,28,18,42
50077,5,2020,2,19,4,16,40,149,980,1,2,2,4,4,2,6,2,0,0,15,35.23625,-93.19012222,12,6,0,2,2,1,0,1,1,0,16,40,16,43,,
50078,5,2020,2,12,4,5,42,115,3450,1,2,2,4,2,2,3,1,1,0,113,35.27861667,-93.12650556,12,6,0,1,1,1,0,2,2,0,5,45,5,52,6,26
50079,5,2020,2,13,5,7,43,143,3670,1,3,3,5,6,1,7,2,0,0,19,36.18578611,-94.09828056,12,7,0,1,1,1,0,4,12,0,7,47,7,55,,
50081,5,2020,3,18,4,10,6,37,0,1,2,2,2,3,1,3,1,1,0,104,35.39584444,-90.76802222,12,2,0,1,1,1,0,1,2,0,10,11,10,27,11,21
50082,5,2020,3,13,6,8,48,119,0,1,1,1,1,3,1,4,1,0,0,73,34.81214444,-92.17578333,9,0,0,1,1,1,0,1,10,0,8,56,9,5,9,34
50083,5,2020,3,10,3,11,10,125,0,1,1,1,1,1,1,1,1,1,0,1085,34.5058,-92.699225,24,0,0,1,1,4,0,1,1,0,11,15,11,31,,
50084,5,2020,3,14,7,11,3,75,0,1,1,1,1,2,1,3,1,1,0,62,35.99718056,-90.88931667,30,0,0,1,1,4,0,1,2,0,11,3,11,20,,
50086,5,2020,3,17,3,15,0,23,0,1,1,1,1,3,1,4,1,0,0,5,35.4661,-92.03649167,42,0,0,1,1,4,0,1,10,0,15,5,15,7,,
50087,5,2020,3,23,2,6,40,31,0,1,1,1,2,4,1,7,2,0,0,23,35.91663611,-90.65680278,1,0,0,1,1,1,0,4,10,0,6,52,7,10,,
50088,5,2020,3,24,3,15,51,85,600,1,1,1,1,3,2,4,1,0,0,164,34.96410278,-92.00837222,32,0,0,1,1,4,0,1,10,0,15,56,16,0,16,51
50089,5,2020,3,22,1,2,23,27,0,1,1,1,1,2,1,4,1,0,0,165,33.24241667,-93.23076111,42,0,0,1,1,4,0,2,1,0,2,33,2,34,,
50090,5,2020,3,17,3,8,42,119,0,1,1,1,1,3,1,4,1,0,0,165,34.85675,-92.47988889,24,0,0,1,1,4,0,1,1,0,8,42,8,53,9,34
50091,5,2020,3,2,2,6,29,7,1450,1,1,1,2,2,1,3,1,1,0,138,36.44439722,-93.99047778,42,0,0,1,1,4,0,1,1,0,6,29,6,33,6,59
50092,5,2020,3,2,2,20,50,139,0,2,1,1,5,4,1,7,2,0,0,2,33.17373889,-92.68405,1,0,0,1,1,4,0,2,1,0,20,54,21,4,21,56
50093,5,2020,3,26,5,23,9,51,1907,1,2,2,2,3,2,3,1,1,0,151,34.55498056,-93.01059167,30,0,0,1,1,4,0,3,1,0,,,,,,
50094,5,2020,2,15,7,3,35,119,2320,1,2,1,2,1,2,1,1,1,0,65,34.74628889,-92.36132778,14,0,0,1,1,5,1,3,1,0,3,39,3,42,,
50095,5,2020,3,26,5,13,0,59,0,1,2,2,2,1,2,1,1,1,0,961,34.37941667,-92.85155556,12,1,0,1,1,1,4,1,1,0,13,8,13,27,,
50096,5,2020,3,28,7,16,47,7,0,1,2,2,3,2,1,3,1,1,0,100,36.42956111,-94.05286111,12,6,1,2,3,1,0,1,1,0,16,50,16,56,,
50097,5,2020,3,25,4,9,18,101,0,1,1,1,1,3,1,4,1,0,0,134,35.99989722,-93.18473056,1,0,0,1,1,1,0,1,1,0,9,20,9,38,,
50098,5,2020,3,25,4,17,40,31,0,1,1,1,1,1,1,1,1,1,0,347,35.75023889,-90.57986944,57,0,0,1,1,3,0,1,10,0,,,,,,
50099,5,2020,3,30,2,22,23,139,0,1,1,1,1,4,1,7,2,0,0,6,33.25125278,-92.69037778,1,0,0,1,1,4,0,2,2,0,22,25,22,36,23,12
50100,5,2020,4,1,4,6,50,11,0,3,2,2,3,2,1,4,1,0,0,274,33.29512222,-92.34211667,12,2,0,1,1,1,0,1,1,0,6,50,7,19,,
50101,5,2020,4,2,5,21,7,29,2710,1,2,2,2,3,2,4,1,0,0,21,35.17589444,-92.7178,12,1,0,1,1,1,0,2,10,0,21,8,21,12,,
50102,5,2020,3,3,3,16,20,125,570,1,1,1,1,6,2,7,3,0,0,1,34.64686111,-92.50700278,8,0,0,1,1,1,0,1,10,0,16,24,16,32,,
50103,5,2020,3,4,4,19,18,125,0,1,1,1,1,4,1,7,2,0,0,0,34.49788611,-92.54886111,1,0,0,1,1,4,0,2,1,0,19,19,19,37,,
50104,5,2020,3,5,5,13,23,131,1370,1,2,2,2,6,2,7,3,0,0,0,35.34229167,-94.40920556,12,2,0,1,1,1,0,1,1,0,13,25,13,31,,
50105,5,2020,4,3,6,12,46,51,1907,1,2,2,2,2,2,3,1,1,0,43,34.47123889,-92.98736111,12,6,0,2,3,1,0,1,2,0,12,46,12,57,13,13
50106,5,2020,4,8,4,13,14,45,860,1,1,1,1,1,2,1,1,1,0,0,35.09171389,-92.424125,8,0,1,3,2,1,0,1,1,0,13,18,13,20,,
50107,5,2020,2,26,4,15,40,111,0,1,1,1,1,3,1,5,1,0,0,54,35.5247,-90.684025,42,0,0,1,1,4,0,1,1,0,15,46,16,2,16,24
50108,5,2020,3,14,7,2,10,119,2320,1,1,1,1,6,2,7,3,0,0,26,34.77255278,-92.40290556,42,0,0,1,1,4,0,3,2,0,2,14,2,18,,
50109,5,2020,3,5,5,21,20,119,2036,1,1,1,1,6,2,7,3,0,0,0,34.85257222,-92.11820556,8,0,0,1,1,1,0,3,1,0,21,20,21,25,,
50110,5,2020,3,21,7,14,4,69,4156,1,1,1,1,1,2,1,1,1,0,327,34.27523889,-92.11196389,8,0,0,1,1,1,0,1,1,0,,,14,21,,
50111,5,2020,4,12,1,14,23,143,0,1,2,2,2,2,1,3,1,1,0,179,36.16918889,-94.03017222,12,2,0,2,3,1,0,1,10,0,14,24,14,33,15,10
50112,5,2020,3,19,5,0,20,125,0,1,1,1,1,4,1,4,2,0,0,80,34.59515833,-92.36574722,34,0,0,1,1,4,0,2,1,0,0,24,0,32,,
50113,5,2020,4,7,3,20,10,27,2490,1,2,2,2,2,2,3,1,1,0,14,33.27570278,-93.21473056,12,1,0,2,2,1,0,3,1,0,20,14,20,18,,
50114,5,2020,4,6,2,1,0,67,2820,1,1,1,1,3,2,4,1,0,0,8,35.60633333,-91.27654167,3,0,0,1,1,5,0,3,1,0,,,,,,
50115,5,2020,4,7,3,7,21,145,0,1,1,1,1,3,1,5,1,0,0,4,35.13340556,-91.90426944,8,0,0,1,1,1,0,1,2,0,7,30,7,56,,
50116,5,2020,4,7,3,5,55,131,1370,1,1,1,2,6,2,7,3,0,0,0,35.38595,-94.39991667,8,0,0,1,1,1,0,2,10,0,,,,,,
50117,5,2020,3,14,7,20,12,69,0,1,1,1,3,1,1,1,1,1,0,183,34.3273,-92.15589167,42,0,0,1,1,4,0,2,2,0,20,19,20,25,,
50118,5,2020,4,18,7,4,45,111,0,2,2,2,2,3,1,3,1,1,0,31,35.48925278,-90.73339167,12,2,0,1,1,1,0,2,1,0,4,52,4,59,,
50119,5,2020,4,18,7,19,7,5,0,1,1,1,1,4,1,7,2,0,0,5,36.444225,-92.23639722,34,0,0,1,1,4,0,1,1,0,19,9,19,31,19,42
50120,5,2020,4,16,5,21,31,145,0,1,1,1,1,3,1,4,1,0,0,131,35.18597778,-91.70407778,42,0,0,1,1,4,0,2,1,0,21,36,21,41,,
50121,5,2020,4,16,5,14,58,59,0,1,3,3,3,2,1,3,1,1,0,56,34.42615,-92.84130556,12,2,0,1,1,1,0,1,1,0,15,2,15,12,15,35
50122,5,2020,4,17,6,7,35,11,0,3,2,2,9,2,1,5,1,0,0,151,33.59235833,-92.09163889,12,6,0,2,2,1,0,1,1,0,7,45,7,52,8,35
50123,5,2020,4,14,3,9,30,139,0,1,1,1,1,2,1,3,1,1,0,132,33.14904444,-92.14235,1,0,0,1,1,4,0,1,1,0,15,36,16,2,,
50124,5,2020,4,19,1,17,17,87,0,1,2,2,2,2,1,3,1,1,0,89,36.13408056,-93.59915278,12,2,0,1,1,1,0,1,10,0,17,19,17,39,,
50125,5,2020,4,16,5,17,36,135,0,1,2,2,2,3,1,5,1,0,0,56,36.39066389,-91.41491667,12,6,0,8,1,1,0,1,1,0,17,36,17,45,,
50126,5,2020,4,22,4,9,52,57,0,1,2,2,3,3,1,5,1,0,0,30,33.62652778,-93.62761667,12,2,0,1,1,1,0,1,1,0,9,57,10,7,10,34
50127,5,2020,4,20,2,19,16,33,0,1,1,1,1,3,1,4,1,0,0,232,35.490275,-94.3571,24,0,0,1,1,4,0,1,1,0,19,18,19,22,19,45
50128,5,2020,4,22,4,9,15,101,0,1,1,1,1,3,1,5,1,0,0,60,36.03651389,-93.35664167,59,0,0,1,1,4,0,1,10,0,9,18,9,42,,
50129,5,2020,4,21,3,19,45,119,0,1,1,1,1,2,1,4,1,0,0,78,34.77737778,-92.145375,8,0,0,1,1,2,0,5,1,0,,,,,,
50130,5,2020,4,10,6,6,59,131,1370,1,2,2,2,3,2,3,1,1,0,28,35.32534167,-94.34973889,12,7,0,4,1,1,0,4,1,0,6,59,7,15,,
50131,5,2020,4,28,3,9,55,93,450,1,2,2,3,3,2,3,1,1,0,1,35.92636667,-89.90278889,12,6,0,2,2,1,0,1,1,0,10,2,10,7,10,43
50132,5,2020,4,19,1,20,40,67,1105,1,1,1,2,2,2,2,1,1,0,3,35.64260556,-91.2386,8,0,0,20,1,1,0,2,2,0,20,44,20,50,,