st_case,state,year,month,day,day_week,hour,minute,county,city,fatals_crash,vehicles_total,vehicles_in_transport,persons_total,route,rural_urban,functional_system,road_owner,nhs,special_jurisdiction,milepoint,latitude,longitude,first_harmful_event,manner_collision,rel_jct_interchange,rel_jct_location,intersection_type,relation_to_road,work_zone,light_condition,weather,school_bus_related,ems_notified_hour,ems_notified_min,ems_arrival_hour,ems_arrival_min,hospital_hour,hospital_min
50133,5,2020,4,21,3,17,20,107,0,1,3,3,3,3,1,5,1,0,0,40,34.46725556,-90.77542778,12,1,0,1,1,1,0,1,1,0,17,23,17,43,18,29
50134,5,2020,4,26,1,10,19,133,0,1,1,1,1,4,1,7,2,0,0,14,33.97636389,-94.30893056,42,0,0,1,1,4,0,1,1,0,10,19,10,24,,
50138,5,2020,4,3,6,22,45,29,0,1,1,1,1,3,1,4,1,0,0,68,35.2283,-92.68545,53,0,0,1,1,4,0,2,10,0,22,47,23,3,,
50139,5,2020,4,24,6,10,8,73,0,1,1,1,2,3,1,5,1,0,0,249,33.04381111,-93.51066389,35,0,0,1,1,4,0,1,1,0,10,22,10,32,,
50140,5,2020,4,25,7,23,9,45,0,1,1,1,1,2,1,3,1,1,0,132,35.18493056,-92.39309722,8,0,0,1,1,1,0,3,1,0,23,11,23,20,,
50141,5,2020,4,24,6,21,35,41,1150,2,1,1,5,6,2,7,3,0,0,12,33.87021667,-91.48782778,30,0,0,1,1,4,0,3,1,0,21,38,21,41,,
50142,5,2020,4,24,6,12,40,145,0,1,1,1,1,4,1,7,2,0,0,33,35.28446667,-91.81863611,42,0,0,1,1,4,0,1,10,0,12,42,12,50,,
50143,5,2020,4,29,4,14,0,111,0,1,2,2,2,3,1,4,1,0,0,102,35.54653056,-90.57296944,12,6,0,2,2,1,0,1,10,0,14,8,14,18,,
50144,5,2020,4,25,7,23,48,63,0,1,2,2,2,3,1,4,1,0,0,82,35.73636389,-91.68239444,12,7,0,1,1,1,0,2,1,0,0,0,0,7,,
50145,5,2020,5,1,6,6,40,119,0,1,2,2,2,3,2,2,1,1,0,114,34.79520556,-92.16064167,12,1,0,1,1,1,0,1,1,0,6,51,7,4,,
50146,5,2020,4,12,1,11,15,113,0,1,1,1,2,4,1,7,2,0,0,0,34.60872778,-94.10488889,42,0,0,1,1,4,0,1,2,0,11,23,11,41,12,35
50147,5,2020,4,18,7,3,45,97,0,1,1,1,2,6,1,7,2,0,0,65,34.50235556,-93.51725556,24,0,0,1,1,4,0,6,1,0,4,41,4,45,,
50148,5,2020,4,27,2,0,38,119,0,1,1,1,1,4,1,7,2,0,0,16,34.794325,-92.18980556,42,0,0,1,1,4,0,3,1,0,0,39,0,45,1,22
50149,5,2020,4,26,1,18,16,63,0,1,1,1,1,3,1,5,1,0,0,104,35.60919167,-91.48151389,34,0,0,1,1,4,0,1,1,0,18,20,18,37,19,7
50150,5,2020,4,30,5,1,0,11,0,2,2,2,3,2,1,4,1,0,0,38,33.53607778,-92.07582222,12,2,0,1,1,1,0,2,1,0,1,5,1,16,1,33
50151,5,2020,4,30,5,17,25,103,0,1,1,1,1,3,1,4,1,0,0,137,33.62245,-92.928625,42,0,0,1,1,4,0,1,1,0,,,,,,
50152,5,2020,4,30,5,15,15,129,0,1,1,1,2,4,1,7,2,0,0,17,35.81263056,-92.74666667,42,0,0,1,1,4,0,1,1,0,15,24,15,48,,
50153,5,2020,4,30,5,23,17,125,0,1,1,1,3,4,1,7,2,0,0,0,34.68758611,-92.89140833,59,0,0,1,1,4,0,2,1,0,23,17,23,41,,
50154,5,2020,4,30,5,13,40,119,2320,1,2,2,1,1,2,1,1,1,0,56,34.74540278,-92.35222778,8,0,0,1,1,4,4,1,1,0,13,55,13,59,14,12
50155,5,2020,4,26,1,19,24,7,0,1,2,2,4,3,1,4,1,0,0,12,36.39213889,-94.16471389,59,0,0,1,1,4,0,1,1,0,19,25,19,35,,
50156,5,2020,3,26,5,13,7,143,1310,1,1,1,1,6,2,7,3,0,0,0,36.07314167,-94.16725278,58,0,0,1,1,4,0,1,1,0,,,,,,
50157,5,2020,3,27,6,7,31,143,1310,1,2,2,2,2,2,3,1,1,0,33,36.13380556,-94.14561111,12,2,0,1,1,1,0,1,1,0,7,33,7,34,,
50158,5,2020,4,16,5,1,28,69,3150,1,1,1,2,6,2,5,3,0,0,0,34.25516667,-92.06082778,18,0,0,1,1,1,0,6,1,0,1,30,1,39,,
50159,5,2020,4,25,7,19,27,7,340,1,1,1,1,6,2,7,3,0,0,0,36.307875,-94.29486111,34,0,0,1,1,4,0,1,1,0,19,29,19,35,,
50160,5,2020,4,16,5,12,54,7,340,1,2,2,3,2,2,3,1,1,0,68,36.40429167,-94.19832778,12,2,0,2,2,1,0,1,1,0,12,59,13,6,,
50161,5,2020,4,30,5,13,15,119,0,1,2,2,2,1,1,1,1,1,0,92,34.58180556,-92.26806944,12,1,0,1,1,1,0,1,1,0,13,15,13,24,,
50162,5,2020,5,7,5,11,40,35,0,1,1,1,1,1,1,1,1,1,0,191,35.15135278,-90.39273333,1,0,0,1,1,1,0,1,1,0,11,45,11,56,,
50163,5,2020,5,1,6,9,23,85,2350,1,1,1,1,2,1,5,1,0,0,75,34.762725,-91.94586667,34,0,0,1,1,4,0,1,1,0,9,25,9,30,,
50164,5,2020,5,4,2,0,10,7,0,1,1,1,1,3,1,4,1,0,0,16,36.23606944,-94.23353333,42,0,1,3,3,4,0,2,1,0,0,17,0,30,,
50165,5,2020,4,30,5,13,35,71,0,1,1,1,1,4,1,7,2,0,0,8,35.48584722,-93.523252780000007,38,0,0,1,1,4,0,1,1,0,13,41,13,49,,
50166,5,2020,5,13,4,15,49,49,3500,1,2,2,2,2,1,5,60,0,0,3,36.37276667,-91.83456667,12,6,1,2,3,1,0,1,1,0,15,51,15,53,,
50167,5,2020,5,6,4,12,32,31,2070,3,2,2,4,3,2,3,1,1,0,59,35.82085,-90.61991944,12,6,0,8,1,1,0,1,1,0,12,33,12,40,,
50168,5,2020,4,18,7,18,24,115,0,1,2,2,3,3,1,4,1,0,0,23,35.53800833,-93.09736111,12,6,0,1,1,1,0,1,1,0,18,25,18,49,19,39
50169,5,2020,5,11,2,19,5,15,0,1,1,1,2,4,1,7,2,0,0,4,36.31250556,-93.58540556,38,0,0,1,1,4,0,1,2,0,19,8,19,19,20,33
50170,5,2020,5,3,1,13,55,5,0,1,2,2,2,2,1,3,1,1,0,23,36.314725,-92.38909722,12,6,1,2,2,1,0,1,1,0,13,58,14,4,14,33
50171,5,2020,5,14,5,21,44,39,0,1,1,1,4,3,1,5,1,0,0,113,33.81497778,-92.51524444,32,0,0,1,1,4,0,2,1,0,22,20,22,28,22,40
50172,5,2020,5,6,4,3,59,75,4010,1,2,2,3,2,2,2,1,1,0,143,36.07755,-90.93348889,59,0,0,1,1,3,0,2,1,0,3,59,4,7,,
50173,5,2020,5,17,1,11,40,125,0,1,1,1,1,1,1,1,1,1,0,101,34.56686944,-92.26701944,42,0,0,1,1,4,0,1,2,0,11,43,11,55,,
50174,5,2020,5,17,1,14,44,47,0,1,1,1,1,3,1,4,1,0,0,153,35.67473056,-93.833325,34,0,0,1,1,4,0,1,1,0,14,44,15,2,,
50175,5,2020,4,26,1,12,18,119,2320,1,2,2,4,6,2,7,3,0,0,0,34.72073889,-92.37301667,12,6,0,2,2,1,0,1,1,0,12,18,12,23,13,0
50176,5,2020,4,26,1,13,59,9,1750,1,2,2,4,2,2,3,1,1,0,183,36.26622778,-93.13901667,12,6,0,2,2,1,0,1,1,0,14,1,14,8,14,32
50177,5,2020,5,17,1,11,40,57,0,1,1,1,2,1,1,1,1,1,0,354,33.72953056,-93.53678889,42,0,0,1,1,3,0,1,10,0,11,46,11,54,12,35
50178,5,2020,5,17,1,14,40,53,0,1,2,2,3,4,1,7,2,0,0,87,34.48891389,-92.22365833,12,2,0,1,1,1,0,1,10,0,14,44,15,6,,
50179,5,2020,5,13,4,17,15,145,0,1,3,3,4,3,1,5,1,0,0,48,35.16800278,-92.08055278,12,8,0,1,1,1,0,1,1,0,17,15,17,44,,
50180,5,2020,5,11,2,1,30,123,0,1,2,2,2,1,1,1,1,1,0,282,35.11944722,-90.54600833,12,2,0,1,1,1,0,2,1,0,1,30,1,45,,
50181,5,2020,4,28,3,21,0,145,3530,1,2,2,6,3,2,4,1,0,0,1,35.25032222,-91.6826,12,2,0,1,1,1,0,2,10,0,21,4,21,11,21,38
50182,5,2020,5,18,2,11,19,9,0,1,1,1,1,4,1,7,2,0,0,8,36.39929722,-93.22408611,42,0,0,1,1,4,0,1,1,0,11,19,11,28,,
50183,5,2020,5,18,2,18,34,23,0,1,1,1,1,4,1,7,2,0,0,30,35.57285833,-92.08098889,42,0,0,1,1,4,0,1,1,0,18,43,18,54,,
50184,5,2020,5,22,6,4,55,57,0,2,2,2,2,1,1,1,1,1,0,1243,33.61975556,-93.78906667,12,2,0,1,1,1,0,2,1,0,5,0,5,19,,
50185,5,2020,5,15,6,22,28,97,0,1,1,1,2,2,1,3,1,1,0,58,34.67764722,-93.785675,1,0,0,1,1,4,0,2,2,0,22,37,23,13,,
50186,5,2020,5,15,6,20,5,51,0,1,3,3,8,2,1,3,1,1,0,16,34.51460556,-93.38272778,12,8,0,1,1,1,0,2,2,0,20,12,20,36,,
50187,5,2020,4,20,2,14,32,141,0,1,2,2,2,3,1,5,1,0,0,111,35.46736944,-92.34871111,12,6,0,1,1,1,0,1,1,0,14,32,14,46,,
50188,5,2020,5,28,5,17,7,135,0,1,1,1,1,2,1,3,1,1,0,10,36.24846667,-91.58948056,32,0,0,1,1,4,0,1,1,0,17,7,17,13,,
50189,5,2020,5,13,4,14,15,37,0,1,1,1,1,3,1,5,1,0,0,27,35.40064167,-90.71490833,53,0,0,1,1,4,0,1,2,0,14,18,14,38,,
50190,5,2020,5,21,5,1,45,63,0,1,1,1,1,3,1,5,1,0,0,108,35.83471389,-91.75529167,21,0,0,1,1,4,0,2,1,0,,,,,,
50191,5,2020,5,17,1,19,57,145,0,1,2,2,3,3,1,4,1,0,0,75,35.34237778,-91.78948889,12,6,0,2,2,1,0,5,1,0,20,3,20,14,,
50192,5,2020,5,15,6,21,26,119,2036,1,1,1,1,6,2,4,3,0,0,8,34.86716944,-92.13923056,42,0,0,1,1,4,0,2,1,0,21,31,21,34,,
50193,5,2020,5,26,3,5,0,133,0,1,2,2,2,2,1,3,1,1,0,34,34.09408333,-94.32218056,12,2,0,1,1,1,0,2,10,0,5,5,5,26,,
50194,5,2020,5,26,3,0,4,59,0,1,1,1,3,1,1,1,1,1,0,869,34.28214167,-92.95932222,42,0,0,1,1,4,0,2,2,0,,,,,,
50195,5,2020,5,30,7,1,30,113,0,1,1,1,1,4,1,7,2,0,0,18,34.51141944,-94.10806667,42,0,0,1,1,4,0,2,1,0,,,,,,
50196,5,2020,6,1,2,9,16,143,3670,1,2,2,2,2,2,3,1,1,0,2,36.20630278,-94.13803889,12,2,0,1,1,1,0,1,1,0,9,17,9,18,,
50197,5,2020,4,8,4,12,39,7,0,1,1,1,1,4,1,7,2,0,0,0,36.40090278,-94.06601944,42,0,0,1,1,4,0,1,1,0,12,41,12,52,,
50198,5,2020,5,13,4,1,49,7,3390,1,2,2,2,6,2,7,3,0,0,0,36.34944444,-94.14324444,1,0,0,2,3,1,0,3,2,0,,,,,,
50199,5,2020,5,30,7,21,28,85,0,1,2,2,5,3,1,5,1,0,0,171,34.72164722,-91.75323889,12,2,0,1,1,1,0,2,1,0,21,45,21,56,,
50200,5,2020,6,3,4,8,4,57,0,1,1,1,5,3,1,5,1,0,0,3,33.64475556,-93.55540556,53,0,0,1,1,4,0,1,1,0,8,6,8,10,,
50201,5,2020,5,30,7,19,40,111,0,1,1,1,1,1,1,1,1,1,0,113,35.50418056,-90.38533889,8,0,0,1,1,4,4,1,1,0,19,45,19,49,,
50202,5,2020,6,2,3,7,35,15,1600,1,2,2,3,2,1,4,1,0,0,68,36.33861667,-93.45825556,12,6,0,2,3,1,0,1,1,0,,,,,,
50203,5,2020,5,20,4,22,55,129,0,1,2,2,4,2,1,3,1,1,0,91,36.05407222,-92.81110278,12,2,0,1,1,1,0,2,1,0,22,55,23,20,,
50205,5,2020,5,20,4,3,18,131,0,1,1,1,1,3,1,4,1,0,0,202,35.29088333,-94.09727222,35,0,1,3,3,4,0,2,1,0,,,,,,
50206,5,2020,5,24,1,18,12,57,0,1,1,1,6,1,1,1,1,1,0,274,33.65976944,-93.64506111,42,0,0,1,1,3,0,1,2,0,19,20,19,27,,
50207,5,2020,6,3,4,5,53,145,0,1,1,1,2,2,1,2,1,1,0,101,35.32856944,-91.53913056,1,0,0,1,1,4,4,4,10,0,6,0,6,5,,
50208,5,2020,6,5,6,8,55,15,0,1,2,2,3,2,1,4,1,0,0,84,36.39011667,-93.62095556,12,6,0,8,1,1,0,1,1,0,9,1,9,7,,
50209,5,2020,5,23,7,4,40,93,0,2,2,2,2,1,2,1,1,1,0,637,35.88989722,-89.91394722,12,2,0,1,1,1,0,2,1,0,4,45,4,53,,
50211,5,2020,6,4,5,21,21,147,0,1,2,2,2,3,1,4,1,0,0,36,35.00595833,-91.30443889,12,2,0,1,1,1,0,2,1,0,21,21,21,51,,
50212,5,2020,6,8,2,13,20,53,0,2,2,2,3,3,1,4,1,0,0,47,34.40139444,-92.48341944,12,6,0,1,1,2,0,1,2,0,13,21,13,35,,
50213,5,2020,6,7,1,9,15,119,2320,1,1,1,1,1,2,1,1,1,0,3,34.73315,-92.26400556,59,0,0,1,1,3,0,1,1,0,9,19,9,23,,
50214,5,2020,6,3,4,17,35,97,0,1,1,1,1,4,1,7,2,0,0,19,34.37503333,-93.56485278,35,0,0,1,1,4,0,1,1,0,17,38,17,43,,
50215,5,2020,6,4,5,15,0,111,0,1,1,1,2,4,1,7,2,0,0,2,35.55082778,-90.35803611,1,0,0,1,1,4,0,1,1,0,15,26,15,34,,
50216,5,2020,6,11,5,23,6,123,0,1,1,1,3,4,1,7,2,0,0,0,35.00864167,-90.83960833,53,0,0,1,1,4,0,3,1,0,23,8,23,15,,
50217,5,2020,6,8,2,22,58,43,0,1,1,1,2,4,1,7,2,0,0,11,33.52162222,-91.86253056,42,0,0,1,1,4,0,2,10,0,23,3,23,18,,
50218,5,2020,6,12,6,0,5,119,2320,1,1,1,1,7,2,3,1,0,0,30,34.66397778,-92.39805278,8,0,0,1,1,1,0,2,1,0,0,7,0,12,,
50219,5,2020,6,9,3,5,5,33,0,1,1,1,1,2,1,4,1,0,0,78,35.48163333,-94.230275,8,0,0,1,1,1,0,2,1,0,5,8,5,16,,
50220,5,2020,6,1,2,14,18,13,0,1,1,1,1,3,1,5,1,0,0,7,33.62185,-92.72218889,1,0,0,1,1,1,0,1,1,0,14,19,14,27,,
50221,5,2020,6,4,5,23,44,23,0,1,2,2,2,3,1,5,1,0,0,53,35.37191111,-92.16470556,12,6,0,3,3,1,0,2,1,0,23,49,0,6,,
50222,5,2020,6,8,2,13,25,63,0,1,2,2,2,3,1,4,1,0,0,8,35.68038333,-91.42955833,12,6,0,1,1,1,0,1,10,0,13,29,13,45,,
50223,5,2020,6,16,3,19,5,119,2320,1,2,2,4,6,2,7,3,0,0,4,34.71325833,-92.33222222,12,2,0,1,1,1,0,1,1,0,19,7,19,15,,
50224,5,2020,6,7,1,0,45,137,2750,1,1,1,1,3,1,4,1,0,0,20,35.85179722,-92.07649167,30,0,0,1,1,4,0,2,1,0,0,45,1,0,,
50225,5,2020,6,11,5,23,35,93,0,1,1,1,2,3,1,5,1,0,0,57,35.78493056,-90.17815833,52,0,0,1,1,4,0,2,1,0,23,57,0,19,,
50226,5,2020,6,12,6,4,33,33,0,1,1,1,1,1,1,1,1,1,0,283,35.59876111,-94.20011111,8,0,0,1,1,1,0,2,1,0,,,,,,
50227,5,2020,6,18,5,11,57,119,2880,1,2,2,3,3,2,3,1,1,0,13,34.79425833,-92.25751944,12,6,0,2,3,1,0,1,1,0,,,,,,
50228,5,2020,6,13,7,7,20,149,0,2,1,1,2,3,1,4,1,0,0,101,35.16420556,-93.28773056,38,0,0,1,1,4,0,1,1,0,,,,,,
50229,5,2020,6,10,4,17,29,85,0,1,2,2,4,2,1,3,1,1,0,207,34.57258889,-91.98419722,12,8,0,1,1,1,0,1,1,0,17,29,17,32,,
50230,5,2020,6,21,1,18,10,63,0,1,1,1,3,4,1,7,2,0,0,5,35.89715833,-91.63232778,35,0,0,1,1,4,0,1,1,0,18,20,18,43,,
50231,5,2020,6,10,4,12,44,51,1907,1,3,3,4,2,2,3,1,1,0,15,34.48682778,-93.03396667,12,1,0,2,3,1,0,1,1,0,12,45,12,49,,
50232,5,2020,6,12,6,16,40,15,0,1,2,2,3,2,1,4,1,0,0,84,36.39011667,-93.62095556,12,6,0,2,2,1,0,1,1,0,16,43,16,57,,
50233,5,2020,6,15,2,1,0,11,0,2,1,1,2,3,1,5,1,0,0,13,33.59724167,-92.27173333,42,0,0,1,1,5,0,2,1,0,,,,,,
50234,5,2020,6,20,7,20,41,131,1370,1,1,1,1,1,2,1,1,1,0,87,35.39402222,-94.36588056,57,0,0,1,1,3,0,5,1,0,,,,,,
50235,5,2020,6,21,1,21,10,61,0,1,1,1,1,4,1,7,2,0,0,10,33.83650833,-93.95275,38,0,0,1,1,4,0,2,2,0,21,13,21,30,,
50236,5,2020,6,18,5,12,40,53,0,1,2,2,2,3,1,5,1,0,0,157,34.27009167,-92.44289444,12,2,0,1,1,1,0,1,1,0,12,43,12,53,,
50237,5,2020,6,4,5,20,19,143,3670,1,1,1,1,6,2,7,3,0,0,0,36.14527778,-94.08602778,38,0,0,1,1,5,0,5,1,0,20,25,20,31,,
50238,5,2020,6,9,3,20,35,5,0,2,2,2,3,2,1,3,1,1,0,107,36.38579167,-92.22087778,12,2,0,1,1,2,0,1,10,0,20,42,21,1,,
50239,5,2020,6,21,1,6,0,81,0,1,1,1,4,4,1,6,2,0,0,22,33.57475278,-94.00693056,35,0,0,1,1,4,0,4,1,0,6,4,6,27,,
50240,5,2020,2,11,3,18,39,27,0,1,1,1,1,2,1,5,60,0,0,87,33.33396389,-93.26826667,32,0,0,1,1,4,0,2,2,0,18,47,18,57,19,24
50241,5,2020,6,6,7,12,13,71,800,1,2,2,6,3,2,4,1,0,0,12,35.42616667,-93.52955556,12,6,0,2,2,1,0,1,1,0,12,13,12,23,,
50242,5,2020,6,16,3,9,58,51,0,1,1,1,2,4,1,7,2,0,0,8,34.54201389,-93.16337778,31,0,0,1,1,4,0,1,1,0,9,59,10,12,,
50243,5,2020,6,24,4,3,48,143,3670,1,1,1,2,2,2,3,1,1,0,86,36.17529722,-94.18348056,8,0,0,1,1,1,0,3,1,0,3,51,3,55,,
50244,5,2020,6,14,1,19,10,75,0,1,1,1,1,4,1,7,2,0,0,8,35.98795833,-91.07550278,34,0,0,1,1,4,0,1,10,0,19,10,19,27,,
50245,5,2020,6,28,1,18,32,69,3150,1,1,1,3,4,1,7,2,0,0,0,34.14186389,-92.10444444,1,0,0,1,1,4,0,1,10,0,18,32,18,42,,
50246,5,2020,6,27,7,0,38,119,2320,1,1,1,1,6,2,7,4,0,0,0,34.74323889,-92.31829722,43,0,0,1,1,5,0,3,1,0,,,,,,
50247,5,2020,6,29,2,3,5,119,2320,1,2,2,2,2,2,3,1,1,0,24,34.70953889,-92.34375556,12,1,0,1,1,1,0,2,10,0,3,8,3,10,,
50249,5,2020,6,26,6,15,18,111,0,1,1,1,1,3,1,4,1,0,0,158,35.68066944,-90.34190556,30,0,0,1,1,4,0,1,10,0,,,,,,
50250,5,2020,6,22,2,7,10,119,0,1,3,3,4,1,1,1,1,1,0,153,34.50455278,-92.21743333,12,1,0,1,1,1,0,4,2,0,,,,,,
50252,5,2020,6,28,1,0,30,119,2320,1,1,1,1,2,2,3,1,1,0,67,34.70789167,-92.34403889,9,0,0,1,1,1,0,3,1,0,,,,,,
50253,5,2020,6,29,2,8,22,93,2970,1,2,2,2,3,2,4,1,0,0,27,35.70541667,-90.01743889,12,1,0,3,3,1,0,1,1,0,8,28,8,32,,
50254,5,2020,6,21,1,18,36,63,0,2,2,2,4,3,1,4,1,0,0,100,35.7321,-91.49210556,12,2,0,1,1,1,0,1,10,0,18,36,18,53,,
50255,5,2020,6,30,3,18,0,119,2036,1,1,1,1,6,2,7,3,0,0,1,34.85364444,-92.12064444,10,0,0,6,1,1,0,1,1,0,18,2,18,8,,
50256,5,2020,6,20,7,1,25,119,2320,1,2,2,2,1,2,1,1,1,0,26,34.74482778,-92.26300833,25,0,1,5,1,4,0,3,1,0,1,31,1,35,,
50257,5,2020,6,20,7,2,2,119,0,1,2,2,3,1,2,1,1,1,0,47,34.64606389,-92.26551944,12,2,0,1,1,1,0,2,1,0,2,2,2,11,,
50258,5,2020,6,29,2,14,28,91,0,1,2,2,1,2,1,4,1,0,0,78,33.12941111,-93.89447222,12,1,0,1,1,1,0,1,10,0,14,28,14,50,,
50259,5,2020,6,28,1,6,0,133,0,2,2,2,4,3,1,4,1,0,0,14,34.02083611,-94.34061667,12,6,0,1,1,1,0,1,1,0,6,1,6,14,,
50260,5,2020,6,27,7,1,29,63,0,1,1,1,1,4,1,7,2,0,0,8,35.68988056,-91.48449167,42,0,0,1,1,4,0,2,10,0,1,29,1,49,,
50261,5,2020,7,2,5,6,30,35,4120,1,1,1,3,1,2,1,1,1,0,2770,35.17088333,-90.19358611,8,0,0,1,1,1,0,1,1,0,,,7,2,,
50262,5,2020,6,25,5,17,42,131,1370,1,2,2,2,2,2,3,1,1,0,5,35.39086944,-94.41561944,12,6,0,2,2,1,0,1,1,0,17,44,17,49,,
50263,5,2020,6,21,1,21,32,75,3210,2,2,2,3,2,1,3,1,1,0,181,36.08520278,-91.06366389,12,8,0,1,1,1,0,2,1,0,21,33,21,44,,
50264,5,2020,7,1,4,3,0,47,0,1,1,1,3,4,1,7,2,0,0,0,35.55251944,-93.88706389,34,0,0,1,1,4,0,2,1,0,3,3,3,31,3,52
50265,5,2020,6,25,5,15,30,37,0,1,1,1,1,4,1,7,2,0,0,2,35.35486944,-90.82140556,34,0,0,1,1,4,0,1,1,0,15,51,16,5,,
50266,5,2020,7,6,2,15,20,55,0,1,1,1,1,3,1,5,1,0,0,30,36.18782778,-90.462175,32,0,0,1,1,4,0,1,1,0,15,26,15,42,,
50267,5,2020,6,24,4,9,51,5,2730,1,2,2,2,2,2,3,1,1,0,95,36.31501944,-92.37385,12,6,0,2,3,1,0,1,1,0,9,51,10,1,,
50268,5,2020,6,23,3,0,0,7,0,1,1,1,1,2,1,3,1,1,0,129,36.17783056,-94.34820833,8,0,0,1,1,98,0,2,1,0,,,,,,
50269,5,2020,6,27,7,23,47,83,0,1,1,1,1,4,1,7,2,0,0,1,35.38423611,-93.776575,59,0,0,1,1,4,0,2,1,0,23,55,0,4,,
50270,5,2020,7,7,3,11,40,35,4120,1,2,2,2,3,2,4,1,1,0,5,35.15319722,-90.13789722,12,2,0,2,2,1,0,1,1,0,11,45,11,49,,
50271,5,2020,7,7,3,14,26,91,3810,1,2,2,2,2,2,3,1,0,0,139,33.41635833,-94.03016944,12,6,0,2,2,1,0,1,10,0,14,28,14,31,,
50272,5,2020,6,6,7,20,8,7,3390,1,2,2,4,2,2,3,1,1,0,25,36.35543889,-94.13415,12,6,0,2,2,1,0,3,1,0,20,8,20,14,,
50273,5,2020,6,10,4,21,20,131,1370,1,1,1,1,2,2,3,1,1,0,,35.3951,-94.41183889,38,0,0,1,1,5,0,3,1,0,21,20,21,21,,
50274,5,2020,7,2,5,13,9,23,0,1,1,1,1,3,1,4,1,0,0,89,35.54115556,-91.96994444,42,0,0,1,1,4,0,1,10,0,13,11,13,17,13,41
50275,5,2020,6,30,3,14,50,69,0,1,1,1,1,3,1,5,1,0,0,37,34.179175,-92.12573333,1,0,0,3,3,1,0,1,1,0,14,59,15,11,,
50277,5,2020,7,5,1,18,29,47,0,1,1,1,2,1,1,1,1,1,0,2512,35.52865556,-93.88711389,42,0,0,1,1,4,0,1,2,0,18,38,18,40,19,3
50278,5,2020,7,7,3,5,15,119,2320,1,1,1,1,6,2,7,4,0,0,7,34.73989444,-92.30575,8,0,0,3,2,1,0,3,1,0,5,19,5,25,,
50279,5,2020,7,10,6,7,10,119,0,1,2,2,2,3,1,4,1,0,0,13,34.59969167,-92.32332778,12,2,0,1,1,1,0,1,1,0,7,10,7,19,,
50280,5,2020,7,7,3,21,30,93,2970,1,1,1,1,6,2,7,3,0,0,1,35.70578056,-89.96401944,15,0,0,8,1,1,0,2,10,0,21,30,21,34,21,49
50281,5,2020,7,8,4,6,15,33,0,2,1,1,2,3,1,5,1,0,0,7,35.58978333,-94.45462222,34,0,0,1,1,4,0,1,1,0,6,15,6,43,,
50282,5,2020,7,9,5,7,25,43,0,1,1,1,1,3,1,5,1,0,0,125,33.52846944,-91.87993611,32,0,0,1,1,4,0,1,1,0,7,27,7,39,,
50283,5,2020,7,10,6,9,9,45,0,1,3,3,6,2,1,3,1,1,0,141,35.17331667,-92.39526944,12,6,0,2,2,1,0,1,1,0,9,28,9,41,10,21
50284,5,2020,6,27,7,,,1,3730,1,1,1,1,2,2,3,1,1,0,115,34.50930556,-91.54857778,8,0,0,1,1,98,0,2,2,0,,,,,,
50285,5,2020,7,8,4,17,0,81,0,1,1,1,1,3,1,5,1,0,0,86,33.67763889,-93.98652778,24,0,0,1,1,4,0,1,1,0,17,0,17,4,,
50286,5,2020,7,8,4,9,0,125,0,1,2,2,3,3,1,4,1,0,0,120,34.61396389,-92.685125,72,0,0,1,1,1,0,1,1,0,9,20,9,28,,
50287,5,2020,6,26,6,15,17,7,340,1,2,2,2,3,2,4,1,0,0,179,36.33576944,-94.25783889,12,6,0,1,1,1,0,1,1,0,15,18,15,21,,
50288,5,2020,7,12,1,1,0,119,0,1,1,1,1,1,1,1,1,1,0,83,34.59381667,-92.26835278,8,0,0,1,1,2,0,2,1,0,16,34,16,53,,
50289,5,2020,7,17,6,16,10,143,1534,1,2,2,4,3,1,98,1,0,0,92,36.10581944,-94.01773611,12,2,0,1,1,1,0,1,1,0,16,14,16,23,,
50290,5,2020,7,15,4,21,58,143,3670,1,1,1,2,6,2,7,3,0,0,2,36.17900833,-94.15831944,5,0,0,1,1,1,0,2,1,0,22,0,22,5,,
50291,5,2020,7,17,6,2,45,119,2320,1,1,1,1,7,2,3,1,0,0,14,34.64740278,-92.42199167,8,0,0,1,1,2,0,3,1,0,6,35,6,45,,
50292,5,2020,7,18,7,23,30,119,2320,1,1,1,1,3,2,4,1,0,0,1,34.67124444,-92.41664444,8,0,0,1,1,1,0,2,1,0,23,34,23,40,,
50293,5,2020,7,6,2,0,40,73,0,1,1,1,1,3,1,5,1,0,0,90,33.04614722,-93.522975,52,0,0,1,1,4,0,2,1,0,0,53,1,14,,
50294,5,2020,7,4,7,4,50,123,0,1,1,1,2,4,1,7,2,0,0,13,35.00361667,-90.91057222,34,0,0,1,1,4,0,2,1,0,5,4,5,11,,
50295,5,2020,7,10,6,15,7,99,4185,1,1,1,1,2,1,4,1,0,0,235,33.51096389,-93.29605556,53,0,0,1,1,4,0,1,1,0,15,15,15,35,,
50296,5,2020,7,10,6,11,45,15,0,1,1,1,2,2,1,4,1,0,0,45,36.342725,-93.49830278,1,0,0,1,1,1,0,1,10,0,11,47,11,53,,
50297,5,2020,7,18,7,16,0,11,0,1,1,1,1,3,1,5,1,0,0,133,33.37525556,-92.0123,1,0,0,1,1,4,0,1,1,0,16,3,16,19,16,53
50299,5,2020,7,16,5,13,34,67,0,1,1,1,2,3,1,5,1,0,0,120,35.515425,-91.11641944,35,0,0,1,1,4,0,1,10,0,13,34,13,49,,
50300,5,2020,7,16,5,,,101,0,1,1,1,1,3,1,5,1,0,0,41,35.84124444,-93.30414722,34,0,0,1,1,4,0,9,99,0,,,,,,
50301,5,2020,7,7,3,21,0,137,0,1,1,1,2,4,1,7,2,0,0,0,35.82251944,-92.07971667,11,0,0,1,1,1,0,2,1,0,21,9,21,17,22,0
50302,5,2020,7,17,6,19,35,41,2420,1,2,2,3,2,1,3,1,1,0,67,33.63451944,-91.38795,12,6,0,2,3,1,0,1,1,0,19,38,19,42,20,3