st_case,state,year,month,day,day_week,hour,minute,county,city,fatals_crash,vehicles_total,vehicles_in_transport,persons_total,route,rural_urban,functional_system,road_owner,nhs,special_jurisdiction,milepoint,latitude,longitude,first_harmful_event,manner_collision,rel_jct_interchange,rel_jct_location,intersection_type,relation_to_road,work_zone,light_condition,weather,school_bus_related,ems_notified_hour,ems_notified_min,ems_arrival_hour,ems_arrival_min,hospital_hour,hospital_min
80333,8,2020,8,16,1,8,11,57,0,1,1,1,2,2,1,3,1,1,0,1558,40.38907222,-106.60003333,31,0,0,1,1,4,0,1,98,0,8,11,8,41,9,0
80334,8,2020,8,16,1,14,2,119,0,2,5,5,11,2,1,4,1,0,0,2777,38.94005556,-105.16480278,12,1,0,1,1,1,0,1,98,0,14,3,14,18,,
80335,8,2020,8,16,1,18,30,101,0,1,1,1,1,1,1,1,1,1,0,727,37.94116667,-104.80591667,33,0,0,1,1,3,0,1,98,0,18,38,18,46,,
80336,8,2020,8,16,1,20,47,14,253,1,1,1,2,6,2,4,4,0,0,0,39.9285,-105.04546667,33,0,0,1,1,4,0,3,98,0,,,,,,
80337,8,2020,8,18,3,18,45,77,0,1,2,2,3,4,1,5,2,0,0,0,39.16433333,-108.70113056,12,6,0,2,2,1,0,1,98,0,,,,,,
80338,8,2020,8,7,6,17,30,29,0,1,2,2,3,2,1,3,1,1,0,650,38.75191944,-108.15678889,12,6,0,2,3,1,0,1,98,0,,,,,,
80339,8,2020,8,18,3,15,12,69,860,1,2,2,3,6,2,4,4,0,0,0,40.56586667,-105.11511667,12,2,0,1,1,1,0,1,98,0,15,13,15,18,15,58
80340,8,2020,8,16,1,21,7,87,0,1,1,1,1,2,1,3,1,1,0,1761,40.26281667,-103.55420556,8,0,0,1,1,2,0,2,98,0,,,,,,
80341,8,2020,8,21,6,12,19,61,0,1,2,2,2,3,1,4,1,0,0,1822,38.43760556,-102.50447222,12,2,0,1,1,1,0,1,98,0,,,,,,
80342,8,2020,8,21,6,22,29,67,0,1,1,1,1,2,1,3,1,1,0,375,37.47793611,-107.81508056,59,0,0,1,1,4,0,2,98,0,,,,,,
80343,8,2020,8,22,7,22,41,1,0,1,1,1,1,1,2,1,1,1,0,2153,39.80254722,-104.98463056,1,0,1,18,1,1,0,3,1,0,,,,,,
80344,8,2020,8,23,1,12,29,1,110,1,2,2,2,6,2,3,4,1,0,0,39.75058333,-104.79120556,12,2,0,1,1,1,0,1,98,0,12,29,12,32,,
80345,8,2020,8,24,2,2,35,14,253,1,1,1,1,1,2,1,1,1,0,2281,39.98704722,-104.98786389,59,0,1,19,1,4,0,3,98,0,2,35,3,5,,
80346,8,2020,8,24,2,13,27,41,0,1,2,2,2,4,1,4,2,0,0,0,38.92510278,-104.42768889,12,8,0,1,1,1,0,1,98,0,,,,,,
80347,8,2020,8,24,2,20,19,1,2427,1,3,3,3,1,2,1,1,1,0,2247,39.93763889,-104.9878,12,7,0,1,1,1,0,5,98,0,20,19,20,25,,
80348,8,2020,8,21,6,17,5,41,430,1,2,2,4,6,2,5,4,0,0,0,38.83058333,-104.80819444,12,6,0,2,2,1,0,1,98,0,17,5,17,10,,
80349,8,2020,8,21,6,18,40,41,430,1,1,1,1,6,2,3,4,1,0,0,38.88234167,-104.79211111,33,0,0,1,1,3,0,1,98,0,18,41,18,46,,
80350,8,2020,8,23,1,0,17,41,430,1,2,2,3,6,2,4,4,0,0,0,38.83858333,-104.85923333,12,6,0,8,1,1,0,3,98,0,0,17,0,23,0,36
80351,8,2020,8,18,3,1,9,1,434,1,2,2,2,1,2,1,1,1,0,24,39.79981667,-104.93277778,12,7,1,18,1,1,0,3,98,0,,,,,,
80352,8,2020,8,23,1,21,33,59,1435,1,2,2,3,6,2,5,4,0,0,0,39.68945833,-105.06383333,12,7,0,3,3,1,0,2,98,0,21,34,21,39,,
80353,8,2020,8,26,4,5,58,77,1040,1,2,2,2,3,2,3,1,1,0,42,39.08064167,-108.58337222,12,6,0,2,2,1,0,3,98,0,5,58,6,4,,
80354,8,2020,8,28,6,1,53,59,1435,1,1,1,2,3,2,3,1,1,0,114,39.71075,-105.08164444,8,0,0,3,2,1,0,3,98,0,1,55,2,0,2,9
80355,8,2020,8,29,7,6,40,41,0,1,1,1,4,4,1,4,2,0,0,0,38.92529167,-104.55916667,1,0,0,1,1,1,0,4,98,0,,,,,,
80356,8,2020,8,29,7,10,15,45,0,1,1,1,2,1,1,1,1,1,0,687,39.39500556,-108.12556667,31,0,0,1,1,3,0,1,98,0,,,,,,
80357,8,2020,8,29,7,17,20,51,0,2,2,2,3,2,1,3,1,1,0,1814,38.427,-106.52779722,12,2,0,1,1,1,0,1,98,0,17,21,,,,
80358,8,2020,8,30,1,0,9,59,0,2,1,1,2,1,2,1,1,1,0,2542,39.70835556,-105.28255556,42,0,0,1,1,4,0,2,98,0,0,10,0,17,,
80359,8,2020,8,30,1,1,31,1,0,1,1,1,3,1,2,1,1,1,0,57,39.81691667,-104.98527778,1,0,1,5,1,4,0,3,1,0,,,,,,
80360,8,2020,8,8,7,21,58,5,110,1,1,1,1,3,2,3,1,1,0,208,39.59480556,-104.81730556,8,0,0,1,1,1,0,2,98,0,21,58,21,58,,
80361,8,2020,8,28,6,23,32,31,600,1,2,1,3,6,2,5,4,0,0,0,39.76036944,-105.01591389,14,0,0,1,1,7,0,3,98,0,23,32,23,37,,
80362,8,2020,8,31,2,18,4,41,0,1,2,2,2,3,1,3,1,1,0,32,38.8349,-104.64291667,12,6,0,1,1,1,0,1,98,0,,,,,,
80363,8,2020,8,11,3,22,29,5,110,1,1,1,1,3,2,3,1,1,0,709,39.65908889,-104.84829444,8,0,0,1,1,1,0,3,98,0,22,29,22,35,22,40
80364,8,2020,8,13,5,17,44,41,430,1,1,1,1,6,2,3,4,1,0,0,38.88944444,-104.81897222,9,0,0,3,2,1,0,1,98,0,17,44,17,48,18,3
80365,8,2020,8,15,7,4,46,123,540,1,1,1,1,6,2,7,4,0,0,0,40.07917778,-104.9611,1,0,0,1,1,4,0,2,1,0,4,46,4,55,,
80366,8,2020,8,19,4,18,35,41,430,1,1,1,1,6,2,5,4,0,0,0,38.81852778,-104.82961667,33,0,0,3,10,4,0,3,98,0,18,35,18,42,18,57
80367,8,2020,8,27,5,1,7,41,430,1,1,1,1,1,2,1,1,1,0,1340,38.81555278,-104.82845833,24,0,1,19,1,8,0,3,98,0,1,9,1,12,1,32
80368,8,2020,8,28,6,13,50,41,430,1,2,2,2,6,2,3,4,1,0,0,38.85432222,-104.74811111,12,6,0,2,2,1,0,1,98,0,13,51,13,55,14,22
80369,8,2020,8,31,2,19,39,41,430,1,1,1,1,6,2,3,4,1,0,0,38.89663333,-104.83556667,8,0,0,3,2,1,0,5,98,0,19,39,19,42,19,57
80370,8,2020,8,18,3,20,52,1,434,1,1,1,2,6,2,4,4,0,0,0,39.82712778,-104.92398611,9,0,0,3,3,1,0,3,1,0,,,,,,
80371,8,2020,8,6,5,1,36,1,1771,1,4,4,4,1,2,1,1,1,0,2210,39.88448333,-104.98766667,8,0,1,18,1,1,0,3,98,0,,,,,,
80372,8,2020,8,28,6,22,30,1,434,1,1,1,2,6,2,7,4,0,0,0,39.79898333,-104.91169167,5,0,0,1,1,1,0,2,1,0,22,29,22,33,22,58
80373,8,2020,8,22,7,15,16,5,110,1,3,3,4,6,2,3,4,1,0,0,39.674825,-104.85663333,12,6,0,2,2,1,0,1,98,0,15,16,15,19,,
80374,8,2020,8,14,6,6,46,31,600,1,1,1,1,6,2,3,4,0,0,0,39.74212778,-104.91285556,33,0,0,3,2,4,0,1,1,0,6,48,6,58,,
80375,8,2020,8,30,1,23,20,31,600,1,2,2,3,6,2,4,4,0,0,0,39.73842222,-104.95875,12,6,0,2,2,1,0,3,98,0,23,20,23,23,23,32
80376,8,2020,8,10,2,19,52,31,600,1,1,1,1,6,2,4,4,0,0,0,39.69680556,-105.00977778,33,0,0,3,3,4,0,1,98,0,19,53,20,0,20,12
80377,8,2020,1,30,5,5,30,123,1990,1,3,3,4,3,1,3,1,1,0,479,40.20397778,-104.885875,12,6,0,2,2,1,0,2,5,0,5,31,5,45,6,20
80378,8,2020,1,15,4,16,24,69,860,1,2,2,2,6,2,5,4,0,0,0,40.58722778,-105.10655,12,6,0,2,2,1,0,1,98,0,16,24,16,26,16,51
80379,8,2020,3,6,6,16,23,5,345,1,2,2,2,6,2,3,4,1,0,0,39.59505556,-104.96376667,12,6,0,2,2,1,0,1,98,0,16,24,16,29,,
80380,8,2020,6,17,4,5,51,1,2550,1,2,2,2,2,2,3,1,1,0,2898,39.84185,-105.02498056,12,2,0,2,2,1,0,1,98,0,5,52,5,57,6,22
80381,8,2020,7,29,4,12,37,77,0,1,2,2,3,4,2,4,2,0,0,0,39.08459167,-108.49655556,12,6,0,2,2,1,0,1,98,0,12,39,12,44,13,23
80382,8,2020,8,12,4,16,43,31,600,1,2,2,3,6,2,4,4,0,0,0,39.78361111,-104.79198889,12,6,1,2,2,1,0,1,98,0,16,44,16,51,17,13
80383,8,2020,9,3,5,2,21,123,0,2,3,3,4,2,1,3,1,1,0,1279,40.33148056,-104.42781111,12,2,0,1,1,1,0,2,98,0,,,,,,
80384,8,2020,9,3,5,8,50,107,1655,1,1,1,1,2,1,3,1,1,0,1214,40.48575833,-107.01960556,43,0,0,1,1,5,0,1,98,0,8,55,9,7,9,37
80385,8,2020,9,3,5,13,39,85,0,1,2,2,3,2,1,3,1,1,0,1213,38.37785833,-107.81869444,12,6,0,2,2,1,0,1,98,0,,,,,,
80386,8,2020,9,4,6,16,13,59,1435,1,1,1,2,2,2,2,1,1,0,2792,39.72490278,-105.11176944,1,0,1,5,1,4,0,1,98,0,16,13,16,21,16,53
80387,8,2020,9,4,6,20,20,5,110,1,2,2,2,6,2,3,4,1,0,0,39.65311111,-104.7725,12,6,0,2,2,1,0,3,98,0,20,22,20,24,,
80388,8,2020,9,4,6,20,20,77,0,1,1,1,1,3,1,5,1,0,0,66,39.21027778,-108.03828333,38,0,0,1,1,5,0,2,98,0,20,22,20,43,,
80389,8,2020,9,5,7,2,0,75,0,1,1,1,1,4,1,5,2,0,0,0,40.68135,-103.22205556,34,0,0,1,1,4,0,2,98,0,,,,,,
80390,8,2020,9,6,1,23,55,1,0,3,1,1,4,2,2,3,1,1,0,2876,39.81030556,-105.02528333,33,0,0,1,1,3,0,2,98,0,,,,,,
80391,8,2020,9,7,2,1,40,1,0,1,1,1,3,1,2,1,1,1,0,2883,39.74027778,-104.73106944,1,0,1,19,1,4,1,2,98,0,1,43,1,49,2,12
80392,8,2020,9,3,5,17,0,37,0,1,1,1,2,4,1,5,2,0,0,19,39.37436389,-107.00466667,52,0,0,1,1,4,0,1,98,0,17,5,17,15,18,1
80393,8,2020,9,7,2,6,44,41,0,1,1,1,3,1,2,1,1,1,0,1333,38.74277778,-104.75122222,1,0,0,1,1,1,0,1,98,0,,,,,,
80394,8,2020,9,20,1,11,27,19,0,1,2,2,2,1,1,1,1,1,0,2325,39.76209167,-105.6455,12,7,0,1,1,1,0,1,98,0,11,25,11,33,,
80395,8,2020,9,7,2,1,38,31,600,1,1,1,1,6,2,5,4,0,0,0,39.74630556,-104.997625,15,0,0,1,1,1,0,3,1,0,1,40,1,44,1,51
80396,8,2020,9,10,5,21,40,99,0,1,2,2,2,2,1,3,1,1,0,4448,38.09155556,-102.44742778,12,2,0,1,1,1,0,2,98,0,,,,,,
80397,8,2020,9,11,6,6,53,31,600,1,1,1,2,2,2,3,1,1,0,2959,39.74030556,-105.03005556,15,0,0,3,2,1,0,1,1,0,6,53,6,57,7,11
80398,8,2020,9,11,6,15,55,123,0,2,2,2,3,2,1,3,1,1,0,2728,40.48495278,-104.700875,12,6,0,8,1,1,0,1,98,0,,,,,,
80399,8,2020,9,12,7,11,57,31,600,1,2,2,3,3,2,3,1,1,0,51,39.66469444,-105.02519444,12,6,0,8,1,1,0,1,1,0,11,57,12,2,12,14
80400,8,2020,9,12,7,12,16,57,0,2,1,1,3,3,1,4,1,0,0,382,40.53133333,-106.23777778,1,0,0,1,1,4,0,1,98,0,12,30,12,42,14,41
80401,8,2020,9,12,7,17,5,123,0,1,1,1,1,1,1,1,1,1,0,489,40.17113056,-104.35916667,24,0,0,1,1,4,0,1,98,0,,,,,,
80402,8,2020,9,12,7,17,15,123,0,1,2,2,2,4,1,5,2,0,0,0,40.10215278,-104.39523056,12,6,0,2,2,1,0,1,98,0,,,,,,
80403,8,2020,9,13,1,13,25,29,0,1,1,1,2,2,1,3,1,1,0,641,38.75434167,-108.17125,31,0,0,1,1,4,0,1,98,0,,,,,,
80404,8,2020,9,14,2,16,25,5,110,1,2,2,2,6,2,3,4,1,0,0,39.71107778,-104.84746667,12,1,0,3,2,1,0,1,98,0,16,25,16,28,,
80405,8,2020,9,17,5,14,7,93,0,1,1,1,1,4,1,5,2,0,0,379,39.32371944,-105.76677778,1,0,0,1,1,4,0,1,98,0,,,,,,
80406,8,2020,9,17,5,16,57,119,0,1,1,1,1,4,1,5,2,0,0,55,38.93316667,-105.19527778,38,0,0,1,1,5,0,1,98,0,16,45,16,55,,
80407,8,2020,9,18,6,19,6,5,110,1,3,3,4,6,2,4,4,0,0,0,39.58870556,-104.70784167,12,6,0,2,2,1,0,3,98,0,19,6,19,10,19,28
80408,8,2020,9,19,7,21,40,1,0,1,1,1,2,2,2,3,1,1,0,2881,39.81741667,-105.02514444,8,0,0,1,1,1,0,2,98,0,,,,,,
80409,8,2020,9,19,7,21,40,15,0,1,1,1,1,2,1,3,1,1,0,2036,38.544,-106.31043056,1,0,0,1,1,2,0,2,98,0,,,,,,
80410,8,2020,9,20,1,3,0,51,0,1,1,1,1,2,1,3,1,1,0,1233,38.40250833,-107.41176667,17,0,0,1,1,4,0,2,98,0,,,,,,
80411,8,2020,9,22,3,15,20,59,0,1,1,1,1,2,1,4,1,0,0,2700,39.74156944,-105.25725556,59,0,0,1,1,4,0,1,98,0,15,20,15,28,,
80412,8,2020,9,10,5,15,35,35,0,1,2,2,4,4,2,4,2,0,0,0,39.53587222,-104.98519722,12,6,0,2,2,1,0,1,98,0,,,,,,
80413,8,2020,9,12,7,12,30,69,0,1,1,1,1,4,2,4,2,0,0,0,40.61326111,-105.13859444,52,0,0,1,1,4,0,1,98,0,12,23,12,32,13,8
80414,8,2020,9,13,1,1,11,31,600,1,3,1,2,1,2,1,1,1,0,2723,39.78377778,-105.01905833,14,0,0,1,1,2,0,3,98,0,1,12,1,16,1,36
80415,8,2020,9,25,6,18,30,123,1530,2,5,5,10,3,2,3,1,1,0,600,40.16019444,-105.04594444,12,6,0,2,2,1,0,1,98,0,18,30,18,36,18,56
80416,8,2020,9,25,6,19,17,5,110,1,3,3,3,6,2,3,4,1,0,0,39.68933333,-104.84724444,12,6,0,2,2,1,0,1,98,0,19,17,19,22,,
80417,8,2020,9,25,6,20,25,9,0,1,1,1,2,4,1,5,2,0,0,0,37.52402778,-102.89294167,38,0,0,1,1,5,0,2,98,0,,,,,,
80418,8,2020,9,26,7,19,24,1,2427,2,2,2,3,6,2,3,4,1,0,0,39.88505556,-104.97547222,12,6,0,8,1,1,0,3,98,0,19,27,19,33,,
80419,8,2020,9,25,6,19,34,31,600,1,2,2,3,6,2,5,4,0,0,0,39.77431667,-104.81933333,12,6,0,2,2,1,0,3,98,0,19,34,19,38,20,0
80420,8,2020,9,28,2,4,21,1,110,1,1,1,2,1,2,1,1,1,0,2831,39.77227778,-104.82,39,0,1,5,1,4,0,3,98,0,4,21,4,26,,
80421,8,2020,9,29,3,8,15,119,0,1,2,2,2,2,1,3,1,1,0,2806,38.95676389,-105.11474167,12,8,0,1,1,1,0,1,98,0,,,,,,
80422,8,2020,9,25,6,23,27,41,430,1,3,3,3,6,2,3,4,1,0,0,38.9313,-104.79525278,12,1,1,18,1,1,0,3,98,0,23,27,23,31,,
80423,8,2020,9,29,3,19,45,83,0,1,1,1,2,3,1,3,1,1,0,260,37.58986111,-108.31377778,5,0,0,1,1,1,0,2,98,0,,,,,,
80424,8,2020,9,13,1,5,10,101,2050,1,1,1,1,1,2,1,1,1,0,1027,38.32638889,-104.61593333,8,0,1,18,1,1,0,2,98,0,4,58,5,3,,
80425,8,2020,9,1,3,18,4,123,810,1,2,2,2,3,2,3,1,1,0,616,40.16059167,-105.01330556,12,6,0,2,3,1,0,1,98,0,18,5,18,9,,
80426,8,2020,9,23,4,9,25,83,450,1,1,1,1,2,2,3,1,1,0,396,37.34887778,-108.56351667,8,0,0,3,2,1,0,1,98,0,9,26,9,31,9,46
80427,8,2020,9,15,3,20,55,83,450,1,2,2,3,2,2,3,1,1,0,370,37.33630556,-108.60210556,8,0,0,1,1,1,0,2,98,0,20,57,21,3,,
80428,8,2020,9,17,5,22,17,69,760,1,1,1,1,6,2,5,4,0,0,0,40.37223889,-105.51094722,9,0,0,2,3,1,0,3,98,0,22,18,22,23,22,33
80429,8,2020,10,2,6,19,57,5,345,1,2,2,5,3,2,3,1,1,0,3,39.57027778,-104.96036111,12,6,0,2,2,1,0,3,98,0,19,59,20,1,20,7
80430,8,2020,10,3,7,9,57,111,0,1,1,1,1,2,1,3,1,1,0,562,37.69291667,-107.77844444,17,0,0,1,1,4,0,1,98,0,,,,,,
80431,8,2020,10,3,7,23,46,41,0,1,1,1,1,1,1,1,1,1,0,1215,38.58721667,-104.66981944,31,0,0,1,1,4,0,2,98,0,23,47,,,,
80432,8,2020,10,4,1,13,20,59,0,1,1,1,1,1,2,1,1,1,0,2526,39.71440556,-105.31225556,24,0,0,1,1,4,0,1,98,0,13,20,13,28,,
80433,8,2020,10,2,6,20,42,59,1435,1,1,1,1,2,2,2,1,1,0,2796,39.72522222,-105.10388889,1,0,1,19,1,4,0,3,98,0,20,44,20,47,20,58
80434,8,2020,10,5,2,6,15,5,110,1,3,3,3,1,2,1,1,1,0,51,39.67055556,-104.82879722,12,8,1,18,1,1,0,3,98,0,6,15,6,18,6,36
80435,8,2020,10,6,3,10,14,59,0,1,2,2,3,4,1,6,2,0,0,0,39.53198333,-105.32349444,12,2,0,1,1,1,0,1,98,0,10,16,10,25,11,6
80436,8,2020,10,4,1,23,43,59,1720,1,1,1,1,2,1,3,1,1,0,2470,39.61770833,-105.21538889,24,0,0,1,1,4,0,2,98,0,23,45,0,9,,
80437,8,2020,10,8,5,4,0,51,0,2,1,1,2,2,1,3,1,1,0,1356,38.46484722,-107.26145,1,0,0,1,1,4,0,2,98,0,,,,,,
80438,8,2020,10,8,5,21,20,29,0,1,1,1,3,4,1,7,2,0,0,0,38.67891667,-108.05535,38,0,0,1,1,5,0,2,98,0,,,,,,
80439,8,2020,10,9,6,4,1,1,230,1,1,1,1,6,2,7,4,0,0,0,39.89979167,-104.84653333,30,0,0,3,2,4,0,2,98,0,,,,,,
80440,8,2020,10,9,6,12,10,41,0,1,1,1,1,7,2,1,1,1,0,1625,39.11638611,-104.86538056,25,0,0,1,1,4,1,1,98,0,,,,,,
80441,8,2020,10,9,6,14,6,35,0,1,1,1,1,4,2,7,2,0,0,0,39.45508889,-104.72846667,1,0,0,1,1,4,0,1,98,0,14,7,14,11,14,31
80442,8,2020,10,10,7,16,21,13,0,2,2,2,3,3,1,3,1,1,0,520,40.1159,-105.16142222,12,6,0,2,2,1,0,1,98,0,16,21,16,32,,
80443,8,2020,10,12,2,13,25,3,0,1,2,2,3,2,2,3,1,1,0,324,37.44524444,-105.88287222,12,8,0,1,1,1,0,1,98,0,,,,,,
80444,8,2020,10,12,2,20,17,13,1530,1,1,1,1,2,2,3,1,1,0,3164,40.17528889,-105.10245,8,0,0,1,1,1,0,3,98,0,20,20,20,24,20,30
80445,8,2020,10,16,6,11,15,35,0,1,1,1,1,4,1,4,2,0,0,0,39.31636667,-104.81578889,24,0,0,1,1,4,0,1,98,0,11,17,11,24,11,41
80446,8,2020,10,16,6,17,24,1,434,2,3,3,3,4,2,3,2,1,0,175,39.893,-104.83898611,12,2,0,1,1,1,0,1,10,0,17,25,,,,
80447,8,2020,10,31,7,23,53,59,1435,1,3,3,3,2,2,2,1,1,0,2524,39.64638889,-105.12797222,12,1,0,1,1,1,0,3,98,0,23,54,0,1,,
80448,8,2020,10,18,1,0,52,41,0,1,3,3,4,4,2,7,2,0,0,0,38.86760556,-104.66817222,12,2,0,1,1,1,0,2,98,0,,,,,,
80449,8,2020,10,18,1,21,33,45,0,1,1,1,5,4,1,5,2,0,0,1,39.55897778,-107.65393333,31,0,0,1,1,4,0,2,98,0,,,,,,
80450,8,2020,10,6,3,10,53,41,430,1,1,1,1,6,2,3,4,1,0,0,38.79557222,-104.78973056,32,0,0,1,1,4,0,1,98,0,10,53,10,58,,
80451,8,2020,10,13,3,14,1,59,9997,1,2,2,3,1,2,1,1,1,0,2702,39.78323611,-105.05848889,12,7,1,20,1,1,0,1,98,0,14,2,14,7,,
80452,8,2020,10,3,7,18,51,31,600,1,1,1,1,6,2,7,4,0,0,0,39.62008333,-105.06203889,1,0,0,1,1,1,0,5,98,0,18,52,19,1,19,20
80453,8,2020,10,23,6,6,52,55,2500,3,3,3,6,1,1,1,1,1,0,502,37.63291667,-104.76912778,24,0,0,1,1,3,0,4,98,0,,,,,,
80454,8,2020,10,23,6,8,20,11,0,2,1,1,4,2,1,3,1,1,0,3890,38.04058333,-103.39327778,1,0,0,1,1,4,0,1,98,0,,,,,,
80455,8,2020,10,25,1,5,30,73,0,1,1,1,2,1,1,1,1,1,0,3791,39.28094722,-103.35056667,1,0,0,1,1,3,0,2,98,0,5,46,6,3,,
80456,8,2020,10,25,1,8,15,73,0,1,1,1,3,1,1,1,1,1,0,3646,39.26724722,-103.61803611,31,0,0,1,1,4,0,1,12,0,,,,,,
80457,8,2020,10,24,7,10,32,97,0,1,1,1,1,4,1,6,2,0,0,6,39.33166667,-106.98089444,38,0,0,1,1,4,0,1,98,0,10,33,10,40,10,58
80458,8,2020,10,24,7,1,1,31,600,1,1,1,2,3,2,3,1,1,0,31,39.66061111,-104.86652778,1,0,0,1,1,4,0,3,98,0,1,1,1,6,,
80459,8,2020,10,30,6,18,30,123,1070,1,1,1,1,2,2,3,1,1,0,26,40.42112778,-104.83279167,31,0,0,3,2,4,0,5,98,0,18,31,18,36,19,10
80460,8,2020,10,21,4,6,46,13,1530,1,1,1,1,6,2,4,4,0,0,0,40.15240833,-105.12247222,9,0,0,1,1,1,0,4,98,0,6,46,6,52,7,4
80461,8,2020,10,4,1,8,51,41,430,1,2,2,2,6,2,3,4,1,0,0,38.80847222,-104.75750556,12,2,0,2,2,1,0,1,98,0,8,51,8,55,9,14
80462,8,2020,10,22,5,13,18,41,430,1,2,2,3,6,2,3,4,1,0,0,38.85368333,-104.82058333,1,0,0,2,2,1,0,1,98,0,13,18,13,22,,
80463,8,2020,10,22,5,15,2,41,430,1,2,2,3,3,2,3,1,1,0,460,38.79289444,-104.82211667,1,0,0,2,3,1,0,1,98,0,15,3,15,8,,
80464,8,2020,10,25,1,14,54,41,430,1,2,2,9,6,2,3,4,1,0,0,38.79098056,-104.65734167,12,6,0,1,1,1,0,1,4,0,14,55,15,6,,
80465,8,2020,10,29,5,21,20,59,0,1,2,2,4,3,2,3,1,1,0,40,39.81555556,-105.22168056,12,2,0,1,1,1,0,2,98,0,21,23,21,26,22,2
80466,8,2020,10,31,7,14,37,31,600,1,1,1,1,2,2,2,1,1,0,2824,39.72537778,-105.05277778,1,0,1,20,1,1,0,1,98,0,14,37,14,41,15,3
80467,8,2020,10,29,5,0,13,41,430,1,2,2,2,6,2,3,4,1,0,0,38.78906111,-104.75764444000001,12,6,0,2,2,1,0,3,98,0,0,15,0,18,,
80468,8,2020,10,10,7,21,56,101,2050,1,1,1,3,6,2,4,4,0,0,0,38.30230556,-104.62666667,33,0,0,1,1,4,0,3,1,0,21,56,22,11,22,29
80469,8,2020,10,15,5,21,14,101,2050,1,2,2,2,6,2,7,4,0,0,0,38.2424,-104.61725556,12,6,0,2,2,1,0,3,1,0,21,14,21,16,,
80470,8,2020,10,13,3,4,0,31,600,1,2,1,4,1,2,1,1,1,0,2790,39.77816111,-104.89488333,45,0,1,18,1,1,1,3,98,0,,,,,,
80471,8,2020,10,12,2,21,10,59,2555,1,2,2,2,3,2,3,1,1,0,96,39.78553333,-105.10966111,8,0,0,3,2,1,1,3,98,0,21,13,21,17,,
80472,8,2020,10,10,7,13,0,47,0,1,1,1,1,4,1,7,2,0,0,27,39.75972222,-105.45158333,11,0,0,1,1,1,0,1,1,0,13,5,13,20,,
80473,8,2020,10,30,6,16,37,31,600,1,1,1,1,6,2,3,4,1,0,0,39.753,-104.98790278,15,0,0,1,1,1,0,1,98,0,16,38,16,43,16,59
80474,8,2020,10,23,6,5,27,5,1520,1,1,1,1,2,2,3,1,1,0,2038,39.61304167,-105.02076667,8,0,0,3,2,1,0,3,98,0,5,28,5,34,5,53
80475,8,2020,8,14,6,0,53,31,600,1,1,1,1,1,2,1,1,1,0,2121,39.75674722,-104.99707778,8,0,1,20,1,1,0,3,98,0,0,54,0,58,,
80476,8,2020,9,14,2,0,14,5,1520,1,1,1,2,2,2,3,1,1,0,2020,39.58560833,-105.02349444,30,0,0,3,3,4,0,3,98,0,0,14,,,,
80477,8,2020,9,25,6,20,45,31,600,1,1,1,4,3,2,3,1,1,0,27,39.70094444,-105.02500833,8,0,0,1,1,1,0,3,98,0,20,43,20,47,21,11
80478,8,2020,11,1,1,8,59,1,110,1,1,1,7,1,2,1,1,1,0,2842,39.76753611,-104.79808056,59,0,1,5,1,4,0,1,98,0,8,59,9,3,9,27
80479,8,2020,11,1,1,12,40,51,0,1,2,2,3,2,1,3,1,1,0,1628,38.53284444,-106.83438333,12,2,0,1,1,1,0,1,98,0,,,,,,
80480,8,2020,11,2,2,13,6,13,1530,1,1,1,1,6,2,4,4,0,0,0,40.17427778,-105.06545556,9,0,0,1,1,1,0,1,98,0,13,6,13,10,13,21
80481,8,2020,11,3,3,12,23,1,0,1,1,1,1,4,1,5,2,0,0,0,39.972375,-104.74615833,10,0,0,6,1,1,0,1,1,0,,,,,,
80482,8,2020,11,3,3,22,30,3,0,1,1,1,1,2,2,3,1,1,0,332,37.45555556,-105.87739722,8,0,0,1,1,1,0,2,98,0,,,,,,
80483,8,2020,11,2,2,12,20,77,0,1,2,2,2,4,1,5,2,0,0,0,39.05572778,-108.41679167,12,6,0,1,1,1,0,1,98,0,12,17,12,25,12,49
80484,8,2020,11,4,4,6,20,45,0,1,1,1,1,1,1,1,1,1,0,951,39.53316667,-107.69286111,1,0,0,1,1,3,0,4,98,0,6,45,6,51,,
80485,8,2020,11,5,5,10,55,41,0,2,3,3,9,3,1,3,1,1,0,242,39.04722222,-104.76506667,12,6,0,1,1,1,0,1,98,0,,,,,,
80486,8,2020,11,6,6,15,30,41,0,1,4,4,6,1,2,1,1,1,0,1334,38.74402778,-104.75242778,24,0,0,1,1,3,0,1,98,0,,,,,,
80487,8,2020,11,6,6,18,39,41,0,1,2,2,1,2,1,3,1,1,0,3350,39.0262,-104.38253889,12,1,0,1,1,1,0,2,98,0,,,,,,
80488,8,2020,11,6,6,18,55,1,230,1,1,1,1,6,2,3,4,1,0,0,39.9868,-104.82025833,8,0,0,1,1,1,0,3,98,0,18,55,18,58,19,15
80489,8,2020,11,6,6,21,48,41,430,1,1,1,1,6,2,4,4,0,0,0,38.89898889,-104.73856944,24,0,0,1,1,4,0,3,98,0,21,49,21,53,22,9
80490,8,2020,11,8,1,12,31,41,430,1,1,1,1,6,2,3,4,1,0,0,38.89383333,-104.85168889,9,0,0,1,1,1,0,1,98,0,12,32,12,38,12,51