st_case,state,year,month,day,day_week,hour,minute,county,city,fatals_crash,vehicles_total,vehicles_in_transport,persons_total,route,rural_urban,functional_system,road_owner,nhs,special_jurisdiction,milepoint,latitude,longitude,first_harmful_event,manner_collision,rel_jct_interchange,rel_jct_location,intersection_type,relation_to_road,work_zone,light_condition,weather,school_bus_related,ems_notified_hour,ems_notified_min,ems_arrival_hour,ems_arrival_min,hospital_hour,hospital_min
90077,9,2020,4,21,3,22,8,11,260,1,1,1,1,5,2,4,3,0,0,1,41.34479444,-72.07880556,8,0,0,3,3,1,0,3,1,0,,,,,,
90078,9,2020,4,25,7,16,19,11,520,2,3,3,6,3,2,4,1,0,0,282,41.5234,-72.084975,33,0,0,3,7,3,0,1,1,0,,,,,,
90079,9,2020,3,27,6,16,30,5,492,1,2,2,5,2,1,3,1,1,0,134,42.01518889,-73.29009722,12,6,0,2,2,1,0,1,1,0,,,,,,
90080,9,2020,5,17,1,4,1,3,280,1,2,2,5,5,2,4,3,0,0,3,41.75143056,-72.68305833,12,6,0,2,2,1,0,3,10,0,,,,,,
90081,9,2020,5,31,1,1,13,3,680,1,1,1,1,1,2,1,1,1,0,460,41.62922778,-72.87729444,24,0,0,1,1,3,0,3,1,0,1,13,1,18,,
90082,9,2020,6,6,7,11,21,9,430,1,2,2,5,5,2,4,3,0,0,13,41.30888889,-72.90980833,12,6,0,2,2,1,0,1,1,0,,,,,,
90083,9,2020,6,9,3,2,3,1,80,1,2,2,6,5,2,7,3,0,0,2,41.19013333,-73.179525,12,6,0,2,2,1,0,3,1,0,2,3,2,9,,
90084,9,2020,5,25,2,21,45,3,90,1,2,2,3,2,2,3,1,1,0,470,41.68135833,-72.94723889,12,6,0,2,2,1,0,3,1,0,,,,,,
90085,9,2020,6,6,7,13,46,5,844,1,3,3,4,2,1,3,1,1,0,260,41.93760278,-73.09285278,57,0,0,1,1,4,0,1,1,0,,,,,,
90086,9,2020,2,26,4,13,45,1,460,1,1,1,1,1,2,1,1,1,0,146,41.42236667,-73.29949722,42,0,0,1,1,6,0,1,10,0,,,,,,
90087,9,2020,5,17,1,13,31,9,38,1,1,1,2,3,2,2,1,1,0,232,41.45806667,-73.05918056,1,0,0,1,1,1,0,1,1,0,,,,,,
90088,9,2020,5,31,1,14,38,11,520,1,2,2,2,3,2,4,1,0,0,276,41.519430560000004,-72.09425278,12,6,0,8,1,1,0,1,1,0,,,,,,
90089,9,2020,6,10,4,0,18,11,260,1,1,1,2,1,2,1,1,1,0,961,41.36031944,-72.054725,1,0,0,1,1,1,0,3,1,0,,,,,,
90090,9,2020,6,12,6,19,55,9,110,1,1,1,1,5,2,5,3,0,0,6,41.50705556,-72.88641111,8,0,0,1,1,1,0,1,1,0,19,55,20,0,,
90091,9,2020,6,9,3,2,33,5,350,2,1,1,5,5,1,7,3,0,0,1,41.79305556,-73.17115556,42,0,0,1,1,4,0,2,1,0,,,,,,
90092,9,2020,6,16,3,,,3,224,1,1,1,1,1,2,1,1,1,0,505,41.92025833,-72.612975,26,0,1,19,1,3,0,1,1,0,13,35,13,40,,
90093,9,2020,6,15,2,0,2,1,510,1,1,1,1,5,2,4,3,0,0,1,41.11374167,-73.40673056,58,0,0,1,1,1,0,3,1,0,0,2,0,9,,
90094,9,2020,5,16,7,22,20,9,370,1,1,1,2,3,2,4,1,0,0,18,41.51675833,-72.81478889,33,0,0,1,1,4,0,3,1,0,,,,,,
90096,9,2020,6,26,6,0,55,13,64,1,1,1,1,5,1,7,3,0,0,0,41.77841667,-72.46083056,42,0,0,1,1,6,0,2,1,0,0,55,1,11,,
90097,9,2020,6,22,2,14,43,3,842,1,2,2,2,1,2,1,1,1,0,66,41.81932778,-72.66441111,12,6,1,2,2,1,0,1,1,0,,,,,,
90098,9,2020,4,23,5,16,2,15,749,1,1,1,2,5,1,7,3,0,0,4,42.01265,-71.91585556,5,0,0,1,1,1,0,1,1,0,16,7,16,9,17,11
90099,9,2020,7,1,4,17,36,9,267,1,2,2,2,2,2,4,1,0,0,24,41.34644444,-72.89406944,12,2,0,1,1,1,0,1,1,0,,,,,,
90100,9,2020,6,19,6,19,39,3,280,1,1,1,2,5,2,5,3,0,0,7,41.74309167,-72.70772222,33,0,0,1,1,4,0,1,1,0,,,,,,
90101,9,2020,6,17,4,18,44,9,360,1,2,2,3,3,1,4,1,0,0,93,41.40318056,-72.65287778,12,2,0,1,1,1,0,1,1,0,18,44,18,56,,
90102,9,2020,6,21,1,4,4,9,370,1,2,2,2,5,2,4,3,0,0,14,41.50749444,-72.76708056,12,2,0,1,1,1,0,3,1,0,4,5,4,9,,
90103,9,2020,6,16,3,12,24,3,842,1,8,8,12,3,2,3,1,1,0,59,41.81720833,-72.67729167,12,1,0,1,1,1,0,1,1,0,,,,,,
90104,9,2020,3,8,1,12,36,9,810,1,2,2,3,5,2,4,3,0,0,1,41.57955556,-73.03053056,12,6,0,2,2,1,0,1,1,0,12,36,,,,
90106,9,2020,7,5,1,13,50,13,846,1,1,1,1,3,1,5,1,0,0,23,41.86033333,-72.26931667,17,0,0,1,1,4,0,1,1,0,,,,,,
90107,9,2020,6,30,3,20,47,7,266,1,2,2,2,3,1,5,1,0,0,52,41.51680833,-72.48433056,12,2,0,1,1,1,0,2,1,0,20,47,20,58,,
90108,9,2020,7,5,1,19,50,1,170,1,1,1,2,5,2,7,3,0,0,2,41.43565556,-73.51369167,5,0,0,1,1,1,0,1,1,0,,,,,,
90109,9,2020,7,9,5,21,8,1,80,1,1,1,1,3,2,4,1,0,0,31,41.17391667,-73.19788056,8,0,0,3,2,1,0,3,1,0,,,,,,
90110,9,2020,6,20,7,4,22,3,224,1,2,2,1,3,2,4,1,0,0,36,41.93030556,-72.60781667,8,0,1,2,2,1,0,2,1,0,,,,,,
90111,9,2020,4,3,6,20,42,9,810,1,1,1,1,5,2,4,3,0,0,6,41.57961667,-73.05396667,42,0,0,1,1,4,0,2,1,0,20,44,,,,
90112,9,2020,7,4,7,19,42,1,235,1,1,1,2,5,2,5,3,0,0,20,41.18706667,-73.30746111,8,0,0,1,1,2,0,1,1,0,,,,,,
90113,9,2020,7,12,1,16,31,9,430,1,1,1,1,5,2,3,3,1,0,5,41.30876111,-72.92535556,8,0,0,3,2,1,0,1,1,0,,,,,,
90114,9,2020,3,7,7,19,56,9,495,1,3,3,6,5,2,5,3,0,0,25,41.35056667,-72.81388056,12,2,0,1,1,1,0,2,1,0,,,,,,
90115,9,2020,6,27,7,2,49,1,256,1,4,2,7,1,2,1,1,1,0,18,41.01510833,-73.63863611,12,1,1,18,1,1,0,3,1,0,2,49,2,53,,
90116,9,2020,2,6,5,22,18,1,256,1,1,1,1,2,2,3,1,1,0,35,41.13905556,-73.36562222,33,0,0,1,1,4,0,3,2,0,22,19,22,,22,41
90117,9,2020,7,10,6,15,31,5,817,1,1,1,1,3,1,2,1,1,0,372,41.64100278,-73.08124167,43,0,0,1,1,3,0,1,10,0,,,,,,
90118,9,2020,7,14,3,15,54,11,539,1,3,3,3,2,2,4,1,0,0,866,41.34854167,-72.29921667,12,6,0,2,3,1,0,1,1,0,15,54,16,2,16,26
90119,9,2020,6,22,2,20,9,1,700,1,1,1,3,5,2,5,3,0,0,17,41.06639167,-73.56608333,33,0,0,1,1,4,0,3,1,0,20,9,20,16,,
90120,9,2020,3,23,2,16,18,1,832,1,1,1,1,5,1,7,3,0,0,10,41.19695833,-73.35927222,57,0,0,1,1,4,0,5,2,0,16,42,16,56,17,47
90121,9,2020,6,26,6,21,3,1,80,1,2,2,2,2,2,3,1,1,0,317,41.19553611,-73.17654167,12,6,0,2,2,1,0,3,1,0,,,,,,
90122,9,2020,6,30,3,22,54,5,760,1,1,1,1,5,2,4,3,0,0,2,41.79514167,-73.12320833,33,0,0,1,1,4,0,6,1,0,,,,,,
90123,9,2020,7,6,2,7,28,1,235,1,2,2,2,5,2,4,3,0,0,14,41.21215,-73.23161944,12,6,0,2,3,1,0,1,1,0,7,17,,,,
90124,9,2020,7,18,7,15,36,7,130,1,4,3,6,2,2,3,1,0,0,729,41.27255556,-72.50639444,12,1,0,8,1,1,0,1,1,0,,,,,,
90125,9,2020,7,28,3,19,41,9,790,1,2,2,6,3,2,3,1,1,0,143,41.48475833,-72.80580278,12,6,0,2,2,1,0,1,1,0,,,,,,
90126,9,2020,7,17,6,0,45,1,235,1,2,2,2,1,2,1,1,1,0,232,41.14,-73.28651944,12,99,0,1,1,1,0,3,1,0,0,45,0,51,,
90127,9,2020,7,26,1,0,50,1,715,1,1,1,1,1,2,1,1,1,0,316,41.17680833,-73.14974722,24,0,0,1,1,4,0,3,1,0,0,50,0,57,,
90128,9,2020,7,29,4,18,0,11,219,1,1,1,1,1,2,1,1,1,0,857,41.34391667,-72.23054444,24,0,1,5,1,8,0,1,1,0,18,0,18,9,,
90129,9,2020,8,1,7,0,56,3,435,1,1,1,1,3,2,2,1,1,0,391,41.709125,-72.75864444,24,0,0,1,1,4,0,3,1,0,0,56,1,1,1,18
90130,9,2020,8,6,5,15,13,15,104,1,2,2,4,3,1,5,1,0,0,90,41.70821667,-72.04021389,12,6,0,1,1,1,0,1,1,0,15,13,15,31,15,56
90131,9,2020,6,5,6,22,39,15,820,1,1,1,2,5,1,6,3,0,0,18,41.74284722,-71.88648056,42,0,0,1,1,4,0,2,10,0,22,40,22,44,,
90132,9,2020,8,5,4,,,5,817,2,2,2,2,3,2,2,1,1,0,330,41.58880556,-73.05853056,12,2,1,18,1,1,0,2,1,0,22,6,22,11,22,28
90133,9,2020,8,7,6,12,50,11,338,1,1,1,1,3,1,2,1,1,0,297,41.56704444,-72.23168056,23,0,0,1,1,3,0,1,1,0,12,50,13,4,,
90134,9,2020,7,31,6,14,35,9,640,1,1,1,1,5,2,5,3,0,0,2,41.36307778,-73.06330833,17,0,0,1,1,4,0,1,1,0,,,,,,
90135,9,2020,8,2,1,,,1,715,1,1,1,1,2,2,3,1,1,0,348,41.19890278,-73.11975833,33,0,0,1,1,4,0,3,1,0,22,21,22,26,22,41
90136,9,2020,8,7,6,18,52,1,835,1,1,1,1,1,2,1,1,1,0,205,41.12192222,-73.32975833,35,0,1,5,1,3,0,1,1,0,18,52,18,56,19,22
90137,9,2020,8,19,4,18,18,11,520,1,2,2,2,3,2,4,1,0,0,134,41.53181944,-72.05648333,12,6,0,2,3,1,0,1,1,0,18,18,18,24,18,48
90138,9,2020,8,12,4,22,53,3,225,1,1,1,1,2,2,4,1,0,0,567,41.77816389,-72.61736944,8,0,0,1,1,1,0,3,1,0,,,,,,
90139,9,2020,8,1,7,11,4,1,610,1,1,1,1,3,2,3,1,1,0,8,41.26599444,-73.51218333,59,0,0,1,1,4,0,1,1,0,11,,11,,11,
90140,9,2020,8,27,5,13,59,5,760,1,2,2,3,2,2,3,1,1,0,419,41.78527778,-73.14965,12,6,0,1,1,4,0,1,1,0,,,,,,
90141,9,2020,8,22,7,2,44,13,663,1,1,1,1,5,2,5,3,0,0,5,42.00470278,-72.47894167,53,0,0,1,1,4,0,2,1,0,2,44,2,57,3,19
90142,9,2020,8,31,2,20,24,9,430,1,1,1,2,3,2,3,1,0,0,15,41.29746944,-72.94899722,8,0,0,2,2,1,0,3,1,0,,,,,,
90143,9,2020,8,16,1,21,17,1,510,1,1,1,1,1,2,1,1,1,0,161,41.1078,-73.408875,8,0,1,18,1,1,0,3,1,0,21,17,21,22,,
90144,9,2020,7,18,7,11,33,9,222,1,2,2,2,3,2,4,1,0,0,5,41.27288889,-72.8701,12,6,0,2,3,1,0,1,1,0,,,,,,
90145,9,2020,8,23,1,23,56,7,380,1,1,1,1,1,2,1,1,1,0,234,41.570825,-72.72341667,35,0,1,19,1,4,0,2,1,0,23,56,0,1,,
90146,9,2020,9,7,2,15,6,13,756,1,1,1,1,3,2,4,1,0,0,105,41.87785,-72.38031667,24,0,0,1,1,4,0,1,1,0,15,6,15,16,15,36
90147,9,2020,2,1,7,1,27,3,680,1,2,2,3,3,2,4,1,0,0,95,41.55666111,-72.8506,12,8,0,1,1,1,0,3,10,0,,,,,,
90148,9,2020,9,4,6,22,40,9,370,1,1,1,1,3,2,2,1,1,0,667,41.55931667,-72.77624167,33,0,1,19,1,4,0,6,1,0,22,40,22,45,23,4
90149,9,2020,8,14,6,9,45,13,368,1,2,2,2,3,1,4,1,0,0,342,41.76655833,-72.26901111,12,2,0,1,1,1,0,1,1,0,9,46,9,57,,
90150,9,2020,9,5,7,12,52,5,740,1,1,1,1,3,2,2,1,1,0,377,41.64834167,-73.08164722,24,0,0,1,1,3,0,1,1,0,12,52,12,59,,
90151,9,2020,6,7,1,18,18,3,280,1,1,1,1,5,2,3,3,1,0,3,41.77743056,-72.67634167,8,0,0,3,3,1,0,5,1,0,18,18,18,22,,
90152,9,2020,6,20,7,21,34,7,130,1,1,1,1,3,2,4,1,0,0,8,41.28033889,-72.49947778,24,0,0,1,1,4,0,2,1,0,21,35,21,42,,
90153,9,2020,6,5,6,15,51,3,680,1,2,2,2,1,2,1,1,1,0,51,41.55404722,-72.8544,12,2,1,18,1,1,0,1,1,0,15,51,,,,
90154,9,2020,7,19,1,4,21,3,280,1,2,2,2,3,2,4,1,0,0,41,41.72410833,-72.71028056,12,2,0,1,1,1,0,3,1,0,,,,,,
90155,9,2020,8,23,1,23,37,9,370,1,1,1,1,3,2,3,1,1,0,678,41.57476111,-72.76934167,8,0,0,1,1,2,0,3,1,0,23,37,,,,
90156,9,2020,8,30,1,1,43,3,225,1,1,1,1,3,2,2,1,0,0,31,41.73897222,-72.62918056,24,0,1,19,1,4,0,3,1,0,1,43,1,48,2,1
90157,9,2020,9,9,4,6,38,9,790,1,2,2,4,1,2,1,1,1,0,141,41.45194722,-72.78320278,12,7,0,1,1,1,0,1,1,0,,,,,,
90158,9,2020,9,13,1,15,51,13,775,1,1,1,1,3,1,5,1,0,0,7,41.98407778,-72.10325833,35,0,0,1,1,4,0,1,1,0,15,51,16,8,,
90159,9,2020,9,3,5,14,51,3,225,1,2,2,3,1,2,1,1,1,0,650,41.76560278,-72.62674167,12,1,1,18,1,1,0,1,1,0,14,51,14,56,15,7
90160,9,2020,9,27,1,1,39,9,430,1,3,3,3,3,2,3,1,1,0,11,41.33185556,-72.97401667,8,0,0,1,1,1,0,3,1,0,,,,,,
90161,9,2020,9,19,7,22,6,9,585,1,1,1,1,3,2,3,1,1,0,125,41.50945278,-72.98212222,39,0,0,1,1,4,0,3,1,0,,,,,,
90162,9,2020,9,2,4,1,10,3,420,1,1,1,1,5,2,4,3,0,0,3,41.67286111,-72.79584167,33,0,0,3,4,4,0,3,1,0,1,10,1,16,,
90163,9,2020,9,24,5,5,51,1,700,1,1,1,1,5,2,4,3,0,0,14,41.09319722,-73.53219167,8,0,0,1,1,1,0,3,1,0,5,51,5,55,6,12
90164,9,2020,9,22,3,23,10,9,110,1,2,2,4,3,2,3,1,1,0,204,41.54546389,-72.89189167,12,6,0,4,1,1,0,3,1,0,23,11,23,15,,
90165,9,2020,10,6,3,16,4,9,430,1,1,1,1,5,2,3,3,1,0,2,41.304875,-72.93415833,9,0,0,3,2,1,0,1,1,0,,,,,,
90166,9,2020,10,6,3,16,57,3,660,2,3,3,3,3,1,4,1,0,0,13,41.84181667,-72.79069167,12,2,0,1,1,1,0,1,1,0,,,,,,
90167,9,2020,10,1,5,23,45,1,235,1,2,2,2,1,2,1,1,1,0,233,41.14090278,-73.28514167,12,1,1,18,1,1,0,3,1,0,23,45,23,51,,
90168,9,2020,10,10,7,15,5,9,790,1,1,1,1,1,2,1,1,1,0,123,41.42814167,-72.81433889,57,0,0,1,1,3,0,1,1,0,,,,,,
90169,9,2020,10,13,3,22,8,7,266,2,1,1,2,3,1,2,1,1,0,2,41.45719167,-72.52720833,35,0,1,3,10,4,0,2,1,0,22,8,22,17,,
90170,9,2020,9,6,1,1,17,9,430,2,1,1,2,6,2,3,3,1,0,4,41.32061389,-72.891525,30,0,0,1,1,4,0,3,1,0,,,,,,
90171,9,2020,4,22,4,22,27,9,810,1,2,2,3,3,2,4,1,0,0,0,41.54214444,-73.00058333,12,2,0,1,1,1,0,3,1,0,,,,,,
90172,9,2020,9,19,7,1,12,1,765,1,3,3,5,3,2,2,1,1,0,62,41.24294167,-73.15159444,12,6,0,1,1,1,0,3,1,0,1,12,1,18,1,37
90173,9,2020,10,10,7,7,26,3,15,1,1,1,1,2,2,3,1,1,0,609,41.80979167,-72.83086944,33,0,0,1,1,4,0,1,1,0,7,26,7,31,7,59
90174,9,2020,11,1,1,2,46,15,590,1,1,1,1,1,2,1,1,1,0,458,41.905925,-71.89397222,24,0,1,19,1,3,0,2,1,0,2,46,2,54,3,15
90175,9,2020,11,5,5,14,23,9,370,1,1,1,1,3,2,4,1,0,0,21,41.52100833,-72.812775,8,0,0,1,1,1,0,1,1,0,14,24,14,30,,
90176,9,2020,10,25,1,20,56,5,649,1,1,1,1,5,1,6,3,0,0,14,41.88433056,-73.44358889,17,0,0,1,1,4,0,2,1,0,20,56,21,4,,
90177,9,2020,10,14,4,14,54,1,80,1,2,2,5,5,2,7,3,0,0,8,41.20244167,-73.22317222,12,6,0,2,3,1,0,1,1,0,,,,,,
90178,9,2020,10,14,4,3,50,1,80,1,1,1,2,3,2,2,1,1,0,18,41.19269167,-73.19486667,24,0,1,19,1,3,0,3,1,0,,,,,,
90179,9,2020,10,29,5,16,52,1,650,1,1,1,1,3,2,2,1,1,0,105,41.29190556,-73.10656667,35,0,0,1,1,3,0,1,2,0,16,52,16,58,17,15
90180,9,2020,8,8,7,17,20,1,98,1,2,2,2,5,2,4,3,0,0,2,41.43638889,-73.41231667,12,6,0,8,1,1,0,1,1,0,17,20,17,25,,
90181,9,2020,11,6,6,18,46,9,790,1,3,3,5,3,2,2,1,1,0,577,41.45014444,-72.84165833,1,0,0,1,1,1,0,2,1,0,18,46,18,52,,
90182,9,2020,7,30,5,23,14,5,760,1,1,1,1,3,2,4,1,0,0,8,41.81115,-73.08314167,33,0,0,3,3,4,0,3,1,0,23,15,23,26,,
90183,9,2020,11,7,7,17,27,1,235,1,1,1,1,1,2,1,1,1,0,0,41.14373056,-73.26493889,8,0,1,3,2,1,0,2,1,0,17,27,17,33,17,53
90184,9,2020,11,9,2,8,7,15,573,1,1,1,1,3,1,4,1,0,0,17,41.85007222,-71.93776667,53,0,0,1,1,4,0,1,1,0,8,9,8,24,8,35
90185,9,2020,11,11,4,21,26,1,510,1,2,2,4,1,2,1,1,1,0,140,41.0961,-73.44383333,12,1,0,1,1,1,0,3,2,0,21,28,21,35,,
90186,9,2020,11,12,5,11,19,3,838,1,1,1,3,3,2,4,1,0,0,18,41.68925,-72.68746111,1,0,0,3,3,4,0,1,10,0,,,,,,
90187,9,2020,11,12,5,9,35,3,280,1,1,1,1,1,2,1,1,1,0,362,41.737,-72.66490278,24,0,1,19,1,4,0,1,10,0,9,35,9,40,,
90188,9,2020,11,15,1,14,55,1,765,1,1,1,1,3,2,2,1,1,0,13,41.23699167,-73.18036111,24,0,1,19,1,4,0,1,1,0,14,55,15,1,15,26
90190,9,2020,11,14,7,12,44,3,420,1,2,2,4,3,2,2,1,1,0,11,41.66686667,-72.79138611,12,7,1,18,1,1,0,1,1,0,12,44,12,50,13,11
90191,9,2020,10,22,5,17,57,3,420,1,1,1,1,3,2,4,1,0,0,142,41.67316111,-72.774575,1,0,0,1,1,1,0,5,1,0,,,,,,
90192,9,2020,10,25,1,2,13,9,430,1,2,2,2,1,2,1,1,1,0,465,41.28585556,-72.92610278,12,1,1,18,1,1,1,3,1,0,2,13,2,18,,
90193,9,2020,11,29,1,18,57,9,10,1,1,1,1,5,2,7,3,0,0,5,41.34680278,-73.07913889,39,0,0,1,1,4,0,3,1,0,18,58,19,5,,
90194,9,2020,10,29,5,10,39,9,267,1,2,2,2,5,2,4,3,0,0,14,41.39458889,-72.92333889,12,8,0,1,1,1,0,1,2,0,,,,,,
90195,9,2020,11,27,6,19,26,9,669,1,2,2,2,3,2,4,1,0,0,170,41.47597222,-73.20959444,12,6,0,2,2,1,0,3,1,0,19,27,19,36,19,59
90196,9,2020,11,7,7,5,46,5,350,1,1,1,1,3,2,4,1,0,0,8,41.77436389,-73.12094167,33,0,0,3,3,4,0,3,1,0,5,45,5,54,,
90197,9,2020,11,22,1,1,30,1,80,1,1,1,2,1,2,1,1,1,0,286,41.16882778,-73.19921111,23,0,0,1,1,4,0,3,1,0,1,30,1,35,1,58
90198,9,2020,10,31,7,6,13,11,260,1,3,2,4,1,2,1,1,1,0,969,41.36078611,-72.03836944,12,7,1,18,1,1,0,4,1,0,6,13,6,21,6,36
90199,9,2020,8,13,5,20,28,3,280,1,1,1,2,5,2,3,3,1,0,4,41.74946944,-72.67373889,9,0,0,2,3,1,0,3,1,0,,,,,,
90200,9,2020,7,5,1,21,33,9,810,1,3,1,4,5,2,4,3,0,0,11,41.53840556,-73.03348056,14,0,0,1,1,2,0,2,1,0,,,,,,
90201,9,2020,3,14,7,20,44,3,680,2,1,1,4,5,1,6,3,0,0,34,41.63658889,-72.82302778,17,0,0,1,1,4,0,2,1,0,,,,,,
90202,9,2020,3,24,3,17,32,1,80,1,2,2,2,3,2,4,1,0,0,10,41.19255556,-73.18049444,12,6,0,2,2,1,0,1,1,0,,,,,,
90203,9,2020,11,23,2,1,54,9,370,1,2,2,2,3,2,2,1,1,0,645,41.529625,-72.76915833,12,1,1,18,1,1,0,3,1,0,1,56,2,3,2,25
90204,9,2020,11,28,7,4,45,15,573,1,1,1,1,2,1,4,1,0,0,936,41.86128333,-71.96671944,31,0,0,1,1,3,0,2,1,0,4,57,5,3,,
90205,9,2020,11,30,2,13,27,1,256,1,2,1,2,1,2,1,1,1,0,62,41.04481944,-73.56729167,14,0,0,1,1,3,0,1,2,0,13,30,13,36,13,52
90206,9,2020,11,20,6,17,7,1,765,1,1,1,1,5,2,7,3,0,0,9,41.24758889,-73.23728056,8,0,0,1,1,1,0,2,1,0,17,9,17,11,17,40
90207,9,2020,11,29,1,18,39,3,255,1,1,1,1,3,2,2,1,1,0,91,41.68989444,-72.53953611,24,0,0,1,1,4,0,2,1,0,18,37,18,46,,
90208,9,2020,12,4,6,19,6,3,842,1,2,2,3,5,2,6,3,0,0,5,41.82255278,-72.65325833,8,0,0,1,1,1,0,3,2,0,19,5,19,15,,
90209,9,2020,11,20,6,15,38,1,835,1,1,1,1,5,1,5,3,0,0,9,41.12604444,-73.34540556,11,0,0,1,1,1,0,1,1,0,15,38,,,,
90210,9,2020,11,29,1,1,49,9,810,2,2,2,3,3,2,2,1,1,0,309,41.56118056,-73.057175,12,2,1,18,1,1,0,3,1,0,1,52,2,4,2,29
90211,9,2020,12,7,2,6,57,15,108,1,1,1,1,3,1,5,1,0,0,25,41.80564167,-72.12224444,42,0,0,1,1,4,0,1,1,0,6,57,,,,
90212,9,2020,12,8,3,21,4,11,505,1,1,1,1,5,1,7,3,0,0,0,41.504075,-71.92494444,42,0,0,1,1,4,0,2,1,0,21,4,21,15,,
90213,9,2020,12,6,1,2,19,1,80,2,2,2,2,3,2,2,1,1,0,16,41.18925556,-73.19371667,12,2,0,1,1,1,0,3,1,0,2,23,2,28,,
90214,9,2020,11,27,6,19,4,5,857,1,1,1,2,2,2,4,1,0,0,277,41.55149167,-73.20468056,8,0,0,1,1,1,0,2,1,0,19,3,19,14,20,0
90215,9,2020,11,25,4,1,41,7,130,2,2,2,3,1,2,1,1,1,0,688,41.28858611,-72.52576389,12,2,1,18,1,1,0,2,1,0,,,,,,
90216,9,2020,12,10,5,16,39,3,686,1,1,1,3,1,2,1,1,1,0,35,41.80319722,-72.60354722,42,0,0,1,1,4,0,5,1,0,16,37,16,42,17,15
90217,9,2020,12,24,5,16,59,9,375,1,1,1,2,1,2,1,1,1,0,257,41.5028,-73.14967222,8,0,0,1,1,1,0,2,2,0,17,8,17,16,,
90218,9,2020,12,25,6,19,47,11,244,1,2,2,3,3,2,3,1,1,0,177,41.57866667,-72.13185833,12,6,1,18,1,1,0,2,1,0,19,43,19,47,20,10
90219,9,2020,7,13,2,13,29,9,430,1,1,1,1,3,2,2,1,1,0,242,41.30040556,-72.91730556,25,0,1,19,1,3,0,1,1,0,13,29,13,34,13,56
90220,9,2020,12,28,2,4,7,13,156,2,1,1,3,2,2,3,1,1,0,699,41.79838056,-72.37923333,42,0,0,1,1,4,0,2,1,0,,,,,,
90221,9,2020,12,24,5,17,27,3,420,1,1,1,1,5,2,5,3,0,0,6,41.66713333,-72.77663889,8,0,0,1,1,1,0,2,2,0,,,,,,
90222,9,2020,12,25,6,15,5,3,280,1,2,2,2,5,2,4,3,0,0,0,41.77325833,-72.69286389,12,6,0,2,2,1,0,1,2,0,15,7,15,11,15,20
90223,9,2020,5,7,5,16,32,5,450,1,2,2,2,2,2,3,1,1,0,143,41.50541667,-73.41893056,12,6,0,2,2,1,0,1,1,0,,,,,,
90224,9,2020,12,25,6,19,42,3,90,1,1,1,1,3,2,3,1,1,0,43,41.66759167,-72.92266944,8,0,0,1,1,1,0,3,1,0,,,,,,
90225,9,2020,10,1,5,1,42,3,280,1,1,1,1,5,2,4,3,0,0,17,41.75788333,-72.68164444,8,0,0,1,1,1,0,3,1,0,,,,,,
90226,9,2020,12,4,6,18,47,9,385,1,1,1,1,2,2,3,1,1,0,378,41.21946389,-73.07456111,8,0,0,8,1,1,0,3,2,0,,,,,,
90227,9,2020,10,22,5,15,22,9,810,1,2,2,2,3,2,3,1,1,0,5,41.51805556,-73.04497222,12,6,0,2,3,1,0,1,1,0,,,,,,
90229,9,2020,10,19,2,20,39,3,280,1,2,2,2,3,2,4,1,0,0,4,41.73863333,-72.66373056,12,6,1,2,3,1,0,3,1,0,,,,,,
90230,9,2020,12,18,6,21,59,9,825,1,1,1,2,1,2,1,1,1,0,456,41.28393889,-72.94383889,24,0,0,1,1,4,0,3,1,0,22,0,22,11,22,21
90231,9,2020,11,5,5,12,7,7,580,1,2,2,2,3,2,3,1,1,0,298,41.62506389,-72.60143333,12,2,0,1,1,1,0,1,1,0,12,7,12,18,,
90232,9,2020,11,27,6,20,53,13,785,1,2,2,3,3,2,4,1,0,0,131,41.84466944,-72.48709167,12,2,0,2,4,1,0,3,1,0,,,,,,
90233,9,2020,12,22,3,9,33,13,785,1,2,2,3,3,2,3,1,1,0,130,41.84341944,-72.48776111,12,6,0,8,1,1,0,1,1,0,,,,,,
90234,9,2020,6,21,1,19,19,9,370,1,2,2,5,1,2,1,1,1,0,190,41.52131944,-72.77124444,12,7,1,18,1,1,0,5,1,0,19,19,19,23,19,41
90235,9,2020,5,1,6,20,42,9,810,1,1,1,1,5,2,4,3,0,0,1,41.55303889,-73.03506944,8,0,0,2,2,1,0,2,1,0,,,,,,
90236,9,2020,10,22,5,20,14,9,810,1,1,1,1,5,2,4,3,0,0,14,41.56123333,-73.01130556,8,0,0,3,2,1,0,3,1,0,,,,,,
90237,9,2020,12,13,1,18,53,1,80,1,2,2,2,2,2,3,1,1,0,312,41.20044167,-73.18365,12,6,0,8,1,1,0,3,1,0,,,,,,
90238,9,2020,12,29,3,18,0,9,430,1,1,1,1,3,2,3,1,1,0,11,41.29354167,-72.94453333,8,0,0,1,1,1,0,3,1,0,,,,,,
90240,9,2020,6,22,2,23,18,9,370,1,1,1,1,5,2,5,3,0,0,0,41.52262778,-72.83813333,1,0,0,1,1,1,0,3,1,0,,,,,,
90241,9,2020,5,21,5,16,26,9,430,1,1,1,1,5,2,4,3,0,0,5,41.30904167,-72.89516111,9,0,0,8,1,1,0,1,1,0,,,,,,
90242,9,2020,5,16,7,19,16,9,810,1,1,1,1,5,2,4,3,0,0,4,41.54383056,-73.02930556,30,0,0,1,1,4,0,5,1,0,19,16,19,20,,
90243,9,2020,8,2,1,14,16,13,785,1,2,2,4,3,2,3,1,1,0,132,41.84603611,-72.48618333,12,2,0,1,1,1,0,1,2,0,,,,,,
90244,9,2020,8,25,3,19,42,9,430,1,2,2,3,5,2,4,3,0,0,6,41.31552778,-72.93920833,12,6,0,2,2,1,0,3,1,0,,,,,,
90245,9,2020,7,24,6,13,17,5,450,1,2,2,2,2,2,3,1,1,0,237,41.63193889,-73.39264722,12,6,0,8,1,1,0,1,1,0,,,,,,