st_case,state,year,month,day,day_week,hour,minute,county,city,fatals_crash,vehicles_total,vehicles_in_transport,persons_total,route,rural_urban,functional_system,road_owner,nhs,special_jurisdiction,milepoint,latitude,longitude,first_harmful_event,manner_collision,rel_jct_interchange,rel_jct_location,intersection_type,relation_to_road,work_zone,light_condition,weather,school_bus_related,ems_notified_hour,ems_notified_min,ems_arrival_hour,ems_arrival_min,hospital_hour,hospital_min
120342,12,2020,2,22,7,22,22,127,0,1,3,3,6,2,2,3,1,1,0,,29.33261111,-81.12648889,12,1,0,2,2,1,0,3,1,0,,,,,,
120343,12,2020,2,16,1,19,5,97,0,1,1,1,1,2,2,3,1,1,0,,28.31568889,-81.46843611,8,0,0,1,1,1,0,3,2,0,,,,,,
120344,12,2020,2,11,3,5,50,5,0,1,2,2,2,2,2,3,1,1,0,,30.18938889,-85.78676944,12,6,0,2,3,1,0,2,10,0,,,,,,
120345,12,2020,2,22,7,23,40,99,0,1,1,1,1,9,2,4,98,0,0,,26.71483056,-80.11904444,8,0,0,3,2,1,0,3,2,0,,,,,,
120346,12,2020,2,23,1,14,25,13,0,1,1,1,1,9,1,7,98,0,0,,30.34941944,-85.38362222,1,0,0,1,1,1,0,1,1,0,,,,,,
120348,12,2020,2,7,6,19,15,86,0,1,1,1,1,1,2,1,1,1,0,,25.95573056,-80.17466389,8,0,0,1,1,1,0,3,1,0,,,,,,
120349,12,2020,2,22,7,17,0,57,2950,1,3,3,6,3,2,3,1,1,0,,27.95238611,-82.37068056,25,0,0,1,1,3,0,5,1,0,,,,,,
120350,12,2020,2,29,7,12,57,99,0,1,1,1,1,9,2,4,98,0,0,,26.65788611,-80.12076111,8,0,0,1,1,1,0,1,1,0,,,,,,
120351,12,2020,3,1,1,21,50,39,0,1,1,1,1,2,1,5,1,0,0,,30.59152778,-84.64938056,42,0,0,1,1,6,0,2,1,0,,,,,,
120352,12,2020,2,29,7,3,2,81,0,1,1,1,1,2,2,3,1,1,0,,27.47456667,-82.56301944,33,0,0,1,1,3,0,3,1,0,,,,,,
120353,12,2020,2,21,6,18,9,127,2340,1,3,3,4,6,2,5,4,0,0,,28.93406944,-81.29061111,12,6,0,2,2,1,0,1,2,0,,,,,,
120354,12,2020,2,27,5,11,55,71,0,1,2,2,2,3,2,3,1,1,0,,26.69186944,-81.85768889,12,6,0,2,3,1,0,1,1,0,,,,,,
120355,12,2020,2,17,2,6,30,63,0,1,2,2,5,3,1,3,1,1,0,,30.84039444,-85.53217778,11,0,0,1,1,1,0,1,10,0,,,,,,
120356,12,2020,2,25,3,8,35,95,0,1,6,6,6,3,2,2,1,1,0,,28.63408056,-81.47171944,12,1,1,18,1,1,0,1,1,0,,,,,,
120357,12,2020,2,28,6,23,14,33,2490,1,2,2,4,3,2,4,1,1,0,,30.48856667,-87.2232,12,2,0,8,1,1,0,3,1,0,,,,,,
120358,12,2020,2,27,5,21,50,57,0,1,1,1,1,9,2,7,98,0,0,,27.90616667,-82.17343333,8,0,0,1,1,1,0,2,1,0,,,,,,
120359,12,2020,2,22,7,23,11,11,1050,1,1,1,1,3,2,3,1,1,0,,26.12177222,-80.16450833,42,0,0,1,1,4,0,3,10,0,,,,,,
120360,12,2020,2,13,5,21,20,11,1050,1,1,1,1,3,2,3,1,1,0,,26.12177222,-80.168975,8,0,0,5,1,1,0,3,1,0,,,,,,
120361,12,2020,2,28,6,17,18,127,780,1,1,1,2,2,2,3,1,1,0,,29.21224167,-81.01938889,8,0,0,3,2,1,0,1,1,0,,,,,,
120362,12,2020,2,22,7,14,15,31,0,1,1,1,1,3,2,4,1,1,0,,30.41204722,-81.55363056,23,0,0,1,1,4,0,1,1,0,,,,,,
120363,12,2020,2,21,6,6,43,11,1420,1,2,2,2,2,2,3,1,1,0,,26.03430278,-80.20823056,12,6,0,2,3,1,0,3,1,0,,,,,,
120364,12,2020,2,14,6,0,25,83,0,1,1,1,2,1,1,1,1,1,0,,29.34791667,-82.21942222,24,0,0,1,1,3,0,2,5,0,,,,,,
120365,12,2020,2,3,2,6,40,85,0,1,1,1,1,4,2,5,98,0,0,,27.22351111,-80.21264167,8,0,0,3,3,1,0,4,1,0,,,,,,
120366,12,2020,2,26,4,20,42,81,0,1,2,2,2,2,2,3,1,1,0,,27.46230833,-82.56803889,12,6,0,4,1,1,0,3,2,0,,,,,,
120367,12,2020,2,25,3,19,9,75,0,1,3,3,4,2,1,4,1,0,0,,29.51113056,-82.82276944,12,2,1,2,4,1,0,2,2,0,,,,,,
120368,12,2020,1,8,4,19,39,31,1510,1,1,1,2,3,2,4,1,0,0,,30.43982222,-81.76458056,42,0,0,3,3,4,0,3,1,0,,,,,,
120369,12,2020,2,26,4,13,14,31,1510,2,2,2,3,1,2,1,1,1,0,,30.19020833,-81.67383333,12,1,0,1,1,1,0,1,10,0,,,,,,
120370,12,2020,3,1,1,14,48,31,1510,1,2,2,3,3,2,4,1,0,0,,30.43898889,-81.67873056,12,6,0,2,3,1,0,1,1,0,,,,,,
120371,12,2020,2,29,7,21,23,57,0,1,1,1,1,8,2,7,2,0,0,,28.02522778,-82.19120556,8,0,0,1,1,1,0,2,1,0,,,,,,
120372,12,2020,2,26,4,20,58,86,0,1,2,2,3,3,2,3,1,1,0,,25.81002778,-80.24034444,12,6,0,2,2,1,0,5,1,0,,,,,,
120373,12,2020,3,3,3,7,33,11,2948,1,1,1,1,6,2,7,98,0,0,,26.21476389,-80.24654167,8,0,0,2,2,1,0,1,1,0,,,,,,
120374,12,2020,2,19,4,18,34,99,0,1,3,3,4,3,2,3,1,1,0,,26.71405833,-80.11073611,9,0,0,3,3,1,0,3,1,0,,,,,,
120375,12,2020,3,4,4,23,0,107,0,1,1,1,1,3,1,4,1,0,0,,29.73236667,-81.89115278,43,0,0,1,1,4,0,2,1,0,,,,,,
120376,12,2020,2,17,2,23,20,86,0,1,2,2,4,3,2,2,1,1,0,,25.45985,-80.46583889,24,0,0,1,1,4,0,2,1,0,,,,,,
120377,12,2020,2,17,2,18,54,109,0,1,3,3,4,3,2,4,1,0,0,,30.2059,-81.38015833,12,6,0,2,2,1,0,3,10,0,,,,,,
120378,12,2020,2,25,3,13,2,31,1510,1,2,2,3,1,2,1,1,1,0,,30.46021111,-81.67856111,12,1,0,1,1,1,0,1,2,0,,,,,,
120379,12,2020,3,4,4,18,59,57,2950,1,1,1,1,6,2,7,4,0,0,,27.94846667,-82.49120833,9,0,0,3,2,1,0,3,1,0,,,,,,
120380,12,2020,2,23,1,4,53,117,0,1,1,1,1,8,2,4,2,0,0,,28.66248056,-81.28236944,42,0,0,1,1,3,0,2,1,0,,,,,,
120382,12,2020,2,4,3,16,32,95,0,1,7,6,8,3,2,2,1,1,0,,28.545275,-81.58542222,14,0,0,1,1,2,0,1,10,0,,,,,,
120383,12,2020,2,9,1,3,55,119,0,1,1,1,4,4,1,5,98,0,0,,28.66485833,-82.09728889,42,0,0,1,1,6,0,2,1,0,3,59,4,1,,
120384,12,2020,3,1,1,20,30,9,2424,1,3,3,4,2,2,3,1,1,0,,27.92905833,-80.52644722,8,0,0,1,1,1,0,2,1,0,,,,,,
120385,12,2020,2,20,5,6,30,95,0,1,2,2,2,9,1,6,98,0,0,,28.73086944,-81.64904722,12,6,0,1,1,1,0,2,5,0,,,,,,
120386,12,2020,2,26,4,9,44,103,0,1,2,2,2,9,2,5,98,0,0,,27.82475,-82.67218889,12,6,0,2,2,1,0,1,10,0,,,,,,
120387,12,2020,2,22,7,23,19,105,0,1,2,2,2,3,1,5,1,0,0,,27.84298889,-81.55326667,8,0,0,1,1,1,0,2,1,0,,,,,,
120388,12,2020,3,8,1,3,28,31,1510,1,1,1,1,2,2,3,1,1,0,,30.39790556,-81.73940833,8,0,0,1,1,1,0,3,1,0,,,,,,
120389,12,2020,2,23,1,6,0,99,2446,1,1,1,5,3,2,3,1,1,0,,26.65163611,-80.10787778,8,0,1,3,2,1,0,3,1,0,,,,,,
120390,12,2020,2,25,3,19,59,105,0,1,1,1,1,2,2,3,1,1,0,,27.90783611,-81.84336667,8,0,0,1,1,1,0,3,1,0,,,,,,
120391,12,2020,1,1,4,1,0,129,0,1,1,1,2,2,1,3,1,1,0,41,30.13719444,-84.32786111,1,0,0,1,1,4,0,2,1,0,,,,,,
120392,12,2020,1,3,6,20,22,69,1820,1,2,2,2,2,2,3,1,1,0,83,28.82909167,-81.82464167,12,6,0,8,1,1,0,3,1,0,,,,,,
120393,12,2020,1,3,6,6,30,99,0,1,1,1,1,1,2,1,1,1,0,,26.5145,-80.06983889,1,0,0,1,1,4,0,1,1,0,,,,,,
120394,12,2020,1,4,7,12,17,111,0,1,1,1,1,2,2,3,1,1,0,,27.46660278,-80.33189722,24,0,0,1,1,4,0,1,1,0,,,,,,
120395,12,2020,1,3,6,13,0,15,0,1,2,2,2,3,2,4,1,0,0,,26.93265278,-82.26356389,12,6,0,2,2,1,0,1,1,0,,,,,,
120396,12,2020,1,6,2,21,30,105,0,1,2,2,2,2,2,3,1,1,0,,28.10283889,-81.70266389,12,2,0,1,1,1,0,2,1,0,,,,,,
120397,12,2020,1,7,3,10,16,57,2950,1,2,2,2,1,2,1,1,1,0,,28.06904444,-82.35402778,12,1,0,1,1,1,0,1,1,0,,,,,,
120398,12,2020,1,7,3,4,10,109,0,1,2,2,3,1,1,1,1,1,0,,29.71971944,-81.33508889,12,1,0,1,1,1,0,3,1,0,,,,,,
120399,12,2020,1,9,5,20,5,1,1130,1,1,1,2,3,2,3,1,1,0,181,29.65206389,-82.36068056,33,0,0,1,1,4,0,3,1,0,,,,,,
120400,12,2020,1,9,5,5,44,105,0,1,1,1,1,4,2,5,98,0,0,,27.97284722,-81.92370833,33,0,0,1,1,3,0,3,1,0,,,,,,
120401,12,2020,1,9,5,22,0,15,0,1,1,1,1,8,2,7,2,0,0,,26.95738056,-81.99788611,9,0,0,1,1,1,0,3,1,0,,,,,,
120402,12,2020,1,9,5,11,13,57,2950,1,1,1,1,6,2,5,4,0,0,,27.91431389,-82.49120833,33,0,0,1,1,4,0,1,1,0,,,,,,
120403,12,2020,1,14,3,20,4,95,0,1,1,1,2,3,2,3,1,1,0,,28.57891111,-81.30888056,8,0,0,2,3,1,0,3,1,0,,,,,,
120404,12,2020,1,3,6,18,25,86,0,1,2,2,2,8,2,7,2,0,0,,25.56506389,-80.48620278,12,6,0,2,3,1,0,2,1,0,,,,,,
120405,12,2020,1,16,5,6,27,111,1080,1,2,2,2,6,2,5,98,0,0,,27.43833056,-80.32030556,12,6,0,1,1,1,0,4,1,0,,,,,,
120406,12,2020,1,23,5,5,50,107,0,1,1,1,2,2,2,3,1,1,0,,29.67932222,-81.66035556,8,0,0,1,1,1,0,2,1,0,,,,,,
120407,12,2020,1,24,6,9,6,11,1420,1,1,1,1,3,2,3,1,1,0,,26.0329,-80.18216667,33,0,0,1,1,4,0,1,1,0,,,,,,
120408,12,2020,1,26,1,12,15,35,0,2,1,1,4,1,2,1,1,1,0,,29.576775,-81.23401667,59,0,0,1,1,4,0,1,1,0,,,,,,
120409,12,2020,1,26,1,3,10,57,9997,2,2,2,3,6,2,7,98,0,0,,27.96115,-82.53895,12,2,1,18,1,1,0,3,1,0,,,,,,
120410,12,2020,1,28,3,21,9,31,1510,1,1,1,1,1,2,1,1,1,0,,30.14365556,-81.54262778,8,0,0,1,1,1,0,3,1,0,,,,,,
120411,12,2020,2,1,7,15,27,11,2570,1,1,1,1,3,2,2,31,1,0,,26.22587222,-80.18431389,8,0,0,1,1,1,0,1,2,0,,,,,,
120412,12,2020,2,1,7,8,26,99,3190,1,1,1,1,1,2,1,1,1,0,,26.68953889,-80.06618611,42,0,1,5,1,6,0,1,10,0,,,,,,
120413,12,2020,2,6,5,13,50,109,0,1,1,1,1,3,1,3,1,1,0,,29.77396667,-81.45285556,1,0,0,1,1,3,0,1,10,0,,,,,,
120414,12,2020,2,8,7,3,28,23,0,2,1,1,2,3,1,4,1,0,0,,30.08306667,-82.69256111,59,0,0,1,1,4,0,2,1,0,,,,,,
120415,12,2020,2,8,7,8,4,47,0,1,1,1,1,3,1,4,1,0,0,,30.51027222,-83.06471389,32,0,0,1,1,4,0,1,1,0,,,,,,
120416,12,2020,2,9,1,2,53,107,0,1,1,1,1,2,1,3,1,1,0,,29.46198611,-81.52305278,1,0,0,1,1,4,0,2,1,0,,,,,,
120417,12,2020,2,15,7,23,56,103,3010,1,1,1,1,3,2,4,1,0,0,,27.76179722,-82.7662,42,0,0,1,1,4,0,3,1,0,,,,,,
120418,12,2020,2,1,7,22,51,11,2570,1,2,2,3,3,2,3,1,1,0,,26.23143889,-80.13656944,12,1,1,2,2,1,0,3,1,0,,,,,,
120419,12,2020,2,16,1,7,0,57,2950,1,1,1,1,2,2,3,1,1,0,,27.90841389,-82.50606111,30,0,0,1,1,4,0,1,1,0,,,,,,
120420,12,2020,2,19,4,11,25,9,1990,1,2,2,3,2,2,3,1,1,0,,28.1212,-80.63091111,12,6,0,2,3,1,0,1,10,0,,,,,,
120421,12,2020,2,22,7,21,10,99,330,1,1,1,1,6,2,7,98,0,0,,26.52798056,-80.05593889,33,0,0,1,1,4,0,3,1,0,,,,,,
120422,12,2020,2,23,1,9,25,121,0,1,1,1,1,2,1,4,1,0,0,,30.08272778,-82.94538611,32,0,0,1,1,4,0,1,1,0,,,,,,
120423,12,2020,2,4,3,13,47,131,0,1,2,2,3,2,1,3,1,1,0,,30.37458056,-86.2543,12,6,0,2,2,1,0,1,1,0,,,,,,
120424,12,2020,2,24,2,13,30,11,1927,1,2,2,2,2,2,3,1,1,0,,26.11510556,-80.20184167,12,7,0,1,1,1,0,1,1,0,,,,,,
120425,12,2020,2,24,2,21,55,19,0,1,1,1,1,2,2,3,1,1,0,,30.01298333,-81.70009167,8,0,0,1,1,1,0,2,1,0,,,,,,
120426,12,2020,2,24,2,18,23,107,0,1,1,1,1,2,1,3,1,1,0,,29.72536111,-81.65255278,8,0,0,1,1,1,0,5,10,0,,,,,,
120427,12,2020,2,27,5,9,3,117,0,1,2,2,2,1,2,1,1,1,0,,28.79320833,-81.34623611,12,6,1,5,1,1,0,1,1,0,,,,,,
120428,12,2020,2,28,6,23,23,23,0,1,1,1,1,4,1,4,2,1,0,,30.2423,-82.67263889,1,0,0,1,1,4,0,2,1,0,,,,,,
120429,12,2020,2,25,3,23,0,111,0,1,1,1,1,2,2,3,1,1,0,,27.50518056,-80.34774167,8,0,0,1,1,1,0,2,1,0,,,,,,
120430,12,2020,2,26,4,8,33,86,2020,1,1,1,1,6,2,5,4,0,0,,25.78065,-80.13622222,8,0,0,3,2,1,0,1,1,0,,,,,,
120431,12,2020,3,1,1,4,30,33,0,1,1,1,1,4,2,5,98,0,0,,30.41939444,-87.26328056,8,0,0,1,1,1,0,2,1,0,,,,,,
120432,12,2020,1,14,3,7,53,39,0,1,1,1,1,2,1,4,1,0,0,,30.51604444,-84.46325556,42,0,0,1,1,3,0,1,1,0,,,,,,
120433,12,2020,2,9,1,9,45,57,2950,1,2,2,5,3,2,3,1,1,0,,27.98136667,-82.37304722,12,6,0,2,2,1,0,1,1,0,,,,,,
120434,12,2020,2,14,6,18,15,5,2880,1,1,1,1,2,2,3,1,1,0,,30.17482778,-85.60067222,33,0,0,1,1,4,0,3,1,0,,,,,,
120435,12,2020,2,18,3,17,29,97,0,4,4,4,11,3,2,2,1,1,0,,28.28751111,-81.59648056,12,1,0,1,1,1,0,1,1,0,,,,,,
120436,12,2020,2,20,5,21,45,86,0,1,1,1,1,3,2,2,1,1,0,,25.53175833,-80.37403611,24,0,0,1,1,4,0,3,2,0,,,,,,
120437,12,2020,2,29,7,19,12,57,2950,1,3,3,3,6,2,4,98,0,0,,28.02531667,-82.47349167,8,0,0,1,1,1,0,3,1,0,,,,,,
120438,12,2020,3,1,1,18,30,9,0,1,2,2,3,8,2,6,2,1,0,,28.40470278,-80.61705,12,1,0,2,2,1,0,5,1,0,,,,,,
120439,12,2020,3,1,1,2,5,11,9997,2,3,3,3,3,2,3,1,1,0,,25.98456111,-80.18305833,12,6,9,2,2,1,0,3,1,0,,,,,,
120440,12,2020,3,5,5,14,29,11,9997,1,1,1,1,3,2,3,1,1,0,,25.98454167,-80.18323056,8,0,0,1,1,1,0,1,10,0,,,,,,
120441,12,2020,3,6,6,19,0,57,0,1,2,2,2,9,2,6,98,0,0,,27.98730278,-82.55046389,8,0,0,1,1,1,0,2,1,0,,,,,,
120442,12,2020,3,6,6,1,54,57,2950,1,2,2,2,3,2,3,1,1,0,,27.95233333,-82.38433611,59,0,0,1,1,4,0,2,1,0,,,,,,
120443,12,2020,3,9,2,1,0,31,1510,1,1,1,1,3,2,4,1,1,0,,30.32040833,-81.73078333,8,0,0,1,1,1,0,3,1,0,,,,,,
120444,12,2020,1,18,7,5,37,103,0,1,2,2,2,3,2,3,1,1,0,,27.89381944,-82.70026944,12,2,0,2,2,1,0,3,1,0,,,,,,
120445,12,2020,1,22,4,19,32,95,0,1,1,1,5,8,2,7,2,0,0,,28.5001,-81.27072778,5,0,0,1,1,1,0,3,1,0,,,,,,
120446,12,2020,2,10,2,14,45,19,0,1,3,3,3,3,2,3,1,1,0,,30.15031111,-81.75333056,12,6,0,2,2,1,0,1,1,0,,,,,,
120447,12,2020,2,13,5,21,10,95,0,2,2,2,2,3,2,3,1,1,0,,28.48018056,-81.37055278,12,6,0,2,2,1,0,3,1,0,,,,,,
120448,12,2020,2,18,3,17,20,127,0,1,3,3,6,4,2,4,98,0,0,,29.0595,-81.06820556,12,8,0,1,1,1,0,1,10,0,,,,,,
120449,12,2020,1,30,5,16,27,95,0,1,2,2,4,8,2,4,2,0,0,,28.54518056,-81.44758611,12,6,0,2,2,1,0,1,1,0,,,,,,
120450,12,2020,2,27,5,8,5,11,2916,1,2,2,2,6,2,4,4,0,0,,26.11395,-80.36252778,12,6,0,2,2,1,0,1,10,0,,,,,,
120451,12,2020,2,26,4,23,25,81,0,1,2,2,3,9,2,5,2,0,0,,27.46029722,-82.55483889,12,6,0,2,2,1,0,3,2,0,,,,,,
120452,12,2020,3,1,1,14,14,97,0,2,2,2,2,3,1,3,1,1,0,,27.71619444,-80.94593611,12,2,0,1,1,1,0,1,1,0,,,,,,
120453,12,2020,2,11,3,22,11,57,0,1,1,1,1,3,2,3,1,1,0,,27.93783056,-82.236375,9,0,0,2,2,1,0,3,1,0,,,,,,
120454,12,2020,3,2,2,9,55,57,0,1,1,1,1,6,2,5,98,0,0,,28.04751111,-82.12569167,8,0,0,1,1,1,1,1,1,0,,,,,,
120455,12,2020,2,27,5,13,17,11,2916,1,3,3,3,6,2,4,4,0,0,,26.17909722,-80.267925,12,6,0,2,2,1,0,1,1,0,,,,,,
120456,12,2020,2,27,5,18,48,89,0,1,2,1,2,2,1,3,1,1,0,,30.47868056,-81.90251944,11,0,0,1,1,1,0,2,1,0,,,,,,
120457,12,2020,2,28,6,0,23,83,2270,1,2,2,2,3,2,3,1,1,0,,29.14326389,-82.192325,8,0,0,1,1,1,0,2,1,0,,,,,,
120458,12,2020,3,3,3,17,4,109,0,1,2,2,3,3,2,4,1,1,0,39,29.99545,-81.59524722,12,6,0,4,1,1,0,1,1,0,,,,,,
120459,12,2020,2,27,5,21,12,86,2010,1,1,1,2,3,2,4,1,0,0,,25.82453889,-80.22038889,9,0,0,2,2,1,0,3,1,0,,,,,,
120460,12,2020,3,10,3,4,20,71,1070,1,1,1,1,6,2,4,4,0,0,,26.58378056,-81.88242778,59,0,0,1,1,4,0,3,1,0,,,,,,
120461,12,2020,3,10,3,10,17,9,1990,1,2,2,2,2,2,3,1,1,0,,28.08406667,-80.60571667,12,6,0,2,2,1,0,1,1,0,,,,,,
120462,12,2020,2,8,7,7,22,11,0,1,1,1,1,3,2,2,1,1,0,,26.08678611,-80.213175,25,0,0,5,1,8,0,1,10,0,,,,,,
120463,12,2020,3,4,4,17,34,86,2023,1,2,2,2,6,2,7,98,0,0,,25.93291667,-80.265025,12,6,0,2,2,1,0,1,1,0,,,,,,
120464,12,2020,3,8,1,3,39,86,0,3,1,1,5,3,2,2,1,1,0,,25.82381111,-80.32155278,35,0,0,1,1,4,0,3,1,0,,,,,,
120465,12,2020,3,4,4,23,9,86,2023,1,2,2,5,2,2,3,1,1,0,,25.96344167,-80.20593056,12,2,0,2,3,1,0,3,1,0,,,,,,
120466,12,2020,3,9,2,20,55,31,1510,1,1,1,2,1,2,1,1,1,0,,30.18430833,-81.55855833,31,0,1,5,1,4,0,3,10,0,,,,,,
120467,12,2020,3,1,1,0,3,81,0,1,1,1,1,1,1,1,1,1,0,,27.40229167,-82.45277778,52,0,0,1,1,4,4,2,1,0,,,,,,
120468,12,2020,3,4,4,20,28,95,70,1,1,1,1,2,2,3,1,1,0,,28.66378056,-81.48293056,8,0,0,1,1,1,0,2,1,0,,,,,,
120469,12,2020,3,10,3,0,24,127,780,3,3,3,4,2,2,3,1,0,0,,29.19184167,-81.07021667,12,7,0,1,1,1,0,3,1,0,,,,,,
120470,12,2020,2,24,2,21,22,127,0,1,1,1,1,1,2,1,1,1,0,,29.15042778,-81.07303889,8,0,1,18,1,1,0,3,1,0,,,,,,
120471,12,2020,2,26,4,16,32,83,0,1,4,4,5,4,2,6,98,0,0,,28.98198611,-81.97135556,12,2,0,1,1,1,0,1,2,0,,,,,,
120472,12,2020,3,7,7,0,3,131,0,1,2,2,2,3,1,5,1,0,0,,30.62079167,-85.94380278,12,2,0,1,1,1,0,2,1,0,,,,,,
120473,12,2020,3,7,7,6,6,86,2020,1,1,1,2,3,2,3,1,1,0,,25.77630556,-80.16088056,8,0,0,1,1,1,0,4,1,0,,,,,,
120474,12,2020,3,3,3,19,39,127,780,1,2,2,2,3,2,3,1,1,0,,29.26455833,-81.02690556,12,6,0,2,3,1,0,3,1,0,,,,,,
120475,12,2020,3,8,1,1,39,127,2375,1,2,2,2,3,2,3,1,1,0,,29.29496944,-81.04135833,12,2,0,1,1,1,0,3,1,0,,,,,,
120476,12,2020,3,9,2,2,30,86,0,1,2,2,2,3,2,2,1,1,0,,25.92523056,-80.28468056,12,2,0,1,1,1,0,3,1,0,,,,,,
120477,12,2020,3,13,6,6,25,57,0,1,2,2,3,4,2,4,2,0,0,,28.06603889,-82.570225,12,6,1,2,2,1,0,3,1,0,,,,,,
120478,12,2020,3,14,7,13,30,31,1510,1,1,1,2,6,2,4,98,0,0,,30.35235556,-81.56179167,9,0,0,1,1,1,0,1,1,0,,,,,,
120479,12,2020,1,11,7,16,18,57,0,1,2,2,5,2,2,3,1,1,0,,28.14205556,-82.46265556,12,6,0,2,2,1,0,1,1,0,,,,,,
120480,12,2020,2,9,1,6,55,57,0,1,2,2,2,1,2,1,1,1,0,,27.79145,-82.35656944,12,1,1,18,1,1,4,4,1,0,,,,,,
120481,12,2020,2,19,4,18,38,99,0,1,3,3,5,3,2,2,1,1,0,,26.46014167,-80.17456111,12,1,0,1,1,1,0,3,1,0,,,,,,
120482,12,2020,2,27,5,16,33,35,0,1,1,1,1,3,1,3,1,1,0,,29.47638056,-81.33308889,8,0,0,1,1,2,0,1,10,0,,,,,,
120483,12,2020,3,1,1,1,59,127,825,1,1,1,1,6,2,7,98,0,0,,28.87880278,-81.26498333,33,0,1,3,2,4,0,3,1,0,,,,,,
120484,12,2020,2,26,4,12,1,105,0,1,2,2,2,2,1,3,1,1,0,,28.209,-81.57625278,12,2,0,2,3,1,0,1,1,0,,,,,,
120485,12,2020,3,8,1,23,48,86,2023,1,3,3,6,2,2,3,1,1,0,,25.94979722,-80.20551667,12,6,0,2,2,1,0,3,1,0,,,,,,
120486,12,2020,3,14,7,6,25,109,0,1,2,2,2,4,2,5,98,0,0,,30.01505556,-81.60555278,12,2,0,1,1,1,0,3,1,0,,,,,,
120487,12,2020,2,4,3,18,32,103,2960,1,2,2,2,6,2,4,98,0,0,,28.15258889,-82.72676111,12,6,0,2,3,1,0,3,1,0,,,,,,
120488,12,2020,2,17,2,15,40,81,0,1,2,2,2,2,2,3,1,1,0,,27.58553611,-82.54035833,12,1,1,2,2,1,0,1,1,0,,,,,,
120490,12,2020,3,12,5,15,23,115,3050,1,1,1,1,6,2,7,98,0,0,,27.10084167,-82.44541667,8,0,0,3,2,1,0,1,1,0,,,,,,
120491,12,2020,3,10,3,22,30,11,2948,1,2,2,2,2,2,3,1,1,0,,26.20325278,-80.25218333,12,6,0,1,1,1,0,3,1,0,,,,,,
120492,12,2020,3,12,5,7,20,83,0,1,3,3,3,1,2,1,1,1,0,,29.16673056,-82.18492778,12,1,0,1,1,1,0,1,1,0,,,,,,
120493,12,2020,2,26,4,21,40,101,0,2,2,2,2,2,2,3,1,1,0,,28.40788056,-82.19336389,12,2,0,1,1,1,0,2,2,0,21,42,21,50,,
120494,12,2020,3,4,4,22,20,113,0,1,2,2,2,1,1,1,1,1,0,,30.67456667,-86.83146667,12,1,0,1,1,1,0,2,10,0,,,,,,
120496,12,2020,3,14,7,2,0,9,2073,1,2,2,2,2,2,3,1,1,0,,28.67373889,-80.84866667,12,2,0,1,1,1,0,3,10,0,,,,,,
120497,12,2020,3,4,4,21,51,127,810,1,2,2,2,2,2,3,1,1,0,,29.05485556,-81.2967,12,6,0,1,1,1,0,2,1,0,,,,,,
120498,12,2020,3,6,6,12,51,95,2360,1,1,1,1,8,2,7,2,0,0,,28.61064722,-81.42368333,43,0,0,1,1,4,0,1,1,0,,,,,,
120499,12,2020,2,27,5,19,5,95,0,2,2,2,2,3,2,3,1,1,0,,28.56101389,-81.31082222,8,0,0,1,1,1,0,3,1,0,,,,,,
120500,12,2020,3,1,1,17,15,11,1050,1,1,1,3,1,2,1,1,1,0,,26.13374167,-80.16949722,38,0,0,1,1,5,0,1,1,0,,,,,,
120501,12,2020,3,4,4,13,30,99,330,1,4,4,4,1,2,1,1,1,0,,26.52443889,-80.07299167,12,7,0,1,1,1,0,1,1,0,,,,,,
120502,12,2020,3,5,5,7,5,39,0,1,1,1,1,2,2,4,1,0,0,,30.55411944,-84.52330556,42,0,0,1,1,6,0,1,2,0,,,,,,
120503,12,2020,3,6,6,11,57,9,0,1,2,2,3,6,2,5,4,0,0,,28.37028056,-80.78794722,12,6,1,2,3,1,0,1,1,0,,,,,,
120504,12,2020,3,8,1,11,8,86,0,1,2,2,3,8,2,5,2,0,0,,25.51815833,-80.40846667,12,6,0,2,2,1,0,1,10,0,,,,,,
120505,12,2020,3,10,3,17,8,95,0,1,2,2,7,3,1,3,1,1,0,,28.54379444,-80.93576389,12,6,0,2,2,1,0,1,1,0,,,,,,
120506,12,2020,3,12,5,14,53,95,2360,1,2,2,2,3,2,3,1,1,0,,28.55342778,-81.32464444,12,6,0,2,3,1,0,1,1,0,,,,,,
120507,12,2020,3,14,7,0,59,49,0,1,1,1,1,6,1,6,98,0,0,,27.56441667,-81.74388056,34,0,0,1,1,4,0,2,1,0,,,,,,
120508,12,2020,3,14,7,4,21,69,1960,1,2,2,2,6,2,5,98,0,0,,28.58403056,-81.88672778,12,8,0,1,1,1,0,2,1,0,,,,,,
120509,12,2020,3,3,3,20,54,11,2570,1,1,1,1,3,2,3,1,1,0,,26.2436,-80.15162222,8,0,0,3,2,1,0,3,1,0,,,,,,
120510,12,2020,3,15,1,23,37,11,1050,1,1,1,1,3,2,3,1,1,0,,26.18837778,-80.15536944,8,0,0,3,2,1,0,3,1,0,,,,,,
120511,12,2020,3,3,3,13,50,95,0,1,2,2,2,2,2,3,1,1,0,,28.73092778,-81.60623889,12,6,0,2,2,1,0,1,1,0,,,,,,
120512,12,2020,3,9,2,20,52,11,672,1,1,1,1,6,2,4,98,0,0,,26.28769444,-80.28249167,33,0,0,1,1,3,0,3,1,0,,,,,,
120513,12,2020,3,10,3,7,16,101,0,1,1,1,1,4,2,4,98,0,0,,28.28529722,-82.61729444,9,0,0,3,2,1,0,2,1,0,7,17,7,24,,
120514,12,2020,3,11,4,14,57,86,2023,1,1,1,1,6,2,7,98,0,0,,25.97130833,-80.25679722,8,0,0,1,1,1,0,1,1,0,,,,,,
120515,12,2020,3,12,5,16,7,127,0,1,3,3,3,4,2,4,2,0,0,,29.07157222,-81.06813889,12,1,0,2,2,1,0,1,1,0,,,,,,
120516,12,2020,2,18,3,17,15,105,0,1,2,2,4,4,1,5,98,0,0,,27.8428,-81.58438056,12,6,0,2,3,1,0,1,1,0,,,,,,