st_case,state,year,month,day,day_week,hour,minute,county,city,fatals_crash,vehicles_total,vehicles_in_transport,persons_total,route,rural_urban,functional_system,road_owner,nhs,special_jurisdiction,milepoint,latitude,longitude,first_harmful_event,manner_collision,rel_jct_interchange,rel_jct_location,intersection_type,relation_to_road,work_zone,light_condition,weather,school_bus_related,ems_notified_hour,ems_notified_min,ems_arrival_hour,ems_arrival_min,hospital_hour,hospital_min
120517,12,2020,3,12,5,19,36,86,2023,1,2,2,2,3,2,4,1,0,0,,25.94154167,-80.22928056,12,6,0,2,2,1,0,5,1,0,,,,,,
120518,12,2020,3,13,6,11,59,19,0,1,1,1,1,9,1,7,98,0,0,,30.17598056,-81.99776667,35,0,0,1,1,4,0,1,1,0,,,,,,
120519,12,2020,3,13,6,12,10,99,0,1,2,2,2,8,2,3,2,0,0,,26.53691944,-80.14730556,12,6,0,2,2,1,0,1,1,0,,,,,,
120520,12,2020,3,13,6,20,50,103,1770,1,1,1,1,3,2,3,1,1,0,,27.8942,-82.74571944,8,0,0,1,1,1,0,2,1,0,,,,,,
120521,12,2020,3,14,7,2,9,109,0,1,2,2,3,3,1,3,1,1,0,,29.91778611,-81.41309444,12,2,1,2,2,1,0,3,1,0,,,,,,
120522,12,2020,3,15,1,2,46,111,0,1,1,1,1,4,1,3,2,1,0,33,27.37441389,-80.43301667,30,0,0,1,1,4,0,2,1,0,,,,,,
120523,12,2020,3,15,1,21,23,83,0,1,1,1,2,3,2,3,1,1,0,,29.101275,-82.23460278,8,0,0,1,1,1,0,2,1,0,,,,,,
120524,12,2020,3,17,3,23,38,31,1510,1,2,2,2,6,2,7,98,0,0,,30.31045278,-81.57206111,12,6,1,2,3,1,0,3,2,0,,,,,,
120525,12,2020,3,7,7,22,39,105,0,2,3,3,5,2,2,3,1,1,0,,28.14342778,-81.61184722,12,1,0,1,1,1,0,2,1,0,,,,,,
120526,12,2020,3,18,4,18,54,9,1990,1,1,1,1,6,2,4,98,0,0,,28.12012778,-80.63860833,33,0,0,3,2,4,0,1,1,0,,,,,,
120527,12,2020,3,12,5,18,16,35,2439,1,2,2,1,1,2,1,1,1,0,,29.55986389,-81.22239722,12,1,0,1,1,1,0,1,10,0,,,,,,
120528,12,2020,1,31,6,16,28,103,0,1,2,2,2,1,2,1,1,1,0,,27.77911944,-82.65980556,25,0,1,5,1,4,0,5,2,0,,,,,,
120529,12,2020,3,1,1,1,27,57,2950,1,2,2,2,6,2,5,4,0,0,,27.95803611,-82.422375,12,6,0,2,2,1,0,3,1,0,,,,,,
120530,12,2020,3,1,1,2,47,111,0,1,2,2,1,1,2,1,1,1,0,,27.40473333,-80.38824444,12,6,0,1,1,1,0,2,1,0,,,,,,
120536,12,2020,2,9,1,20,20,83,0,1,4,4,6,1,1,1,1,1,0,,29.38408889,-82.23443889,12,1,0,1,1,1,0,2,1,0,,,,,,
120537,12,2020,2,14,6,11,7,81,0,1,1,1,1,9,2,5,98,0,0,,27.57381667,-82.50788889,8,0,0,8,1,1,0,1,1,0,,,,,,
120538,12,2020,3,21,7,12,50,31,1510,1,1,1,3,6,2,7,98,0,0,,30.24415833,-81.77715833,8,0,0,1,1,1,0,1,1,0,,,,,,
120539,12,2020,3,13,6,12,45,63,1930,1,1,1,1,3,1,4,1,0,0,,30.82272778,-85.32619722,42,0,0,1,1,6,0,1,1,0,,,,,,
120540,12,2020,3,6,6,23,59,15,0,2,2,2,3,2,2,3,1,1,0,,26.9643,-82.07433611,12,6,0,2,2,1,0,3,1,0,,,,,,
120541,12,2020,2,6,5,19,10,99,112,1,1,1,1,4,2,3,98,0,0,,26.58843056,-80.10516111,8,0,0,3,3,1,0,3,1,0,,,,,,
120542,12,2020,3,14,7,22,47,31,1510,1,1,1,2,3,2,4,1,0,0,,30.30605556,-81.75193333,8,0,1,3,2,1,0,3,1,0,,,,,,
120543,12,2020,3,16,2,4,15,1,0,2,2,2,2,4,1,5,98,0,0,,29.66274167,-82.59449444,12,2,0,1,1,1,0,2,1,0,,,,,,
120544,12,2020,3,22,1,20,30,29,0,1,1,1,2,9,1,7,98,0,0,,29.66258056,-83.03238611,32,0,0,1,1,4,0,2,1,0,,,,,,
120545,12,2020,3,17,3,14,21,95,0,1,2,2,2,2,1,3,1,1,0,,28.77686667,-81.62445556,12,2,0,2,3,1,0,1,1,0,,,,,,
120546,12,2020,3,20,6,23,55,81,0,1,2,2,2,2,2,3,1,1,0,,27.53213889,-82.56063611,12,2,0,2,2,1,0,3,1,0,,,,,,
120547,12,2020,2,12,4,11,20,95,2360,1,1,1,1,6,2,4,4,0,0,8,28.52411389,-81.34179167,42,0,0,1,1,4,0,1,1,0,,,,,,
120548,12,2020,2,25,3,20,18,75,540,1,1,1,2,2,1,3,1,1,0,,29.47409167,-82.8114,3,0,0,1,1,6,0,2,2,0,,,,,,
120550,12,2020,2,26,4,2,39,11,0,1,1,1,1,1,2,1,1,1,0,,26.14443056,-80.16988611,25,0,0,1,1,3,0,3,1,0,,,,,,
120551,12,2020,3,20,6,5,42,109,0,1,1,1,1,8,2,5,2,0,0,,29.97549444,-81.47565278,8,0,0,1,1,1,0,2,1,0,,,,,,
120552,12,2020,3,15,1,3,25,31,1510,1,2,2,2,3,2,3,1,1,0,,30.32700556,-81.57003056,12,2,0,1,1,1,0,3,1,0,,,,,,
120553,12,2020,3,18,4,3,4,99,330,1,1,1,2,6,2,7,98,0,0,,26.52536944,-80.06724167,42,0,0,3,3,4,0,3,1,0,,,,,,
120554,12,2020,3,21,7,22,15,99,0,1,1,1,1,8,2,3,2,0,0,,26.57901667,-80.14604444,8,0,0,1,1,1,0,3,1,0,,,,,,
120555,12,2020,3,15,1,20,1,11,771,1,1,1,1,3,2,2,1,1,0,,26.06609722,-80.21535833,25,0,1,5,1,4,0,3,1,0,,,,,,
120556,12,2020,3,23,2,5,25,21,0,1,2,2,2,3,1,3,1,1,0,,26.48562222,-81.43466944,12,2,0,2,3,1,4,3,1,0,,,,,,
120557,12,2020,3,12,5,21,49,5,0,1,2,2,4,3,2,4,1,0,0,,30.19348056,-85.82540833,1,0,0,2,2,1,0,3,1,0,,,,,,
120558,12,2020,3,19,5,14,40,41,0,1,1,1,2,4,1,6,98,0,0,,29.58580833,-82.72214722,1,0,0,1,1,4,0,1,1,0,,,,,,
120559,12,2020,3,12,5,22,55,33,0,1,1,1,1,3,2,4,1,0,0,,30.45838056,-87.23968611,8,0,0,3,2,1,0,2,1,0,,,,,,
120560,12,2020,3,17,3,18,37,71,0,1,1,1,1,2,2,3,1,1,0,,26.44831667,-81.81771667,8,0,0,3,2,1,0,5,1,0,,,,,,
120561,12,2020,3,9,2,7,19,115,0,3,7,5,5,1,2,1,1,1,0,,27.34200833,-82.44650833,12,7,0,1,1,1,0,3,10,0,,,,,,
120562,12,2020,2,22,7,0,40,57,0,3,2,2,4,2,2,3,1,1,0,,28.0204,-82.17463333,12,2,0,1,1,1,0,2,1,0,,,,,,
120563,12,2020,3,8,1,17,50,33,0,1,1,1,2,4,1,6,98,0,0,,30.36696389,-86.95332778,35,0,0,8,1,4,0,1,1,0,,,,,,
120564,12,2020,3,15,1,9,27,95,0,1,1,1,1,3,2,3,1,1,0,,28.60393056,-81.3075,8,0,0,1,1,1,0,1,1,0,,,,,,
120565,12,2020,3,13,6,17,30,71,0,1,3,3,5,9,2,4,98,0,0,,26.36131667,-81.76741667,33,0,0,1,1,3,0,1,1,0,,,,,,
120566,12,2020,3,15,1,18,40,11,2916,1,1,1,1,3,2,3,1,1,0,,26.13589444,-80.22825556,1,0,0,2,3,1,0,5,1,0,,,,,,
120567,12,2020,3,21,7,20,54,99,210,1,1,1,1,3,2,4,1,0,0,,26.67125,-80.68676111,8,0,0,3,3,1,0,2,10,0,,,,,,
120568,12,2020,1,3,6,21,39,53,0,1,1,1,2,4,2,4,2,0,0,,28.49123889,-82.54191944,9,0,0,3,2,1,0,3,1,0,21,41,21,45,,
120569,12,2020,2,21,6,20,31,57,0,1,1,1,1,3,2,3,1,1,0,,27.93718611,-82.08974167,59,0,0,1,1,4,0,3,1,0,,,,,,
120570,12,2020,2,23,1,18,21,71,1070,1,1,1,1,4,2,4,2,0,0,,26.57589167,-81.88420833,33,0,0,1,1,3,0,3,10,0,,,,,,
120571,12,2020,3,5,5,17,16,71,457,1,1,1,0,6,2,7,4,0,0,,26.56892778,-81.98249444,8,0,0,1,1,1,0,1,1,0,,,,,,
120572,12,2020,3,12,5,0,25,127,0,1,1,1,2,1,2,1,1,1,0,,28.95697778,-80.95386111,42,0,0,1,1,6,0,2,10,0,,,,,,
120573,12,2020,3,19,5,21,15,31,1510,1,1,1,1,2,2,3,1,1,0,,30.28724722,-81.50521667,9,0,0,1,1,1,0,3,1,0,,,,,,
120574,12,2020,3,18,4,22,4,101,0,1,1,1,2,4,2,4,98,0,0,,28.28053056,-82.69165278,8,0,0,1,1,1,0,2,1,0,22,4,22,10,,
120575,12,2020,3,3,3,15,33,73,2940,1,2,2,2,2,2,3,1,1,0,,30.47415833,-84.29402778,12,6,0,2,2,1,0,1,10,0,,,,,,
120576,12,2020,3,23,2,14,14,103,2730,1,1,1,1,2,2,3,1,1,0,,27.77438611,-82.67931667,8,0,0,1,1,1,0,1,1,0,,,,,,
120577,12,2020,1,3,6,19,48,11,760,1,2,2,6,8,2,4,1,0,0,,26.04789167,-80.16812778,12,6,0,2,3,1,0,3,1,0,,,,,,
120579,12,2020,1,3,6,7,56,51,0,1,1,1,1,3,1,3,1,1,0,,26.67306944,-81.43643889,9,0,0,1,1,1,0,4,5,0,,,,,,
120580,12,2020,1,12,1,4,7,11,760,1,2,2,5,2,2,3,1,1,0,,26.04866667,-80.143575,12,1,0,1,1,1,0,3,1,0,,,,,,
120581,12,2020,1,11,7,6,46,81,340,1,1,1,2,2,2,3,1,1,0,,27.48908611,-82.57526667,8,0,0,3,2,1,0,1,10,0,,,,,,
120582,12,2020,1,14,3,9,45,31,1510,1,4,4,4,2,2,3,1,1,0,,30.54437222,-81.621625,12,6,0,1,1,1,0,1,1,0,,,,,,
120583,12,2020,1,1,4,1,58,127,0,1,1,1,2,9,1,7,98,0,0,,28.95609444,-81.06381667,31,0,0,1,1,6,0,2,1,0,,,,,,
120584,12,2020,1,18,7,13,38,57,2950,1,1,1,2,6,2,6,4,0,0,,27.91275556,-82.45369722,30,0,0,1,1,4,0,1,1,0,,,,,,
120585,12,2020,1,20,2,14,57,57,2950,1,2,2,2,6,2,4,98,0,0,,27.97045,-82.40153056,12,1,0,2,2,1,0,1,1,0,,,,,,
120586,12,2020,1,14,3,8,5,86,2010,1,3,1,1,6,2,7,98,0,0,,25.80071389,-80.20007222,14,0,0,1,1,5,0,1,1,0,,,,,,
120587,12,2020,1,16,5,20,25,127,920,1,1,1,1,2,2,3,1,1,0,,29.05223889,-80.93861944,8,0,0,1,1,1,0,3,1,0,,,,,,
120589,12,2020,1,22,4,9,59,71,457,1,1,1,1,8,6,96,96,0,0,8,26.56221111,-82.00936111,39,0,0,1,1,5,0,1,1,0,,,,,,
120590,12,2020,1,19,1,12,13,11,9997,1,1,1,1,2,2,3,1,1,0,,26.16479167,-80.20318333,8,0,0,3,2,1,0,1,1,0,,,,,,
120591,12,2020,1,18,7,10,25,11,1420,1,2,2,2,3,1,3,1,1,0,,25.99622778,-80.16714167,12,6,0,2,3,1,0,1,1,0,,,,,,
120592,12,2020,1,29,4,1,8,97,1590,1,2,2,2,8,2,4,2,0,0,,28.30431389,-81.35369722,12,1,0,1,1,1,0,2,1,0,,,,,,
120593,12,2020,1,16,5,11,45,86,0,1,2,2,2,3,2,3,1,1,0,,25.62861944,-80.35458889,12,6,1,2,2,1,0,1,1,0,,,,,,
120594,12,2020,1,29,4,14,28,103,0,1,2,2,2,2,2,3,1,1,0,,27.86735,-82.62553333,12,6,0,8,1,1,0,1,1,0,,,,,,
120596,12,2020,1,15,4,19,0,115,2780,1,1,1,1,2,2,3,1,1,0,15,27.35152778,-82.53029722,8,0,0,1,1,1,0,3,1,0,,,,,,
120598,12,2020,2,4,3,18,20,9,3000,1,1,1,1,2,2,3,1,1,0,,28.50745,-80.78441667,32,0,1,3,3,3,0,3,1,0,,,,,,
120599,12,2020,2,3,2,22,30,95,2360,1,1,1,1,6,2,3,4,0,0,,28.43095556,-81.30515278,31,0,0,1,1,4,0,3,1,0,,,,,,
120600,12,2020,2,10,2,12,14,105,1690,1,2,2,2,4,1,5,2,0,0,,27.994225,-81.92409722,8,0,0,1,1,1,0,1,1,0,,,,,,
120601,12,2020,2,9,1,17,25,9,0,1,1,1,2,1,2,1,1,1,0,,28.45201111,-80.82105833,1,0,1,5,1,4,0,1,1,0,,,,,,
120602,12,2020,2,5,4,12,35,103,0,1,2,2,3,9,2,4,98,0,0,,27.82096111,-82.73101111,12,6,0,4,1,1,0,1,1,0,,,,,,
120603,12,2020,2,8,7,19,22,105,0,1,1,1,2,6,2,5,98,0,0,,27.95249722,-81.726675,8,0,0,1,1,1,0,3,1,0,,,,,,
120604,12,2020,2,11,3,9,3,103,0,1,1,1,2,3,2,3,1,1,0,,27.89451667,-82.77082222,9,0,0,3,2,1,0,1,1,0,,,,,,
120606,12,2020,2,15,7,8,31,101,0,1,1,1,1,8,2,5,2,0,0,,28.23678889,-82.64476667,9,0,1,3,2,1,0,1,1,0,8,29,8,36,,
120607,12,2020,2,9,1,18,19,61,0,1,2,2,3,2,2,3,1,1,0,,27.75204444,-80.43659444,12,6,0,2,2,1,0,5,1,0,,,,,,
120608,12,2020,2,20,5,22,34,53,0,1,1,1,1,2,2,3,1,1,0,,28.58463889,-82.55453889,1,0,0,1,1,4,0,2,1,0,22,35,22,43,,
120609,12,2020,2,22,7,22,20,11,9997,1,1,1,2,2,2,3,1,1,0,,26.16492222,-80.20301111,33,0,0,1,1,3,0,3,2,0,,,,,,
120611,12,2020,2,18,3,13,15,71,0,1,1,1,1,8,2,7,26,0,0,,26.557375,-81.90404444,38,0,0,8,1,4,0,1,1,0,,,,,,
120614,12,2020,2,17,2,9,1,86,2023,1,2,2,2,2,2,3,1,1,0,143,25.96862778,-80.20594167,42,0,0,1,1,3,0,1,1,0,,,,,,
120615,12,2020,2,21,6,22,49,57,0,1,1,1,2,3,2,3,1,1,0,,27.93783056,-82.27750833,9,0,0,3,2,1,0,3,1,0,,,,,,
120616,12,2020,2,29,7,20,50,11,672,1,1,1,1,6,2,4,4,0,0,,26.25921389,-80.24346667,8,0,0,1,1,1,0,3,1,0,,,,,,
120617,12,2020,2,27,5,0,30,86,2220,1,2,2,5,1,2,1,1,1,0,,25.89660556,-80.20948333,12,1,0,1,1,1,0,3,1,0,,,,,,
120618,12,2020,2,12,4,3,11,57,0,1,1,1,1,3,2,3,1,0,0,,27.92281667,-82.35308889,8,0,0,1,1,1,0,3,1,0,,,,,,
120619,12,2020,2,14,6,20,20,9,0,1,2,2,5,2,2,3,1,1,0,,28.65918889,-80.84283889,12,6,0,2,2,1,0,1,1,0,,,,,,
120620,12,2020,3,7,7,19,19,103,1770,1,1,1,1,3,2,3,1,1,0,,27.89418333,-82.74499167,8,0,0,1,1,1,0,3,1,0,,,,,,
120621,12,2020,3,7,7,19,19,103,2530,1,1,1,1,3,2,3,1,1,0,,27.83914167,-82.70387222,9,0,0,3,2,1,0,3,1,0,,,,,,
120622,12,2020,3,5,5,11,35,115,0,1,4,4,4,1,2,1,1,1,0,,27.34200833,-82.44650833,57,0,0,1,1,1,0,1,1,0,,,,,,
120623,12,2020,3,8,1,19,50,31,1510,1,1,1,2,2,2,3,1,1,0,,30.47053889,-81.63161667,8,0,0,1,1,1,0,3,1,0,,,,,,
120624,12,2020,3,4,4,19,5,105,0,1,1,1,1,8,2,7,2,0,0,,27.94559167,-81.91945278,1,0,0,1,1,1,0,2,1,0,,,,,,
120625,12,2020,3,12,5,14,9,31,1510,1,2,2,3,2,2,3,1,1,0,,30.28216389,-81.72030278,12,2,0,2,2,1,0,1,1,0,,,,,,
120626,12,2020,2,25,3,22,30,86,2010,1,2,2,7,1,2,1,1,1,0,,25.94115,-80.19014444,12,1,0,1,1,1,0,3,1,0,,,,,,
120627,12,2020,3,4,4,18,47,95,0,1,1,1,2,6,2,7,4,0,0,,28.54717778,-81.42008333,9,0,0,1,1,1,0,5,1,0,,,,,,
120628,12,2020,3,10,3,22,6,35,0,1,1,1,1,3,2,4,1,0,0,,29.62106667,-81.20466667,46,0,0,3,3,4,0,2,10,0,,,,,,
120629,12,2020,3,15,1,11,50,131,0,1,1,1,1,4,1,5,98,0,0,,30.85496944,-86.08794167,1,0,0,1,1,4,0,1,1,0,,,,,,
120630,12,2020,3,14,7,23,32,69,0,1,2,2,4,8,2,5,98,0,0,,28.57283611,-81.736,12,2,0,2,3,1,0,2,1,0,,,,,,
120631,12,2020,3,17,3,18,30,1,1130,1,1,1,1,3,2,4,1,0,0,,29.63008056,-82.37263889,8,0,0,1,1,1,0,1,1,0,,,,,,
120632,12,2020,3,15,1,16,15,69,0,1,1,1,1,4,2,5,98,0,0,,28.52471667,-81.78409167,38,0,0,1,1,4,0,1,1,0,,,,,,
120633,12,2020,3,16,2,19,55,73,2940,1,1,1,3,2,2,4,1,0,0,,30.44788333,-84.32755,8,0,0,3,2,4,0,3,1,0,,,,,,
120634,12,2020,3,20,6,21,17,57,2950,1,2,2,2,3,2,3,1,1,0,,27.98148611,-82.44911944,8,0,0,1,1,1,0,3,1,0,,,,,,
120635,12,2020,3,12,5,21,55,115,0,1,1,1,1,8,2,5,98,0,0,,27.14018611,-82.47550556,33,0,0,1,1,4,0,2,1,0,,,,,,
120636,12,2020,2,9,1,14,12,69,960,1,2,2,3,2,2,3,1,1,0,,28.82198889,-81.70515278,12,6,0,2,3,1,0,1,1,0,,,,,,
120639,12,2020,3,16,2,22,33,86,2020,1,3,1,3,2,2,3,1,1,0,,25.7739,-80.14343889,8,0,0,1,1,5,4,3,1,0,,,,,,
120640,12,2020,3,15,1,11,3,105,160,1,2,2,4,2,2,3,1,1,0,,27.91281944,-81.84408056,12,6,1,2,2,1,0,1,1,0,,,,,,
120641,12,2020,3,21,7,6,13,105,160,1,1,1,1,2,2,3,1,1,0,,27.90680556,-81.82950278,42,0,0,1,1,4,0,6,1,0,,,,,,
120642,12,2020,3,21,7,23,5,86,2010,1,3,3,7,2,2,3,1,1,0,,25.74574444,-80.22173611,12,6,0,2,2,1,0,3,1,0,,,,,,
120643,12,2020,3,9,2,13,36,127,2375,1,1,1,2,2,2,3,1,1,0,,29.30421944,-81.09325556,1,0,0,1,1,1,0,1,1,0,,,,,,
120644,12,2020,3,10,3,15,20,57,0,1,1,1,1,2,2,3,1,1,0,,27.70409167,-82.45034167,24,0,0,1,1,4,0,1,10,0,,,,,,
120645,12,2020,2,27,5,3,13,119,0,1,2,2,2,2,1,3,1,1,0,,28.79983611,-82.05660833,12,2,0,1,1,1,4,2,1,0,3,12,3,18,,
120646,12,2020,3,17,3,3,7,1,0,1,1,1,2,1,2,1,1,1,0,,29.69056389,-82.44795556,1,0,0,1,1,3,0,3,10,0,,,,,,
120648,12,2020,3,13,6,20,28,95,0,1,1,1,1,3,1,3,1,1,0,,28.54726667,-81.09276944,8,0,0,1,1,1,0,2,1,0,,,,,,
120649,12,2020,3,17,3,20,44,103,0,1,1,1,3,2,2,3,1,1,0,,28.03261111,-82.7381,8,0,0,1,1,1,0,3,1,0,,,,,,
120650,12,2020,3,4,4,21,51,105,0,1,1,1,1,9,1,7,98,0,0,,28.25831667,-81.82435833,33,0,0,3,6,4,0,3,1,0,,,,,,
120651,12,2020,3,26,5,6,35,95,70,1,1,1,1,2,2,3,1,1,0,,28.67304167,-81.50678056,8,0,1,18,1,1,0,4,1,0,,,,,,
120652,12,2020,3,22,1,17,32,55,0,1,1,1,1,2,2,3,1,1,0,,27.39325556,-81.41516944,1,0,0,1,1,3,0,1,1,0,,,,,,
120653,12,2020,2,25,3,19,27,11,760,1,4,4,7,1,2,1,1,1,0,,26.08188889,-80.16878056,8,0,1,20,1,1,0,2,1,0,,,,,,
120654,12,2020,3,1,1,20,28,97,0,1,1,1,1,2,2,3,1,1,0,,28.30406389,-81.453475,8,0,0,1,1,1,0,3,1,0,,,,,,
120655,12,2020,2,18,3,4,5,97,0,1,2,2,3,2,1,3,1,1,0,,28.12353889,-80.96289444,12,2,0,1,1,1,0,2,5,0,,,,,,
120656,12,2020,3,4,4,21,26,95,0,1,1,1,1,3,2,3,1,1,0,,28.55204167,-81.46757222,8,0,0,3,2,1,0,3,1,0,,,,,,
120657,12,2020,3,23,2,0,40,71,0,1,1,1,2,8,2,6,2,0,0,,26.56151667,-81.66466667,43,0,0,1,1,1,4,2,1,0,,,,,,
120658,12,2020,3,23,2,21,0,83,220,1,1,1,2,2,2,3,1,1,0,,29.07259444,-82.07209722,8,0,0,1,1,1,0,3,1,0,,,,,,
120659,12,2020,3,23,2,20,44,29,0,1,1,1,2,3,1,4,1,0,0,,29.66613056,-82.98416667,8,0,0,1,1,1,0,2,1,0,,,,,,
120660,12,2020,1,18,7,7,24,11,771,1,2,2,2,3,2,2,1,1,0,,26.09032222,-80.21648889,12,1,0,1,1,1,0,1,1,0,,,,,,
120661,12,2020,3,22,1,13,12,93,0,1,3,3,4,3,2,3,1,1,0,,27.243525,-80.86777222,12,1,0,3,3,1,0,1,1,0,,,,,,
120662,12,2020,3,16,2,9,25,71,0,3,2,2,3,3,2,4,1,0,0,,26.47780556,-81.95125556,12,2,0,1,1,1,0,1,1,0,,,,,,
120663,12,2020,3,21,7,22,31,71,0,1,1,1,1,1,1,1,1,1,0,,26.71947778,-81.81615278,24,0,0,1,1,3,0,2,1,0,,,,,,
120664,12,2020,3,23,2,10,13,81,340,1,2,2,3,6,2,7,4,0,0,,27.49140556,-82.53033056,12,6,0,2,2,1,0,1,1,0,,,,,,
120665,12,2020,3,23,2,21,56,57,0,1,1,1,1,4,2,4,2,0,0,,27.92316111,-82.28575,8,0,0,3,2,1,0,3,1,0,,,,,,
120666,12,2020,3,17,3,18,16,127,2375,1,2,2,4,6,2,5,4,0,0,,29.268425,-81.06442222,12,6,0,2,2,1,0,1,1,0,,,,,,
120667,12,2020,3,19,5,23,5,69,0,1,3,3,3,3,1,3,1,0,0,,28.85790833,-81.51696667,12,1,0,3,3,1,4,2,1,0,,,,,,
120668,12,2020,3,16,2,19,55,91,0,1,2,2,3,3,2,3,1,0,0,,30.50054722,-86.53621389,12,1,0,1,1,1,0,2,1,0,,,,,,
120669,12,2020,3,28,7,6,12,11,2260,1,2,1,1,1,2,1,1,1,0,,26.16235556,-80.16249167,1,0,0,1,1,1,0,3,1,0,,,,,,
120670,12,2020,3,21,7,11,38,101,0,1,1,1,1,9,1,5,98,0,0,,28.36529167,-82.23930556,1,0,0,1,1,4,0,1,1,0,11,40,11,49,,
120672,12,2020,3,25,4,21,9,107,0,1,1,1,1,8,1,7,2,0,0,,29.66199722,-81.87248333,9,0,0,1,1,1,0,2,1,0,,,,,,
120673,12,2020,3,19,5,21,53,99,0,1,2,2,2,6,2,4,4,0,0,,26.62874444,-80.09355833,12,2,0,2,2,1,0,3,1,0,,,,,,
120674,12,2020,3,28,7,14,46,27,0,1,1,1,2,2,1,3,1,1,0,,27.08409167,-81.95526667,1,0,0,1,1,4,0,1,1,0,,,,,,
120675,12,2020,3,20,6,14,45,55,0,1,2,2,2,2,1,3,1,1,0,,27.20834722,-81.32856667,12,6,0,2,2,1,0,1,1,0,,,,,,
120676,12,2020,3,18,4,21,0,19,0,1,1,1,1,3,2,3,1,1,0,,30.13243056,-81.78355,8,0,0,3,2,1,0,3,1,0,,,,,,
120677,12,2020,2,24,2,20,18,105,0,2,1,1,1,3,2,3,1,1,0,,27.92704722,-82.03689722,8,0,0,1,1,2,0,2,1,0,,,,,,
120679,12,2020,3,14,7,1,0,11,2570,1,1,1,1,3,2,3,1,1,0,,26.23142222,-80.14030833,8,0,0,1,1,1,0,3,1,0,,,,,,
120680,12,2020,3,30,2,11,0,89,0,1,2,2,2,3,1,3,1,1,0,,30.61523333,-81.70426667,12,1,0,1,1,1,0,1,1,0,,,,,,
120681,12,2020,3,20,6,11,50,33,0,1,2,2,2,2,2,3,1,1,0,,30.42880556,-87.27047778,12,6,0,2,3,1,0,1,1,0,,,,,,
120682,12,2020,3,25,4,23,24,71,312,1,1,1,1,4,2,4,98,0,0,,26.33139722,-81.75393889,8,0,0,1,1,1,0,3,1,0,,,,,,
120683,12,2020,2,26,4,20,50,86,0,1,1,1,1,8,1,7,98,0,0,,25.47326667,-80.40078889,3,0,0,1,1,6,0,8,98,0,,,,,,
120684,12,2020,3,22,1,22,59,57,0,1,2,1,3,1,2,1,1,1,0,,28.0559,-82.35363889,14,0,0,1,1,5,0,3,1,0,,,,,,
120685,12,2020,3,20,6,10,40,86,2010,1,2,1,1,6,2,7,98,0,0,,25.80448611,-80.22358056,8,0,0,3,2,1,0,1,1,0,,,,,,
120686,12,2020,3,25,4,17,53,95,0,1,2,2,2,3,2,4,1,0,0,,28.47540556,-81.283325,12,6,0,2,3,1,0,1,1,0,,,,,,
120688,12,2020,3,21,7,18,10,83,0,1,1,1,1,6,1,6,98,0,0,,29.03818611,-81.8366,42,0,0,1,1,4,0,1,1,0,,,,,,
120689,12,2020,3,3,3,23,3,69,2970,1,1,1,1,3,2,4,1,0,0,,28.79825278,-81.73982778,8,0,0,1,1,1,0,3,1,0,,,,,,
120690,12,2020,3,19,5,9,27,105,0,1,3,3,3,8,2,7,2,0,0,,28.16481944,-81.63165833,12,6,0,2,2,1,0,1,1,0,,,,,,
120691,12,2020,4,1,4,7,25,9,0,1,1,1,1,9,1,5,98,0,0,,28.71743333,-80.73741667,1,0,0,1,1,4,0,1,1,0,,,,,,
120692,12,2020,3,29,1,23,35,111,1080,1,2,2,2,2,2,3,1,1,0,,27.38302222,-80.32585833,12,1,0,1,1,1,0,3,1,0,,,,,,
120694,12,2020,4,1,4,6,28,35,0,1,2,2,3,2,2,3,1,1,0,,29.36890833,-81.17380556,32,0,0,1,1,4,0,2,1,0,,,,,,
120696,12,2020,3,28,7,22,18,47,0,1,2,2,3,2,1,4,1,0,0,,30.45243056,-82.93259722,12,2,0,8,1,1,0,3,1,0,,,,,,
120697,12,2020,3,31,3,17,19,103,0,1,2,2,2,2,2,3,1,1,0,,28.09585278,-82.739525,12,6,0,1,1,1,0,1,1,0,,,,,,
120698,12,2020,3,27,6,22,32,69,0,1,1,1,2,4,1,5,98,0,0,,28.72261667,-81.67885556,8,0,0,1,1,1,0,2,1,0,,,,,,
120699,12,2020,3,21,7,19,55,95,0,1,2,2,3,4,2,3,2,1,0,,28.351825,-81.235725,12,6,0,3,3,1,0,2,1,0,,,,,,
120700,12,2020,4,1,4,18,44,97,0,1,1,1,1,2,2,3,1,1,0,,28.28689722,-81.35525833,8,0,1,3,2,1,0,1,1,0,,,,,,
120701,12,2020,3,25,4,17,46,103,1770,1,1,1,1,3,2,4,1,0,0,,27.91646944,-82.76081667,33,0,0,1,1,4,0,1,1,0,,,,,,
120702,12,2020,4,2,5,21,7,5,2450,1,2,2,4,2,2,3,1,1,0,,30.18071111,-85.71701667,12,6,0,2,2,1,0,3,1,0,,,,,,
120703,12,2020,3,24,3,0,2,105,1740,1,1,1,2,2,2,3,1,1,0,,27.91051667,-81.60256389,8,0,0,1,1,1,0,2,1,0,,,,,,
120704,12,2020,4,1,4,22,8,99,0,1,1,1,1,2,2,3,1,1,0,,26.43671667,-80.20432778,8,0,0,1,1,1,0,2,1,0,,,,,,
120705,12,2020,3,22,1,13,8,93,0,1,1,1,2,2,2,3,1,1,0,,27.27643056,-80.82908611,9,0,0,2,3,1,0,1,1,0,,,,,,
120706,12,2020,1,30,5,18,51,99,3190,1,1,1,1,8,1,7,98,0,0,,26.80095833,-80.19792222,1,0,0,1,1,1,0,3,1,0,,,,,,
120707,12,2020,3,20,6,4,30,127,0,1,1,1,1,9,1,7,98,0,0,,28.85148056,-80.86268889,11,0,0,1,1,1,0,2,1,0,,,,,,
120708,12,2020,4,4,7,20,53,11,1050,1,1,1,1,2,2,3,1,1,0,,26.13659722,-80.13697778,33,0,0,1,1,3,0,3,10,0,,,,,,