st_case,state,year,month,day,day_week,hour,minute,county,city,fatals_crash,vehicles_total,vehicles_in_transport,persons_total,route,rural_urban,functional_system,road_owner,nhs,special_jurisdiction,milepoint,latitude,longitude,first_harmful_event,manner_collision,rel_jct_interchange,rel_jct_location,intersection_type,relation_to_road,work_zone,light_condition,weather,school_bus_related,ems_notified_hour,ems_notified_min,ems_arrival_hour,ems_arrival_min,hospital_hour,hospital_min
121258,12,2020,5,23,7,20,23,17,0,1,1,1,1,8,1,6,2,0,0,,28.86263056,-82.32391667,42,0,0,1,1,4,0,3,1,0,20,24,20,31,,
121259,12,2020,5,20,4,7,9,53,0,1,1,1,1,1,1,1,1,1,0,,28.44906667,-82.27724167,1,0,0,1,1,4,0,2,1,0,7,6,7,20,,
121261,12,2020,5,31,1,0,40,53,0,1,1,1,1,4,2,4,98,0,0,,28.46026667,-82.54541667,8,0,0,1,1,1,0,3,10,0,0,44,0,50,,
121262,12,2020,6,5,6,14,8,53,0,2,2,2,2,4,1,5,98,0,0,,28.50045,-82.35233056,12,6,0,2,3,1,0,1,1,0,,,,,,
121263,12,2020,5,23,7,17,57,53,0,1,2,2,3,3,1,3,1,1,0,,28.50793889,-82.18350556,12,2,0,2,3,1,0,1,10,0,17,57,18,3,,
121264,12,2020,5,25,2,10,13,57,0,1,2,2,3,3,2,3,1,1,0,,28.05438056,-82.33436667,12,6,0,2,3,1,0,1,10,0,,,,,,
121265,12,2020,5,30,7,1,0,101,0,1,5,5,6,2,2,3,1,1,0,,28.33841667,-82.69913889,12,1,0,2,2,1,0,3,1,0,1,2,1,11,,
121266,12,2020,6,4,5,21,17,81,0,1,1,1,1,8,2,4,98,0,0,,27.42741667,-82.54681667,8,0,0,1,1,2,0,2,10,0,,,,,,
121267,12,2020,6,8,2,11,13,101,0,1,1,1,2,4,1,5,2,0,0,,28.31013056,-82.25788889,30,0,0,1,1,4,0,1,1,0,11,20,11,26,,
121268,12,2020,5,30,7,18,40,31,1510,1,1,1,1,6,1,5,4,0,0,,30.4781,-81.75055833,32,0,0,1,1,4,0,1,1,0,,,,,,
121269,12,2020,5,28,5,4,30,11,2948,2,2,2,5,3,2,3,1,1,0,,26.19378611,-80.21997222,12,6,0,2,2,1,0,1,10,0,,,,,,
121270,12,2020,5,12,3,5,0,57,2950,1,2,2,4,2,2,3,1,1,0,,27.99593333,-82.50605556,8,0,0,1,1,1,0,3,1,0,,,,,,
121271,12,2020,6,6,7,1,27,86,2010,1,1,1,1,6,2,7,98,0,0,,25.79619722,-80.19770556,19,0,0,3,2,6,0,6,1,0,,,,,,
121272,12,2020,5,30,7,1,19,101,2590,1,1,1,1,2,2,3,1,1,0,,28.28120556,-82.71675278,8,0,0,1,1,1,0,3,1,0,,,,,,
121273,12,2020,6,9,3,3,0,83,0,1,1,1,1,1,2,1,1,1,0,,29.11962778,-82.18471667,8,0,0,1,1,1,0,2,10,0,,,,,,
121274,12,2020,6,3,4,21,57,29,0,1,1,1,2,3,1,4,1,0,0,,29.75953056,-82.98223889,8,0,0,1,1,1,0,2,10,0,,,,,,
121275,12,2020,6,6,7,3,27,57,2950,2,3,3,4,1,2,1,1,1,0,,27.95070278,-82.52260556,12,2,0,1,1,1,4,3,2,0,,,,,,
121276,12,2020,6,1,2,12,54,105,0,2,4,4,5,2,2,3,1,1,0,,27.73367778,-81.57393056,12,1,0,1,1,1,0,1,1,0,,,,,,
121277,12,2020,5,8,6,8,23,61,0,1,1,1,1,3,2,4,1,0,0,,27.56279167,-80.32525556,9,0,0,8,1,1,0,1,1,0,,,,,,
121278,12,2020,5,17,1,20,45,117,0,2,4,4,6,1,2,1,1,1,0,,28.78525833,-81.35123056,12,1,0,1,1,1,0,3,2,0,,,,,,
121279,12,2020,6,11,5,22,41,81,0,1,1,1,2,3,1,3,1,1,0,,27.38714167,-82.25352778,34,0,0,1,1,4,0,2,10,0,,,,,,
121280,12,2020,6,5,6,2,15,57,2950,1,1,1,1,6,2,6,4,0,0,,27.92032222,-82.45855,33,0,0,1,1,4,0,3,10,0,,,,,,
121284,12,2020,5,21,5,12,49,86,2152,1,2,2,4,2,2,3,1,1,0,,25.52540833,-80.4217,12,6,1,2,2,1,0,1,10,0,,,,,,
121286,12,2020,5,25,2,16,49,45,2600,1,2,2,5,2,1,3,1,1,0,,29.80120278,-85.30124167,12,2,0,1,1,1,0,1,2,0,,,,,,
121287,12,2020,6,12,6,22,58,103,0,1,1,1,1,4,2,4,98,0,0,,27.82106944,-82.66833056,8,0,0,1,1,1,0,2,10,0,,,,,,
121288,12,2020,6,12,6,17,18,57,0,1,2,2,5,4,2,4,98,0,0,,28.05688889,-82.53136111,12,6,0,2,2,1,0,1,1,0,,,,,,
121289,12,2020,6,14,1,10,30,31,1510,1,2,2,2,2,2,3,1,1,0,,30.31094167,-81.70525833,12,6,0,2,2,1,0,1,1,0,,,,,,
121290,12,2020,4,24,6,14,46,73,2940,1,2,2,3,2,2,4,1,0,0,,30.44470556,-84.28436667,12,6,0,2,2,1,0,1,1,0,,,,,,
121291,12,2020,4,21,3,20,4,127,780,1,1,1,1,6,2,7,98,0,0,,29.185225,-81.08473333,33,0,0,1,1,4,0,1,1,0,,,,,,
121292,12,2020,4,29,4,20,43,127,780,1,1,1,5,3,2,3,1,1,0,26,29.23886944,-81.01405278,15,0,0,3,2,1,0,3,1,0,,,,,,
121293,12,2020,5,6,4,11,25,11,1050,1,1,1,1,3,2,4,1,0,0,,26.172625,-80.09989444,8,0,0,2,3,1,0,1,1,0,,,,,,
121294,12,2020,5,10,1,22,0,95,2290,1,3,3,4,8,2,5,2,0,0,,28.52982222,-81.54176944,12,6,1,2,2,1,0,3,1,0,,,,,,
121295,12,2020,5,10,1,18,4,11,2948,1,2,2,3,3,2,3,1,1,0,,26.18734444,-80.18067778,12,6,0,1,1,1,0,1,2,0,,,,,,
121296,12,2020,5,12,3,21,30,11,1780,1,1,1,1,6,2,4,98,0,0,,26.20696667,-80.09420278,8,0,0,1,1,1,0,3,1,0,,,,,,
121297,12,2020,5,20,4,20,45,57,0,1,1,1,2,4,2,3,2,0,0,,28.08073056,-82.41770556,8,0,0,1,1,1,0,3,10,0,,,,,,
121298,12,2020,5,15,6,14,10,86,2441,1,1,1,1,2,2,3,1,1,0,,25.60229722,-80.35256667,9,0,0,2,2,1,0,1,10,0,,,,,,
121299,12,2020,5,15,6,6,14,85,0,1,4,4,5,2,1,4,1,0,0,,27.001325,-80.62203889,12,2,0,1,1,1,0,4,1,0,,,,,,
121300,12,2020,5,30,7,15,10,39,0,1,1,1,1,1,1,1,1,1,0,,30.62896667,-84.88555556,42,0,0,1,1,4,0,1,10,0,,,,,,
121301,12,2020,6,12,6,15,47,95,0,1,4,4,6,3,2,3,1,1,0,,28.55165833,-81.53800833,12,1,0,2,2,1,0,1,1,0,,,,,,
121302,12,2020,6,13,7,14,14,95,70,1,1,1,3,3,2,3,1,1,0,,28.69840556,-81.55894167,33,0,0,3,2,4,0,1,10,0,,,,,,
121303,12,2020,6,2,3,21,40,86,0,1,2,2,2,3,2,3,1,1,0,,25.80166111,-80.24003611,12,1,0,1,1,1,0,3,1,0,,,,,,
121304,12,2020,6,5,6,23,15,86,0,1,1,1,1,3,2,3,1,1,0,,25.8682,-80.23576389,8,0,0,1,1,1,0,3,1,0,,,,,,
121305,12,2020,6,14,1,4,25,86,1030,1,1,1,1,3,2,3,4,1,0,,25.45068056,-80.47717778,8,0,1,18,1,1,0,3,1,0,,,,,,
121306,12,2020,6,1,2,0,0,105,1270,1,1,1,1,6,1,7,98,0,0,,28.10675833,-81.59531389,9,0,0,1,1,2,0,2,1,0,,,,,,
121307,12,2020,5,29,6,0,30,86,0,1,1,1,1,3,2,3,1,1,0,,25.51006667,-80.47776944,5,0,0,1,1,6,4,2,10,0,,,,,,
121308,12,2020,6,11,5,23,0,21,0,1,1,1,1,9,2,5,98,0,0,,26.06896667,-81.70680278,42,0,0,1,1,4,0,3,1,0,,,,,,
121309,12,2020,6,11,5,22,50,21,0,2,1,1,2,8,2,7,26,0,0,,26.29255833,-81.78403889,3,0,0,1,1,4,0,2,1,0,,,,,,
121310,12,2020,5,24,1,21,17,119,0,1,2,2,2,1,1,1,1,1,0,,28.85771667,-82.08981667,12,1,0,1,1,1,0,2,1,0,21,26,21,26,,
121311,12,2020,6,8,2,0,17,31,1510,1,2,2,5,3,2,4,1,0,0,,30.24826667,-81.77820833,12,6,0,4,1,1,0,3,10,0,,,,,,
121312,12,2020,6,10,4,9,30,121,0,1,2,2,2,1,1,1,1,1,0,,30.30005,-82.90780278,12,1,0,1,1,1,0,1,10,0,,,,,,
121313,12,2020,6,10,4,23,55,1,10,2,1,1,2,4,1,5,98,0,0,,29.75861944,-82.49368333,59,0,0,1,1,4,0,2,1,0,,,,,,
121314,12,2020,6,3,4,22,53,31,1510,1,1,1,1,3,2,4,1,0,0,,30.42993889,-81.65796667,8,0,0,1,1,1,0,3,10,0,,,,,,
121315,12,2020,6,3,4,10,0,31,1510,1,1,1,1,3,2,3,1,1,0,,30.2784,-81.82355556,9,0,0,1,1,4,0,1,1,0,,,,,,
121316,12,2020,6,2,3,0,0,101,0,1,1,1,1,4,1,5,98,0,0,,28.32841667,-82.16875,8,0,1,3,3,1,0,2,1,0,0,55,1,5,,
121317,12,2020,6,8,2,16,0,95,0,1,2,2,3,3,2,3,1,1,0,,28.54503611,-81.45841667,12,6,0,2,3,1,0,1,1,0,,,,,,
121318,12,2020,6,8,2,11,22,11,633,1,3,3,3,6,2,4,1,0,0,,26.27840278,-80.18630556,12,6,0,2,3,1,4,1,1,0,,,,,,
121319,12,2020,6,13,7,22,36,11,2468,1,2,2,5,3,2,3,1,1,0,,25.99499167,-80.23125556,12,6,0,2,3,1,0,3,1,0,,,,,,
121320,12,2020,6,8,2,15,30,57,2950,1,1,1,2,6,2,7,4,0,0,,27.99129722,-82.42036667,5,0,0,3,2,1,0,1,1,0,,,,,,
121321,12,2020,1,31,6,19,8,86,1980,1,1,1,1,6,2,3,4,0,0,,25.84075278,-80.33400278,30,0,0,3,3,4,0,3,1,0,,,,,,
121322,12,2020,6,9,3,11,32,105,0,1,1,1,1,8,2,7,26,0,0,,27.94115556,-82.00666111,33,0,0,1,1,4,0,1,10,0,,,,,,
121323,12,2020,6,7,1,18,23,99,0,2,4,4,8,3,2,3,1,1,0,,26.61730556,-80.20292778,12,1,0,1,1,1,0,1,1,0,,,,,,
121324,12,2020,5,29,6,20,10,86,0,1,2,2,2,6,2,7,98,0,0,,25.88145278,-80.21251944,12,6,0,2,4,1,0,5,1,0,,,,,,
121325,12,2020,6,12,6,1,6,86,0,1,1,1,1,3,2,2,1,1,0,,25.62533889,-80.37891944,21,0,0,1,1,4,0,3,1,0,,,,,,
121326,12,2020,6,4,5,6,45,105,1690,1,5,5,8,1,2,1,1,1,0,,28.07935556,-81.97791667,12,6,0,1,1,1,0,1,2,0,,,,,,
121327,12,2020,6,2,3,6,10,86,0,1,2,2,2,2,1,3,1,1,0,,25.91296667,-80.40158889,12,1,0,1,1,1,0,1,1,0,,,,,,
121328,12,2020,6,13,7,3,22,103,2530,1,1,1,1,3,2,3,1,1,0,,27.83930278,-82.70406667,8,0,0,3,2,1,0,3,2,0,,,,,,
121329,12,2020,3,28,7,17,20,86,0,1,1,1,1,6,2,5,4,0,0,,25.69153611,-80.40218611,42,0,0,1,1,3,0,1,1,0,,,,,,
121330,12,2020,6,9,3,19,30,95,0,1,1,1,1,3,2,2,1,1,0,,28.50411667,-81.24500278,59,0,0,1,1,4,0,3,2,0,,,,,,
121331,12,2020,6,6,7,19,4,86,0,1,2,2,2,2,2,3,1,1,0,,25.50759167,-80.43833333,12,2,0,8,1,1,0,1,1,0,,,,,,
121332,12,2020,5,31,1,21,0,86,2220,1,2,2,2,3,2,4,1,0,0,,25.89968611,-80.18081667,12,6,0,2,2,1,0,3,1,0,,,,,,
121333,12,2020,6,5,6,1,30,86,2010,1,1,1,2,3,2,3,1,1,0,,25.79189167,-80.23960278,33,0,0,1,1,4,0,3,1,0,,,,,,
121334,12,2020,6,6,7,22,47,95,0,1,1,1,1,8,2,7,2,0,0,,28.41454722,-81.22270833,33,0,0,3,2,4,0,2,2,0,,,,,,
121335,12,2020,6,8,2,22,58,107,0,1,1,1,1,2,2,3,1,1,0,,29.60710556,-81.58415556,8,0,0,1,1,1,0,2,10,0,,,,,,
121336,12,2020,6,4,5,22,50,127,0,1,1,1,2,8,1,7,2,0,0,,28.71556944,-81.02006667,30,0,0,1,1,4,0,2,1,0,,,,,,
121337,12,2020,5,30,7,0,14,39,0,1,2,2,3,1,1,1,1,1,0,,30.62068056,-84.8382,12,1,0,1,1,1,0,2,5,0,,,,,,
121338,12,2020,6,8,2,21,5,71,0,1,3,3,5,3,2,3,1,1,0,,26.68666667,-81.86753611,9,0,0,2,3,1,0,2,1,0,,,,,,
121339,12,2020,6,2,3,10,21,31,1510,1,2,2,3,1,2,1,1,1,0,,30.4383,-81.72460556,12,1,0,1,1,1,0,1,1,0,,,,,,
121340,12,2020,6,7,1,21,33,105,0,1,2,2,3,2,2,3,1,1,0,,28.15069444,-81.97381389,12,1,0,1,1,1,0,2,1,0,,,,,,
121341,12,2020,6,9,3,20,35,21,2150,1,1,1,1,8,1,7,40,0,0,,26.30593611,-81.71393611,38,0,0,1,1,6,0,2,10,0,,,,,,
121342,12,2020,5,29,6,17,16,85,0,1,2,2,2,2,2,3,1,1,0,,27.24281667,-80.27136667,12,6,0,2,3,1,0,1,10,0,,,,,,
121343,12,2020,5,29,6,7,0,107,0,1,2,2,2,2,1,3,1,1,0,,29.56064722,-81.65845,12,2,0,1,1,1,0,1,1,0,,,,,,
121344,12,2020,6,11,5,5,35,9,0,3,2,2,5,1,2,1,1,1,0,,28.50469722,-80.84098611,12,6,0,1,1,1,0,4,1,0,,,,,,
121345,12,2020,6,14,1,13,47,113,0,1,1,1,1,1,2,1,1,1,0,,30.61626667,-86.97110556,42,0,0,1,1,6,0,1,1,0,,,,,,
121346,12,2020,6,10,4,0,34,99,1190,1,1,1,1,3,2,3,1,1,0,,26.61930556,-80.14493333,33,0,0,1,1,4,0,3,1,0,,,,,,
121347,12,2020,6,12,6,6,10,99,1846,2,1,1,2,6,2,7,98,0,0,,26.71036111,-80.29705,1,0,0,1,1,4,0,2,1,0,,,,,,
121348,12,2020,6,14,1,23,10,86,2023,1,2,2,2,6,2,5,4,0,0,,25.97125,-80.26252222,12,6,0,2,2,1,0,3,1,0,,,,,,
121349,12,2020,6,18,5,1,54,127,0,1,2,2,2,1,2,1,1,1,0,,28.93748333,-80.94421667,12,1,0,1,1,1,0,3,1,0,,,,,,
121350,12,2020,6,11,5,19,37,27,0,1,1,1,2,3,1,3,1,1,0,,27.27243611,-82.008075,38,0,0,1,1,4,0,5,2,0,,,,,,
121351,12,2020,3,3,3,19,45,105,1740,1,1,1,2,3,2,3,1,1,0,,27.89666389,-81.59363333,8,0,0,3,3,1,0,3,1,0,,,,,,
121352,12,2020,6,14,1,21,25,105,0,1,2,2,5,3,2,3,1,1,0,,28.05379722,-81.77629167,12,6,0,2,2,1,0,3,1,0,,,,,,
121353,12,2020,6,7,1,2,5,86,0,2,2,2,3,3,2,4,1,0,0,,25.89746111,-80.23554444,12,6,0,2,2,1,0,6,1,0,,,,,,
121354,12,2020,6,17,4,23,56,71,457,1,1,1,1,6,2,5,4,0,0,,26.682155560000002,-81.97526944,32,0,0,1,1,4,0,3,1,0,,,,,,
121355,12,2020,6,16,3,20,40,75,2382,1,1,1,1,6,1,7,98,0,0,,29.32726667,-82.77221389,5,0,0,1,1,1,0,5,1,0,,,,,,
121356,12,2020,6,20,7,2,38,31,1510,1,1,1,1,6,2,7,98,0,0,,30.13336667,-81.54321944,3,0,0,1,1,4,0,3,1,0,,,,,,
121357,12,2020,6,17,4,1,43,86,844,1,2,2,1,6,2,5,98,0,0,,25.79478056,-80.35301944,12,6,0,1,1,11,0,2,1,0,,,,,,
121358,12,2020,5,23,7,18,22,103,570,1,2,2,2,6,2,7,98,0,0,,27.94498056,-82.78087778,12,6,0,8,1,1,0,1,1,0,,,,,,
121359,12,2020,6,11,5,2,17,11,1420,1,1,1,1,3,2,3,1,1,0,,26.00781944,-80.29955,15,0,0,1,1,1,0,3,1,0,,,,,,
121360,12,2020,6,11,5,18,55,86,0,1,1,1,1,6,2,7,98,0,0,,25.7361,-80.38114167,8,0,0,1,1,1,0,1,1,0,,,,,,
121361,12,2020,6,10,4,5,30,127,0,1,1,1,1,4,1,6,98,0,0,,28.84655,-81.06340833,8,0,0,1,1,1,0,2,1,0,,,,,,
121362,12,2020,6,6,7,1,2,86,0,2,1,1,2,3,2,2,1,1,0,,25.64820556,-80.38537778,21,0,1,19,1,3,0,2,10,0,,,,,,
121363,12,2020,3,7,7,19,8,1,1130,1,1,1,1,3,2,3,1,1,0,,29.65193611,-82.31355,8,0,0,1,1,1,0,3,1,0,,,,,,
121364,12,2020,6,1,2,22,50,83,0,1,1,1,3,1,2,1,1,1,0,,29.20210833,-82.18448611,8,0,0,1,1,1,0,2,1,0,,,,,,
121365,12,2020,6,2,3,21,18,115,0,1,1,1,2,8,2,5,2,0,0,,27.32683056,-82.45847778,9,0,0,1,1,1,0,2,1,0,,,,,,
121366,12,2020,6,8,2,17,58,57,0,1,2,2,3,2,2,3,1,1,0,,28.03356667,-82.34903889,12,1,0,3,2,1,0,1,1,0,,,,,,
121367,12,2020,6,13,7,2,10,9,0,1,1,1,1,6,2,5,4,0,0,,28.1322,-80.69905833,34,0,0,3,3,4,0,2,1,0,,,,,,
121368,12,2020,6,15,2,17,3,75,2382,1,3,3,5,2,1,3,1,1,0,,29.32744722,-82.76868611,12,6,0,2,2,1,0,1,1,0,,,,,,
121369,12,2020,6,18,5,15,14,91,835,1,1,1,1,2,2,3,1,1,0,,30.38719722,-86.45640833,33,0,1,3,2,4,4,1,1,0,,,,,,
121370,12,2020,6,5,6,20,54,86,0,1,2,2,3,6,2,7,98,0,0,,25.60293333,-80.36479722,12,2,0,3,3,1,0,3,1,0,,,,,,
121371,12,2020,6,20,7,1,13,127,780,1,1,1,1,3,2,4,1,0,0,,29.22848056,-81.02672222,8,0,0,3,2,1,0,3,10,0,,,,,,
121372,12,2020,6,16,3,5,24,11,2541,1,1,1,1,3,2,3,1,1,0,,26.148775,-80.24787778,33,0,0,1,1,4,0,3,1,0,,,,,,
121373,12,2020,6,15,2,0,45,81,0,1,1,1,1,2,2,3,1,1,0,,27.54478333,-82.47318056,43,0,0,1,1,3,4,3,1,0,,,,,,
121374,12,2020,6,17,4,7,38,87,1568,1,1,1,1,2,2,3,1,1,0,,25.12809167,-80.41053611,9,0,0,1,1,1,0,1,1,0,,,,,,
121377,12,2020,6,13,7,4,40,83,0,1,2,2,3,2,2,3,1,1,0,,28.98750278,-81.9913,12,2,0,1,1,1,0,2,1,0,,,,,,
121378,12,2020,3,29,1,17,55,11,1050,1,2,2,2,3,2,4,1,0,0,,26.10732222,-80.15364722,12,6,0,1,1,1,0,1,1,0,,,,,,
121379,12,2020,6,3,4,1,13,57,0,1,2,1,2,2,2,3,1,1,0,,28.00307222,-82.35621111,31,0,0,8,1,4,0,3,1,0,,,,,,
121380,12,2020,6,22,2,2,45,11,0,1,3,3,5,6,2,4,1,0,0,,26.13979167,-80.18658056,12,6,0,2,3,1,0,3,1,0,,,,,,
121381,12,2020,6,19,6,23,2,86,2010,2,2,2,4,3,2,3,1,1,0,,25.78986667,-80.26466667,12,1,0,1,1,1,0,3,10,0,,,,,,
121382,12,2020,6,17,4,1,45,111,0,1,1,1,1,4,2,5,98,0,0,,27.39794444,-80.30320556,43,0,0,1,1,4,0,2,1,0,,,,,,
121383,12,2020,6,16,3,15,53,21,0,2,2,2,4,1,1,1,1,1,0,,26.16889722,-81.05940833,12,2,0,1,1,1,0,1,1,0,,,,,,
121384,12,2020,6,9,3,8,40,75,0,1,2,2,2,4,1,6,2,0,0,,29.56206667,-82.83975833,12,6,0,2,3,1,0,1,10,0,,,,,,
121385,12,2020,6,12,6,15,29,11,0,1,1,1,4,2,2,3,1,1,0,,26.14429444,-80.44165556,1,0,0,1,1,3,0,1,1,0,,,,,,
121386,12,2020,6,5,6,7,33,115,0,1,2,2,2,9,2,5,98,0,0,,27.29501667,-82.45161667,12,6,0,2,2,1,0,1,10,0,,,,,,
121387,12,2020,6,15,2,20,55,15,0,1,2,2,2,3,2,4,1,0,0,,26.93318611,-82.22634722,12,6,0,2,2,1,0,3,1,0,,,,,,
121388,12,2020,5,27,4,21,50,101,0,1,2,2,2,9,2,5,98,0,0,,28.35645833,-82.67496667,12,2,0,2,3,1,0,2,1,0,21,52,21,58,,
121389,12,2020,6,13,7,17,53,9,0,1,1,1,1,3,2,4,1,0,0,,27.97144167,-80.51051667,8,0,0,1,1,1,0,1,1,0,,,,,,
121390,12,2020,4,30,5,18,39,95,2360,1,1,1,3,2,2,3,1,1,0,,28.55303889,-81.38818889,8,0,0,1,1,1,0,1,1,0,,,,,,
121391,12,2020,5,30,7,4,45,105,0,1,1,1,1,1,1,1,1,1,0,,28.23732222,-81.65297778,8,0,1,20,1,1,4,4,1,0,,,,,,
121392,12,2020,6,21,1,12,56,99,0,1,3,3,3,3,2,3,1,1,0,,26.71551111,-80.110875,12,6,0,2,2,1,0,1,1,0,,,,,,
121393,12,2020,6,23,3,8,21,99,0,1,2,2,3,8,2,3,2,1,0,,26.51063056,-80.14743056,12,6,0,2,3,1,0,1,10,0,,,,,,
121394,12,2020,6,22,2,18,21,71,0,1,1,1,2,8,2,7,2,0,0,,26.57661944,-81.69146667,43,0,0,1,1,6,0,1,1,0,,,,,,
121395,12,2020,6,18,5,18,30,121,0,1,1,1,1,1,1,1,1,1,0,,30.29561667,-82.89273889,1,0,0,1,1,4,0,1,1,0,,,,,,
121396,12,2020,6,21,1,9,14,117,0,1,1,1,1,6,2,5,98,0,0,,28.69719722,-81.44470833,9,0,0,1,1,1,0,1,1,0,,,,,,
121397,12,2020,6,1,2,20,41,93,0,1,2,2,6,3,2,3,1,1,0,,27.25219722,-80.77585,12,1,0,1,1,1,0,2,1,0,,,,,,
121398,12,2020,6,18,5,21,37,73,0,1,2,2,4,2,2,3,1,1,0,,30.41920833,-84.14023056,12,6,1,2,3,1,0,2,1,0,,,,,,
121400,12,2020,6,16,3,22,0,85,0,1,1,1,1,2,2,3,1,1,0,,27.02878056,-80.11001389,9,0,0,1,1,1,0,2,1,0,,,,,,
121401,12,2020,6,1,2,0,44,127,2340,1,1,1,1,6,2,4,98,0,0,,28.92126667,-81.29765,8,0,0,3,2,1,0,3,10,0,,,,,,
121402,12,2020,6,19,6,23,8,131,0,1,1,1,2,4,1,4,98,0,0,,30.33711667,-86.18210556,9,0,0,1,1,1,0,2,1,0,,,,,,
121403,12,2020,6,19,6,20,10,1,0,1,1,1,1,4,1,5,98,0,0,,29.74116944,-82.27666944,35,0,0,1,1,4,0,1,2,0,,,,,,
121404,12,2020,6,22,2,14,42,115,0,1,2,2,3,4,1,4,98,0,0,,26.99780833,-82.29566389,12,2,0,1,1,1,0,1,1,0,,,,,,
121405,12,2020,6,22,2,8,52,81,0,1,1,1,1,3,1,3,1,1,0,,27.41906667,-82.36348056,9,0,0,3,3,1,0,1,1,0,,,,,,
121406,12,2020,6,17,4,10,10,83,0,1,1,1,2,4,1,5,98,0,0,,29.33534167,-81.96815278,38,0,0,1,1,5,0,1,1,0,,,,,,
121407,12,2020,6,22,2,1,52,86,844,1,3,3,4,6,2,4,98,0,0,,25.825875,-80.33832778,12,6,0,2,2,1,0,3,1,0,,,,,,
121408,12,2020,6,13,7,3,35,101,0,1,1,1,1,9,2,7,98,0,0,,28.17677222,-82.75716667,42,0,0,1,1,4,0,3,2,0,3,36,3,45,,
121409,12,2020,6,18,5,21,52,99,0,1,1,1,1,8,2,5,2,0,0,,26.62815833,-80.07780556,9,0,0,1,1,1,0,3,1,0,,,,,,
121410,12,2020,6,26,6,1,56,73,2940,1,2,2,2,3,2,5,1,1,0,,30.41253611,-84.28301944,12,6,0,2,2,1,0,3,1,0,,,,,,
121411,12,2020,6,16,3,6,50,105,0,1,2,2,4,2,1,3,1,1,0,,27.74804444,-81.74311944,12,6,0,1,1,1,0,1,10,0,,,,,,
121412,12,2020,6,16,3,20,8,105,0,2,3,3,3,3,2,4,1,0,0,,28.08766111,-81.90562778,12,8,0,1,1,1,0,2,2,0,,,,,,
121413,12,2020,5,5,3,16,0,115,2780,1,2,2,2,2,2,3,1,1,0,,27.32285278,-82.52971667,12,8,0,2,2,1,0,1,1,0,,,,,,
121414,12,2020,6,6,7,12,10,86,0,1,1,1,1,3,2,2,1,1,0,,25.89390556,-80.38779167,33,0,0,1,1,4,0,1,10,0,,,,,,
121415,12,2020,6,7,1,10,5,91,0,3,2,2,4,3,1,3,1,1,0,,30.68025278,-86.5701,12,6,0,1,1,1,0,1,10,0,,,,,,
121416,12,2020,6,25,5,14,20,89,0,1,1,1,1,3,2,4,1,0,0,,30.58011944,-81.45394444,9,0,0,4,1,1,0,1,10,0,,,,,,
121417,12,2020,6,10,4,11,46,69,0,1,2,2,3,4,1,5,2,0,0,,28.87714167,-81.48580556,59,0,0,3,3,3,0,1,1,0,,,,,,
121418,12,2020,6,10,4,19,23,57,0,1,2,2,3,3,2,4,1,0,0,,28.00698889,-82.39360833,12,6,0,2,3,1,0,1,10,0,,,,,,
121419,12,2020,6,19,6,0,2,99,290,1,3,3,3,1,2,1,1,1,0,,26.41160833,-80.09014444,12,1,0,1,1,1,0,3,10,0,,,,,,
121420,12,2020,6,12,6,19,32,97,0,1,2,2,3,8,2,4,2,0,0,,28.22474444,-81.43951667,12,2,0,1,1,1,0,1,1,0,,,,,,
121421,12,2020,5,31,1,1,17,115,0,1,1,1,3,9,2,5,98,0,0,,26.98731111,-82.399575,42,0,0,1,1,4,0,2,1,0,,,,,,
121422,12,2020,6,11,5,20,50,83,0,1,1,1,1,4,1,5,98,0,0,,28.96200556,-82.11988056,8,0,0,1,1,1,0,2,1,0,,,,,,
121423,12,2020,6,18,5,22,14,33,0,1,1,1,1,9,2,4,98,0,0,,30.46191389,-87.33675278,25,0,0,1,1,3,0,3,1,0,,,,,,
121424,12,2020,6,21,1,14,32,57,0,1,2,1,2,2,2,3,1,1,0,,27.84996667,-82.381825,33,0,0,1,1,4,0,1,1,0,,,,,,
121425,12,2020,6,25,5,10,44,57,0,1,2,2,2,4,2,3,2,0,0,,28.08064167,-82.42365556,12,6,0,2,3,1,0,1,1,0,,,,,,
121426,12,2020,2,19,4,20,23,11,2948,1,1,1,1,6,2,4,98,0,0,,26.19772222,-80.28813333,8,0,0,1,1,1,0,3,1,0,,,,,,
121427,12,2020,5,30,7,15,3,86,2010,1,1,1,3,2,2,4,1,0,0,,25.80881111,-80.25015556,9,0,0,1,1,1,0,1,1,0,,,,,,
121428,12,2020,6,21,1,11,54,53,0,1,1,1,1,8,2,7,2,0,0,,28.51554722,-82.18011389,1,0,0,1,1,5,0,1,1,0,11,56,12,5,,
121429,12,2020,6,25,5,16,6,71,0,1,3,3,4,2,2,3,1,1,0,,26.69137778,-81.88733056,12,6,0,2,3,1,0,1,1,0,,,,,,
121430,12,2020,6,21,1,5,12,11,1050,1,1,1,1,3,2,4,1,0,0,,26.10063056,-80.12345556,8,0,0,1,1,1,0,4,1,0,,,,,,
121431,12,2020,6,25,5,16,15,103,2960,1,1,1,1,2,2,4,1,0,0,,28.16004444,-82.75683889,46,0,0,3,2,4,0,1,1,0,,,,,,
121432,12,2020,6,5,6,16,31,69,0,1,1,1,1,4,1,5,98,0,0,,28.83820833,-81.81476111,30,0,0,1,1,4,0,1,1,0,,,,,,
121433,12,2020,6,20,7,17,22,93,0,1,2,2,4,3,2,3,1,1,0,,27.22095833,-80.76498056,12,2,0,1,1,1,0,1,10,0,,,,,,
121434,12,2020,6,22,2,22,55,51,0,1,1,1,1,2,1,3,1,1,0,,26.75354167,-81.05585556,11,0,0,1,1,1,0,2,10,0,,,,,,
121435,12,2020,6,21,1,21,2,95,2360,1,1,1,2,6,2,5,98,0,0,,28.52186667,-81.38877778,34,0,0,1,1,4,0,3,1,0,,,,,,