st_case,state,year,month,day,day_week,hour,minute,county,city,fatals_crash,vehicles_total,vehicles_in_transport,persons_total,route,rural_urban,functional_system,road_owner,nhs,special_jurisdiction,milepoint,latitude,longitude,first_harmful_event,manner_collision,rel_jct_interchange,rel_jct_location,intersection_type,relation_to_road,work_zone,light_condition,weather,school_bus_related,ems_notified_hour,ems_notified_min,ems_arrival_hour,ems_arrival_min,hospital_hour,hospital_min
121436,12,2020,6,12,6,17,10,81,0,1,2,2,2,9,2,5,98,0,0,,27.47673611,-82.58769722,12,2,0,2,3,1,0,1,1,0,,,,,,
121437,12,2020,6,17,4,14,30,127,0,1,2,2,4,1,1,1,1,1,0,,29.06888056,-81.18301667,24,0,0,1,1,3,0,1,2,0,,,,,,
121438,12,2020,6,30,3,9,35,31,1510,1,2,2,2,2,2,3,1,1,0,,30.30279167,-81.97891667,12,1,0,3,2,1,0,1,1,0,,,,,,
121439,12,2020,5,31,1,13,29,86,0,1,1,1,2,3,2,3,1,1,0,,25.88903056,-80.24335556,11,0,0,1,1,1,0,1,1,0,,,,,,
121440,12,2020,6,27,7,13,38,99,330,1,2,2,2,3,2,3,1,1,0,,26.52815556,-80.08247778,12,6,0,2,2,1,0,1,1,0,,,,,,
121442,12,2020,6,15,2,1,50,97,0,1,1,1,1,6,2,4,98,0,0,,28.30756389,-81.58975833,33,0,0,1,1,4,0,2,1,0,,,,,,
121443,12,2020,6,23,3,22,20,99,290,1,2,2,3,1,2,1,1,1,0,,26.42338611,-80.09026944,25,0,0,1,1,3,0,3,1,0,,,,,,
121444,12,2020,6,22,2,2,29,95,2360,1,2,2,3,1,2,1,1,1,0,,28.49871111,-81.42896667,12,1,0,1,1,1,0,3,1,0,,,,,,
121445,12,2020,6,30,3,12,40,31,1510,1,1,1,1,6,2,5,98,0,0,,30.35788611,-81.49009722,3,0,0,1,1,5,0,1,1,0,,,,,,
121446,12,2020,6,27,7,17,46,111,0,1,1,1,1,4,1,4,98,0,0,,27.44796111,-80.54673333,24,0,0,1,1,4,0,1,1,0,,,,,,
121447,12,2020,6,24,4,5,0,121,0,1,1,1,1,3,1,4,1,0,0,,30.21431667,-83.08362778,1,0,0,1,1,4,0,2,1,0,,,,,,
121448,12,2020,6,30,3,16,5,9,0,1,1,1,1,1,1,1,1,1,0,,28.77774167,-80.89560833,42,0,0,1,1,4,0,1,1,0,,,,,,
121449,12,2020,5,28,5,9,57,61,0,1,2,2,2,4,2,4,98,0,0,,27.71925278,-80.46255,12,6,0,2,2,1,0,1,1,0,,,,,,
121450,12,2020,6,22,2,15,16,1,0,2,2,2,3,2,1,3,1,1,0,,29.55875833,-82.33124722,12,6,0,1,1,1,0,1,10,0,,,,,,
121451,12,2020,6,18,5,22,3,113,0,1,1,1,1,2,2,3,1,1,0,,30.40176667,-86.88228889,8,0,1,3,2,1,0,3,1,0,,,,,,
121452,12,2020,6,26,6,8,2,9,0,1,1,1,1,2,2,3,1,1,0,,27.85670556,-80.49184444,9,0,0,1,1,1,0,1,1,0,,,,,,
121453,12,2020,6,13,7,22,19,11,0,1,1,1,5,1,1,1,1,1,0,,26.14658056,-80.65933056,1,0,0,1,1,4,0,2,1,0,,,,,,
121454,12,2020,6,28,1,14,11,57,0,1,2,2,3,2,1,3,1,1,0,,28.15691667,-82.21829444,12,2,0,1,1,1,0,1,10,0,,,,,,
121455,12,2020,6,18,5,6,50,83,2270,1,2,2,2,3,2,3,1,1,0,,29.18634722,-82.16867222,12,6,0,2,2,1,0,1,1,0,,,,,,
121456,12,2020,6,25,5,12,49,57,0,1,2,2,2,1,2,1,1,1,0,,27.95234722,-82.51010833,8,0,0,1,1,2,0,1,1,0,,,,,,
121457,12,2020,6,24,4,13,9,81,0,2,10,10,13,1,1,1,1,1,0,,27.38922222,-82.44929722,12,1,0,1,1,1,0,1,10,0,,,,,,
121458,12,2020,6,27,7,17,19,115,0,2,2,2,4,3,1,4,1,0,0,,27.19331667,-82.14071389,12,2,0,1,1,1,0,1,10,0,,,,,,
121459,12,2020,6,29,2,10,30,5,0,1,1,1,2,2,1,3,1,1,0,,30.32324444,-85.45233333,34,0,0,1,1,4,0,1,1,0,,,,,,
121460,12,2020,6,25,5,14,54,101,0,1,1,1,1,2,2,3,1,1,0,,28.28878889,-82.71245833,9,0,0,1,1,1,0,1,1,0,14,51,14,57,,
121461,12,2020,6,14,1,1,0,5,0,1,1,1,1,4,2,5,98,0,0,,30.29448056,-85.54223056,35,0,0,1,1,4,0,2,1,0,,,,,,
121463,12,2020,6,24,4,13,45,57,2950,1,2,2,2,2,2,3,1,1,0,,27.95720278,-82.50546111,9,0,0,3,2,1,0,1,1,0,,,,,,
121464,12,2020,6,26,6,22,41,57,2950,1,1,1,3,6,2,7,98,0,0,,28.02393056,-82.44734167,15,0,0,3,2,1,0,2,1,0,,,,,,
121465,12,2020,6,27,7,19,55,103,2730,1,2,2,6,2,2,3,1,1,0,,27.75556667,-82.67953056,12,6,0,2,2,1,0,5,1,0,,,,,,
121466,12,2020,7,1,4,8,41,57,0,1,3,3,3,9,2,4,98,0,0,,28.01716111,-82.53396111,12,8,0,1,1,1,0,1,10,0,,,,,,
121468,12,2020,6,21,1,2,7,71,0,1,1,1,1,6,2,5,98,0,0,,26.54791667,-81.90766111,59,0,0,3,3,4,0,2,1,0,,,,,,
121469,12,2020,6,22,2,11,40,11,2916,1,2,2,2,3,2,2,1,1,0,,26.18992778,-80.2955,12,6,1,18,1,1,0,1,10,0,,,,,,
121470,12,2020,7,3,6,19,34,105,1690,1,1,1,4,3,2,4,1,0,0,,28.00333056,-81.97515278,8,0,0,3,2,1,0,5,1,0,,,,,,
121471,12,2020,6,14,1,2,40,31,0,1,1,1,2,2,2,3,1,1,0,,30.28791667,-81.44483889,8,0,0,1,1,1,0,3,1,0,,,,,,
121472,12,2020,6,28,1,7,17,86,2010,1,1,1,1,6,2,7,4,0,0,,25.73971667,-80.15774722,9,0,1,2,4,1,0,1,1,0,,,,,,
121473,12,2020,6,24,4,15,36,85,2900,1,2,2,3,2,2,3,1,1,0,,27.16228611,-80.22488056,12,6,1,2,2,1,0,1,1,0,,,,,,
121474,12,2020,6,28,1,16,43,1,0,1,2,2,3,9,2,4,98,0,0,,29.67415,-82.42543056,12,6,0,2,2,1,0,1,1,0,,,,,,
121475,12,2020,7,4,7,21,55,87,1568,1,2,2,2,2,2,3,1,1,0,,25.11129722,-80.4244,12,6,0,2,3,1,0,3,1,0,,,,,,
121476,12,2020,6,14,1,21,47,115,0,2,2,2,3,2,2,3,1,1,0,,27.15223889,-82.46696667,12,6,0,2,2,1,0,2,1,0,,,,,,
121477,12,2020,7,4,7,23,44,99,3190,1,1,1,1,6,2,3,4,0,0,,26.69752778,-80.08674444,8,0,0,1,1,1,0,3,10,0,,,,,,
121478,12,2020,7,5,1,20,42,31,1510,1,2,2,2,2,2,3,1,1,0,,30.30755833,-81.62069722,12,6,0,2,2,1,0,3,1,0,,,,,,
121479,12,2020,2,4,3,18,28,105,0,1,3,3,5,9,1,7,98,0,0,,28.25886667,-81.77817778,12,8,0,1,1,1,0,5,1,0,,,,,,
121480,12,2020,6,21,1,14,16,101,750,1,1,1,1,6,1,7,98,0,0,,28.36149167,-82.17515278,1,0,0,1,1,4,0,1,1,0,,,,,,
121482,12,2020,6,22,2,9,44,103,860,1,2,2,2,3,2,3,1,1,0,,28.01944167,-82.758075,12,6,0,8,1,1,0,1,1,0,,,,,,
121483,12,2020,6,19,6,14,58,86,0,1,2,2,3,8,2,5,2,0,0,,25.73589167,-80.310975,12,6,0,8,1,1,0,1,1,0,,,,,,
121484,12,2020,6,27,7,23,10,86,0,1,1,1,2,9,2,7,98,0,0,,25.86245556,-80.21391944,8,0,0,1,1,1,0,2,1,0,,,,,,
121485,12,2020,5,17,1,23,25,115,2235,1,1,1,1,1,2,1,1,1,0,,27.09939444,-82.19381667,31,0,0,1,1,4,0,2,5,0,,,,,,
121486,12,2020,6,26,6,8,25,57,0,1,2,2,2,1,2,1,1,1,0,,27.74742778,-82.37954167,12,1,0,1,1,1,4,1,1,0,,,,,,
121487,12,2020,6,29,2,4,49,57,0,1,2,2,1,1,2,1,1,1,0,,28.03696389,-82.06769444,12,1,0,1,1,1,0,3,1,0,,,,,,
121488,12,2020,7,4,7,16,50,9,0,1,1,1,2,2,2,3,1,1,0,,28.26160833,-80.68810833,59,0,0,3,2,4,0,1,2,0,,,,,,
121489,12,2020,6,28,1,0,35,83,0,1,1,1,1,6,1,7,98,0,0,,29.34925833,-81.90985,59,0,0,1,1,4,0,2,1,0,,,,,,
121490,12,2020,6,14,1,12,27,101,0,1,2,2,4,2,2,3,1,1,0,,28.18236944,-82.74036667,12,6,0,2,2,1,0,1,1,0,,,,,,
121491,12,2020,6,14,1,12,18,103,1770,1,1,1,1,2,2,3,1,1,0,,27.91620833,-82.72983056,9,0,0,3,2,1,0,1,1,0,,,,,,
121492,12,2020,6,26,6,7,49,61,3070,1,2,2,2,6,2,4,1,0,0,,27.63775278,-80.43019722,12,6,0,8,1,1,0,1,1,0,,,,,,
121493,12,2020,6,24,4,11,57,99,2431,1,1,1,1,6,2,5,4,0,0,,26.867,-80.13101667,9,0,0,3,3,1,0,1,10,0,,,,,,
121494,12,2020,7,7,3,2,57,99,3190,1,1,1,1,8,2,4,2,0,0,,26.75706667,-80.06045833,8,0,0,1,1,1,0,3,1,0,,,,,,
121496,12,2020,6,29,2,10,23,57,0,1,2,2,2,9,2,4,98,0,0,,28.00341667,-82.38065278,12,6,0,2,3,1,0,1,1,0,,,,,,
121497,12,2020,6,25,5,5,58,86,2010,1,1,1,1,6,2,4,4,0,0,,25.80442778,-80.22366667,8,0,0,3,2,1,0,3,1,0,,,,,,
121498,12,2020,6,13,7,2,0,86,0,1,1,1,1,3,2,3,1,1,0,,25.90421944,-80.24266667,33,0,0,1,1,4,0,3,1,0,,,,,,
121499,12,2020,7,6,2,10,1,115,0,1,1,1,1,1,1,1,1,1,0,,27.22513611,-82.44996111,42,0,0,1,1,4,0,1,1,0,,,,,,
121500,12,2020,6,27,7,1,14,31,0,1,1,1,1,1,2,1,1,1,0,,30.31406111,-81.66153333,25,0,0,1,1,3,0,3,10,0,,,,,,
121501,12,2020,6,23,3,21,23,111,1080,1,1,1,2,6,2,5,4,0,0,,27.44107778,-80.32127778,53,0,0,1,1,4,0,6,1,0,,,,,,
121502,12,2020,6,25,5,13,25,86,0,1,4,1,2,6,2,7,98,0,0,,25.76338889,-80.26731667,8,0,0,1,1,4,0,1,1,0,,,,,,
121503,12,2020,7,5,1,11,5,33,0,1,1,1,1,9,2,7,98,0,0,,30.50775833,-87.33093889,32,0,0,1,1,4,0,1,2,0,,,,,,
121504,12,2020,7,5,1,4,15,57,0,1,1,1,1,2,2,3,1,1,0,,27.99654167,-82.32984722,8,0,0,1,1,1,0,2,10,0,,,,,,
121506,12,2020,7,6,2,11,25,109,0,1,3,3,3,6,2,5,98,0,0,,30.11194444,-81.57801111,12,1,0,1,1,1,0,1,1,0,,,,,,
121507,12,2020,6,13,7,3,34,13,0,2,2,2,5,3,1,3,1,1,0,,30.431525,-85.28467222,12,2,0,1,1,1,0,2,1,0,,,,,,
121509,12,2020,7,3,6,15,10,103,2530,1,3,3,3,6,2,4,98,0,0,,27.85750278,-82.70026389,12,2,0,2,2,1,0,1,1,0,,,,,,
121510,12,2020,6,17,4,23,30,86,0,1,1,1,1,8,2,5,2,0,0,,25.50926389,-80.41243056,9,0,0,1,1,1,0,3,1,0,,,,,,
121511,12,2020,6,9,3,16,59,86,0,1,2,2,2,8,2,7,2,0,0,,25.53973889,-80.40822778,12,6,0,2,2,1,0,1,1,0,14,59,15,4,,
121513,12,2020,6,29,2,18,20,99,0,1,2,2,3,3,2,4,1,0,0,,26.75815,-80.214,12,2,0,1,1,1,0,1,1,0,,,,,,
121514,12,2020,6,30,3,21,7,99,0,1,1,1,3,6,2,6,4,0,0,,26.69175556,-80.18900833,9,0,0,1,1,1,0,3,10,0,,,,,,
121515,12,2020,7,2,5,12,37,79,0,1,1,1,1,1,1,1,1,1,0,,30.38916667,-83.32990833,30,0,0,1,1,4,0,1,1,0,,,,,,
121517,12,2020,7,4,7,23,42,9,0,1,1,1,1,1,2,1,1,1,0,,28.45638611,-80.81985556,30,0,1,5,1,4,0,3,10,0,,,,,,
121518,12,2020,6,30,3,0,25,103,0,1,1,1,1,2,2,3,1,1,0,,28.10279722,-82.73965556,8,0,0,1,1,1,0,3,1,0,,,,,,
121519,12,2020,7,2,5,7,50,103,2730,1,1,1,2,1,2,1,1,1,0,,27.87544167,-82.66360556,25,0,0,1,1,3,0,1,1,0,,,,,,
121520,12,2020,7,8,4,5,49,101,0,1,1,1,1,9,2,5,98,0,0,,28.24498889,-82.35943056,8,0,0,1,1,1,0,2,10,0,,,,,,
121521,12,2020,6,22,2,16,7,95,0,1,2,2,4,6,2,4,98,0,0,,28.53913056,-81.29145833,12,6,0,2,2,1,0,1,1,0,,,,,,
121522,12,2020,7,8,4,18,45,31,1510,1,1,1,1,6,2,4,4,0,0,,30.48594167,-81.67776667,32,0,0,1,1,4,0,1,10,0,,,,,,
121523,12,2020,7,3,6,17,10,95,2360,1,1,1,1,6,2,5,4,0,0,,28.52745556,-81.38884722,33,0,0,3,2,4,0,1,1,0,,,,,,
121524,12,2020,6,26,6,6,20,83,0,4,3,3,5,3,1,3,1,1,0,,29.04710833,-82.28999444,12,2,0,1,1,1,0,4,1,0,,,,,,
121526,12,2020,7,9,5,23,50,91,0,1,3,3,5,2,2,3,1,1,0,,30.39111667,-86.49058056,9,0,0,1,1,1,0,3,1,0,,,,,,
121527,12,2020,7,7,3,11,35,11,790,1,2,2,2,3,2,3,1,1,0,,26.31849167,-80.10785833,12,6,0,2,2,1,0,1,1,0,,,,,,
121528,12,2020,7,10,6,22,20,57,0,1,2,2,2,4,1,4,98,0,0,,28.14960833,-82.57938889,12,6,0,2,3,1,0,3,10,0,,,,,,
121529,12,2020,7,5,1,1,10,63,0,1,1,1,3,3,1,5,1,0,0,,30.94861944,-85.36395,35,0,0,1,1,4,0,2,1,0,,,,,,
121530,12,2020,6,5,6,0,23,57,2950,1,2,2,2,3,2,3,1,1,0,,27.94483056,-82.49320833,12,6,0,2,2,1,0,3,1,0,,,,,,
121531,12,2020,6,10,4,2,0,95,0,1,2,2,2,8,2,5,2,0,0,,28.53928889,-81.25260833,12,6,0,2,2,1,0,3,1,0,,,,,,
121532,12,2020,6,14,1,15,5,86,0,1,1,1,2,3,1,3,1,1,0,,25.88855278,-80.48483611,43,0,0,1,1,4,0,1,10,0,,,,,,
121533,12,2020,6,30,3,14,51,87,1505,1,2,2,2,2,2,3,1,1,0,,24.90891667,-80.64584722,12,6,0,1,1,1,0,1,1,0,,,,,,
121535,12,2020,7,4,7,13,14,86,1340,1,2,2,2,3,2,2,1,1,0,,25.86851389,-80.322825,12,1,0,1,1,1,0,1,1,0,,,,,,
121536,12,2020,6,29,2,22,30,101,0,1,2,2,2,3,2,3,1,1,0,,28.32528889,-82.32408889,12,6,1,2,2,1,0,3,1,0,22,27,22,38,,
121537,12,2020,6,12,6,21,42,95,0,1,2,2,3,9,2,4,98,0,0,,28.42145556,-81.39246667,12,7,0,1,1,1,0,2,1,0,,,,,,
121538,12,2020,7,6,2,23,25,23,0,1,2,2,3,2,1,3,1,1,0,,30.26641944,-82.63588056,12,2,0,1,1,1,0,2,2,0,,,,,,
121539,12,2020,7,8,4,17,49,33,0,1,1,1,2,8,2,7,2,0,0,,30.44243333,-87.22017778,8,0,0,1,1,2,0,1,10,0,,,,,,
121541,12,2020,6,18,5,10,15,86,2010,1,2,2,2,6,2,4,4,0,0,,25.78709444,-80.23131667,12,6,0,2,2,1,0,1,1,0,,,,,,
121542,12,2020,7,4,7,17,41,11,672,2,5,5,6,3,2,3,1,1,0,,26.24020278,-80.25453611,12,2,0,3,2,1,0,1,10,0,,,,,,
121543,12,2020,7,4,7,16,20,11,1050,1,2,2,2,3,2,3,1,1,0,,26.12114722,-80.19611944,12,6,0,2,3,1,0,1,10,0,,,,,,
121544,12,2020,6,24,4,9,26,17,0,1,3,3,3,4,1,4,2,0,0,,28.69845278,-82.45145278,12,6,0,2,2,1,0,1,10,0,,,,,,
121545,12,2020,7,3,6,3,20,109,0,1,2,2,2,1,1,1,1,1,0,,29.78825833,-81.36258056,12,1,0,1,1,1,4,2,1,0,,,,,,
121546,12,2020,6,21,1,17,40,63,0,1,1,1,1,2,1,4,1,0,0,,30.71963333,-85.05393333,35,0,0,1,1,4,0,1,1,0,,,,,,
121547,12,2020,6,12,6,12,8,93,0,2,2,2,5,2,2,3,1,1,0,,27.26468056,-80.86410833,12,6,0,1,1,1,0,1,1,0,,,,,,
121548,12,2020,6,30,3,22,2,99,290,1,3,3,3,1,2,1,1,1,0,,26.39749167,-80.09093056,12,6,0,1,1,1,0,3,2,0,,,,,,
121549,12,2020,7,8,4,6,22,95,0,1,1,1,1,9,2,5,98,0,0,,28.537675,-81.52287778,9,0,0,1,1,2,0,4,1,0,,,,,,
121550,12,2020,7,10,6,0,42,95,70,1,1,1,1,2,2,3,1,1,0,,28.68403056,-81.52996944,9,0,0,1,1,1,0,8,1,0,,,,,,
121551,12,2020,7,13,2,21,46,99,3190,2,2,2,3,6,2,3,4,0,0,,26.69101944,-80.07503056,12,6,0,2,2,1,0,3,1,0,,,,,,
121552,12,2020,7,4,7,22,16,81,0,1,1,1,2,3,2,3,1,1,0,,27.49226944,-82.47884167,8,0,0,3,2,1,0,2,1,0,,,,,,
121553,12,2020,7,13,2,18,3,11,2260,1,1,1,1,6,2,4,98,0,0,,26.19744444,-80.14718333,33,0,0,1,1,4,0,1,1,0,,,,,,
121554,12,2020,7,14,3,20,35,11,2468,1,2,2,3,3,2,3,1,1,0,,26.00935278,-80.24420278,12,1,0,2,3,1,0,3,1,0,,,,,,
121555,12,2020,7,11,7,17,8,93,0,1,1,1,1,4,1,5,98,0,0,,27.37627222,-80.97030556,38,0,0,1,1,6,0,1,10,0,,,,,,
121557,12,2020,6,7,1,0,55,31,1510,1,1,1,2,2,2,2,1,1,0,,30.35671667,-81.69710833,8,0,0,1,1,1,0,3,2,0,,,,,,
121558,12,2020,7,10,6,22,20,21,0,1,2,2,2,4,2,5,98,0,0,,26.23050556,-81.55395,12,1,0,1,1,1,4,2,1,0,,,,,,
121559,12,2020,6,21,1,23,3,71,0,1,1,1,4,1,1,1,1,1,0,,26.71683611,-81.813325,8,0,0,1,1,1,0,3,1,0,,,,,,
121560,12,2020,6,26,6,16,49,105,0,1,2,2,2,2,2,3,1,1,0,,28.04785833,-81.91201667,12,6,0,2,3,1,0,1,1,0,,,,,,
121561,12,2020,6,28,1,6,25,105,0,1,2,2,2,2,2,3,1,1,0,,28.00614167,-81.90559722,33,0,0,1,1,4,0,4,1,0,,,,,,
121562,12,2020,7,1,4,23,32,105,0,1,1,1,1,9,1,7,98,0,0,,27.84171944,-81.64133889,34,0,0,1,1,4,0,2,1,0,,,,,,
121563,12,2020,2,25,3,8,9,11,2468,1,1,1,1,6,2,3,4,1,0,,26.02855278,-80.34033889,1,0,0,1,1,4,0,1,1,0,,,,,,
121564,12,2020,5,13,4,16,40,99,0,1,2,2,2,8,2,5,2,0,0,,26.70487778,-80.18246944,12,1,0,3,3,1,0,1,10,0,,,,,,
121565,12,2020,5,26,3,16,14,89,0,1,2,2,6,3,2,4,1,0,0,,30.54240833,-81.77811667,12,1,0,1,1,1,0,1,2,0,,,,,,
121566,12,2020,6,2,3,11,5,31,1510,1,2,2,4,6,2,7,98,0,0,,30.12959722,-81.54099722,12,6,0,2,2,1,0,1,1,0,,,,,,
121567,12,2020,6,2,3,14,44,11,2570,1,2,2,2,2,2,3,1,1,0,,25.99417222,-80.14258056,12,7,0,1,1,1,0,1,1,0,,,,,,
121568,12,2020,6,6,7,2,0,71,1070,1,2,2,4,4,2,3,2,1,0,,26.59673056,-81.88179722,12,6,0,1,1,1,0,2,2,0,,,,,,
121569,12,2020,6,20,7,16,47,117,2770,1,2,2,2,2,2,3,1,1,0,80,28.74208056,-81.29869722,12,2,1,2,2,1,0,1,1,0,,,,,,
121570,12,2020,6,17,4,9,30,99,330,1,1,1,1,8,2,7,26,0,0,,26.48759444,-80.10162778,8,0,0,3,3,1,0,1,1,0,,,,,,
121571,12,2020,7,4,7,10,24,111,0,2,1,1,5,3,1,2,1,1,0,,27.48598056,-80.56435,24,0,0,1,1,4,0,1,1,0,,,,,,
121572,12,2020,7,11,7,1,35,7,0,1,1,1,1,4,1,6,2,0,0,,30.03049444,-82.21475278,42,0,0,1,1,4,0,2,1,0,,,,,,
121573,12,2020,7,10,6,11,45,23,0,1,2,2,2,6,2,5,4,0,0,,30.17713889,-82.67595,12,6,0,2,2,1,0,1,1,0,,,,,,
121574,12,2020,7,8,4,11,30,69,0,1,2,2,4,3,1,2,1,1,0,,28.66858056,-81.83974722,12,1,0,1,1,1,4,1,2,0,,,,,,
121575,12,2020,7,5,1,14,24,99,330,1,2,2,4,1,2,1,1,1,0,,26.53973056,-80.07264444,12,7,0,1,1,1,0,1,10,0,,,,,,
121576,12,2020,7,3,6,10,10,97,0,1,1,1,1,6,2,3,2,1,0,,28.29813333,-81.23893889,9,0,0,3,2,1,0,1,1,0,,,,,,
121577,12,2020,7,14,3,17,52,57,2950,1,2,2,2,2,2,3,1,1,0,,27.95183056,-82.43474722,12,9,1,2,3,1,0,1,1,0,,,,,,
121578,12,2020,6,15,2,0,29,53,0,1,1,1,1,2,2,3,1,1,0,,28.59970556,-82.55156667,43,0,0,1,1,6,0,2,10,0,1,12,1,24,,
121579,12,2020,6,16,3,18,2,85,0,1,1,1,1,1,2,1,1,1,0,,27.12401944,-80.27686667,1,0,0,1,1,6,0,1,1,0,,,,,,
121580,12,2020,7,4,7,22,54,11,2468,1,3,3,12,1,2,1,1,1,0,,25.98914167,-80.16604167,12,1,1,18,1,1,0,3,10,0,,,,,,
121581,12,2020,7,12,1,1,30,121,0,1,1,1,1,8,1,6,2,0,0,,30.05868056,-82.84989167,8,0,0,1,1,1,0,2,1,0,,,,,,
121582,12,2020,7,5,1,20,30,115,0,1,2,2,2,4,2,3,2,1,0,,27.38859444,-82.52801667,12,6,0,2,3,1,0,5,1,0,,,,,,
121583,12,2020,7,11,7,16,13,17,0,1,2,2,4,2,2,3,1,1,0,,28.78303056,-82.55925556,12,6,0,2,2,1,0,1,1,0,16,14,16,21,,
121584,12,2020,6,10,4,11,50,117,0,1,2,1,1,8,2,7,2,0,0,,28.66853333,-81.35393611,10,0,0,6,1,1,0,1,1,0,,,,,,
121585,12,2020,7,14,3,22,4,103,0,1,1,1,1,2,2,3,1,1,0,,27.88514444,-82.78704167,8,0,0,1,1,1,0,3,1,0,22,9,22,11,,
121586,12,2020,7,11,7,2,35,71,0,1,1,1,3,8,2,7,2,0,0,,26.61968056,-81.70820833,42,0,0,3,3,4,0,3,1,0,,,,,,
121587,12,2020,7,3,6,22,57,57,0,1,2,2,2,1,2,1,1,1,0,,27.85912778,-82.34710556,12,7,0,1,1,1,0,3,1,0,,,,,,
121588,12,2020,7,15,4,19,52,9,630,1,2,1,1,6,2,5,98,0,0,,28.30979167,-80.61103056,14,0,0,1,1,5,0,1,1,0,,,,,,
121589,12,2020,5,9,7,0,10,127,2190,1,1,1,1,8,2,5,2,0,0,,29.03340278,-80.93278056,1,0,0,1,1,1,0,3,1,0,,,,,,
121590,12,2020,6,24,4,14,45,105,1690,1,2,2,2,3,2,3,1,1,0,,28.05144722,-82.01380556,12,2,0,1,1,1,0,1,1,0,,,,,,
121591,12,2020,6,28,1,18,10,83,0,1,3,2,3,6,2,7,98,0,0,,29.08560833,-82.26853889,12,9,0,8,1,1,0,5,1,0,,,,,,
121592,12,2020,6,29,2,22,23,63,0,1,1,1,7,8,1,6,2,0,0,,30.6302,-85.08497222,34,0,0,3,3,4,0,2,1,0,,,,,,
121593,12,2020,7,2,5,4,49,33,0,2,2,2,3,2,2,3,1,1,0,,30.43274722,-87.27468333,24,0,0,1,1,4,0,4,10,0,,,,,,
121594,12,2020,7,4,7,21,52,11,2948,2,1,1,5,2,2,3,1,1,0,,26.190325,-80.20367778,30,0,0,1,1,4,0,3,1,0,,,,,,
121595,12,2020,6,29,2,22,20,55,1730,1,2,2,2,2,2,3,1,1,0,,27.29713889,-81.3584,12,6,0,2,2,1,0,3,1,0,,,,,,
121596,12,2020,7,9,5,3,40,33,0,1,2,2,3,3,2,4,1,0,0,,30.46474444,-87.24938056,8,0,0,1,1,1,0,2,1,0,,,,,,
121597,12,2020,7,14,3,1,35,81,0,2,2,2,2,4,2,3,2,1,0,,27.38905278,-82.51176667,12,2,0,1,1,1,0,2,1,0,,,,,,
121598,12,2020,7,17,6,16,19,99,3190,2,3,3,5,6,2,4,2,0,0,,26.729875,-80.08924444,12,6,0,1,1,1,0,1,10,0,,,,,,
121599,12,2020,1,5,1,23,45,69,580,1,2,2,2,3,2,3,1,1,0,,28.54673056,-81.73220556,8,0,0,3,3,1,0,2,1,0,,,,,,
121601,12,2020,7,3,6,21,10,89,0,1,2,2,3,4,1,5,2,0,0,,30.69675556,-81.88625,12,6,0,1,1,1,0,2,1,0,,,,,,
121602,12,2020,6,30,3,21,32,69,2970,1,2,2,3,3,2,4,1,0,0,,28.78490833,-81.74838333,12,6,0,2,2,1,0,3,1,0,,,,,,
121603,12,2020,7,14,3,18,24,109,0,1,1,1,1,1,1,1,1,1,0,,29.67953333,-81.31653889,42,0,0,1,1,4,4,5,2,0,,,,,,
121604,12,2020,6,29,2,22,59,95,0,1,1,1,1,3,2,3,1,1,0,,28.55370556,-81.32114167,8,0,0,1,1,1,0,2,1,0,,,,,,
121605,12,2020,7,18,7,0,16,103,2730,1,2,2,3,3,2,4,1,0,0,,27.87358056,-82.65210278,12,7,0,1,1,1,0,3,1,0,,,,,,
121607,12,2020,7,7,3,21,31,11,2541,1,2,2,3,3,2,3,1,1,0,,26.13603056,-80.20744167,12,6,0,2,3,1,0,2,1,0,,,,,,
121608,12,2020,7,13,2,20,5,23,0,1,1,1,1,9,1,7,98,0,0,,30.22020278,-82.74689722,42,0,0,1,1,4,0,2,1,0,,,,,,
121609,12,2020,7,16,5,0,1,75,0,1,1,1,1,4,1,5,98,0,0,,29.40665278,-82.61868056,42,0,0,1,1,4,0,2,98,0,,,,,,
121610,12,2020,7,17,6,21,13,87,0,1,1,1,1,2,2,3,1,1,0,,24.57478056,-81.73628333,8,0,0,1,1,1,0,2,2,0,,,,,,
121611,12,2020,6,24,4,19,45,111,0,1,1,1,2,3,2,3,1,1,0,,27.44746667,-80.38669167,38,0,0,1,1,4,0,1,1,0,,,,,,
121612,12,2020,7,18,7,16,52,55,0,1,2,2,2,9,1,7,98,0,0,,27.46410833,-81.40409167,12,6,0,2,3,1,0,1,10,0,,,,,,
121613,12,2020,6,24,4,21,55,111,2601,1,1,1,1,6,2,4,98,0,0,,27.28667222,-80.39945,8,0,0,1,1,1,0,2,1,0,,,,,,
121614,12,2020,6,28,1,20,42,111,2601,1,2,2,3,6,2,3,4,1,0,29,27.24896667,-80.37684167,12,6,0,2,2,1,0,5,1,0,,,,,,
121615,12,2020,7,18,7,23,28,71,1070,1,1,1,1,2,2,3,1,1,0,,26.61165556,-81.87200833,8,0,0,3,3,1,0,3,1,0,,,,,,
121616,12,2020,7,16,5,19,45,121,0,2,2,2,3,2,1,4,1,0,0,,30.37075278,-82.94043333,12,6,0,1,1,1,0,1,1,0,,,,,,
121617,12,2020,7,21,3,21,19,103,2730,1,1,1,1,2,2,4,1,0,0,,27.78346944,-82.63855278,8,0,0,1,1,1,0,3,1,0,,,,,,
121618,12,2020,7,16,5,16,5,1,0,1,2,2,2,3,1,4,1,0,0,,29.49938056,-82.40650556,12,2,0,2,3,1,0,1,10,0,,,,,,
121619,12,2020,7,10,6,22,33,86,2010,1,1,1,1,6,2,4,98,0,0,,25.82614444,-80.19610833,8,0,0,1,1,1,0,2,1,0,,,,,,
121620,12,2020,7,22,4,13,38,57,0,1,1,1,1,9,2,5,98,0,0,,28.04043333,-82.53248611,33,0,0,1,1,4,0,1,2,0,,,,,,