st_case,state,year,month,day,day_week,hour,minute,county,city,fatals_crash,vehicles_total,vehicles_in_transport,persons_total,route,rural_urban,functional_system,road_owner,nhs,special_jurisdiction,milepoint,latitude,longitude,first_harmful_event,manner_collision,rel_jct_interchange,rel_jct_location,intersection_type,relation_to_road,work_zone,light_condition,weather,school_bus_related,ems_notified_hour,ems_notified_min,ems_arrival_hour,ems_arrival_min,hospital_hour,hospital_min
121621,12,2020,6,21,1,2,0,111,2601,1,1,1,1,6,2,3,98,0,0,,27.34646944,-80.352075,33,0,0,3,3,3,0,3,1,0,,,,,,
121622,12,2020,7,24,6,22,30,31,1510,1,1,1,1,2,2,3,1,1,0,,30.35411111,-81.70806944,18,0,0,1,1,4,0,3,1,0,,,,,,
121623,12,2020,7,3,6,12,25,86,0,1,1,1,1,3,2,2,1,1,0,,25.78255833,-80.33823889,1,0,1,20,1,1,0,1,1,0,,,,,,
121624,12,2020,7,24,6,20,28,99,0,1,1,1,1,3,2,3,1,1,0,,26.68094167,-80.11209722,9,0,0,3,3,1,0,3,1,0,,,,,,
121625,12,2020,7,4,7,23,34,71,0,1,1,1,1,2,2,3,1,1,0,,26.57304722,-81.87186667,9,0,0,1,1,1,0,3,1,0,,,,,,
121626,12,2020,7,7,3,15,30,39,0,1,1,1,1,3,1,5,1,0,0,,30.42015833,-84.64915556,1,0,0,1,1,4,0,1,2,0,,,,,,
121627,12,2020,7,10,6,6,39,97,0,1,3,1,1,1,2,1,1,1,0,,28.31273056,-81.56436667,14,0,0,1,1,5,0,4,10,0,,,,,,
121628,12,2020,7,18,7,2,11,31,1510,1,2,2,2,1,2,1,1,1,0,,30.30985833,-81.8374,12,1,0,1,1,1,0,2,10,0,,,,,,
121629,12,2020,7,18,7,21,44,31,1510,1,3,3,4,1,2,1,1,1,0,,30.25234167,-81.76275278,12,1,1,18,1,1,0,3,10,0,,,,,,
121630,12,2020,6,26,6,22,20,101,0,2,2,2,3,3,2,3,1,1,0,,28.22184444,-82.27661944,12,2,0,1,1,1,4,2,1,0,22,23,22,32,,
121631,12,2020,7,17,6,2,35,47,0,1,2,1,2,1,1,1,1,1,0,,30.49360833,-83.03136944,14,0,0,1,1,4,0,2,1,0,,,,,,
121633,12,2020,7,7,3,23,5,73,0,1,1,1,1,3,2,3,1,1,0,,30.49109444,-84.3617,1,0,0,1,1,4,0,2,10,0,,,,,,
121634,12,2020,7,18,7,20,20,31,1510,1,1,1,1,1,2,1,1,1,0,,30.38255833,-81.6727,1,0,0,1,1,4,0,3,1,0,,,,,,
121635,12,2020,7,13,2,21,29,57,2950,1,1,1,1,3,2,3,1,1,0,,27.94490833,-82.51430278,8,0,0,3,2,1,0,3,1,0,,,,,,
121636,12,2020,7,18,7,17,54,75,0,1,1,1,1,4,1,5,98,0,0,,29.03503056,-82.67853056,1,0,0,2,3,1,0,1,1,0,,,,,,
121637,12,2020,7,9,5,19,33,85,0,1,1,1,1,8,2,3,2,1,0,22,27.24466667,-80.23513056,9,0,0,1,1,1,0,1,1,0,,,,,,
121638,12,2020,7,3,6,2,22,93,0,1,1,1,3,9,1,7,98,0,0,,27.23696944,-80.74324444,38,0,0,1,1,5,0,2,1,0,,,,,,
121639,12,2020,7,23,5,6,28,71,0,1,1,1,6,1,2,1,1,1,0,,26.47685833,-81.79189722,1,0,0,1,1,1,0,4,10,0,,,,,,
121640,12,2020,6,24,4,1,50,95,0,1,2,2,2,3,2,3,1,1,0,,28.56542222,-81.16972222,12,6,0,1,1,1,0,3,1,0,,,,,,
121641,12,2020,7,10,6,21,20,83,0,3,2,2,5,2,1,3,1,1,0,,29.36697778,-82.17020556,12,6,0,2,2,1,0,2,2,0,,,,,,
121642,12,2020,7,25,7,12,41,31,1510,1,2,2,4,6,2,5,98,0,0,,30.29860278,-81.75668333,12,2,0,1,1,1,0,1,10,0,,,,,,
121643,12,2020,7,23,5,14,0,91,710,1,1,1,1,1,2,1,1,1,0,,30.72543889,-86.57418889,34,0,0,1,1,4,0,1,2,0,,,,,,
121644,12,2020,7,16,5,5,42,85,0,1,2,2,2,4,1,5,98,0,0,,27.1621,-80.5434,51,0,0,1,1,1,0,2,1,0,,,,,,
121645,12,2020,7,21,3,17,16,103,0,1,1,1,3,8,2,4,2,0,0,,27.82838056,-82.67873056,8,0,0,3,2,1,0,1,10,0,,,,,,
121646,12,2020,6,20,7,1,36,33,0,1,2,2,3,1,1,1,1,1,0,,30.55418333,-87.36356389,12,2,0,1,1,1,0,3,1,0,,,,,,
121647,12,2020,7,3,6,0,45,86,1340,2,2,2,4,3,2,2,1,1,0,,25.89856389,-80.30761667,12,2,0,1,1,1,0,2,1,0,,,,,,
121648,12,2020,7,11,7,23,57,33,0,2,1,1,2,4,2,7,2,0,0,,30.52774722,-87.20024444,33,0,0,1,1,4,0,3,1,0,,,,,,
121650,12,2020,7,28,3,7,32,99,3190,1,1,1,2,6,2,4,4,0,0,,26.71456667,-80.05865556,8,0,0,3,2,1,0,1,10,0,,,,,,
121651,12,2020,6,4,5,19,0,129,0,1,1,1,2,2,1,3,1,1,0,,30.07291667,-84.43761667,1,0,0,1,1,4,0,1,1,0,,,,,,
121652,12,2020,5,30,7,15,27,127,0,1,1,1,1,1,2,1,1,1,0,,28.86588056,-81.28866667,24,0,0,1,1,4,0,1,1,0,,,,,,
121653,12,2020,7,7,3,4,25,39,2060,1,1,1,1,6,1,7,98,0,0,,30.48893611,-84.43973056,42,0,0,1,1,6,0,2,2,0,,,,,,
121654,12,2020,7,16,5,12,3,127,0,1,1,1,1,1,2,1,1,1,0,,29.34441389,-81.13098056,8,0,0,1,1,1,0,1,1,0,,,,,,
121655,12,2020,7,26,1,21,20,47,0,2,1,1,1,3,1,4,1,0,0,,30.49013333,-83.13044167,8,0,0,1,1,1,0,2,1,0,,,,,,
121656,12,2020,7,6,2,15,47,86,2023,1,2,2,2,2,2,3,1,1,0,,25.94050833,-80.20501667,12,6,0,2,3,1,0,1,1,0,,,,,,
121657,12,2020,7,22,4,4,14,39,0,1,1,1,1,2,1,4,1,0,0,,30.69254167,-84.73865,42,0,0,1,1,4,0,2,1,0,,,,,,
121658,12,2020,6,12,6,23,44,59,0,1,1,1,2,4,1,7,98,0,0,,30.91380556,-85.79498889,1,0,0,3,3,4,0,2,10,0,,,,,,
121659,12,2020,7,13,2,4,20,69,0,1,1,1,1,4,1,5,2,0,0,,28.73447778,-81.66584167,59,0,0,1,1,4,0,2,1,0,,,,,,
121660,12,2020,7,23,5,12,40,11,2916,1,2,2,3,3,2,2,1,1,0,,26.13756944,-80.34400833,12,6,0,1,1,1,0,1,10,0,,,,,,
121661,12,2020,7,12,1,11,41,91,0,1,1,1,5,3,1,4,1,0,0,,30.49715833,-86.55745,1,0,0,1,1,4,0,1,1,0,,,,,,
121662,12,2020,7,10,6,0,49,95,0,1,4,4,4,3,2,3,1,1,0,,28.5698,-81.23980833,1,0,0,1,1,1,0,3,1,0,,,,,,
121663,12,2020,7,25,7,22,55,99,3190,1,1,1,1,1,2,1,1,1,0,,26.71851667,-80.09008333,25,0,0,1,1,3,0,3,10,0,,,,,,
121664,12,2020,7,20,2,19,40,97,0,1,2,2,3,2,2,3,1,1,0,,28.33285,-81.47951667,12,6,0,3,3,1,0,1,1,0,,,,,,
121665,12,2020,7,28,3,11,15,109,0,1,2,2,2,8,2,5,2,0,0,,29.97813611,-81.47269167,12,6,0,2,3,1,0,1,1,0,,,,,,
121666,12,2020,7,30,5,9,51,9,0,1,2,2,2,3,2,3,1,1,0,,28.35818611,-80.70028056,12,6,1,2,3,1,0,1,1,0,,,,,,
121667,12,2020,7,29,4,9,49,11,1781,1,1,1,1,3,2,3,1,1,0,,26.16521667,-80.19424722,33,0,0,1,1,4,0,1,1,0,,,,,,
121668,12,2020,7,11,7,1,37,86,2220,1,1,1,5,3,2,4,1,0,0,,25.90421667,-80.17403611,33,0,0,1,1,4,0,3,1,0,,,,,,
121669,12,2020,7,22,4,19,40,133,0,1,2,2,2,3,1,3,1,1,0,,30.70431667,-85.68603611,12,2,0,1,1,1,0,2,10,0,,,,,,
121670,12,2020,7,10,6,0,12,11,2570,1,1,1,1,6,2,4,98,0,0,,26.23458056,-80.13754444,8,0,0,1,1,1,0,3,1,0,,,,,,
121671,12,2020,7,30,5,18,41,99,1190,1,3,2,3,6,2,4,98,0,0,,26.62844167,-80.12128611,12,6,0,2,2,1,0,1,1,0,,,,,,
121672,12,2020,7,22,4,20,15,69,0,1,2,2,3,2,2,3,1,1,0,,28.61053611,-81.75825833,12,6,0,2,3,1,0,5,10,0,,,,,,
121673,12,2020,7,7,3,16,37,105,0,1,1,1,2,8,1,7,98,0,0,,27.87974167,-82.01860556,38,0,0,1,1,5,0,1,10,0,,,,,,
121674,12,2020,1,26,1,0,5,127,780,1,2,2,3,6,2,4,4,1,0,17,29.22291667,-81.01821667,12,1,0,1,1,1,0,3,1,0,,,,,,
121675,12,2020,7,17,6,20,39,101,0,1,2,2,2,3,2,3,1,1,0,,28.19150833,-82.53973611,12,6,1,2,2,1,0,2,1,0,20,34,20,41,,
121676,12,2020,7,19,1,23,21,127,780,1,1,1,1,8,2,7,2,0,0,,28.94682778,-81.32989444,42,0,0,1,1,4,0,3,1,0,,,,,,
121677,12,2020,7,25,7,23,29,95,0,1,1,1,1,4,2,4,98,0,0,,28.47166667,-81.56555556,33,0,0,1,1,4,0,2,1,0,,,,,,
121679,12,2020,7,17,6,15,33,115,0,1,1,1,1,1,1,1,1,1,0,,27.11089444,-82.31583611,43,0,0,1,1,6,0,1,2,0,,,,,,
121680,12,2020,6,22,2,18,19,119,0,1,3,3,7,3,1,2,1,1,0,,28.77772222,-81.96628333,12,1,0,1,1,1,0,1,1,0,18,30,18,41,,
121681,12,2020,7,25,7,14,18,15,0,1,2,2,2,4,2,4,2,0,0,,26.88394722,-82.00594722,12,6,0,2,2,1,0,1,1,0,,,,,,
121682,12,2020,8,2,1,17,12,21,0,1,1,1,1,4,1,7,2,0,0,,26.10958611,-81.67648889,33,0,0,1,1,3,0,1,1,0,,,,,,
121683,12,2020,7,8,4,5,50,115,0,1,1,1,4,3,2,4,1,0,0,,27.26034722,-82.5227,8,0,0,3,2,1,0,3,1,0,,,,,,
121684,12,2020,7,22,4,2,13,55,0,1,1,1,1,3,2,5,1,0,0,,27.51880556,-81.45422778,8,0,0,1,1,1,0,2,1,0,,,,,,
121685,12,2020,8,1,7,3,52,9,0,1,1,1,1,1,2,1,1,1,0,,28.14596667,-80.70602778,24,0,0,1,1,4,0,2,1,0,,,,,,
121686,12,2020,7,31,6,5,40,9,0,1,3,3,3,1,1,1,1,1,0,,28.78436667,-80.89743889,24,0,0,1,1,3,0,2,1,0,,,,,,
121687,12,2020,7,24,6,20,23,127,0,1,1,1,1,3,1,4,1,0,0,,28.98968056,-81.07232778,17,0,0,1,1,4,0,5,1,0,,,,,,
121688,12,2020,7,20,2,17,27,107,0,1,2,2,2,3,2,3,1,1,0,,29.62357778,-81.93236944,12,2,0,8,1,1,4,1,1,0,,,,,,
121691,12,2020,7,10,6,5,30,97,0,1,2,1,3,3,1,2,1,1,0,,28.06243889,-81.23444722,14,0,0,1,1,2,0,4,10,0,,,,,,
121692,12,2020,7,23,5,23,42,1,0,1,1,1,1,4,1,5,98,0,0,,29.62378056,-82.63805,1,0,0,1,1,4,0,2,1,0,,,,,,
121693,12,2020,7,16,5,1,19,57,0,1,1,1,1,1,2,1,1,1,0,,28.02441667,-82.23659722,24,0,0,1,1,3,0,2,10,0,,,,,,
121694,12,2020,7,28,3,22,25,117,0,1,1,1,3,4,2,5,2,0,0,,28.73318333,-81.32128889,42,0,0,1,1,5,0,2,10,0,,,,,,
121695,12,2020,7,18,7,1,54,83,0,1,1,1,3,2,2,3,1,1,0,,29.21324444,-82.19875278,8,0,0,1,1,1,0,2,1,0,,,,,,
121696,12,2020,7,26,1,22,37,127,0,1,1,1,2,3,2,3,1,1,0,,28.97398056,-81.29730278,8,0,1,20,1,1,0,2,1,0,,,,,,
121697,12,2020,7,26,1,12,52,83,0,1,2,2,2,4,2,6,2,0,0,,29.01813889,-81.90853056,12,2,0,1,1,1,0,1,10,0,,,,,,
121698,12,2020,7,21,3,6,58,105,0,1,3,3,3,3,2,3,1,1,0,,27.89659167,-81.59253333,12,6,0,1,1,1,0,1,1,0,,,,,,
121699,12,2020,7,20,2,14,22,105,0,2,2,2,3,2,2,3,1,1,0,,28.11345833,-81.97363889,12,6,0,2,2,1,0,1,1,0,,,,,,
121700,12,2020,7,29,4,22,36,86,2010,1,1,1,2,2,2,3,1,1,0,,25.85434722,-80.18487778,8,0,0,2,3,1,0,3,1,0,,,,,,
121702,12,2020,7,23,5,22,22,11,1781,1,2,2,3,2,2,3,1,1,0,,26.15279444,-80.20295278,12,6,0,2,3,1,0,2,2,0,,,,,,
121703,12,2020,8,4,3,17,52,89,0,1,2,2,3,2,1,3,1,1,0,,30.39141667,-81.93616667,12,6,0,2,2,1,0,1,1,0,,,,,,
121704,12,2020,7,28,3,13,9,119,0,1,2,2,2,8,2,7,2,0,0,,28.94011667,-81.97575833,12,2,0,2,3,1,0,1,1,0,13,9,13,15,,
121705,12,2020,7,28,3,10,50,107,2420,1,3,3,2,3,2,4,1,1,0,,29.64808056,-81.67380556,12,8,0,1,1,1,0,1,10,0,,,,,,
121706,12,2020,1,13,2,4,30,71,0,1,1,1,1,2,2,3,1,1,0,181,26.57721667,-81.87181667,9,0,0,1,1,2,0,2,1,0,,,,,,
121707,12,2020,8,1,7,2,15,31,1510,2,2,2,3,1,2,1,1,1,0,,30.32345,-81.68049722,12,2,0,1,1,1,0,3,10,0,,,,,,
121708,12,2020,7,27,2,20,49,95,0,1,2,2,2,3,2,2,1,1,0,,28.54389444,-81.41531667,12,2,0,1,1,1,0,5,10,0,,,,,,
121709,12,2020,8,4,3,1,28,57,2950,1,2,2,2,3,2,3,1,1,0,,27.95486389,-82.41391667,12,2,0,1,1,1,0,3,1,0,,,,,,
121710,12,2020,7,24,6,13,57,83,2270,1,1,1,2,2,2,3,1,1,0,,29.16585556,-82.13632778,8,0,0,1,1,1,0,1,2,0,,,,,,
121711,12,2020,7,28,3,20,42,127,0,1,2,2,1,1,2,1,1,1,0,,29.25222222,-81.11420278,12,1,0,1,1,1,0,3,10,0,,,,,,
121712,12,2020,8,1,7,5,2,47,0,1,3,3,6,1,1,1,1,1,0,,30.46114167,-82.95369444,12,1,0,1,1,1,0,2,1,0,,,,,,
121713,12,2020,7,24,6,21,57,83,0,1,2,2,2,2,1,3,1,1,0,,29.27651111,-82.15207222,12,1,0,1,1,1,0,2,1,0,,,,,,
121714,12,2020,7,19,1,18,55,83,0,1,1,1,2,9,1,6,98,0,0,,29.08258056,-81.86246667,1,0,0,1,1,4,0,1,1,0,,,,,,
121715,12,2020,8,6,5,12,0,57,0,1,1,1,1,8,2,5,2,0,0,,28.16009722,-82.55264444,5,0,0,1,1,4,0,1,1,0,,,,,,
121716,12,2020,7,29,4,23,55,39,0,1,1,1,1,1,1,1,1,1,0,,30.62115278,-84.80600278,42,0,0,1,1,4,0,2,10,0,,,,,,
121717,12,2020,8,3,2,5,56,99,0,1,2,2,4,2,1,3,1,1,0,,26.72564167,-80.47953056,12,1,0,1,1,1,0,2,1,0,,,,,,
121718,12,2020,6,24,4,2,5,101,0,1,2,2,4,2,2,3,1,1,0,,28.19864444,-82.73992778,12,1,0,1,1,1,0,3,1,0,,,,,,
121719,12,2020,1,24,6,21,35,69,960,1,3,3,5,4,2,5,2,0,0,,28.87213333,-81.69636667,12,2,0,3,2,1,0,3,1,0,,,,,,
121720,12,2020,7,31,6,3,25,131,0,1,1,1,3,8,1,7,98,0,0,,30.74960833,-86.18395278,5,0,0,1,1,1,0,2,10,0,,,,,,
121721,12,2020,7,31,6,5,50,89,0,1,1,1,1,4,1,5,2,0,0,,30.36628333,-82.01322778,8,0,0,1,1,1,0,2,5,0,,,,,,
121722,12,2020,8,6,5,11,22,57,0,1,1,1,1,9,2,4,98,0,0,,28.08464444,-82.53008333,8,0,0,2,3,1,0,1,10,0,,,,,,
121723,12,2020,7,31,6,22,53,85,2900,1,1,1,2,2,2,3,1,1,0,,27.16922222,-80.22923056,18,0,0,1,1,1,0,2,1,0,,,,,,
121724,12,2020,8,8,7,22,42,105,1690,1,1,1,3,3,2,4,1,0,0,,28.05666944,-81.97168056,30,0,0,1,1,4,0,3,2,0,,,,,,
121725,12,2020,7,14,3,15,57,81,0,2,2,2,4,3,1,3,1,1,0,,27.47456389,-82.27561667,12,2,0,1,1,1,0,1,10,0,,,,,,
121726,12,2020,7,28,3,19,18,105,0,1,2,2,3,5,2,5,98,0,0,,28.04621667,-81.77625833,12,2,0,1,1,1,0,1,2,0,,,,,,
121727,12,2020,7,29,4,16,52,105,0,1,1,1,1,8,1,5,2,0,0,,28.07347222,-81.86696111,8,0,0,1,1,4,0,1,10,0,,,,,,
121728,12,2020,6,18,5,20,41,11,2219,1,1,1,1,2,2,3,1,1,0,,26.1935,-80.20331389,8,0,0,1,1,1,0,3,1,0,,,,,,
121731,12,2020,8,7,6,12,59,21,0,1,2,2,3,4,2,4,98,0,0,,26.20890833,-81.76847222,12,6,0,2,2,1,0,1,10,0,,,,,,
121732,12,2020,7,29,4,18,26,81,0,1,2,2,2,2,2,3,1,1,0,,27.54225278,-82.56435,33,0,0,1,1,3,0,1,2,0,,,,,,
121733,12,2020,7,31,6,21,2,101,0,1,2,2,4,2,2,3,1,1,0,,28.41841667,-82.64748056,12,1,0,1,1,1,0,3,1,0,21,2,21,4,,
121734,12,2020,7,31,6,20,20,23,0,2,1,1,3,1,2,1,1,1,0,,30.19136389,-82.69413333,42,0,0,1,1,4,0,5,1,0,,,,,,
121735,12,2020,7,17,6,21,0,86,0,2,2,2,2,2,1,3,1,1,0,,25.76099722,-80.56126667,12,2,0,1,1,1,0,2,10,0,,,,,,
121737,12,2020,7,23,5,20,49,105,0,1,2,2,2,3,2,5,1,0,0,,27.97236667,-81.59478333,12,1,0,1,1,1,0,2,10,0,,,,,,
121738,12,2020,1,23,5,19,0,71,0,1,4,4,8,3,2,3,1,1,0,,26.70980833,-81.72095,12,6,0,1,1,1,0,3,1,0,,,,,,
121739,12,2020,7,11,7,22,35,127,0,1,4,4,5,1,2,1,1,1,0,,28.87450833,-81.28317222,12,1,0,1,1,1,0,3,1,0,,,,,,
121740,12,2020,8,9,1,17,18,1,1130,1,2,2,3,8,2,5,2,0,0,,29.65500278,-82.29231111,12,99,0,1,1,1,0,1,1,0,,,,,,
121741,12,2020,7,19,1,10,43,99,290,1,4,4,7,1,2,1,1,1,0,,26.42289167,-80.09028333,12,1,0,1,1,1,0,1,2,0,,,,,,
121742,12,2020,7,17,6,11,56,71,0,1,3,3,4,8,2,5,2,0,0,,26.46361111,-81.82944444,12,6,0,8,1,1,0,1,10,0,,,,,,
121743,12,2020,7,23,5,11,15,99,0,1,2,1,2,3,1,4,1,0,0,,26.73324167,-80.68407222,14,0,0,1,1,4,0,1,10,0,,,,,,
121744,12,2020,8,4,3,5,14,31,1510,1,1,1,1,2,2,3,1,1,0,,30.28709444,-81.63329167,8,0,0,3,2,1,0,2,1,0,,,,,,
121745,12,2020,5,13,4,19,17,103,2730,1,1,1,1,6,2,5,98,0,0,,27.75529722,-82.65475556,33,0,0,1,1,4,0,6,1,0,,,,,,
121746,12,2020,6,13,7,10,1,99,2446,1,1,1,1,6,2,4,4,0,0,,26.76166389,-80.14112778,33,0,0,1,1,3,0,1,1,0,,,,,,
121747,12,2020,6,27,7,14,23,115,0,1,3,3,4,8,2,5,2,0,0,,27.07907222,-82.42449722,12,1,0,2,2,1,0,1,1,0,,,,,,
121748,12,2020,6,23,3,22,27,81,0,1,1,1,1,8,2,5,2,0,0,,27.46715278,-82.56510833,8,0,0,2,2,1,0,2,1,0,,,,,,
121749,12,2020,6,25,5,16,46,95,2360,1,2,2,2,3,2,3,1,1,0,,28.55579444,-81.37690556,12,6,0,1,1,1,0,1,10,0,,,,,,
121750,12,2020,7,13,2,16,1,11,760,1,2,2,2,3,2,3,1,1,0,,26.06280556,-80.16547778,12,6,0,8,1,1,0,1,1,0,,,,,,
121751,12,2020,7,11,7,10,20,127,810,1,1,1,1,8,2,5,2,0,0,,29.02806389,-81.30756667,42,0,0,3,2,4,0,1,1,0,,,,,,
121752,12,2020,7,5,1,21,8,11,2083,1,1,1,1,3,2,4,1,0,0,,25.97616389,-80.29520556,8,0,0,1,1,1,0,3,2,0,,,,,,
121753,12,2020,7,21,3,22,0,11,2948,1,2,2,4,3,2,3,1,1,0,,26.19646944,-80.25204167,12,6,0,8,1,1,0,3,2,0,,,,,,
121754,12,2020,7,28,3,1,0,99,0,1,1,1,1,6,2,4,98,0,0,,26.52400278,-80.12310278,33,0,0,1,1,3,0,3,10,0,,,,,,
121755,12,2020,7,27,2,17,46,127,780,1,1,1,1,2,2,3,1,1,0,,29.20140556,-81.01770556,8,0,0,1,1,1,0,3,2,0,,,,,,
121756,12,2020,7,25,7,16,3,31,1510,1,1,1,1,3,2,4,1,0,0,,30.32714722,-81.63668056,42,0,0,1,1,4,0,1,1,0,,,,,,
121757,12,2020,8,4,3,21,21,103,2730,1,4,4,5,2,2,4,1,0,0,,27.82851111,-82.63876667,12,2,0,2,2,1,0,3,1,0,,,,,,
121758,12,2020,8,11,3,0,2,105,1690,1,2,2,3,3,2,3,1,1,0,,28.04406667,-81.96775278,12,2,0,1,1,1,0,3,1,0,,,,,,
121759,12,2020,8,8,7,0,1,127,2580,1,2,2,3,3,2,3,1,1,0,,29.14450833,-81.01440278,12,6,0,2,2,1,0,3,1,0,,,,,,
121760,12,2020,8,12,4,23,45,31,1510,1,1,1,1,3,2,4,1,0,0,,30.32970556,-81.60360833,8,0,0,1,1,1,0,2,1,0,,,,,,
121761,12,2020,8,10,2,16,15,5,0,1,1,1,2,8,2,7,2,0,0,,30.14842778,-85.75445556,1,0,0,2,3,1,0,1,1,0,,,,,,
121762,12,2020,8,4,3,9,14,21,0,1,2,2,6,1,1,1,1,1,0,,26.16825833,-81.10771667,12,6,0,1,1,1,0,1,1,0,,,,,,
121763,12,2020,8,11,3,1,57,31,1510,1,1,1,1,6,2,5,98,0,0,,30.4158,-81.769625,34,0,0,1,1,4,0,2,98,0,,,,,,
121764,12,2020,7,19,1,12,33,127,0,1,1,1,1,2,2,3,1,1,0,,29.14668333,-81.116725,24,0,1,19,1,4,0,1,1,0,,,,,,
121765,12,2020,7,31,6,11,53,7,0,1,1,1,3,2,1,3,1,1,0,,29.8868,-82.14379167,32,0,0,1,1,3,0,1,1,0,,,,,,
121766,12,2020,7,15,4,16,53,17,0,1,2,2,2,4,1,4,98,0,0,,28.71528056,-82.45154722,12,2,0,1,1,1,0,1,1,0,16,54,17,5,,
121767,12,2020,7,31,6,10,3,105,0,2,5,5,7,1,2,1,1,1,0,,28.08861667,-81.96523611,12,7,0,1,1,1,0,1,1,0,,,,,,
121768,12,2020,7,22,4,12,15,17,0,2,2,2,2,3,1,3,1,1,0,,28.97729444,-82.36115833,12,2,0,1,1,1,0,1,1,0,,,,,,
121770,12,2020,8,4,3,21,45,11,771,1,1,1,1,1,2,1,1,1,0,,26.06280833,-80.35425833,1,0,1,5,1,2,0,3,1,0,,,,,,
121771,12,2020,7,30,5,16,14,109,0,1,1,1,2,1,1,1,1,1,0,,30.07243333,-81.49880556,1,0,0,1,1,4,0,1,10,0,,,,,,
121772,12,2020,8,10,2,13,13,19,0,2,3,3,4,3,2,3,1,1,0,,29.97625833,-81.63488056,12,2,0,1,1,1,0,1,10,0,,,,,,
121773,12,2020,8,3,2,2,10,21,0,1,2,2,4,1,2,1,1,1,0,,26.19383889,-81.73563056,12,1,0,1,1,1,0,2,1,0,,,,,,
121775,12,2020,8,3,2,13,50,57,0,1,2,2,2,2,2,3,1,1,0,,27.78130833,-82.33506667,12,1,0,3,3,1,0,1,1,0,,,,,,
121777,12,2020,7,30,5,20,30,27,0,1,1,1,2,4,1,5,98,0,0,,27.08850278,-82.00891667,24,0,0,1,1,4,0,2,2,0,,,,,,
121778,12,2020,8,11,3,1,5,81,0,1,1,1,2,3,2,3,1,1,0,,27.46238056,-82.59739722,8,0,0,1,1,1,0,3,1,0,,,,,,
121779,12,2020,8,3,2,15,22,31,1510,1,2,2,2,1,2,1,1,1,0,,30.36129167,-81.55356111,12,6,0,1,1,1,0,1,2,0,,,,,,
121780,12,2020,8,10,2,16,30,31,1510,1,4,4,6,3,2,4,1,0,0,,30.24759722,-81.69860278,12,1,0,1,1,1,0,1,1,0,,,,,,
121781,12,2020,8,3,2,15,9,95,0,1,2,2,2,8,2,4,2,0,0,,28.61118611,-81.45615833,12,6,0,2,2,1,0,1,1,0,,,,,,
121782,12,2020,8,3,2,22,53,115,0,1,1,1,1,2,2,3,1,1,0,,27.20641667,-82.49020833,9,0,0,1,1,1,4,2,1,0,,,,,,
121783,12,2020,8,11,3,21,30,83,2270,1,1,1,1,6,2,5,4,0,0,,29.21638611,-82.10166667,9,0,0,1,1,1,0,3,10,0,,,,,,
121784,12,2020,8,10,2,1,14,1,1130,1,2,2,2,6,2,5,98,0,0,,29.67654167,-82.305825,12,1,0,1,1,1,0,3,1,0,,,,,,
121785,12,2020,8,9,1,9,35,57,2950,1,3,2,3,2,2,3,1,1,0,,27.99598889,-82.40596111,12,6,0,2,2,1,0,1,1,0,,,,,,
121786,12,2020,8,11,3,19,5,11,771,2,2,2,3,3,2,3,1,1,0,,26.06485833,-80.24417778,12,6,0,2,3,1,0,1,1,0,,,,,,
121787,12,2020,8,2,1,18,36,86,0,1,1,1,2,9,2,7,98,0,0,,25.71115278,-80.375775,5,0,0,1,1,1,0,1,1,0,,,,,,
121788,12,2020,7,31,6,6,10,86,0,1,2,2,2,8,2,4,2,0,0,,25.85992778,-80.25047222,12,1,0,1,1,1,0,1,1,0,,,,,,
121789,12,2020,8,3,2,4,23,86,0,1,1,1,2,8,2,7,2,0,0,,25.57799722,-80.37656389,38,0,0,3,3,4,0,3,1,0,,,,,,
121790,12,2020,7,21,3,20,57,105,0,1,1,1,1,3,2,4,1,0,0,,28.10088056,-81.90558611,8,0,0,1,1,2,0,2,1,0,,,,,,
121791,12,2020,8,13,5,18,9,99,0,1,1,1,1,9,2,7,98,0,0,,26.64039444,-80.10041944,8,0,0,1,1,1,0,1,1,0,,,,,,
121792,12,2020,8,15,7,0,9,31,1510,1,2,2,1,6,2,5,98,0,0,,30.26163056,-81.78098056,12,2,0,2,3,1,0,3,1,0,,,,,,
121794,12,2020,8,10,2,19,37,86,2010,1,2,2,2,6,2,7,1,0,0,,25.84362222,-80.2008,12,6,0,2,2,1,0,5,1,0,,,,,,
121795,12,2020,7,29,4,19,15,95,0,1,2,1,5,3,1,2,1,1,0,,28.45135833,-81.10829722,14,0,0,1,1,3,0,1,2,0,,,,,,
121796,12,2020,7,17,6,15,43,11,2570,1,2,2,4,6,2,4,4,0,0,,26.239425,-80.14496667,12,6,0,2,3,1,0,1,1,0,,,,,,
121797,12,2020,8,5,4,6,45,11,1420,1,1,1,2,6,2,3,4,0,0,,26.03133333,-80.23775278,1,0,0,1,1,1,0,1,1,0,,,,,,
121798,12,2020,8,8,7,2,35,105,1270,1,1,1,4,2,1,3,1,1,0,,27.84296667,-81.58615833,42,0,1,5,1,4,0,2,1,0,,,,,,
121799,12,2020,8,14,6,4,48,5,2451,1,1,1,1,2,2,3,1,1,0,,30.19477778,-85.80800833,15,0,0,1,1,1,0,2,2,0,,,,,,
121800,12,2020,7,28,3,5,38,86,0,1,1,1,1,1,2,1,1,1,0,,25.96155278,-80.16681389,59,0,0,1,1,4,0,3,1,0,,,,,,
121801,12,2020,8,16,1,21,34,57,2950,1,1,1,1,1,2,1,1,1,0,,27.96666667,-82.45350556,1,0,1,5,1,1,0,3,1,0,,,,,,
121802,12,2020,8,7,6,6,10,105,0,1,1,1,1,1,2,1,1,1,0,,28.03686389,-82.043458330000007,24,0,0,1,1,4,0,4,1,0,,,,,,
121803,12,2020,5,24,1,4,55,7,0,1,1,1,1,4,1,5,98,0,0,,29.88275,-82.28738889,53,0,0,1,1,4,0,2,10,0,,,,,,