st_case,state,year,month,day,day_week,hour,minute,county,city,fatals_crash,vehicles_total,vehicles_in_transport,persons_total,route,rural_urban,functional_system,road_owner,nhs,special_jurisdiction,milepoint,latitude,longitude,first_harmful_event,manner_collision,rel_jct_interchange,rel_jct_location,intersection_type,relation_to_road,work_zone,light_condition,weather,school_bus_related,ems_notified_hour,ems_notified_min,ems_arrival_hour,ems_arrival_min,hospital_hour,hospital_min
122353,12,2020,10,10,7,13,27,57,2950,1,3,3,6,1,2,1,1,1,0,,27.96546667,-82.42886389,12,1,1,18,1,1,0,1,1,0,,,,,,
122354,12,2020,10,1,5,9,35,113,0,1,2,2,3,3,1,4,1,0,0,,30.59528889,-86.94119722,12,6,0,2,2,1,0,1,1,0,,,,,,
122355,12,2020,9,28,2,17,41,11,2083,1,1,1,1,2,2,3,1,1,0,,26.16625278,-80.20300833,8,0,0,1,1,1,0,1,1,0,,,,,,
122357,12,2020,10,7,4,23,6,86,2010,1,2,2,2,3,2,4,1,0,0,,25.75020278,-80.24076111,12,1,0,3,2,1,0,3,1,0,,,,,,
122358,12,2020,10,9,6,6,37,95,2360,1,2,2,2,3,2,4,1,0,0,,28.56981667,-81.41934167,12,2,0,2,3,1,0,2,1,0,,,,,,
122359,12,2020,10,17,7,20,0,103,2530,2,1,1,2,6,2,7,98,0,0,,27.86454167,-82.67900556,42,0,0,1,1,4,0,2,1,0,,,,,,
122360,12,2020,10,9,6,21,30,11,2916,1,1,1,3,3,2,3,1,1,0,,26.16838889,-80.27774167,8,0,0,3,2,1,0,3,10,0,,,,,,
122361,12,2020,10,9,6,23,5,86,2023,1,2,2,3,2,2,3,1,1,0,,25.95265278,-80.20566111,12,2,0,1,1,1,0,3,1,0,,,,,,
122362,12,2020,9,21,2,20,7,131,0,1,3,3,6,2,1,3,1,1,0,,30.37418889,-86.23273333,12,1,0,8,1,1,0,2,1,0,,,,,,
122363,12,2020,10,20,3,7,50,71,0,1,2,2,3,2,2,3,1,1,0,,26.68945833,-81.90111667,12,6,0,2,3,1,0,1,10,0,,,,,,
122364,12,2020,10,12,2,22,54,91,0,1,1,1,3,4,1,7,98,0,0,,30.99219167,-86.70876667,1,0,0,1,1,4,0,2,1,0,,,,,,
122365,12,2020,10,10,7,0,30,9,0,1,1,1,1,2,2,3,1,1,0,,28.69984167,-80.85934167,8,0,0,1,1,4,0,2,10,0,,,,,,
122366,12,2020,10,8,5,16,30,127,0,1,1,1,1,1,1,1,1,1,0,,28.83470833,-80.91235556,24,0,0,1,1,4,0,1,1,0,,,,,,
122367,12,2020,10,10,7,17,25,113,0,1,2,2,3,2,2,4,1,0,0,,30.63111944,-86.98944444,12,2,0,1,1,1,0,1,1,0,,,,,,
122368,12,2020,10,17,7,9,10,81,0,1,1,1,1,9,2,7,98,0,0,,27.39481667,-82.40191667,8,0,0,3,3,1,0,1,1,0,,,,,,
122369,12,2020,10,15,5,23,55,81,0,1,1,1,5,8,2,7,2,0,0,,27.47084444,-82.48396667,39,0,0,1,1,4,0,2,1,0,,,,,,
122370,12,2020,10,9,6,6,40,83,0,1,2,2,2,3,1,3,1,1,0,,29.18573889,-82.30797222,12,6,0,7,1,1,0,2,5,0,,,,,,
122371,12,2020,10,13,3,11,56,31,1510,1,1,1,1,4,2,4,4,0,0,,30.28728333,-81.84858056,9,0,0,1,1,1,0,1,1,0,,,,,,
122372,12,2020,10,13,3,16,54,99,330,1,3,3,3,2,2,4,1,0,0,,26.51491389,-80.05911667,12,6,0,1,1,1,0,1,10,0,,,,,,
122373,12,2020,10,11,1,18,30,91,0,1,1,1,2,1,1,1,1,1,0,,30.71721944,-86.44211389,42,0,0,1,1,4,0,5,10,0,,,,,,
122374,12,2020,10,2,6,16,45,69,2970,1,1,1,3,8,2,6,2,0,0,,28.79516667,-81.69315,32,0,0,1,1,4,0,1,1,0,,,,,,
122375,12,2020,10,9,6,11,55,83,0,1,2,2,3,1,2,1,1,1,0,,29.10089722,-82.18481667,12,7,0,1,1,1,0,1,10,0,,,,,,
122376,12,2020,10,15,5,21,50,103,2730,1,2,2,2,3,2,3,1,1,0,,27.80295833,-82.72870556,9,0,0,1,1,1,0,3,1,0,,,,,,
122377,12,2020,10,7,4,13,42,97,0,1,4,4,10,2,2,3,1,1,0,,28.34671111,-81.64833889,12,6,0,2,2,1,0,1,10,0,,,,,,
122378,12,2020,10,12,2,0,13,27,0,2,2,2,5,2,2,3,1,1,0,,27.181525,-81.87181667,12,2,0,1,1,1,0,2,2,0,,,,,,
122379,12,2020,10,20,3,22,0,9,0,1,2,2,3,3,2,4,1,1,0,,28.36236667,-80.75500278,8,0,0,1,1,1,0,3,1,0,,,,,,
122380,12,2020,10,15,5,2,25,35,2439,1,1,1,1,6,2,7,4,0,0,,29.57287222,-81.22352222,53,0,0,1,1,4,0,2,1,0,,,,,,
122381,12,2020,10,16,6,23,22,86,2010,1,3,3,4,2,2,4,1,0,0,,25.80909444,-80.24030556,12,6,0,2,2,1,0,3,1,0,,,,,,
122382,12,2020,10,20,3,19,40,73,0,1,1,1,5,3,2,3,1,1,0,,30.38953333,-84.28567222,8,0,0,1,1,1,0,2,10,0,,,,,,
122383,12,2020,8,8,7,23,30,86,1440,1,2,2,5,3,1,3,1,1,0,,25.53785833,-80.47801389,12,2,0,1,1,1,0,3,1,0,,,,,,
122384,12,2020,2,17,2,22,4,99,0,1,1,1,1,3,2,3,1,0,0,,26.45393333,-80.20370278,33,0,0,1,1,3,0,3,1,0,,,,,,
122385,12,2020,6,13,7,15,45,11,1927,1,3,3,4,6,2,7,98,0,0,,26.24821389,-80.20974167,1,0,0,1,1,1,0,1,1,0,,,,,,
122386,12,2020,9,26,7,20,5,63,0,1,1,1,3,6,1,7,98,0,0,,30.83281667,-85.41505,34,0,0,1,1,4,0,2,1,0,,,,,,
122387,12,2020,10,21,4,9,59,69,1630,1,2,2,2,6,2,7,98,0,0,,28.94018056,-81.94646667,12,6,0,2,2,1,0,1,1,0,,,,,,
122388,12,2020,9,26,7,23,1,119,0,1,2,2,2,3,1,4,1,0,0,,28.54636667,-82.05475556,12,2,0,1,1,1,0,2,1,0,23,1,23,7,,
122389,12,2020,9,8,3,20,18,105,0,1,2,2,2,2,1,3,1,1,0,,27.82055,-81.82153056,12,6,0,2,2,1,0,2,2,0,,,,,,
122390,12,2020,10,15,5,14,45,86,2010,1,1,1,1,2,2,3,1,1,0,,25.789525,-80.18906667,15,0,0,3,2,1,0,1,1,1,,,,,,
122391,12,2020,10,19,2,22,10,79,0,1,1,1,1,3,1,4,1,0,0,,30.41286944,-83.37081667,26,0,0,1,1,4,0,2,10,0,,,,,,
122392,12,2020,10,22,5,15,57,9,0,1,3,3,3,3,2,3,1,1,0,,28.37288056,-80.70040833,12,6,1,8,1,1,0,1,10,0,,,,,,
122393,12,2020,10,19,2,20,30,57,0,1,1,1,2,8,2,7,98,0,0,,27.79201111,-82.34904444,8,0,0,1,1,1,0,2,10,0,,,,,,
122394,12,2020,10,12,2,18,3,83,2270,1,2,2,2,8,2,6,2,0,0,,29.18474444,-82.13608056,12,6,0,3,2,1,0,1,1,0,,,,,,
122395,12,2020,10,17,7,0,32,53,0,1,1,1,1,4,2,5,98,0,0,,28.46061111,-82.58593611,1,0,0,3,3,4,0,3,1,0,0,34,0,40,,
122396,12,2020,10,14,4,13,20,119,0,1,2,2,2,4,1,5,98,0,0,,28.65013056,-82.04125278,12,2,0,1,1,1,0,1,1,0,13,23,13,30,,
122397,12,2020,10,13,3,5,38,101,0,1,2,2,2,9,2,5,98,0,0,,28.38974167,-82.64614167,12,2,0,1,1,1,0,2,1,0,,,,,,
122399,12,2020,10,2,6,22,9,31,1510,1,1,1,1,2,2,3,1,1,0,,30.28666667,-81.55864167,8,0,0,1,1,1,0,2,1,0,,,,,,
122400,12,2020,10,16,6,20,24,11,1050,1,2,2,2,3,2,4,1,0,0,,26.09173611,-80.15686944,12,6,0,2,3,1,0,3,2,0,,,,,,
122401,12,2020,10,18,1,18,22,11,1927,1,1,1,1,6,2,4,4,0,0,,26.25444167,-80.20295556,8,0,0,1,1,1,0,1,1,0,,,,,,
122402,12,2020,10,24,7,21,2,5,2451,1,1,1,1,2,2,3,1,1,0,,30.19531944,-85.80996111,42,0,0,1,1,3,0,3,1,0,,,,,,
122403,12,2020,10,23,6,19,37,33,0,1,1,1,1,2,2,3,1,1,0,,30.46445833,-87.24159167,8,0,0,1,1,1,0,2,1,0,,,,,,
122404,12,2020,9,10,5,18,39,86,0,1,2,2,2,3,2,4,1,0,0,,25.70082778,-80.36826944,12,6,0,2,3,1,0,1,1,0,,,,,,
122405,12,2020,9,20,1,10,58,117,0,1,1,1,3,8,2,5,2,0,0,,28.82823056,-81.33976944,30,0,0,1,1,4,0,1,2,0,,,,,,
122406,12,2020,10,19,2,16,6,33,0,1,2,2,2,2,2,3,1,1,0,,30.62908056,-87.33198056,12,6,0,2,2,1,0,1,1,0,,,,,,
122407,12,2020,10,15,5,17,40,83,0,1,1,1,1,4,1,5,98,0,0,,29.28235833,-82.18496667,30,0,0,1,1,4,0,1,1,0,,,,,,
122408,12,2020,10,5,2,5,50,31,1510,1,1,1,1,6,2,7,4,0,0,,30.33824167,-81.67269167,9,0,0,2,3,1,0,3,2,0,,,,,,
122409,12,2020,10,5,2,5,0,86,2010,1,1,1,2,2,2,4,1,0,0,,25.80910556,-80.24115556,8,0,0,1,1,3,0,3,10,0,,,,,,
122410,12,2020,10,22,5,20,43,31,1510,1,1,1,1,6,2,7,4,0,0,,30.36890278,-81.60845278,42,0,0,1,1,5,0,3,2,0,,,,,,
122411,12,2020,10,16,6,18,44,9,3000,1,1,1,1,6,2,4,4,0,0,,28.59568611,-80.80790556,42,0,0,1,1,4,0,5,1,0,,,,,,
122412,12,2020,10,14,4,17,16,87,1925,1,1,1,1,2,2,3,1,1,0,,24.73215833,-81.02120556,1,0,0,1,1,1,0,1,1,0,,,,,,
122413,12,2020,10,22,5,20,33,127,0,1,1,1,1,4,2,5,98,0,0,,29.02373056,-80.96325833,43,0,0,3,3,4,0,3,2,0,,,,,,
122414,12,2020,10,7,4,11,31,45,0,3,2,2,4,2,1,3,1,1,0,,29.73911667,-85.18530556,12,6,0,1,1,1,0,1,1,0,,,,,,
122415,12,2020,9,20,1,16,17,53,0,1,3,3,3,2,2,3,1,1,0,,28.45498056,-82.62948056,12,1,0,2,2,1,0,1,10,0,,,,,,
122416,12,2020,5,20,4,18,34,86,2230,1,3,3,4,2,2,3,1,1,0,,25.92604444,-80.15396667,12,6,0,2,2,1,0,1,10,0,,,,,,
122417,12,2020,9,29,3,22,58,103,2730,1,1,1,5,6,2,7,98,0,0,,27.795425,-82.74399167,33,0,0,1,1,4,0,3,1,0,,,,,,
122418,12,2020,7,15,4,10,35,111,2601,1,2,2,2,2,2,3,1,1,0,,27.271125,-80.28848056,12,6,1,2,2,1,0,1,1,0,,,,,,
122419,12,2020,10,23,6,14,35,99,210,1,2,2,4,3,2,3,1,1,0,,26.68875833,-80.66774167,12,6,0,2,2,1,0,1,2,0,,,,,,
122420,12,2020,10,16,6,10,31,57,0,1,1,1,1,2,2,3,1,1,0,,27.72785833,-82.43385278,8,0,0,1,1,1,0,1,1,0,,,,,,
122421,12,2020,10,7,4,23,18,86,9997,1,2,2,4,8,2,4,2,0,0,,25.67097222,-80.41366111,42,0,0,1,1,3,0,3,2,0,,,,,,
122422,12,2020,10,14,4,11,28,86,0,1,2,2,2,8,2,7,2,0,0,,25.90613611,-80.19938056,12,6,0,2,2,1,0,1,1,0,,,,,,
122423,12,2020,7,15,4,5,36,11,1050,1,2,2,2,2,2,3,1,1,0,,26.10215556,-80.20122222,8,0,0,1,1,1,0,3,1,0,,,,,,
122424,12,2020,10,18,1,6,40,11,2570,2,2,2,3,3,2,4,1,0,0,,26.21513333,-80.13118333,12,1,0,1,1,1,0,4,1,0,,,,,,
122425,12,2020,10,25,1,5,0,57,2950,1,1,1,3,3,2,3,1,1,0,,27.9554,-82.41694167,8,0,1,18,1,1,0,2,1,0,,,,,,
122426,12,2020,10,20,3,9,45,127,810,1,2,2,2,8,2,5,2,0,0,,29.03085556,-81.29936667,12,6,0,2,2,1,0,1,1,0,,,,,,
122427,12,2020,10,27,3,0,0,31,1510,2,1,1,2,6,2,7,98,0,0,,30.41630556,-81.71078889,38,0,0,1,1,6,0,6,8,0,,,,,,
122428,12,2020,10,16,6,18,56,55,0,1,1,1,1,3,1,3,1,1,0,310,27.23605556,-81.06840278,24,0,0,1,1,4,0,2,1,0,,,,,,
122429,12,2020,10,5,2,2,39,95,0,1,1,1,2,6,2,7,98,0,0,,28.48767222,-81.29770833,59,0,0,1,1,4,0,3,1,0,,,,,,
122430,12,2020,10,25,1,19,34,81,0,1,1,1,5,2,2,3,1,1,0,,27.45485833,-82.57536667,8,0,0,1,1,1,0,2,1,0,,,,,,
122431,12,2020,10,20,3,17,25,121,360,1,1,1,1,2,1,3,1,1,0,,29.95588611,-82.92725833,8,0,0,1,1,1,0,1,1,0,,,,,,
122432,12,2020,9,25,6,4,50,95,0,1,2,2,2,6,2,5,98,0,0,,28.43620556,-81.36640556,12,1,0,1,1,1,0,3,1,0,,,,,,
122433,12,2020,10,25,1,20,22,9,0,1,1,1,1,3,2,3,1,1,0,,28.35566389,-80.75453333,8,0,0,1,1,1,0,2,1,0,,,,,,
122434,12,2020,10,16,6,4,26,95,0,1,3,3,4,4,2,5,98,0,0,,28.57985278,-81.17847778,12,2,0,1,1,1,0,2,1,0,,,,,,
122435,12,2020,10,28,4,1,57,31,1510,1,1,1,2,9,1,7,1,0,0,,30.21808056,-81.91647778,42,0,0,1,1,4,0,2,1,0,,,,,,
122437,12,2020,9,13,1,19,42,86,2010,1,1,1,1,6,2,5,98,0,0,,25.82745556,-80.21639167,8,0,0,1,1,1,0,1,1,0,,,,,,
122439,12,2020,10,8,5,15,45,53,0,1,2,2,2,2,1,3,1,1,0,,28.52313889,-82.28758056,12,1,0,1,1,1,0,1,1,0,,,,,,
122440,12,2020,10,10,7,12,46,117,2770,1,1,1,1,2,2,3,1,1,0,,28.81170278,-81.27298611,9,0,0,1,1,1,0,1,1,0,,,,,,
122441,12,2020,10,7,4,19,46,86,2023,1,2,2,4,6,2,4,98,0,0,,25.93675556,-80.26118889,12,2,0,2,2,1,0,3,1,0,,,,,,
122442,12,2020,10,29,5,1,0,31,1510,1,2,1,1,6,2,5,98,0,0,,30.29200278,-81.72945,14,0,0,1,1,6,0,3,1,0,,,,,,
122443,12,2020,10,21,4,15,43,55,0,1,3,3,3,3,2,3,1,1,0,,27.42677778,-81.42794444,12,2,0,8,1,1,0,1,10,0,,,,,,
122444,12,2020,10,16,6,0,37,103,0,1,1,1,1,3,2,3,1,1,0,,27.89395556,-82.67953056,15,0,0,3,2,1,0,3,1,0,0,35,0,41,,
122445,12,2020,10,18,1,7,0,127,810,1,1,1,1,4,2,4,98,0,0,,28.98470556,-81.26694722,1,0,0,1,1,1,0,1,1,0,,,,,,
122447,12,2020,10,16,6,19,18,91,0,1,2,2,5,2,2,3,1,1,0,,30.39818056,-86.5978,12,6,0,8,1,1,0,3,1,0,,,,,,
122448,12,2020,10,4,1,2,1,31,1510,2,2,2,1,1,2,1,1,1,0,,30.28103056,-81.77169167,8,0,0,1,1,1,0,3,1,0,,,,,,
122449,12,2020,10,25,1,19,1,69,0,1,2,2,2,4,2,5,98,0,0,,28.80135278,-81.56001667,12,2,0,1,1,1,0,5,10,0,,,,,,
122450,12,2020,10,24,7,16,43,86,1340,1,4,2,2,6,2,5,98,0,0,,25.88039167,-80.31539444,12,6,0,1,1,1,0,1,2,0,,,,,,
122451,12,2020,8,31,2,20,28,73,2940,1,1,1,1,3,2,3,1,1,0,,30.39491667,-84.28313889,8,0,0,3,3,1,0,2,10,0,,,,,,
122452,12,2020,10,29,5,2,15,31,1510,1,1,1,2,3,2,4,1,0,0,,30.41326667,-81.69040833,38,0,0,1,1,5,0,3,1,0,,,,,,
122453,12,2020,10,16,6,0,15,83,0,1,1,1,1,8,1,7,98,0,0,,29.21565833,-81.99209444,24,0,0,1,1,4,0,2,1,0,,,,,,
122454,12,2020,10,21,4,6,28,75,0,1,3,3,3,2,1,3,1,1,0,,29.32637222,-82.45391667,12,1,0,8,1,1,0,2,10,0,,,,,,
122455,12,2020,10,24,7,8,24,86,1340,1,2,2,2,3,2,4,1,0,0,,25.84070833,-80.28789722,12,6,0,1,1,1,0,4,1,0,,,,,,
122456,12,2020,3,10,3,19,58,35,0,1,1,1,1,3,1,4,1,0,0,,29.43655278,-81.28316389,42,0,0,1,1,4,0,2,1,0,,,,,,
122457,12,2020,4,23,5,14,55,57,2540,1,4,2,2,6,2,7,98,0,0,,28.01261111,-82.10908333,12,6,0,2,2,1,0,1,1,0,,,,,,
122459,12,2020,7,16,5,16,36,57,2980,1,2,2,2,6,2,4,98,0,0,,28.05078333,-82.39379167,12,6,0,2,2,1,0,1,1,0,,,,,,
122460,12,2020,11,1,1,6,1,31,1510,1,2,2,2,1,2,1,1,1,0,,30.33118611,-81.67369722,18,0,0,1,1,1,0,4,10,0,,,,,,
122461,12,2020,8,20,5,17,24,11,1050,1,1,1,1,3,2,3,1,1,0,,26.13661667,-80.14890278,9,0,0,1,1,1,0,1,1,0,,,,,,
122462,12,2020,8,27,5,15,9,11,672,1,2,2,2,5,2,5,98,0,0,,26.24931389,-80.26847778,12,2,0,2,2,1,0,1,1,0,,,,,,
122463,12,2020,9,5,7,10,40,53,0,1,1,1,1,6,1,5,98,0,0,,28.47975278,-82.37195278,42,0,0,1,1,4,0,1,1,0,10,44,10,48,,
122464,12,2020,10,24,7,21,32,5,2451,1,3,3,5,3,2,4,1,0,0,,30.20321389,-85.84803333,12,2,0,2,3,1,0,3,1,0,,,,,,
122465,12,2020,10,25,1,12,3,105,1690,1,1,1,2,3,2,2,1,1,0,,27.99622222,-81.95855556,59,0,0,1,1,3,4,1,10,0,,,,,,
122466,12,2020,10,22,5,9,12,97,0,1,2,1,2,3,1,2,31,1,0,,27.74763611,-80.93480833,14,0,0,1,1,4,0,1,1,0,,,,,,
122467,12,2020,8,27,5,15,20,23,1660,1,3,3,3,3,2,3,1,0,0,,30.18731944,-82.64871111,12,6,1,2,2,1,0,1,1,0,,,,,,
122468,12,2020,10,27,3,19,50,131,800,1,1,1,4,2,2,4,1,1,0,,30.72561389,-86.128416669999993,8,0,0,1,1,1,0,3,2,0,,,,,,
122469,12,2020,10,25,1,20,32,95,70,1,1,1,1,2,2,3,1,1,0,,28.67893333,-81.52105556,8,0,0,1,1,1,0,3,1,0,,,,,,
122470,12,2020,10,27,3,11,22,71,457,1,4,4,7,3,2,4,2,0,0,,26.63758889,-82.03989167,12,6,0,2,2,1,0,1,10,0,,,,,,
122471,12,2020,10,29,5,21,45,31,1510,1,1,1,1,6,2,7,98,0,0,,30.28218056,-81.51531667,8,0,0,1,1,1,0,3,1,0,,,,,,
122472,12,2020,10,31,7,23,42,31,1510,1,1,1,1,3,2,4,1,0,0,,30.13470556,-81.63210833,30,0,0,1,1,4,0,3,1,0,,,,,,
122473,12,2020,10,26,2,20,43,95,2360,1,1,1,1,3,2,4,1,0,0,,28.51858056,-81.2967,8,0,0,3,2,1,0,3,1,0,,,,,,
122474,12,2020,10,14,4,14,20,117,0,1,2,2,6,3,2,2,1,1,0,,28.72939444,-81.24914167,12,1,0,1,1,1,0,1,1,0,,,,,,
122475,12,2020,10,23,6,19,19,33,0,1,1,1,1,3,2,4,1,0,0,,30.42646667,-87.24093056,8,0,0,1,1,1,0,2,1,0,,,,,,
122476,12,2020,10,2,6,21,22,11,1420,1,2,2,2,6,2,5,4,0,0,,26.01829167,-80.17756111,1,0,0,8,1,1,0,3,2,0,,,,,,
122477,12,2020,10,27,3,14,22,99,290,1,1,1,3,6,2,4,1,0,0,,26.367,-80.12129444,33,0,0,1,1,3,0,1,1,0,,,,,,
122479,12,2020,10,19,2,23,3,11,2948,1,1,1,1,3,2,2,1,1,0,,26.17318333,-80.21994167,25,0,0,1,1,3,0,3,2,0,,,,,,
122480,12,2020,11,1,1,22,17,11,2468,1,2,2,3,6,2,5,98,0,0,,25.99317778,-80.336325,12,6,0,2,2,1,0,3,1,0,,,,,,
122481,12,2020,10,23,6,0,30,39,1310,1,1,1,1,2,1,3,1,1,0,,30.62665,-84.41534167,33,0,0,1,1,4,0,3,1,0,,,,,,
122482,12,2020,10,25,1,17,0,37,0,1,1,1,1,2,1,3,1,1,0,,29.87058611,-84.61133056,1,0,0,1,1,4,0,1,10,0,,,,,,
122483,12,2020,10,24,7,20,27,69,0,1,2,2,3,2,2,3,1,1,0,,28.70524722,-81.85893889,12,1,0,1,1,1,0,5,1,0,,,,,,
122484,12,2020,10,24,7,23,28,21,0,2,2,2,5,4,2,4,98,0,0,,26.16663333,-81.75086944,12,2,0,1,1,1,0,3,1,0,,,,,,
122485,12,2020,10,26,2,2,7,71,0,1,1,1,2,1,2,1,1,1,0,,26.33898056,-81.751975,1,0,0,1,1,4,0,2,1,0,,,,,,
122486,12,2020,10,26,2,18,55,71,0,1,2,2,3,1,2,1,1,1,0,,26.69448056,-81.79870833,12,1,0,1,1,1,0,5,2,0,,,,,,
122487,12,2020,10,24,7,22,18,127,0,1,2,2,2,3,2,3,1,0,0,,29.02073056,-81.32398056,9,0,0,3,2,1,0,2,1,0,,,,,,
122488,12,2020,10,16,6,20,30,119,0,1,2,2,4,1,1,1,1,1,0,,28.74728611,-82.10649722,12,1,0,1,1,1,0,2,1,0,20,33,20,39,,
122489,12,2020,10,28,4,8,55,107,0,1,2,2,2,3,1,3,1,1,0,,29.56476944,-81.54439167,12,2,0,1,1,1,0,1,1,0,,,,,,
122490,12,2020,10,10,7,7,50,119,0,2,2,2,4,2,2,3,1,1,0,,28.90978611,-82.03709167,12,6,0,1,1,1,0,1,1,0,7,52,8,0,,
122491,12,2020,10,27,3,15,57,86,1340,1,1,1,1,2,2,3,1,1,0,,25.87931667,-80.35625,8,0,0,3,2,1,0,1,1,0,,,,,,
122492,12,2020,10,14,4,14,25,83,0,1,2,2,3,4,1,6,2,0,0,,29.01919722,-82.15280833,12,2,0,1,1,1,0,1,1,0,,,,,,
122493,12,2020,10,17,7,10,39,53,0,1,1,1,1,4,2,4,98,0,0,,28.48096389,-82.46083056,8,0,0,1,1,1,0,1,1,0,,,,,,
122494,12,2020,10,20,3,19,0,131,0,1,1,1,1,2,1,3,1,1,0,,30.3748,-86.26253889,8,0,0,1,1,1,0,2,1,0,,,,,,
122495,12,2020,10,29,5,19,25,35,2439,1,1,1,2,2,1,3,1,1,0,,29.62914167,-81.28346667,11,0,0,1,1,1,0,5,10,0,,,,,,
122496,12,2020,10,25,1,0,52,57,0,1,2,2,3,3,2,3,1,1,0,,27.98120833,-82.32845,12,6,1,2,2,1,0,3,1,0,,,,,,
122497,12,2020,10,18,1,12,16,19,0,1,3,3,5,3,2,3,1,1,0,,30.13943056,-81.77138611,12,6,0,2,2,1,0,1,1,0,,,,,,
122498,12,2020,10,25,1,14,5,83,0,1,2,2,3,2,2,3,1,1,0,,29.21735833,-82.20788611,12,2,0,1,1,1,0,1,10,0,,,,,,
122499,12,2020,10,25,1,20,1,81,0,1,2,2,2,2,2,3,1,1,0,,27.52186667,-82.52128333,12,6,0,2,2,1,0,2,1,0,,,,,,
122500,12,2020,11,1,1,17,55,11,1050,1,3,3,4,2,2,3,1,1,0,,26.16972222,-80.11878889,12,6,0,2,2,1,0,3,1,0,,,,,,
122501,12,2020,10,26,2,5,5,99,0,1,1,1,3,2,2,3,1,1,0,,26.56675278,-80.20573611,8,0,0,1,1,1,0,2,1,0,,,,,,
122502,12,2020,10,28,4,22,17,86,2023,1,1,1,1,6,2,5,4,0,0,,25.93266667,-80.25294167,8,0,0,3,2,1,0,3,1,0,,,,,,
122503,12,2020,10,31,7,19,31,73,2940,2,2,2,6,2,2,3,1,1,0,,30.43799722,-84.26596667,12,6,0,2,2,1,0,3,1,0,,,,,,
122504,12,2020,11,4,4,7,43,31,1520,1,1,1,1,2,2,3,1,1,0,,30.27598611,-81.38939722,9,0,0,3,2,1,0,1,1,0,,,,,,
122506,12,2020,11,1,1,13,45,79,0,1,1,1,2,1,1,1,1,1,0,,30.44229722,-83.66655278,42,0,0,1,1,5,0,1,1,0,,,,,,
122507,12,2020,10,27,3,20,50,131,0,1,1,1,1,4,1,5,98,0,0,,30.86584444,-86.06280833,42,0,0,1,1,4,0,2,10,0,,,,,,
122508,12,2020,10,28,4,21,58,31,1510,1,1,1,1,3,2,2,1,1,0,,30.28089444,-81.55921667,8,0,0,3,2,1,0,3,1,0,,,,,,
122509,12,2020,10,24,7,20,17,109,0,1,3,3,4,1,1,1,1,1,0,,29.68571944,-81.32174167,12,6,0,1,1,1,0,2,10,0,,,,,,
122510,12,2020,7,26,1,2,25,105,0,1,2,2,3,2,2,3,1,1,0,,28.06076944,-81.73275278,12,6,0,2,3,1,0,3,1,0,,,,,,
122511,12,2020,10,17,7,20,46,73,2940,1,2,2,2,3,2,5,1,1,0,,30.41254167,-84.28302778,12,6,1,2,2,1,0,3,1,0,,,,,,
122512,12,2020,8,7,6,10,57,71,1070,1,2,2,2,3,2,3,1,0,0,,26.66445556,-81.83380278,12,1,0,8,1,1,0,1,1,0,,,,,,
122513,12,2020,10,23,6,22,31,105,0,4,4,4,7,3,1,3,1,1,0,,27.80582222,-81.29978056,12,2,0,1,1,1,0,2,1,0,,,,,,
122514,12,2020,10,26,2,14,7,71,1070,1,2,2,2,2,2,3,1,1,0,,26.57954167,-81.87198611,12,6,0,2,3,1,0,1,10,0,,,,,,
122515,12,2020,11,3,3,10,1,79,0,1,2,2,2,2,1,4,1,0,0,,30.46918889,-83.38853056,12,6,0,2,2,1,0,1,1,0,,,,,,
122516,12,2020,10,31,7,2,18,73,2940,1,1,1,1,6,2,7,98,0,0,,30.44814444,-84.29587222,8,0,0,3,2,1,0,3,1,0,,,,,,
122517,12,2020,10,27,3,20,18,57,0,1,1,1,1,9,2,4,98,0,0,,28.02533611,-82.48615278,8,0,0,1,1,1,0,2,1,0,,,,,,
122518,12,2020,10,30,6,21,32,99,1750,1,2,2,5,2,2,4,1,0,0,,26.60619722,-80.057675,12,2,0,2,2,1,0,6,1,0,,,,,,
122519,12,2020,11,2,2,21,39,9,3000,1,1,1,1,3,2,3,1,1,0,,28.61486944,-80.8083,8,0,0,1,1,1,0,3,2,0,,,,,,
122520,12,2020,11,2,2,19,32,95,2360,1,1,1,1,3,2,4,1,0,0,,28.51663333,-81.29156667,8,0,0,1,1,1,0,3,1,0,,,,,,
122521,12,2020,10,30,6,16,25,95,2360,1,2,2,2,6,2,5,98,0,0,,28.53836667,-81.40139722,12,2,0,2,3,1,0,1,1,0,,,,,,
122522,12,2020,11,1,1,21,58,63,0,1,1,1,1,1,1,1,1,1,0,,30.71395,-85.15948056,34,0,0,1,1,4,0,2,1,0,,,,,,
122523,12,2020,11,6,6,1,2,11,2468,1,2,2,2,6,2,3,4,1,0,,26.02976111,-80.28371389,12,6,0,2,3,1,0,3,1,0,,,,,,
122524,12,2020,10,30,6,19,50,83,0,2,1,1,3,9,1,6,98,0,0,,29.29620556,-82.20791944,53,0,0,1,1,4,0,2,1,0,,,,,,
122525,12,2020,9,12,7,0,0,86,1440,1,2,2,3,2,2,3,1,1,0,,25.43340833,-80.4741,12,2,0,1,1,1,0,2,10,0,,,,,,
122526,12,2020,10,31,7,23,15,31,1510,1,2,2,2,3,2,4,1,0,0,,30.24785833,-81.79393611,12,1,0,3,2,1,0,3,10,0,,,,,,
122527,12,2020,10,31,7,1,51,115,0,1,1,1,1,8,2,7,2,0,0,,27.28250278,-82.42920278,1,0,0,1,1,2,0,2,1,0,,,,,,
122528,12,2020,10,27,3,20,20,86,0,1,2,2,3,2,1,3,1,1,0,,25.78884167,-80.85608056,12,1,0,1,1,1,0,2,1,0,,,,,,