st_case,state,year,month,day,day_week,hour,minute,county,city,fatals_crash,vehicles_total,vehicles_in_transport,persons_total,route,rural_urban,functional_system,road_owner,nhs,special_jurisdiction,milepoint,latitude,longitude,first_harmful_event,manner_collision,rel_jct_interchange,rel_jct_location,intersection_type,relation_to_road,work_zone,light_condition,weather,school_bus_related,ems_notified_hour,ems_notified_min,ems_arrival_hour,ems_arrival_min,hospital_hour,hospital_min
122891,12,2020,12,7,2,18,5,127,2190,1,1,1,1,8,2,5,2,0,0,,29.009825,-80.93910278,9,0,0,2,2,1,0,2,1,0,,,,,,
122892,12,2020,12,2,4,19,39,103,1880,1,1,1,1,3,2,4,1,0,0,,27.79289167,-82.79109167,42,0,0,1,1,3,0,3,1,0,,,,,,
122893,12,2020,12,14,2,6,3,57,0,1,2,2,2,8,2,6,2,0,0,,27.72064444,-82.42966944,12,2,0,2,3,1,0,2,1,0,,,,,,
122894,12,2020,11,22,1,17,49,99,330,1,2,2,3,3,2,4,1,0,0,,26.52712778,-80.05819167,12,2,0,2,2,1,0,3,1,0,,,,,,
122895,12,2020,11,26,5,16,28,99,330,1,2,2,2,6,2,6,4,0,0,,26.53610556,-80.0644,12,2,0,2,2,1,0,1,1,0,,,,,,
122896,12,2020,12,16,4,23,10,31,1510,1,1,1,1,6,2,7,4,0,0,,30.47370833,-81.6623,3,0,0,3,3,5,0,3,1,0,,,,,,
122897,12,2020,12,6,1,16,48,11,2916,1,2,2,2,6,2,5,4,0,0,,26.17916667,-80.27598333,12,6,0,2,2,1,0,1,1,0,,,,,,
122898,12,2020,12,3,5,13,24,127,810,1,1,1,1,3,2,3,1,1,0,,29.02815,-81.29349444,9,0,0,1,1,1,0,1,1,0,,,,,,
122899,12,2020,11,19,5,21,46,105,0,2,2,2,4,2,2,3,1,1,0,,27.95295556,-81.87011389,12,1,0,2,2,1,0,3,1,0,,,,,,
122900,12,2020,11,22,1,18,21,107,0,1,1,1,1,4,1,6,98,0,0,,29.58419167,-81.87788611,1,0,0,1,1,4,0,2,10,0,,,,,,
122902,12,2020,12,5,7,22,40,73,0,1,2,2,6,9,1,6,98,0,0,,30.53640833,-84.16129722,12,2,0,1,1,1,0,2,1,0,,,,,,
122903,12,2020,12,8,3,9,6,83,0,1,3,3,3,2,2,3,1,1,0,,29.01745278,-82.01345278,12,1,0,3,3,1,0,1,1,0,,,,,,
122904,12,2020,12,11,6,21,14,95,0,1,1,1,2,3,2,2,1,1,0,,28.47484167,-81.44653056,8,0,0,1,1,1,0,2,1,0,,,,,,
122905,12,2020,12,11,6,22,18,71,0,1,1,1,1,8,2,7,2,0,0,,26.65285833,-81.66873889,8,0,0,1,1,1,0,2,1,0,,,,,,
122906,12,2020,12,2,4,19,10,91,0,1,1,1,1,8,2,7,2,0,0,,30.50700833,-86.45693056,8,0,0,1,1,1,0,2,1,0,,,,,,
122907,12,2020,11,14,7,19,7,121,0,1,2,2,4,1,1,1,1,1,0,,30.34675278,-83.09734167,12,1,0,1,1,1,0,3,1,0,,,,,,
122908,12,2020,12,4,6,23,8,95,2360,1,1,1,1,3,2,4,1,0,0,,28.57811667,-81.43955833,8,0,0,1,1,1,0,3,10,0,,,,,,
122909,12,2020,12,6,1,22,24,107,0,2,2,2,2,3,1,3,1,1,0,,29.62815556,-81.77119722,12,2,0,1,1,1,0,2,2,0,,,,,,
122910,12,2020,11,30,2,5,5,97,0,3,2,2,5,2,1,3,1,1,0,,27.64884444,-80.87819167,12,2,0,1,1,1,0,2,1,0,,,,,,
122911,12,2020,11,29,1,22,27,86,1340,1,1,1,1,1,2,1,1,1,0,,25.89839167,-80.33416944,8,0,0,1,1,1,0,3,1,0,,,,,,
122912,12,2020,12,15,3,5,15,95,0,1,3,3,3,2,2,3,1,1,0,,28.46039167,-81.3979,8,0,0,1,1,1,0,3,1,0,,,,,,
122913,12,2020,11,13,6,18,2,95,0,2,3,3,4,3,2,4,1,0,0,,28.48056389,-81.32363889,12,2,0,1,1,1,0,5,1,0,,,,,,
122914,12,2020,11,29,1,1,20,95,0,1,1,1,2,6,2,4,1,0,0,,28.45036389,-81.47083056,8,0,0,1,1,1,0,3,1,0,,,,,,
122915,12,2020,12,12,7,16,45,115,0,1,2,2,2,4,2,4,2,0,0,,27.31191389,-82.49736667,12,6,0,2,3,1,0,1,1,0,,,,,,
122916,12,2020,12,10,5,20,54,99,0,1,2,2,3,9,2,5,98,0,0,,26.64458333,-80.12165278,12,6,0,2,2,1,0,2,1,0,,,,,,
122917,12,2020,11,27,6,5,2,103,2960,1,1,1,1,2,2,4,1,0,0,,28.17061667,-82.75256667,9,0,0,1,1,1,0,3,1,0,,,,,,
122918,12,2020,5,19,3,14,15,99,2431,1,1,1,1,6,2,6,4,0,0,,26.84018889,-80.15105556,42,0,0,1,1,3,0,1,10,0,,,,,,
122919,12,2020,5,31,1,21,0,105,1690,1,2,2,5,2,2,3,1,1,0,,28.03628056,-82.01456944,12,2,0,1,1,1,0,2,1,0,,,,,,
122920,12,2020,10,13,3,14,34,11,2541,1,1,1,1,8,6,96,96,0,0,,26.12146667,-80.25861667,8,0,0,1,1,1,0,1,1,0,,,,,,
122921,12,2020,10,23,6,10,10,86,2030,1,1,1,1,6,2,5,4,0,0,,25.86345,-80.19336667,8,0,0,3,2,1,0,1,1,0,,,,,,
122922,12,2020,10,27,3,21,13,57,2980,1,1,1,1,4,2,4,2,0,0,,28.03254444,-82.39209444,8,0,0,1,1,1,0,3,1,0,,,,,,
122923,12,2020,10,23,6,16,40,55,0,1,1,1,1,8,1,7,26,0,0,,27.51999722,-81.55051667,38,0,0,3,10,6,0,1,10,0,,,,,,
122924,12,2020,10,27,3,0,16,69,2970,1,1,1,1,3,2,4,1,0,0,,28.78509167,-81.74833889,33,0,0,3,4,3,0,2,1,0,,,,,,
122925,12,2020,10,27,3,13,20,103,2730,1,3,3,3,3,2,4,1,0,0,,27.86491667,-82.64069444,12,6,0,2,2,1,0,1,1,0,,,,,,
122926,12,2020,10,31,7,14,49,57,0,1,2,2,2,8,2,7,2,0,0,,28.07006111,-82.43654722,12,6,0,2,2,1,0,1,1,0,,,,,,
122927,12,2020,11,1,1,14,35,57,2950,1,2,2,4,4,2,4,2,0,0,,28.02535556,-82.45951667,12,2,0,2,2,1,0,1,1,0,,,,,,
122928,12,2020,10,25,1,19,45,71,1070,1,3,3,4,3,2,3,1,1,0,,26.66322778,-81.83605556,8,0,0,3,3,1,0,3,1,0,,,,,,
122929,12,2020,11,12,5,16,19,103,2530,1,1,1,1,6,2,7,98,0,0,,27.84101389,-82.69940833,8,0,0,8,1,1,0,1,10,0,,,,,,
122930,12,2020,11,17,3,21,1,117,30,1,1,1,1,6,2,7,4,0,0,,28.66770556,-81.39036667,8,0,0,3,2,1,0,3,1,0,,,,,,
122931,12,2020,11,17,3,18,48,99,0,1,2,2,2,3,2,3,2,0,0,,26.34031944,-80.15365556,12,6,0,2,2,1,0,3,1,0,,,,,,
122932,12,2020,11,16,2,11,53,99,1190,1,2,2,2,6,2,4,4,0,0,,26.60760556,-80.11809444,12,6,0,2,2,1,0,1,1,0,,,,,,
122933,12,2020,11,13,6,23,55,11,2570,1,1,1,1,3,2,3,1,1,0,,26.25996667,-80.15196667,8,0,0,1,1,1,0,3,1,0,,,,,,
122934,12,2020,11,14,7,21,20,86,0,1,2,2,5,8,1,7,2,0,0,,25.81162778,-80.39356667,12,6,0,2,2,1,0,2,1,0,,,,,,
122935,12,2020,11,19,5,15,57,86,0,1,2,2,3,6,2,7,98,0,0,,25.87486944,-80.21421111,12,6,0,2,3,1,0,1,1,0,,,,,,
122936,12,2020,11,21,7,18,15,69,580,1,1,1,1,3,2,3,1,1,0,,28.54681667,-81.739625,8,0,0,3,2,1,0,2,10,0,,,,,,
122937,12,2020,11,29,1,18,48,11,1050,1,3,3,8,3,2,4,1,0,0,,26.10042222,-80.13069167,12,6,0,2,2,1,0,3,1,0,,,,,,
122938,12,2020,11,12,5,17,4,83,2270,1,1,1,2,8,2,6,2,0,0,,29.21486667,-82.13686667,53,0,0,1,1,4,0,1,1,0,,,,,,
122939,12,2020,11,14,7,19,35,127,825,1,1,1,2,4,2,4,2,0,0,,28.91018611,-81.25947222,8,0,0,3,2,1,0,6,1,0,,,,,,
122940,12,2020,12,11,6,16,10,99,0,1,3,3,3,3,2,3,1,1,0,,26.70078056,-80.11138889,12,6,0,2,3,1,0,5,1,0,,,,,,
122941,12,2020,12,19,7,18,55,1,1130,1,1,1,1,3,2,3,1,1,0,,29.65848333,-82.30706667,8,0,0,1,1,1,0,2,1,0,,,,,,
122942,12,2020,12,5,7,3,0,127,0,1,1,1,1,4,1,6,98,0,0,,28.86431667,-80.87356667,42,0,0,1,1,4,0,2,1,0,,,,,,
122943,12,2020,12,14,2,15,46,71,0,1,2,2,2,2,2,3,1,1,0,,26.70608056,-81.90025278,12,6,0,2,2,1,0,1,1,0,,,,,,
122944,12,2020,12,15,3,16,0,71,0,1,2,2,4,6,2,5,4,0,0,,26.44940833,-81.78873889,12,6,0,2,2,1,0,1,1,0,,,,,,
122945,12,2020,12,7,2,4,20,97,0,1,3,3,3,1,2,1,1,1,0,,28.29679167,-81.57975278,24,0,0,1,1,3,0,3,2,0,,,,,,
122946,12,2020,12,4,6,11,47,53,0,1,2,2,2,4,2,4,2,0,0,,28.49513889,-82.53781667,12,6,0,2,2,1,0,1,10,0,11,50,11,53,,
122947,12,2020,12,12,7,15,3,7,1800,2,1,1,1,2,1,3,1,1,0,,30.10269444,-82.05265556,9,0,0,1,1,2,0,1,10,0,,,,,,
122948,12,2020,11,25,4,1,14,17,1500,2,1,1,3,2,2,3,1,1,0,,28.80881667,-82.31348056,33,0,0,1,1,3,0,2,1,0,1,17,1,21,,
122949,12,2020,12,11,6,19,21,103,0,1,1,1,1,4,2,3,2,1,0,,27.89324444,-82.700275,8,0,0,1,1,1,0,3,1,0,,,,,,
122950,12,2020,10,31,7,22,47,103,0,1,1,1,1,6,2,4,98,0,0,,27.82833333,-82.69215833,8,0,0,1,1,1,0,3,1,0,,,,,,
122951,12,2020,12,15,3,23,40,95,0,1,3,3,4,6,2,5,4,1,0,,28.43623889,-81.35676667,12,6,0,8,1,1,0,2,1,0,,,,,,
122952,12,2020,12,5,7,21,23,101,0,1,1,1,1,4,2,5,98,0,0,,28.29800556,-82.69578889,8,0,0,3,2,1,0,3,1,0,21,24,21,30,,
122953,12,2020,12,7,2,23,52,109,0,1,2,2,2,1,1,1,1,1,0,,29.94808056,-81.43678889,12,1,0,1,1,1,0,2,1,0,,,,,,
122955,12,2020,12,18,6,20,22,101,0,1,2,2,3,2,1,3,1,1,0,,28.28080556,-82.11405556,12,2,0,1,1,1,0,2,1,0,,,,,,
122956,12,2020,9,18,6,20,4,127,2190,1,1,1,1,2,2,3,1,1,0,,29.06590278,-80.946475,8,0,0,2,3,1,0,3,1,0,,,,,,
122957,12,2020,12,11,6,21,50,83,0,1,1,1,1,8,2,6,2,0,0,,28.98562778,-81.97636667,18,0,0,1,1,6,0,2,1,0,,,,,,
122958,12,2020,12,6,1,0,25,21,0,1,1,1,2,4,2,4,98,0,0,,26.17401667,-81.76711667,42,0,0,1,1,3,0,3,10,0,,,,,,
122959,12,2020,11,29,1,19,55,57,0,1,1,1,1,1,2,1,1,1,0,,28.01011667,-82.28275556,8,0,0,1,1,1,0,2,1,0,,,,,,
122960,12,2020,12,11,6,16,45,31,1510,1,3,3,4,3,2,2,1,1,0,,30.25515,-81.44572778,12,1,0,1,1,1,0,1,1,0,,,,,,
122961,12,2020,12,3,5,20,17,57,2950,1,1,1,1,3,2,4,1,0,0,,28.06050833,-82.45935556,8,0,0,1,1,1,0,3,1,0,,,,,,
122962,12,2020,12,10,5,6,20,86,0,1,1,1,1,3,2,3,1,1,0,,25.68761111,-80.34966944,15,0,0,1,1,1,0,4,1,0,,,,,,
122963,12,2020,12,20,1,8,16,99,112,1,1,1,1,6,2,3,1,0,0,,26.59538333,-80.09232778,33,0,0,1,1,4,0,1,1,0,,,,,,
122964,12,2020,12,9,4,12,0,99,0,1,1,1,1,8,2,3,2,1,0,,26.43882778,-80.146675,1,0,0,3,2,1,0,1,1,0,,,,,,
122965,12,2020,12,9,4,17,20,87,0,1,2,2,2,2,2,3,1,1,0,,24.5745,-81.73758611,12,6,0,2,3,1,0,1,1,0,,,,,,
122966,12,2020,12,8,3,9,40,103,0,1,2,2,2,3,2,3,1,1,0,,27.89366944,-82.72231667,12,6,1,2,2,1,0,1,1,0,,,,,,
122967,12,2020,11,13,6,19,10,85,0,1,2,2,2,9,2,4,1,0,0,,27.16544444,-80.21923333,8,0,0,1,1,1,0,3,1,0,,,,,,
122968,12,2020,12,17,5,22,10,121,1830,1,1,1,2,2,2,4,1,0,0,,30.29368889,-82.9775,8,0,0,1,1,1,0,2,1,0,,,,,,
122969,12,2020,11,24,3,20,56,103,0,1,1,1,1,6,2,4,98,0,0,,27.82104722,-82.66754167,8,0,0,1,1,1,0,2,1,0,,,,,,
122970,12,2020,12,12,7,22,50,131,0,2,2,2,4,2,1,3,1,1,0,,30.55191667,-86.10644722,12,6,0,2,3,1,0,2,2,0,,,,,,
122971,12,2020,12,11,6,23,55,95,0,1,4,4,5,3,2,3,1,1,0,,28.56523611,-81.14795833,12,1,0,3,3,1,0,3,1,0,,,,,,
122973,12,2020,12,12,7,18,19,15,0,1,2,2,3,2,2,3,1,1,0,,27.01976667,-82.18649444,12,6,0,2,3,1,0,5,1,0,,,,,,
122974,12,2020,11,26,5,22,30,133,0,2,1,1,6,9,1,7,98,0,0,,30.53661667,-85.67281944,1,0,0,1,1,4,0,2,1,0,,,,,,
122975,12,2020,12,12,7,23,28,71,0,1,2,2,3,2,2,3,1,1,0,,26.67723889,-81.88311667,8,0,0,1,1,1,0,3,1,0,,,,,,
122976,12,2020,11,29,1,20,45,81,0,1,1,1,1,1,1,1,1,1,0,,27.61728056,-82.48390833,8,0,0,1,1,3,0,2,1,0,,,,,,
122977,12,2020,12,21,2,21,30,91,0,1,2,2,2,2,2,3,1,1,0,,30.41148056,-86.74848889,8,0,0,1,1,1,0,2,1,0,,,,,,
122978,12,2020,12,14,2,22,40,115,0,1,2,2,3,1,2,1,1,1,0,,27.11311667,-82.38725556,12,2,0,1,1,1,0,3,1,0,,,,,,
122979,12,2020,12,5,7,6,29,95,0,1,1,1,1,3,2,4,1,0,0,,28.45035833,-81.401825,8,0,0,1,1,1,0,4,10,0,,,,,,
122980,12,2020,12,18,6,6,14,83,0,1,2,2,3,3,2,3,1,1,0,,29.25951667,-82.14944167,12,6,0,8,1,1,0,2,1,0,,,,,,
122981,12,2020,12,16,4,23,46,86,0,1,2,2,2,9,2,7,98,0,0,,25.84478056,-80.22126389,12,6,0,2,2,1,0,3,1,0,,,,,,
122982,12,2020,12,15,3,18,22,101,0,1,1,1,1,2,2,3,1,1,0,,28.20969167,-82.73955278,8,0,0,3,2,1,0,3,1,0,,,18,7,,
122983,12,2020,11,27,6,18,10,95,0,1,1,1,1,6,2,4,98,0,0,,28.49453056,-81.39340556,8,0,0,1,1,1,0,5,1,0,,,,,,
122984,12,2020,12,18,6,19,38,86,1340,1,3,1,1,6,2,7,98,0,0,,25.85498056,-80.26246667,9,0,0,1,1,1,0,3,1,0,,,,,,
122985,12,2020,12,18,6,10,36,99,1910,1,1,1,2,3,2,5,1,0,0,,26.61053611,-80.03810833,42,0,0,1,1,4,0,1,1,0,,,,,,
122986,12,2020,12,20,1,2,26,11,2083,1,1,1,1,3,2,3,1,1,0,,25.97259444,-80.24694167,39,0,1,3,2,4,0,3,1,0,,,,,,
122987,12,2020,11,27,6,22,50,127,825,1,1,1,1,6,2,5,98,0,0,,28.87368056,-81.17848056,8,0,0,1,1,1,0,3,1,0,,,,,,
122988,12,2020,12,16,4,18,6,15,0,1,3,2,5,1,2,1,1,1,0,,27.01196667,-82.04313333,14,0,0,1,1,2,0,1,10,0,,,,,,
122989,12,2020,12,12,7,6,38,39,0,1,2,2,3,9,1,7,1,0,0,,30.54484444,-84.46633889,12,6,0,8,1,1,0,2,1,0,,,,,,
122990,12,2020,12,13,1,18,7,107,0,1,1,1,1,4,1,6,2,0,0,,29.69660833,-81.5703,59,0,0,1,1,4,0,2,10,0,,,,,,
122991,12,2020,12,14,2,16,40,101,0,1,2,2,2,2,2,3,1,1,0,,28.34589167,-82.69929167,12,6,0,2,2,1,0,3,1,0,16,51,16,53,,
122992,12,2020,12,8,3,20,55,1,0,1,1,1,1,9,2,5,98,0,0,,29.63590556,-82.28921944,9,0,0,1,1,2,0,2,1,0,,,,,,
122993,12,2020,12,19,7,2,27,81,0,1,1,1,1,6,2,4,98,0,0,,27.46265278,-82.56311389,33,0,0,1,1,4,0,2,1,0,,,,,,
122994,12,2020,11,19,5,16,56,1,10,1,2,2,2,4,1,6,98,0,0,,29.80036667,-82.42278611,12,6,0,2,2,1,0,1,1,0,,,,,,
122995,12,2020,12,15,3,18,25,53,0,1,1,1,1,8,2,7,2,0,0,,28.50465556,-82.53013889,15,0,0,8,1,1,0,5,1,0,18,21,18,24,,
122996,12,2020,12,12,7,18,30,83,0,1,3,3,5,8,2,6,2,0,0,,29.13223611,-82.03244722,12,6,0,2,2,1,0,2,1,0,,,,,,
122997,12,2020,12,20,1,17,31,91,1091,1,2,2,6,2,2,3,1,1,0,,30.40955278,-86.65798056,8,0,0,1,1,1,0,3,1,0,,,,,,
122998,12,2020,12,9,4,14,38,105,0,1,2,2,2,3,2,4,1,0,0,,27.93849444,-81.97423611,12,6,0,2,2,1,0,1,1,0,,,,,,
122999,12,2020,11,24,3,9,17,83,2270,1,2,2,3,3,2,3,1,1,0,,29.18710833,-82.12988889,12,6,0,2,3,1,0,1,1,0,,,,,,
123000,12,2020,12,21,2,15,15,11,633,1,1,1,1,6,2,4,4,0,0,,26.23575,-80.18726111,42,0,0,1,1,6,0,1,1,0,,,,,,
123001,12,2020,12,24,5,2,20,115,0,1,1,1,1,8,2,7,98,0,0,,27.31924167,-82.43705556,34,0,0,1,1,4,0,2,1,0,,,,,,
123002,12,2020,12,24,5,3,0,86,2030,1,1,1,1,6,2,4,98,0,0,,25.86221667,-80.19877778,41,0,0,1,1,4,0,3,1,0,,,,,,
123003,12,2020,11,8,1,3,50,115,2780,1,1,1,1,6,2,5,2,0,0,,27.32826111,-82.51405,8,0,0,1,1,1,0,3,2,0,,,,,,
123004,12,2020,12,20,1,0,53,127,2340,1,1,1,1,6,2,4,98,0,0,,28.94215,-81.27450556,34,0,0,1,1,4,0,2,1,0,,,,,,
123005,12,2020,11,24,3,18,8,93,0,1,3,3,5,2,2,3,1,1,0,,27.2712,-80.82995,12,6,0,2,2,1,0,2,1,0,,,,,,
123006,12,2020,12,25,6,4,0,99,0,2,2,2,6,3,2,3,1,1,0,,26.65078611,-80.08799722,12,2,0,2,2,1,0,3,1,0,,,,,,
123007,12,2020,12,27,1,3,24,1,1130,1,1,1,4,3,2,3,1,1,0,,29.63898056,-82.31236944,59,0,0,1,1,4,0,3,1,0,,,,,,
123008,12,2020,12,23,4,4,45,99,3190,1,1,1,2,6,2,4,4,0,0,,26.71613056,-80.09216111,8,0,0,1,1,1,0,3,1,0,,,,,,
123009,12,2020,11,27,6,12,39,105,0,1,2,2,3,2,2,3,1,1,0,,28.11347778,-81.97366389,12,6,0,2,2,1,0,1,1,0,,,,,,
123011,12,2020,12,1,3,22,45,107,0,1,1,1,1,4,1,6,98,0,0,,29.48608056,-81.61485833,42,0,0,1,1,4,0,2,1,0,,,,,,
123012,12,2020,12,11,6,14,21,89,0,1,2,2,5,2,1,3,1,1,0,,30.74819167,-81.95771667,12,1,0,1,1,1,0,1,1,0,,,,,,
123013,12,2020,12,26,7,22,0,109,0,1,2,2,6,3,1,3,1,1,0,,29.77702222,-81.43958056,12,2,0,1,1,1,0,2,1,0,,,,,,
123014,12,2020,12,18,6,19,20,115,0,1,2,2,2,2,2,3,1,1,0,,27.07254167,-82.42405833,12,1,0,3,2,1,0,3,1,0,,,,,,
123015,12,2020,12,23,4,23,40,33,0,1,1,1,2,2,2,3,1,1,0,,30.39785556,-87.40964444,8,0,0,1,1,1,0,2,1,0,,,,,,
123016,12,2020,12,16,4,9,0,57,2950,1,2,2,2,3,2,3,1,1,0,,28.05451667,-82.428775,12,1,0,2,2,1,0,1,10,0,,,,,,
123017,12,2020,12,24,5,13,47,57,2950,1,2,2,5,6,2,7,98,0,0,,28.0012,-82.41209722,12,6,0,2,2,1,0,1,10,0,,,,,,
123018,12,2020,7,24,6,22,22,86,0,1,2,2,2,3,2,3,1,1,0,,25.92856944,-80.18825,12,6,0,2,2,1,0,1,1,0,,,,,,
123019,12,2020,12,1,3,14,27,15,0,1,4,4,7,2,2,3,1,1,0,,26.96763333,-82.07896667,12,7,0,3,2,1,0,1,1,0,,,,,,
123020,12,2020,12,10,5,13,3,99,0,1,2,2,2,8,2,4,2,0,0,,26.43939167,-80.12626667,12,6,0,2,3,1,0,1,1,0,,,,,,
123021,12,2020,12,19,7,19,35,86,0,1,2,2,3,3,2,3,1,1,0,,25.92275,-80.24443611,12,6,1,2,2,1,0,3,1,0,,,,,,
123023,12,2020,8,26,4,21,34,95,0,1,1,1,1,2,2,3,1,1,0,,28.47303333,-81.39674167,8,0,0,1,1,1,0,3,1,0,,,,,,
123024,12,2020,12,18,6,9,51,69,0,1,3,3,4,2,2,3,1,1,0,,28.40992222,-81.70026667,12,1,0,1,1,1,0,1,1,0,,,,,,
123025,12,2020,12,11,6,19,48,95,0,1,1,1,1,3,2,4,1,0,0,,28.56813056,-81.28603333,9,0,0,2,2,1,0,5,1,0,,,,,,
123026,12,2020,12,15,3,18,50,103,1770,1,1,1,2,2,2,3,1,1,0,,27.93328056,-82.78759722,8,0,0,3,2,1,0,3,1,0,,,,,,
123027,12,2020,12,21,2,8,42,81,0,1,1,1,1,6,2,7,98,0,0,,27.44767778,-82.63698333,33,0,0,3,6,4,0,2,2,0,,,,,,
123028,12,2020,12,15,3,21,59,95,0,1,2,2,2,3,2,2,1,1,0,,28.45585833,-81.42605833,12,1,0,1,1,1,0,3,10,0,,,,,,
123029,12,2020,12,17,5,17,45,5,0,1,1,1,1,4,2,4,2,0,0,,30.15883889,-85.75256944,8,0,0,1,1,1,0,2,1,0,,,,,,
123030,12,2020,12,17,5,13,17,33,0,1,2,2,4,3,2,4,1,0,0,,30.43168611,-87.29175833,12,6,0,2,3,1,0,1,1,0,,,,,,
123031,12,2020,12,25,6,3,0,115,0,1,1,1,1,8,2,5,2,0,0,,27.35205556,-82.46808056,46,0,0,3,3,4,0,2,1,0,,,,,,
123032,12,2020,12,28,2,,,75,0,1,1,1,1,2,1,3,1,1,0,,29.41846667,-82.4551,42,0,0,3,3,4,0,2,5,0,,,,,,
123033,12,2020,12,22,3,5,35,11,771,1,1,1,1,3,2,4,1,0,0,,26.09490556,-80.23133056,20,0,0,1,1,3,0,3,1,0,,,,,,
123034,12,2020,12,12,7,6,25,11,2260,1,1,1,1,1,2,1,1,1,0,,26.16081111,-80.16322778,8,0,0,1,1,1,0,3,2,0,,,,,,
123035,12,2020,12,13,1,2,35,81,0,1,1,1,1,6,2,7,98,0,0,,27.45835556,-82.56629167,38,0,0,3,3,4,0,3,1,0,,,,,,
123036,12,2020,12,26,7,3,20,99,0,1,1,1,1,3,2,3,1,1,0,,26.67395278,-80.087625,30,0,0,1,1,4,0,6,1,0,,,,,,
123037,12,2020,12,20,1,11,54,11,2570,1,1,1,1,3,2,2,1,1,0,,26.22993056,-80.17866667,24,0,0,1,1,4,0,1,1,0,,,,,,
123038,12,2020,12,20,1,4,19,86,0,1,1,1,2,3,2,2,1,1,0,,25.45233056,-80.47626667,42,0,1,5,1,4,0,3,1,0,,,,,,
123039,12,2020,12,19,7,1,38,81,0,1,2,2,2,2,2,3,1,1,0,,27.58518056,-82.54011667,12,1,1,2,2,1,0,3,1,0,,,,,,
123040,12,2020,12,9,4,15,39,86,1340,1,1,1,1,6,2,7,98,0,0,,25.87690556,-80.32811944,38,0,0,3,3,4,0,1,1,0,,,,,,
123041,12,2020,12,21,2,6,10,33,0,1,2,2,2,4,2,5,98,0,0,,30.55960833,-87.31033056,12,2,0,1,1,1,0,2,1,0,,,,,,
123042,12,2020,12,31,5,1,45,11,2468,1,1,1,1,3,2,3,1,1,0,,25.99516667,-80.21946389,8,0,0,1,1,1,0,3,1,0,,,,,,
123043,12,2020,12,31,5,0,7,99,1750,1,2,2,2,3,2,4,1,0,0,,26.61674167,-80.06125833,12,6,0,2,2,1,0,3,1,0,,,,,,
123044,12,2020,12,9,4,13,48,53,0,1,3,3,3,4,2,4,2,0,0,,28.43388889,-82.55542778,12,6,0,2,3,1,0,1,1,0,13,50,13,58,,
123045,12,2020,12,27,1,12,18,127,0,1,2,2,3,3,2,3,1,1,0,,29.33101667,-81.05885278,12,2,0,2,2,1,0,1,1,0,,,,,,
123046,12,2020,5,3,1,8,20,31,1510,1,2,2,2,3,2,2,1,1,0,,30.32744722,-81.59661389,12,2,0,1,1,1,0,1,1,0,,,,,,
123047,12,2020,9,27,1,23,52,86,0,1,2,2,2,3,2,4,1,1,0,,25.732875,-80.34773333,12,98,0,2,2,1,0,3,1,0,,,,,,
123048,12,2020,12,10,5,20,46,111,2601,1,2,2,2,2,2,3,1,1,0,,27.27114444,-80.28844444,12,2,0,2,2,1,0,3,1,0,,,,,,
123049,12,2020,12,21,2,19,40,51,0,1,1,1,1,3,2,3,1,1,0,,26.76171667,-81.43923056,8,0,0,1,1,1,0,3,1,0,,,,,,
123050,12,2020,12,28,2,6,18,21,0,1,1,1,1,4,2,4,98,0,0,,26.25958056,-81.68876667,8,0,0,1,1,1,0,3,1,0,,,,,,
123051,12,2020,12,28,2,1,37,11,1782,1,2,2,2,2,2,3,1,1,0,,26.14605833,-80.20281944,12,6,0,2,2,1,0,3,1,0,,,,,,
123052,12,2020,12,23,4,22,10,57,2950,1,3,3,3,3,2,3,1,1,0,,27.96866389,-82.63499444,12,1,0,1,1,1,0,3,1,0,,,,,,
123053,12,2020,10,31,7,1,43,86,0,1,1,1,1,3,2,3,1,1,0,,25.66848056,-80.41641667,42,0,0,1,1,4,0,3,1,0,,,,,,
123054,12,2020,12,27,1,10,29,86,0,1,2,2,4,8,2,4,2,0,0,,25.71453056,-80.41545278,12,1,0,1,1,1,0,1,1,0,,,,,,
123055,12,2020,12,29,3,0,45,103,2530,1,2,2,3,3,2,3,1,1,0,,27.83923611,-82.72495278,12,6,0,2,2,1,0,3,1,0,,,,,,
123056,12,2020,12,12,7,22,6,103,2730,1,1,1,1,6,2,5,4,0,0,,27.75774167,-82.63838889,8,0,0,3,3,1,0,3,1,0,,,,,,
123057,12,2020,12,11,6,18,51,103,2730,1,2,2,2,3,2,4,1,0,0,,27.87928056,-82.65979167,12,6,0,2,2,1,0,3,1,0,,,,,,
123058,12,2020,12,31,5,9,35,19,0,1,2,2,3,3,2,3,1,1,0,,30.11868056,-81.80588611,12,6,0,2,3,1,0,1,1,0,,,,,,
123059,12,2020,12,31,5,21,0,113,0,1,3,3,3,2,2,4,1,0,0,,30.57801667,-87.18170556,8,0,0,1,1,1,0,2,2,0,,,,,,
123060,12,2020,12,12,7,18,25,81,0,1,3,3,3,2,2,3,1,1,0,,27.47320833,-82.54298056,8,0,0,3,2,1,0,3,1,0,,,,,,
123061,12,2020,11,16,2,23,45,11,672,2,2,2,3,3,2,3,1,1,0,,26.244375,-80.25343611,12,6,0,2,2,1,0,3,1,0,,,,,,
123062,12,2020,12,19,7,20,33,11,0,1,1,1,1,6,2,5,98,0,0,,26.10545,-80.20754722,8,0,0,3,3,1,0,2,1,0,,,,,,
123063,12,2020,11,29,1,2,50,86,0,1,3,3,6,3,2,2,1,1,0,,25.69400833,-80.34526667,12,1,0,1,1,1,0,3,1,0,,,,,,
123064,12,2020,11,30,2,17,50,97,0,1,3,3,7,3,1,3,1,1,0,,27.69973889,-80.90433611,12,6,0,1,1,1,0,2,1,0,,,,,,