st_case,state,year,month,day,day_week,hour,minute,county,city,fatals_crash,vehicles_total,vehicles_in_transport,persons_total,route,rural_urban,functional_system,road_owner,nhs,special_jurisdiction,milepoint,latitude,longitude,first_harmful_event,manner_collision,rel_jct_interchange,rel_jct_location,intersection_type,relation_to_road,work_zone,light_condition,weather,school_bus_related,ems_notified_hour,ems_notified_min,ems_arrival_hour,ems_arrival_min,hospital_hour,hospital_min
123065,12,2020,12,11,6,20,19,105,0,1,3,3,7,2,1,3,1,1,0,,28.20281667,-81.58008056,12,2,0,1,1,1,0,2,1,0,,,,,,
123066,12,2020,12,24,5,18,9,127,2340,1,2,2,3,4,2,4,2,0,0,,28.917,-81.29490556,12,2,0,2,2,1,0,3,10,0,,,,,,
123067,12,2020,12,19,7,1,41,86,0,1,1,1,1,3,2,2,1,1,0,,25.75208333,-80.38534167,25,0,1,5,1,4,4,3,1,0,,,,,,
123068,12,2020,12,20,1,22,30,111,0,1,1,1,2,8,1,7,2,0,0,,27.38508889,-80.32210833,1,0,0,3,3,4,0,2,1,0,,,,,,
123069,12,2020,11,19,5,11,50,131,0,1,1,1,1,4,1,7,98,0,0,,30.69281111,-86.30587778,31,0,0,1,1,4,0,1,1,0,,,,,,
123070,12,2020,12,20,1,4,40,81,0,1,2,2,2,1,2,1,1,1,0,,27.48233611,-82.46765556,12,7,0,1,1,1,4,3,1,0,,,,,,
123071,12,2020,12,29,3,20,21,11,2219,1,2,2,2,2,2,3,1,1,0,,26.20961944,-80.20416667,8,0,0,1,1,1,0,3,1,0,,,,,,
123072,12,2020,12,22,3,13,2,11,1420,1,2,2,3,6,2,6,4,0,0,,26.02883889,-80.18103056,12,6,0,2,2,1,0,1,1,0,,,,,,
123073,12,2020,12,23,4,21,20,11,2916,1,2,2,3,6,2,3,4,1,0,,26.16841944,-80.30551389,12,6,0,2,3,1,0,3,1,0,,,,,,
123074,12,2020,12,21,2,17,25,95,0,1,1,1,1,3,2,2,1,1,0,,28.42053056,-81.63256667,24,0,0,1,1,4,0,2,1,0,,,,,,
123075,12,2020,12,21,2,16,24,111,0,1,2,2,2,3,2,4,1,0,0,,27.53753056,-80.41469722,12,1,0,8,1,1,0,1,1,0,,,,,,
123077,12,2020,12,12,7,21,32,101,0,3,2,2,4,4,2,4,98,0,0,,28.43373056,-82.62736667,12,6,0,2,2,1,0,3,1,0,21,34,21,38,,
123078,12,2020,12,22,3,18,25,17,0,1,1,1,2,2,2,3,1,1,0,,28.80414444,-82.31085556,9,0,0,1,1,1,0,2,1,0,,,,,,
123079,12,2020,12,20,1,13,45,61,0,1,2,2,3,4,2,5,98,0,0,,27.81915556,-80.50425556,12,6,0,2,2,1,0,1,1,0,,,,,,
123080,12,2020,12,17,5,11,20,5,0,1,2,1,3,2,2,3,1,1,0,,30.26175833,-85.95911667,14,0,0,1,1,4,0,1,1,0,,,,,,
123081,12,2020,12,9,4,13,50,81,0,1,4,4,7,3,2,3,1,1,0,,27.43185,-82.41222778,12,7,0,3,3,1,0,1,1,0,,,,,,
123082,12,2020,12,29,3,22,16,99,0,1,1,1,1,6,2,4,98,0,0,,26.88291667,-80.10748056,8,0,0,1,1,1,0,2,1,0,,,,,,
123083,12,2020,12,22,3,16,16,71,0,1,1,1,1,2,2,3,1,1,0,,26.69306667,-81.90064167,18,0,0,1,1,4,4,1,1,0,,,,,,
123084,12,2020,12,27,1,17,35,21,2150,1,1,1,1,4,2,4,2,1,0,,26.16445556,-81.76687222,46,0,0,3,2,4,0,5,1,0,,,,,,
123085,12,2020,12,27,1,15,50,71,0,1,1,1,1,4,1,5,98,0,0,,26.73323889,-81.71243056,1,0,0,3,3,6,0,1,10,0,,,,,,
123086,12,2020,12,26,7,20,40,77,0,1,1,1,2,4,1,5,98,0,0,,30.30654444,-84.76426111,42,0,0,1,1,4,0,2,1,0,,,,,,
123087,12,2020,12,24,5,19,7,103,0,1,2,2,2,9,2,4,98,0,0,,27.82106667,-82.69894167,12,6,0,2,3,1,0,2,10,0,,,,,,
123088,12,2020,12,25,6,2,57,95,0,1,1,1,1,6,2,7,98,0,0,,28.59427222,-81.29885278,33,0,0,1,1,4,0,3,1,0,,,,,,
123089,12,2020,12,12,7,20,0,91,0,1,1,1,2,9,1,7,98,0,0,,30.82293889,-86.42703333,1,0,0,1,1,5,0,2,2,0,,,,,,
123090,12,2020,12,5,7,6,42,57,0,1,2,2,3,2,1,3,1,1,0,,27.67259722,-82.48298056,12,1,0,3,3,1,0,4,5,0,,,,,,
123091,12,2020,12,25,6,1,25,115,0,1,1,1,1,4,2,5,98,0,0,,27.26758889,-82.55471667,30,0,0,1,1,4,0,2,2,0,,,,,,
123092,12,2020,12,24,5,20,4,103,0,1,2,2,2,9,2,4,98,0,0,,27.93883056,-82.77419444,12,2,0,1,1,1,0,2,2,0,,,,,,
123093,12,2020,12,30,4,19,49,91,0,1,1,1,1,2,2,3,1,1,0,,30.41181667,-86.74405,8,0,0,1,1,1,0,2,1,0,,,,,,
123094,12,2020,12,18,6,11,15,31,1510,1,2,2,2,3,2,4,1,0,0,,30.44445833,-81.70125833,12,6,0,2,2,1,0,1,1,0,,,,,,
123095,12,2020,12,21,2,7,31,31,1510,1,1,1,1,2,2,3,1,1,0,,30.32065833,-81.45120833,1,0,1,8,1,1,0,1,10,0,,,,,,
123096,12,2020,12,29,3,11,22,11,2876,1,2,2,2,6,2,4,98,0,0,,26.02956667,-80.42122778,12,6,0,2,3,1,0,1,1,0,,,,,,
123097,12,2020,12,30,4,22,50,83,2270,1,1,1,2,3,2,4,1,0,0,,29.15678056,-82.0853,8,0,0,1,1,1,0,2,1,0,,,,,,
123098,12,2020,12,5,7,16,53,57,0,1,1,1,2,2,2,3,1,1,0,,27.84608056,-82.38166667,8,0,0,1,1,1,0,1,1,0,,,,,,
123099,12,2020,12,7,2,5,10,57,2950,1,1,1,1,2,2,3,1,1,0,,27.99609167,-82.46138056,8,0,0,1,1,1,0,3,2,0,,,,,,
123100,12,2020,12,29,3,15,0,111,0,1,1,1,3,1,1,1,1,1,0,,27.47450833,-80.43086111,42,0,0,1,1,3,0,1,1,0,,,,,,
123101,12,2020,12,23,4,19,53,99,330,1,2,2,2,3,2,3,1,1,0,,26.52826389,-80.08254167,9,0,0,3,2,1,0,3,1,0,,,,,,
123103,12,2020,12,25,6,20,9,105,0,1,1,1,1,3,1,5,1,0,0,,27.83898333,-81.53075,8,0,0,1,1,1,0,2,1,0,,,,,,
123104,12,2020,12,30,4,20,7,86,0,1,1,1,1,3,2,2,1,1,0,,25.7808,-80.41924722,33,0,0,1,1,4,0,3,1,0,,,,,,
123105,12,2020,12,24,5,17,14,11,2916,1,1,1,1,6,2,7,98,0,0,,26.1415,-80.31836667,42,0,0,1,1,3,0,1,2,0,,,,,,
123106,12,2020,12,30,4,18,39,127,2190,1,1,1,1,2,2,3,1,1,0,,29.02468611,-80.92693333,8,0,0,1,1,1,0,2,1,0,,,,,,
123107,12,2020,12,28,2,2,37,95,0,1,1,1,1,4,2,4,1,0,0,,28.39873611,-81.52294722,31,0,0,1,1,4,0,3,1,0,,,,,,
123108,12,2020,12,17,5,6,8,93,0,1,2,1,1,2,2,3,1,1,0,,27.21011667,-80.79376667,14,0,0,3,3,6,0,2,5,0,,,,,,
123109,12,2020,12,13,1,5,16,99,0,1,2,2,2,3,2,2,1,1,0,,26.51581667,-80.17251667,12,1,0,1,1,1,0,3,1,0,,,,,,
123110,12,2020,12,29,3,15,12,17,0,1,1,1,1,2,2,3,1,1,0,,28.719325,-82.55285278,8,0,0,1,1,2,0,1,1,0,15,14,15,24,,
123111,12,2020,9,13,1,2,49,33,0,1,1,1,2,4,1,5,98,0,0,,30.66393889,-87.32161667,34,0,0,1,1,4,0,3,1,0,,,,,,
123112,12,2020,12,22,3,16,52,1,0,1,3,3,4,3,2,4,1,0,0,,29.57138611,-82.46813056,12,2,0,1,1,1,0,1,1,0,,,,,,
123113,12,2020,12,11,6,17,50,57,0,1,2,2,2,2,2,3,1,1,0,,27.84825278,-82.32663889,12,6,0,1,1,1,0,5,10,0,,,,,,
123114,12,2020,11,14,7,19,0,57,0,1,2,2,8,3,2,3,1,1,0,,27.99399722,-82.22069167,12,6,0,1,1,1,0,3,1,0,,,,,,
123115,12,2020,12,16,4,21,30,83,0,1,1,1,1,4,2,4,98,0,0,,29.12098056,-82.03018889,8,0,0,1,1,1,0,2,10,0,,,,,,
123116,12,2020,12,28,2,5,46,57,0,1,2,2,2,3,1,3,1,1,0,,28.15480833,-82.15283889,12,2,0,1,1,1,0,2,1,0,,,,,,
123117,12,2020,12,30,4,23,40,9,0,1,1,1,1,2,2,3,1,1,0,,28.68791667,-80.85561944,8,0,0,1,1,1,0,2,1,0,,,,,,
123118,12,2020,12,28,2,17,11,33,0,2,3,3,3,2,2,3,1,1,0,,30.40121667,-87.31783889,12,6,0,2,2,1,0,5,1,0,,,,,,
123119,12,2020,6,18,5,23,50,31,1510,1,3,3,3,6,2,5,98,0,0,,30.38271667,-81.70183056,1,0,0,2,3,1,0,3,1,0,,,,,,
123120,12,2020,12,23,4,19,36,71,0,1,1,1,1,2,2,3,1,1,0,,26.53161944,-81.87118333,8,0,0,1,1,1,0,2,1,0,,,,,,
123121,12,2020,12,31,5,18,10,105,1740,1,5,5,9,2,2,3,1,1,0,,27.89114444,-81.59988056,9,0,0,1,1,1,4,2,1,0,,,,,,
123122,12,2020,12,7,2,18,56,57,2950,1,1,1,1,3,2,3,1,1,0,,28.05458611,-82.43721944,8,0,0,1,1,1,0,3,1,0,,,,,,
123124,12,2020,12,29,3,6,25,97,0,1,1,1,2,2,2,3,1,1,0,,28.28689722,-81.35525833,8,0,0,3,2,1,0,3,1,0,,,,,,
123126,12,2020,12,31,5,19,35,86,2010,1,2,2,2,6,2,4,2,0,0,,25.96483056,-80.17421667,12,6,0,2,3,1,0,5,1,0,,,,,,
123127,12,2020,12,3,5,20,10,95,2360,1,2,2,4,3,2,4,1,0,0,,28.56813611,-81.28601111,12,1,0,3,2,1,0,3,1,0,,,,,,
123128,12,2020,5,7,5,12,38,86,1440,1,2,1,1,6,2,7,98,0,0,,25.46802222,-80.48141389,8,0,0,3,3,2,0,1,1,0,,,,,,
123129,12,2020,12,14,2,20,7,105,0,1,2,2,2,3,2,4,1,0,0,,27.90558333,-81.97360833,8,0,0,1,1,1,0,3,1,0,,,,,,
123130,12,2020,12,15,3,19,10,11,771,1,1,1,1,6,2,5,98,0,0,,26.09036667,-80.26548889,8,0,0,2,2,1,0,3,1,0,,,,,,
123131,12,2020,12,30,4,23,50,127,780,1,1,1,1,2,2,3,1,1,0,,29.19041111,-81.01181944,8,0,0,3,3,1,0,3,1,0,,,,,,
123132,12,2020,12,27,1,12,55,39,530,1,1,1,1,6,1,7,4,0,0,,30.70071667,-84.85756111,3,0,0,1,1,6,0,1,1,0,,,,,,
123133,12,2020,12,31,5,2,20,73,2940,1,1,1,1,3,2,3,1,1,0,,30.38763889,-84.31340556,8,0,0,1,1,1,0,2,10,0,,,,,,
123134,12,2020,11,30,2,19,21,86,2220,1,1,1,1,3,2,4,1,0,0,,25.89975278,-80.18056944,9,0,0,1,1,1,0,2,10,0,,,,,,
123135,12,2020,12,31,5,20,43,127,2580,1,1,1,1,3,2,3,1,1,0,,29.12338056,-81.01206667,9,0,0,2,2,1,0,2,1,0,,,,,,
123136,12,2020,12,31,5,12,45,71,0,1,2,2,2,3,2,3,1,1,0,,26.68951667,-81.789225,12,2,0,1,1,1,0,1,10,0,,,,,,
123137,12,2020,11,29,1,1,14,105,0,2,2,2,4,3,2,4,1,0,0,,28.05045556,-81.72163333,12,2,0,1,1,1,0,2,1,0,,,,,,
123138,12,2020,12,31,5,0,6,109,0,1,2,2,4,1,1,1,1,1,0,,29.67953611,-81.31653889,12,2,0,1,1,1,0,2,1,0,,,,,,
123139,12,2020,12,30,4,4,0,107,0,1,2,2,2,3,1,4,1,0,0,,29.69239444,-81.75138056,12,2,0,1,1,1,0,2,1,0,,,,,,
123140,12,2020,12,31,5,4,8,31,1510,1,2,2,5,1,2,1,1,1,0,,30.31513056,-81.76913056,12,6,1,18,1,1,4,3,1,0,,,,,,
123141,12,2020,12,19,7,23,40,19,0,1,1,1,2,2,2,3,1,1,0,,30.02098889,-81.70488333,8,0,0,1,1,1,0,2,1,0,,,,,,
123142,12,2020,12,30,4,17,17,33,0,1,1,1,1,1,2,1,1,1,0,,30.51939167,-87.31032778,8,0,1,20,1,1,0,2,1,0,,,,,,
123143,12,2020,12,13,1,2,30,11,2541,1,2,2,2,2,2,3,1,1,0,,26.12750556,-80.20208889,8,0,0,1,1,1,0,3,1,0,,,,,,
123144,12,2020,12,30,4,19,2,127,0,1,2,2,3,2,2,3,1,1,0,,29.07315556,-81.25003889,12,6,0,2,3,1,0,2,1,0,,,,,,
123145,12,2020,12,19,7,12,55,117,0,1,2,2,3,8,2,4,2,0,0,,28.62508333,-81.30251389,12,6,0,2,3,1,0,1,10,0,,,,,,
123146,12,2020,12,21,2,22,57,131,0,1,2,2,2,1,1,1,1,1,0,,30.69088611,-86.06730833,12,2,0,1,1,1,0,2,1,0,,,,,,
123147,12,2020,12,4,6,7,20,97,0,1,4,4,5,2,2,3,1,1,0,,28.33245,-81.57671667,12,1,0,3,3,1,0,4,10,0,,,,,,
123149,12,2020,12,22,3,7,19,101,0,1,1,1,1,3,2,3,1,1,0,,28.21693333,-82.70971667,9,0,0,1,1,1,0,4,1,0,7,21,7,31,,
123150,12,2020,12,30,4,20,24,81,340,1,2,2,3,3,2,3,1,1,0,,27.49560278,-82.59076667,42,0,0,1,1,3,0,2,1,0,,,,,,
123151,12,2020,12,25,6,18,42,95,0,1,2,2,2,4,2,3,2,1,0,,28.44795556,-81.26400556,24,0,0,3,2,3,0,5,1,0,,,,,,
123152,12,2020,12,30,4,6,40,95,0,1,3,3,3,8,2,3,2,1,0,,28.49429444,-81.41751667,12,1,0,3,3,1,0,3,10,0,,,,,,
123153,12,2020,10,31,7,18,30,133,0,1,2,2,2,9,1,6,98,0,0,,30.72953611,-85.43913611,12,1,0,1,1,1,0,5,1,0,,,,,,
123154,12,2020,12,2,4,19,17,11,1050,1,1,1,1,6,2,7,98,0,0,,26.02550278,-80.3913,8,0,0,1,1,1,0,3,1,0,,,,,,
123155,12,2020,12,31,5,12,47,19,0,1,1,1,1,3,2,3,1,1,0,,30.11869167,-81.80588056,15,0,0,3,3,1,0,1,1,0,,,,,,
123156,12,2020,12,12,7,21,40,55,1730,1,2,2,2,2,2,3,1,1,0,,27.31810833,-81.36368056,12,2,0,1,1,1,0,3,1,0,,,,,,
123157,12,2020,12,23,4,20,40,113,0,1,1,1,1,4,1,5,98,0,0,,30.68151389,-87.13899444,42,0,0,1,1,4,0,2,10,0,,,,,,
123158,12,2020,12,30,4,18,0,17,0,1,2,2,2,2,1,3,1,1,0,,28.97001667,-82.63536667,12,6,0,2,2,1,0,5,1,0,18,4,18,11,,
123159,12,2020,3,24,3,16,5,127,780,1,1,1,1,3,2,3,1,1,0,,29.22147222,-81.04830833,15,0,0,1,1,1,0,1,1,0,,,,,,
123160,12,2020,5,13,4,5,48,83,0,1,1,1,2,3,2,3,1,1,0,,29.20060556,-82.09990278,8,0,0,1,1,1,0,6,1,0,,,,,,
123161,12,2020,5,13,4,12,29,57,2950,1,1,1,1,3,2,3,1,1,0,,27.88002222,-82.50656111,8,0,0,2,2,1,0,1,1,0,,,,,,
123162,12,2020,9,21,2,11,30,105,0,1,2,2,2,4,2,5,2,0,0,,27.95291944,-81.89068333,12,6,0,2,2,1,0,1,1,0,,,,,,
123163,12,2020,11,16,2,10,45,53,390,1,2,2,2,2,2,3,1,1,0,,28.55566389,-82.38383611,12,6,0,8,1,1,0,1,10,0,,,,,,
123164,12,2020,11,19,5,8,12,57,0,1,1,1,1,8,1,7,2,0,0,,27.92636944,-82.27858611,1,0,0,1,1,1,0,1,1,0,,,,,,
123166,12,2020,11,22,1,22,20,11,2570,1,2,2,4,6,2,7,4,0,0,,26.12914167,-80.168450000000007,12,2,0,2,3,1,0,1,1,0,,,,,,
123167,12,2020,11,28,7,14,25,11,2219,1,1,1,2,6,2,7,4,0,0,,26.21465833,-80.21833056,30,0,0,1,1,4,0,1,1,0,,,,,,
123168,12,2020,11,20,6,11,14,11,672,1,1,1,1,6,2,3,4,1,0,,26.27366944,-80.250275,33,0,0,1,1,4,0,1,1,0,,,,,,
123169,12,2020,11,20,6,23,50,11,2570,1,2,2,3,3,2,3,1,1,0,,26.27429444,-80.16021667,12,98,0,2,3,1,0,3,8,0,,,,,,
123170,12,2020,12,2,4,12,52,91,710,1,2,2,2,3,2,3,1,1,0,,30.72063056,-86.56927778,12,6,0,2,3,1,0,1,1,0,,,,,,
123171,12,2020,12,6,1,15,23,73,2940,1,1,1,1,4,2,4,2,0,0,,30.43616667,-84.26545556,9,0,0,1,1,1,0,1,10,0,,,,,,
123172,12,2020,12,8,3,5,56,86,1345,1,2,2,2,6,2,7,98,0,0,,25.84946667,-80.24480278,8,0,0,1,1,1,0,2,1,0,,,,,,
123173,12,2020,12,8,3,14,24,127,780,1,2,2,4,3,2,4,1,0,0,,29.19300556,-80.99511944,12,2,0,2,2,1,0,1,1,0,,,,,,
123174,12,2020,11,24,3,22,4,11,2541,1,1,1,1,2,2,3,1,1,0,,26.12810278,-80.20226667,8,0,0,1,1,1,0,2,1,0,,,,,,
123175,12,2020,12,9,4,19,17,5,2450,1,2,1,2,8,2,5,2,0,0,,30.16815,-85.69429444,14,0,0,1,1,4,0,3,1,0,,,,,,
123176,12,2020,12,1,3,16,8,99,2446,1,1,1,1,3,2,3,1,1,0,,26.651375,-80.10580556,9,0,0,1,1,1,0,1,1,0,,,,,,
123177,12,2020,12,13,1,13,22,71,0,1,2,2,2,6,2,6,4,0,0,,26.36151944,-81.76759167,12,6,0,2,2,1,0,1,1,0,,,,,,
123178,12,2020,12,4,6,16,28,86,0,1,2,2,2,8,2,5,2,0,0,,25.49175,-80.48559444,12,6,0,2,2,1,0,1,1,0,,,,,,
123179,12,2020,11,24,3,21,40,97,0,1,2,2,2,2,1,3,1,1,0,,28.20345278,-81.16894167,8,0,0,1,1,1,0,2,1,0,,,,,,
123180,12,2020,12,8,3,9,30,86,0,1,2,2,3,9,2,7,98,0,0,,25.58488889,-80.37976667,12,6,0,2,2,1,0,1,1,0,,,,,,
123181,12,2020,12,22,3,19,19,81,3148,1,1,1,4,2,2,3,1,1,0,,27.48100833,-82.57530833,8,0,0,3,2,1,0,3,1,0,,,,,,
123182,12,2020,12,24,5,18,32,11,1050,1,1,1,1,6,2,4,98,0,0,,26.11919444,-80.14339722,8,0,0,1,1,1,0,3,1,0,,,,,,
123183,12,2020,12,5,7,18,15,11,2570,1,3,2,2,6,2,4,4,0,0,,26.22116667,-80.13056667,12,6,0,1,1,1,0,3,1,0,,,,,,
123184,12,2020,12,10,5,7,52,11,2541,1,2,2,2,2,2,3,1,1,0,,26.10603333,-80.20144167,12,6,0,3,3,1,0,1,1,0,,,,,,
123185,12,2020,12,8,3,14,53,97,1590,1,2,2,2,2,2,3,1,1,0,,28.27775278,-81.41770278,12,2,0,2,2,1,0,1,1,0,,,,,,
123186,12,2020,7,20,2,2,22,99,290,1,1,1,1,6,2,3,4,1,0,,26.37494167,-80.14586389,30,0,0,1,1,4,0,3,1,0,,,,,,
123187,12,2020,12,31,5,18,50,11,0,1,2,2,3,1,2,1,1,1,0,,26.13210833,-80.38755278,12,1,0,1,1,1,0,3,1,0,,,,,,
123188,12,2020,12,17,5,8,26,53,0,1,2,2,2,4,2,4,98,0,0,,28.46727778,-82.51066944,12,6,0,8,1,1,0,1,10,0,8,26,8,30,,
123189,12,2020,12,29,3,19,7,127,0,3,2,2,5,1,2,1,1,1,0,,29.17076111,-81.08441389,12,2,1,20,1,1,0,3,1,0,,,,,,
123190,12,2020,12,20,1,12,15,103,0,1,1,1,1,4,2,4,98,0,0,,27.82108056,-82.70003056,9,0,0,3,3,1,0,1,10,0,,,,,,
123191,12,2020,12,17,5,18,10,103,0,1,5,5,7,1,2,1,1,1,0,,27.85377778,-82.66407222,12,1,1,18,1,1,0,5,1,0,,,,,,
123192,12,2020,6,26,6,22,40,86,2010,1,2,2,4,6,2,5,4,0,0,,25.83176111,-80.22490278,12,6,0,2,2,1,0,3,1,0,,,,,,
123193,12,2020,12,15,3,16,12,57,0,1,2,2,4,3,2,3,1,1,0,,28.03388056,-82.50498611,12,6,1,2,3,1,0,1,1,0,,,,,,
123194,12,2020,12,23,4,18,55,103,0,1,1,1,1,2,2,3,1,1,0,,27.88111389,-82.78703056,8,0,0,3,3,1,0,2,1,0,,,,,,
123195,12,2020,8,1,7,19,40,31,1510,2,2,2,4,6,2,6,4,0,0,,30.19501667,-81.77973056,12,6,0,2,3,1,0,1,1,0,,,,,,
123196,12,2020,8,16,1,19,6,11,2083,1,2,2,3,6,2,7,98,0,0,,25.99110556,-80.32796667,12,6,0,2,2,1,0,1,1,0,,,,,,
123197,12,2020,11,1,1,17,33,105,0,1,2,2,2,3,2,4,1,0,0,,28.17194444,-81.85489444,12,6,0,3,2,1,0,2,2,0,,,,,,
123198,12,2020,9,22,3,19,0,101,0,1,1,1,1,8,1,7,26,0,0,,28.39698056,-82.66597778,59,0,0,1,1,4,0,1,10,0,19,4,19,15,,
123199,12,2020,12,28,2,2,36,11,9997,1,1,1,1,6,2,7,98,0,0,,26.26026667,-80.19774722,1,0,0,1,1,4,0,3,1,0,,,,,,
123200,12,2020,11,15,1,0,25,57,2950,1,2,2,2,1,2,1,1,1,0,,27.94783611,-82.53083056,12,1,1,18,1,1,0,3,10,0,,,,,,
123201,12,2020,12,12,7,5,50,97,0,1,3,3,3,3,1,7,80,0,0,,28.20803333,-81.50809444,12,2,0,1,1,1,0,2,10,0,,,,,,
123202,12,2020,5,3,1,2,14,103,1770,1,2,2,5,2,2,3,1,1,0,,27.90868333,-82.72938056,12,2,0,1,1,1,0,3,1,0,,,,,,
123203,12,2020,12,17,5,20,1,55,0,1,1,1,1,3,1,3,1,1,0,,27.20856111,-81.40203056,34,0,0,1,1,4,0,2,1,0,,,,,,
123205,12,2020,12,25,6,18,14,111,1080,1,1,1,1,3,2,3,1,1,0,,27.46573889,-80.34981944,8,0,0,3,2,1,0,3,10,0,,,,,,
123206,12,2020,12,31,5,20,49,19,0,1,1,1,2,3,2,3,1,1,0,,30.13267778,-81.78313056,9,0,0,1,1,1,0,3,1,0,,,,,,
123207,12,2020,12,29,3,14,55,17,0,1,3,3,5,4,1,5,98,0,0,,28.98596389,-82.56904167,12,1,0,1,1,1,0,1,1,0,,,,,,
123208,12,2020,12,25,6,21,58,101,0,1,1,1,1,2,2,3,1,1,0,,28.21313056,-82.73879722,8,0,0,3,3,1,0,3,1,0,22,1,22,20,,
123209,12,2020,12,30,4,15,59,101,0,1,2,2,2,4,2,4,2,0,0,,28.190125,-82.66644722,12,2,0,3,2,1,0,1,1,0,15,51,15,56,,
123210,12,2020,11,13,6,16,8,127,780,1,2,2,2,4,2,3,2,1,0,,29.22699167,-81.08675556,12,6,0,2,3,1,0,1,1,0,,,,,,
123211,12,2020,11,30,2,12,4,11,2541,1,2,2,2,3,2,3,1,1,0,,26.14470556,-80.23933889,12,6,0,2,2,1,0,1,1,0,,,,,,
123212,12,2020,12,17,5,20,50,57,0,1,2,2,2,8,2,4,2,0,0,,27.85355278,-82.31206944,12,6,0,2,3,1,0,3,1,0,,,,,,
123213,12,2020,12,20,1,17,55,127,920,1,1,1,2,2,2,3,1,1,0,,28.97745556,-80.89895556,9,0,0,1,1,1,0,3,1,0,,,,,,
123214,12,2020,12,28,2,16,30,69,580,1,2,2,3,6,2,7,98,0,0,,28.55590833,-81.75004167,1,0,0,2,3,1,0,1,1,0,,,,,,
123215,12,2020,8,13,5,3,11,97,1590,1,1,1,1,6,2,4,4,0,0,,28.28229444,-81.43661111,42,0,0,1,1,4,0,2,1,0,,,,,,
123216,12,2020,12,6,1,1,26,86,2010,1,2,1,1,1,2,1,1,1,0,,25.84706667,-80.20750556,8,0,0,1,1,4,0,3,1,0,,,,,,
123217,12,2020,5,7,5,0,45,57,0,1,2,2,3,6,2,6,98,0,0,,28.07050556,-82.4922,12,6,0,2,3,1,0,2,1,0,,,,,,
123218,12,2020,9,10,5,1,3,11,1782,1,2,2,3,6,2,5,4,0,0,,26.15065556,-80.19531944,12,2,0,1,1,1,0,2,1,0,,,,,,
123219,12,2020,11,12,5,20,6,57,0,1,1,1,1,9,2,4,98,0,0,,28.06012778,-82.48405556,8,0,0,3,3,1,0,2,1,0,,,,,,
123220,12,2020,10,16,6,21,20,83,2270,1,1,1,1,4,2,4,98,0,0,,29.20694722,-82.13848889,8,0,0,3,2,1,0,2,1,0,,,,,,
123221,12,2020,12,19,7,12,6,57,2950,1,1,1,1,6,2,5,98,0,0,,27.96650278,-82.48694444,43,0,0,3,3,4,0,1,1,0,,,,,,
123222,12,2020,10,20,3,11,10,73,2940,1,1,1,4,2,2,4,1,0,0,,30.44464722,-84.27703056,15,0,1,3,2,1,0,1,1,0,,,,,,
123223,12,2020,12,6,1,11,40,119,0,1,1,1,1,1,1,1,1,1,0,,28.75220278,-82.10314167,24,0,1,19,1,4,0,1,1,0,,,,,,
123225,12,2020,6,27,7,7,46,57,0,1,2,2,2,4,2,4,98,0,0,,28.02158889,-82.30250556,12,6,0,2,2,1,0,1,1,0,,,,,,
123227,12,2020,9,25,6,23,21,11,1420,1,1,1,1,6,2,7,4,0,0,,26.01777222,-80.17835556,42,0,0,1,1,3,0,3,1,0,,,,,,
123228,12,2020,2,17,2,0,27,95,2360,1,1,1,1,2,2,3,1,1,0,,28.55320556,-81.37712778,8,0,0,3,2,1,0,3,1,0,,,,,,
123229,12,2020,12,31,5,10,55,86,9997,1,2,2,7,2,1,3,1,1,0,,25.26476667,-80.43954444,12,1,0,1,1,1,0,1,10,0,,,,,,
123230,12,2020,5,30,7,22,15,99,1560,1,2,2,6,3,2,3,1,1,0,,26.93461944,-80.14988611,12,6,1,2,3,1,0,2,1,0,,,,,,
123233,12,2020,9,23,4,19,43,57,2540,1,1,1,1,6,2,7,4,0,0,,28.0172,-82.11844722,33,0,0,3,3,4,0,3,1,0,,,,,,
123234,12,2020,11,17,3,1,13,11,1781,1,1,1,3,2,2,3,1,1,0,,26.16608333,-80.20321944,8,0,0,1,1,1,0,3,2,0,,,,,,
123235,12,2020,10,8,5,8,30,95,0,1,1,1,1,3,2,2,31,1,0,,28.52921111,-81.56391944,25,0,0,1,1,4,0,1,1,0,,,,,,
123236,12,2020,9,9,4,19,50,71,0,1,3,3,5,2,2,3,1,1,0,,26.66726389,-81.88998333,12,6,0,2,2,1,0,3,1,0,,,,,,
123237,12,2020,9,23,4,15,26,57,0,1,2,2,3,8,2,5,2,0,0,,27.79244444,-82.28221944,12,6,0,2,3,1,0,1,1,0,,,,,,
123238,12,2020,1,29,4,6,39,99,2660,1,1,1,1,6,2,4,4,0,0,,26.78930833,-80.08496111,8,0,0,2,2,1,0,3,1,0,,,,,,
123239,12,2020,11,25,4,10,46,11,1927,1,1,1,1,6,2,3,4,1,0,,26.23532778,-80.219880559999993,33,0,0,1,1,4,0,1,1,0,,,,,,
123240,12,2020,12,3,5,11,5,117,480,1,2,2,3,3,2,3,1,1,0,,28.65877778,-81.33782778,12,6,0,2,3,1,0,1,1,0,,,,,,
123242,12,2020,11,25,4,16,23,97,0,1,2,2,7,2,1,3,1,1,0,,28.14495,-81.07606667,12,6,0,2,2,1,0,1,1,0,,,,,,
123243,12,2020,6,18,5,12,34,111,2601,1,2,2,2,6,2,5,4,0,0,,27.340975,-80.42661111,12,6,0,1,1,1,0,1,2,0,,,,,,
123244,12,2020,11,23,2,23,49,99,2234,1,1,1,1,2,2,4,1,0,0,,26.82304444,-80.05992222,33,0,0,1,1,4,0,3,1,0,,,,,,