st_case,state,year,month,day,day_week,hour,minute,county,city,fatals_crash,vehicles_total,vehicles_in_transport,persons_total,route,rural_urban,functional_system,road_owner,nhs,special_jurisdiction,milepoint,latitude,longitude,first_harmful_event,manner_collision,rel_jct_interchange,rel_jct_location,intersection_type,relation_to_road,work_zone,light_condition,weather,school_bus_related,ems_notified_hour,ems_notified_min,ems_arrival_hour,ems_arrival_min,hospital_hour,hospital_min
130094,13,2020,1,26,1,22,55,35,0,1,4,4,7,1,2,1,1,1,0,2028,33.23139444,-84.07913333,12,7,0,1,1,1,0,2,10,0,22,44,22,55,23,31
130095,13,2020,2,1,7,23,5,199,2500,1,1,1,1,6,1,7,4,0,0,1,33.02274722,-84.71833333,5,0,0,1,1,1,0,3,1,0,23,11,23,29,23,50
130096,13,2020,1,2,5,20,53,229,530,1,2,2,3,3,1,3,1,1,0,1883,31.30692778,-82.23914167,12,6,0,2,2,1,0,2,1,0,20,57,21,23,22,41
130097,13,2020,1,25,7,11,14,241,0,1,3,3,4,3,1,3,1,1,0,,34.92493611,-83.38694722,12,1,0,3,3,1,0,1,1,0,11,13,11,49,12,41
130098,13,2020,3,4,4,20,34,127,760,1,1,1,1,3,2,3,1,1,0,192,31.17426389,-81.50393889,8,0,0,2,2,1,0,2,2,0,20,36,20,40,20,57
130099,13,2020,2,1,7,7,50,135,0,2,2,2,2,1,2,1,1,1,0,981,33.91085,-84.21766111,12,1,0,1,1,1,0,1,1,0,7,57,7,59,,
130100,13,2020,2,19,4,2,8,151,5210,2,1,1,3,3,1,4,1,0,0,98,33.57494444,-84.16491111,42,0,0,1,1,4,0,2,2,0,2,10,2,19,3,6
130101,13,2020,3,15,1,14,5,151,0,1,1,1,1,4,2,6,2,0,0,5,33.30207778,-84.08102778,42,0,0,1,1,4,0,1,10,0,14,5,14,17,,
130102,13,2020,3,23,2,15,1,151,0,1,2,2,4,4,2,7,2,0,0,9,33.39858889,-84.05388056,12,6,0,1,1,1,0,1,2,0,,,,,,
130103,13,2020,4,1,4,20,17,151,0,1,2,2,2,3,2,3,1,1,0,,33.40320278,-84.31239444,12,6,0,2,3,1,0,2,1,0,20,17,20,28,,
130104,13,2020,4,9,5,20,46,151,0,1,2,2,2,1,2,1,1,1,0,167,33.51065833,-84.23600278,25,0,0,1,1,3,0,3,10,0,20,53,20,59,,
130105,13,2020,2,1,7,15,54,89,0,1,1,1,1,4,2,4,2,0,0,23,33.73799167,-84.25199444,8,0,0,3,2,1,0,1,10,0,15,56,16,0,16,31
130106,13,2020,2,1,7,5,30,57,0,1,1,1,1,3,1,4,1,0,0,237,34.34706944,-84.38007778,9,0,0,1,1,1,0,2,10,0,5,29,5,35,,
130107,13,2020,5,16,7,21,30,151,0,1,2,2,4,4,2,4,2,0,0,14,33.51304722,-84.22998056,12,6,0,2,2,1,0,2,1,0,21,32,21,37,,
130109,13,2020,2,10,2,17,40,67,0,1,1,1,1,4,2,7,2,0,0,,33.88092222,-84.57295833,9,0,0,1,1,1,0,5,2,0,17,43,17,52,,
130110,13,2020,2,17,2,14,46,67,4490,1,2,2,2,6,2,4,4,0,0,2,33.85969722,-84.66888056,12,6,0,8,1,1,0,1,10,0,14,48,14,51,15,5
130111,13,2020,2,8,7,21,10,67,0,1,2,2,3,3,2,4,1,0,0,126,33.913825,-84.54717778,12,6,0,8,1,1,0,3,10,0,21,10,21,13,21,45
130112,13,2020,2,8,7,20,32,121,280,1,3,3,5,2,2,3,1,1,0,584,33.77336944,-84.44298333,12,2,0,1,1,1,0,3,2,0,20,33,20,44,21,17
130113,13,2020,2,17,2,1,41,21,3390,1,1,1,3,4,2,4,2,0,0,17,32.84406944,-83.68805556,30,0,0,1,1,4,0,3,10,0,1,41,1,47,2,19
130114,13,2020,2,20,5,14,26,21,3390,1,2,2,2,4,2,5,2,0,0,7,32.88318056,-83.68102222,12,2,0,1,1,1,0,1,2,0,14,29,14,40,15,11
130115,13,2020,2,28,6,5,46,59,270,1,1,1,1,3,2,3,1,1,0,80,33.95664167,-83.37981667,39,0,0,3,3,4,0,3,1,0,5,48,5,54,6,16
130116,13,2020,2,9,1,19,18,67,0,1,2,2,3,4,2,3,2,1,0,8,33.86084167,-84.61961944,12,6,0,2,2,1,0,3,10,0,19,18,19,24,19,57
130117,13,2020,2,19,4,12,1,67,0,1,2,2,3,4,2,4,2,0,0,33,33.77849722,-84.57516389,59,0,0,3,2,3,0,1,10,0,12,4,12,9,,
130119,13,2020,3,25,4,0,15,139,0,1,1,1,1,4,1,7,2,0,0,,34.32820556,-83.70728056,42,0,0,1,1,6,0,2,2,0,0,16,0,27,,
130120,13,2020,6,7,1,0,41,139,0,1,1,1,2,2,2,3,1,1,0,220,34.37912222,-83.87569167,34,0,0,1,1,4,0,2,1,0,0,42,0,58,1,24
130121,13,2020,2,13,5,19,30,89,0,1,1,1,1,6,2,4,4,0,0,48,33.74583333,-84.08378333,8,0,0,3,3,1,0,2,1,0,6,30,6,39,,
130122,13,2020,2,15,7,1,58,89,0,1,2,2,5,1,2,1,1,1,0,517,33.68910556,-84.30296944,12,7,0,1,1,1,0,2,1,0,2,2,2,8,3,3
130123,13,2020,2,15,7,22,34,89,0,1,1,1,1,6,2,4,4,0,0,17,33.67762222,-84.08935,42,0,0,1,1,4,0,2,1,0,22,35,22,39,23,0
130124,13,2020,2,16,1,19,10,89,0,1,1,1,1,4,2,3,2,1,0,50,33.71958611,-84.20726111,33,0,0,1,1,4,0,3,2,0,19,12,19,18,,
130125,13,2020,2,22,7,23,45,89,0,1,1,1,2,2,2,2,1,1,0,43,33.83465,-84.20822778,8,0,1,18,1,1,0,2,1,0,23,49,23,56,,
130126,13,2020,2,29,7,4,45,121,1250,1,2,2,3,1,2,1,1,1,0,120,33.62026389,-84.47914167,12,2,1,5,1,1,0,2,1,0,4,49,4,55,,
130127,13,2020,2,22,7,16,25,67,0,1,2,2,2,3,2,3,1,1,0,192,34.066325,-84.42476111,12,6,0,2,2,1,0,1,1,0,16,27,16,34,16,59
130128,13,2020,2,23,1,17,38,67,0,1,2,2,2,4,2,4,2,0,0,17,34.02737778,-84.47254722,12,6,0,2,2,1,0,1,10,0,17,39,17,43,18,13
130129,13,2020,2,27,5,17,36,67,4490,1,1,1,1,6,2,4,4,0,0,2,33.85842778,-84.64897222,8,0,0,1,1,1,0,1,1,0,,,,,,
130130,13,2020,2,27,5,21,45,67,0,1,1,1,5,4,2,7,2,0,0,0,33.77873056,-84.54573333,42,0,0,1,1,4,0,3,1,0,21,48,21,54,22,29
130131,13,2020,2,29,7,22,7,67,2990,1,2,2,3,2,2,3,1,1,0,2616,34.01993889,-84.62113611,12,1,0,1,1,1,0,2,1,0,22,13,22,19,,
130132,13,2020,1,31,6,23,5,215,1280,1,1,1,1,3,2,3,1,1,0,28,32.43381667,-84.95618056,8,0,0,1,1,1,0,3,1,0,23,12,23,14,23,20
130133,13,2020,2,15,7,19,28,135,0,1,2,2,2,3,2,4,1,0,0,313,34.06985556,-83.91163056,12,6,0,8,1,1,0,1,1,0,19,28,19,36,19,56
130134,13,2020,4,19,1,0,37,179,2730,1,1,1,2,3,2,4,1,0,0,191,31.83996667,-81.6027,8,0,0,1,1,1,0,2,1,0,0,43,0,49,1,13
130135,13,2020,2,3,2,16,20,95,90,1,2,2,2,6,2,4,4,0,0,,31.61749722,-84.18359722,12,8,0,1,1,1,0,1,1,0,16,23,16,26,16,43
130136,13,2020,2,4,3,7,4,61,570,1,2,2,2,3,1,3,1,1,0,,31.52805556,-84.86326667,12,6,0,2,2,1,0,1,1,0,7,7,7,21,7,59
130137,13,2020,1,31,6,9,3,141,0,1,1,1,2,3,1,6,1,0,0,,33.22966111,-83.05046111,42,0,0,1,1,4,0,1,1,0,9,6,9,15,,
130138,13,2020,2,1,7,13,23,247,1320,1,2,2,2,4,2,7,2,0,0,,33.65946944,-84.02204722,33,0,0,3,3,4,0,1,1,0,13,24,13,31,14,0
130139,13,2020,2,2,1,19,0,291,0,1,1,1,1,3,1,3,1,1,0,,34.76775833,-83.91746944,1,0,0,1,1,4,0,2,1,0,19,1,19,16,,
130140,13,2020,2,3,2,9,40,105,0,1,2,2,2,4,2,6,2,0,0,8,34.079675,-82.85543889,12,2,0,1,1,1,0,1,1,0,9,37,9,43,,
130141,13,2020,2,3,2,4,57,207,2190,1,1,1,2,1,2,1,1,1,0,1864,33.03723333,-83.92693889,30,0,0,1,1,4,0,3,1,0,5,4,5,35,6,0
130142,13,2020,2,3,2,13,30,227,0,1,3,3,3,3,1,4,1,0,0,,34.51981111,-84.5238,12,1,1,2,4,1,0,1,1,0,13,33,13,43,14,2
130143,13,2020,2,3,2,14,45,295,0,1,1,1,1,4,2,7,2,0,0,,34.846225,-85.35746667,1,0,0,1,1,4,0,1,1,0,14,47,15,0,15,33
130144,13,2020,2,4,3,9,50,147,0,1,2,2,3,3,1,4,1,0,0,,34.29995278,-82.90663056,12,2,0,1,1,1,0,1,2,0,9,55,9,59,10,46
130146,13,2020,2,7,6,18,47,63,2180,3,3,3,5,3,2,4,1,0,0,,33.62018056,-84.36482222,12,2,0,1,1,1,0,3,1,0,18,35,18,47,20,13
130147,13,2020,2,10,2,22,0,63,2970,1,1,1,2,3,2,3,1,1,0,37,33.52404167,-84.36322778,8,0,0,3,11,1,0,2,2,0,22,2,22,8,,
130148,13,2020,3,4,4,21,38,59,270,1,1,1,2,2,2,3,1,1,0,652,33.95039444,-83.40773889,8,0,0,8,1,1,0,2,2,0,21,40,21,42,,
130149,13,2020,3,7,7,20,11,59,270,1,2,2,4,2,2,4,1,0,0,1360,34.00623056,-83.330225,12,6,0,8,1,1,0,2,1,0,20,18,20,23,21,7
130150,13,2020,3,7,7,2,16,121,280,1,1,1,1,1,2,1,1,1,0,2448,33.72356389,-84.39375278,52,0,1,19,1,8,0,3,1,0,2,13,2,19,,
130151,13,2020,3,1,1,22,3,121,0,1,3,3,5,3,2,3,1,1,0,21,33.71943611,-84.349475,12,6,0,2,2,1,0,3,1,0,3,20,3,40,4,0
130152,13,2020,3,2,2,13,36,89,0,1,2,2,4,6,2,6,4,0,0,10,33.70600556,-84.13813333,12,6,0,1,1,1,0,1,2,0,13,37,13,43,14,22
130153,13,2020,2,1,7,20,13,67,5070,1,1,1,2,2,1,3,1,1,0,2501,33.90379722,-84.48818056,8,0,0,1,1,1,0,3,1,0,,,,,,
130154,13,2020,2,11,3,4,20,63,2970,1,1,1,1,3,2,3,1,1,0,36,33.52504167,-84.36318333,8,0,0,1,1,1,0,2,4,0,4,2,4,14,,
130155,13,2020,2,7,6,17,16,43,0,1,2,2,2,3,1,4,1,0,0,,32.40635278,-82.05922222,12,6,0,2,2,1,0,1,1,0,17,18,17,22,,
130156,13,2020,2,8,7,18,24,103,5130,1,1,1,1,3,1,5,1,0,0,,32.36788611,-81.31055556,8,0,0,1,1,1,0,3,2,0,18,23,18,28,,
130157,13,2020,2,9,1,20,20,179,0,1,2,2,2,2,2,3,1,1,0,2495,31.82327778,-81.521175,12,2,0,1,1,1,0,2,1,0,20,24,20,33,,
130158,13,2020,2,10,2,19,17,69,1760,1,2,2,2,3,2,3,1,1,0,75,31.48806667,-82.85940278,12,6,0,4,1,1,0,1,10,0,19,18,19,24,19,51
130159,13,2020,2,10,2,0,45,277,0,1,1,1,1,4,1,5,2,0,0,,31.49828056,-83.45926944,8,0,0,1,1,2,0,2,1,0,1,18,1,24,1,45
130160,13,2020,2,11,3,20,48,161,0,1,1,1,1,4,1,6,2,0,0,,31.78743889,-82.63844722,42,0,0,1,1,4,0,2,1,0,20,48,20,57,,
130161,13,2020,2,12,4,6,58,9,3620,1,3,3,4,4,2,4,2,0,0,,33.09418611,-83.22901389,12,6,0,2,2,1,0,1,2,0,6,58,7,2,7,35
130162,13,2020,2,9,1,8,2,7,0,1,2,2,2,3,1,4,1,0,0,,31.32301111,-84.37439167,12,1,0,1,1,1,0,1,1,0,8,2,,,,
130163,13,2020,2,12,4,9,44,31,0,1,2,2,6,3,2,3,1,1,0,,32.43610833,-81.81636667,12,6,0,2,2,1,0,1,1,0,9,45,9,52,10,22
130164,13,2020,2,12,4,17,38,193,0,1,2,1,1,4,1,4,2,0,0,35,32.36655833,-84.18660833,14,0,0,1,1,5,0,1,1,0,17,40,18,2,,
130165,13,2020,3,2,2,19,38,89,0,1,1,1,1,3,2,4,1,0,0,45,33.64571111,-84.13179167,8,0,0,1,1,1,0,2,2,0,19,36,19,48,,
130166,13,2020,3,2,2,23,30,67,0,1,2,2,2,1,2,1,1,1,0,2583,33.88882778,-84.459475,12,1,1,18,1,1,0,2,2,0,23,32,23,44,0,41
130167,13,2020,2,14,6,22,47,313,0,1,1,1,1,3,2,4,1,0,0,242,34.81816944,-85.04505278,8,0,0,1,1,1,0,2,1,0,22,43,22,51,23,24
130168,13,2020,3,7,7,15,21,67,0,1,2,2,2,4,2,3,2,1,0,9,33.95845278,-84.62156944,12,6,0,2,3,1,0,1,1,0,15,22,15,23,15,50
130169,13,2020,3,4,4,14,35,215,1280,1,1,1,1,6,2,4,2,0,0,40,32.51651667,-84.89316111,18,0,0,1,1,1,0,1,2,0,14,40,14,48,15,23
130170,13,2020,3,9,2,19,0,89,0,1,2,2,3,2,1,4,1,0,0,11,33.76107222,-84.24591944,12,6,0,2,3,1,0,1,1,0,19,1,19,5,19,53
130171,13,2020,3,3,3,22,8,89,0,1,1,1,1,3,2,4,1,0,0,47,33.64562778,-84.1286,8,0,0,1,1,1,0,2,10,0,22,9,22,19,,
130172,13,2020,3,10,3,15,58,63,0,1,2,2,5,1,2,1,1,1,0,52,33.57864444,-84.27861944,12,1,1,18,1,1,0,1,10,0,15,59,16,6,17,10
130173,13,2020,3,9,2,7,0,95,90,1,1,1,1,2,2,3,1,1,0,41,31.57541667,-84.15399444,8,0,0,1,1,1,0,2,1,0,6,46,6,46,7,16
130174,13,2020,3,15,1,19,2,121,280,1,3,3,4,1,2,1,1,1,0,,33.72212222,-84.39500556,12,1,0,1,1,1,0,3,10,0,19,3,19,17,,
130175,13,2020,3,20,6,3,34,59,270,1,1,1,1,3,2,3,1,1,0,616,33.94092222,-83.46969167,8,0,0,2,2,1,0,3,1,0,3,37,3,41,,
130176,13,2020,2,15,7,7,33,241,1170,1,2,2,3,3,1,3,1,1,0,124,34.88865,-83.39311111,12,2,0,1,1,1,0,1,1,0,7,35,7,38,8,5
130177,13,2020,3,20,6,0,19,121,280,1,2,1,2,1,2,1,1,1,0,117,33.76326944,-84.49261111,14,0,1,19,1,2,0,3,1,0,0,19,0,30,,
130178,13,2020,3,20,6,16,0,13,0,1,2,2,4,3,1,4,1,0,0,174,34.0274,-83.77346389,12,2,0,1,1,1,0,1,1,0,4,0,4,6,4,47
130179,13,2020,3,13,6,20,9,21,3390,1,1,1,1,2,2,3,1,1,0,1831,32.84863333,-83.62604167,8,0,1,18,1,1,0,3,1,0,20,10,20,15,,
130180,13,2020,3,18,4,1,31,21,3390,1,1,1,1,2,2,3,1,1,0,1327,32.86756111,-83.69652222,39,0,0,1,1,4,0,2,1,0,1,31,1,40,,
130182,13,2020,3,13,6,14,31,57,0,1,1,1,2,1,2,1,1,1,0,254,34.31079444,-84.41159167,1,0,0,1,1,4,0,1,10,0,14,33,14,38,15,29
130183,13,2020,3,23,2,6,52,57,0,1,2,2,2,4,2,4,2,0,0,11,34.13345278,-84.47856111,42,0,0,1,1,4,0,2,2,0,6,53,7,0,7,34
130184,13,2020,3,26,5,4,57,57,0,1,2,2,2,3,2,3,1,1,0,,34.08797778,-84.59205556,8,0,0,3,3,1,0,2,1,0,4,58,5,3,5,39
130185,13,2020,2,16,1,0,8,121,0,2,2,2,3,3,2,4,1,0,0,27,33.58699722,-84.46917222,12,6,0,8,1,1,0,3,1,0,0,8,0,16,0,45
130186,13,2020,3,18,4,13,0,67,0,1,2,2,3,1,8,1,1,1,0,280,33.897725,-84.44946389,12,1,0,1,1,1,0,1,1,0,13,7,13,16,,
130187,13,2020,3,22,1,20,26,215,1280,1,1,1,2,1,2,1,1,1,0,83,32.51939722,-84.953175,8,0,1,18,1,1,0,2,10,0,20,37,20,51,21,6
130188,13,2020,3,24,3,0,19,89,1610,1,1,1,1,1,2,1,1,1,0,2,33.71483333,-84.24074722,42,0,1,19,1,8,0,2,5,0,0,20,0,25,,
130189,13,2020,3,17,3,20,7,89,0,1,2,2,3,4,2,3,2,1,0,40,33.73115556,-84.19430556,12,6,0,2,2,1,0,2,1,0,20,10,20,17,21,0
130190,13,2020,3,20,6,18,4,89,0,1,1,1,1,4,2,4,2,0,0,54,33.78659444,-84.16195556,8,0,0,1,1,3,0,1,1,0,18,6,18,10,,
130191,13,2020,3,21,7,2,26,89,5580,1,1,1,2,1,2,1,1,1,0,1,33.75440833,-84.23252778,8,0,1,5,1,1,0,2,1,0,2,27,2,50,,
130192,13,2020,3,21,7,22,35,89,0,1,1,1,3,1,2,1,1,1,0,633,33.71507222,-84.30561944,42,0,0,1,1,4,0,3,1,0,10,40,10,50,,
130193,13,2020,2,16,1,20,40,179,0,1,2,2,2,3,2,6,1,0,0,106,31.75953611,-81.60231389,12,6,0,1,1,1,0,2,2,0,20,41,20,43,21,45
130194,13,2020,3,21,7,23,30,89,280,1,4,4,6,1,2,1,1,1,0,,33.7396,-84.32808056,12,1,0,1,1,1,0,3,1,0,23,34,23,39,23,58
130195,13,2020,3,29,1,2,50,89,0,1,2,2,2,1,2,1,1,1,0,,33.75832778,-84.23229722,12,1,0,1,1,1,0,2,1,0,3,0,3,15,4,5
130196,13,2020,2,16,1,19,8,247,1320,2,6,6,11,1,2,1,1,1,0,828,33.65455833,-84.00881667,8,0,0,1,1,1,0,3,2,0,19,10,19,20,19,50
130197,13,2020,2,16,1,4,3,305,0,1,1,1,1,3,1,4,1,0,0,55,31.68418889,-81.93948333,32,0,0,1,1,4,0,2,1,0,4,4,4,15,,
130198,13,2020,2,17,2,13,0,241,0,1,1,1,1,3,1,3,1,1,0,88,34.84162222,-83.41601111,9,0,0,8,1,1,0,1,1,0,13,4,13,4,,
130199,13,2020,3,1,1,17,20,225,830,1,1,1,1,1,1,1,1,1,0,1470,32.62091389,-83.74291667,24,0,0,1,1,4,0,1,1,0,17,29,17,36,18,22
130200,13,2020,3,1,1,23,8,191,0,1,1,1,1,3,1,5,1,0,0,80,31.42124722,-81.39543889,34,0,0,1,1,4,0,2,1,0,23,11,23,19,23,55
130201,13,2020,3,2,2,13,30,163,6070,1,1,1,3,6,1,7,4,0,0,2,33.19933333,-82.38401667,30,0,0,1,1,4,0,1,2,0,13,56,14,14,15,6
130202,13,2020,3,2,2,18,32,169,0,1,1,1,1,4,1,5,2,0,0,45,32.93373889,-83.64723056,38,0,0,1,1,4,0,2,2,0,18,32,18,42,,
130203,13,2020,1,17,6,10,43,121,280,2,1,1,2,6,2,6,4,0,0,0,33.66717222,-84.35574167,30,0,0,1,1,4,0,1,1,0,10,38,10,43,,
130204,13,2020,1,19,1,8,10,119,0,1,1,1,1,1,1,1,1,1,0,,34.44562222,-83.12470556,24,0,0,1,1,3,0,1,2,0,8,22,8,14,,
130205,13,2020,2,20,5,13,13,193,0,2,2,2,3,3,1,4,1,0,0,456,32.35200278,-84.01810556,12,6,0,1,1,1,0,1,2,0,13,16,13,19,14,12
130206,13,2020,2,3,2,6,49,57,6040,1,1,1,1,3,2,3,1,1,0,67,34.085125,-84.55365278,8,0,0,3,2,1,0,2,1,0,6,56,7,8,7,20
130207,13,2020,2,9,1,23,6,275,0,1,1,1,1,3,2,3,1,1,0,,30.85356111,-83.94581944,8,0,0,3,2,1,0,2,1,0,23,18,23,51,,
130208,13,2020,2,19,4,7,49,225,0,1,1,1,2,3,2,3,1,1,0,669,32.57291944,-83.91184167,59,0,0,1,1,4,0,1,2,0,8,0,8,13,8,48
130209,13,2020,2,19,4,8,25,71,0,1,1,1,3,4,1,7,2,0,0,2,31.25841667,-83.51373611,42,0,0,1,1,4,0,1,1,0,8,11,8,33,9,9
130210,13,2020,2,21,6,23,19,67,0,1,2,2,3,4,1,3,2,1,0,57,33.95603333,-84.41188056,12,6,8,2,3,1,0,3,1,0,23,22,23,26,0,12
130211,13,2020,2,3,2,20,29,217,0,1,1,1,2,4,2,4,2,0,0,,33.57975,-83.93868889,53,0,0,1,1,4,0,2,1,0,20,31,20,35,22,16
130212,13,2020,2,4,3,22,22,121,0,2,2,2,2,3,2,6,1,0,0,,33.77422222,-84.52551389,12,2,0,1,1,1,0,2,10,0,22,19,22,26,,
130213,13,2020,2,11,3,19,11,191,0,1,1,1,1,1,1,1,1,1,0,480,31.3845,-81.45179444,25,0,0,1,1,4,0,2,1,0,,,,,,
130214,13,2020,2,11,3,8,25,225,0,1,1,1,1,4,1,4,2,0,0,,32.58673889,-83.74848333,35,0,0,3,3,4,0,1,1,0,8,21,8,31,,
130215,13,2020,2,13,5,16,31,153,5790,1,1,1,1,6,2,7,4,0,0,,32.56751389,-83.65160833,7,0,0,1,1,1,0,1,10,0,16,31,16,38,17,6
130216,13,2020,2,15,7,15,20,121,0,1,1,1,1,6,2,7,4,0,0,,33.52023333,-84.60262778,35,0,0,1,1,4,0,1,1,0,15,20,15,28,,
130217,13,2020,2,20,5,23,20,185,0,1,2,2,3,1,1,1,1,1,0,,30.92609444,-83.36787778,12,1,0,1,1,1,0,2,1,0,23,21,23,29,0,0
130218,13,2020,2,7,6,20,8,69,1760,1,1,1,2,6,2,6,4,0,0,,31.506425,-82.85046389,8,0,0,2,2,1,0,3,1,0,20,10,20,14,20,36
130219,13,2020,2,9,1,1,35,35,0,1,2,2,5,3,1,4,1,0,0,141,33.32384722,-84.03193611,12,2,0,1,1,1,0,2,5,0,1,34,1,37,3,0
130220,13,2020,2,18,3,19,56,121,0,1,1,1,1,3,1,4,1,0,0,60,33.58161667,-84.46937222,8,0,0,1,1,1,0,2,2,0,20,2,20,10,20,30
130221,13,2020,2,20,5,6,40,245,2670,2,1,1,2,6,2,7,4,0,0,6,33.30081111,-82.08617222,32,0,0,1,1,4,0,2,2,0,6,45,6,55,,
130222,13,2020,2,23,1,2,7,179,0,6,2,2,6,1,1,1,1,1,0,761,31.78298333,-81.37756944,12,2,1,18,1,1,0,2,1,0,2,8,2,15,,
130223,13,2020,2,23,1,2,30,51,0,1,1,1,4,3,2,3,1,1,0,2553,32.04662222,-81.07978889,42,0,0,1,1,3,0,3,1,0,2,40,2,45,3,0
130224,13,2020,2,20,5,4,6,105,0,1,1,1,1,3,1,4,1,0,0,742,34.14941944,-82.86227222,8,0,0,1,1,1,0,2,1,0,4,8,4,11,,
130225,13,2020,2,20,5,22,52,71,0,1,1,1,2,4,1,4,2,0,0,11,31.21803889,-83.79193889,35,0,0,1,1,4,0,2,2,0,23,2,23,11,0,14
130226,13,2020,3,3,3,15,3,169,0,1,1,1,1,3,1,3,1,1,0,34,32.93170278,-83.58491667,34,0,0,1,1,4,0,1,2,0,15,5,15,15,,
130227,13,2020,2,14,6,8,36,179,2218,1,1,1,1,3,2,4,1,1,2,94,31.89420556,-81.62065278,42,0,0,1,1,4,0,1,1,0,,,,,,
130228,13,2020,3,3,3,11,45,45,0,2,2,2,3,3,1,4,1,0,0,201,33.53065833,-85.00318333,12,2,0,1,1,1,0,1,2,0,11,43,11,49,12,51
130229,13,2020,2,15,7,10,25,31,0,1,1,1,1,4,1,6,2,0,0,,32.48054444,-81.88770278,34,0,0,1,1,4,0,1,1,0,10,25,10,36,,
130230,13,2020,2,23,1,0,5,77,0,1,2,2,2,3,1,4,1,0,0,480,33.34081111,-84.67431944,12,2,0,1,1,1,0,2,1,0,,,,,,
130231,13,2020,2,24,2,9,53,13,0,1,2,2,2,3,1,5,1,0,0,43,33.99739722,-83.6427,12,6,0,2,2,1,0,1,2,0,9,54,9,56,10,44
130232,13,2020,2,25,3,6,1,223,0,1,1,1,2,3,1,4,1,0,0,162,33.805625,-84.892125,32,0,0,1,1,4,0,2,5,0,6,3,6,13,,
130233,13,2020,2,26,4,13,40,291,0,1,2,2,2,4,1,5,2,0,0,22,34.82095556,-84.105825,12,2,0,1,1,1,0,1,2,0,13,46,13,59,,
130234,13,2020,2,26,4,4,51,233,0,1,3,3,3,2,1,3,1,1,0,,34.07469722,-85.23366667,12,2,0,1,1,1,0,2,10,0,4,42,4,49,5,48
130236,13,2020,2,28,6,18,31,71,0,1,1,1,1,4,1,7,2,0,0,,31.18747222,-83.59993611,34,0,0,1,1,4,0,2,1,0,19,1,19,15,,
130237,13,2020,3,3,3,6,22,55,0,1,1,1,1,4,1,5,2,0,0,93,34.46236944,-85.27227222,8,0,0,1,1,1,0,2,2,0,6,22,6,33,,
130238,13,2020,2,28,6,7,40,45,970,1,2,2,2,3,1,3,1,1,0,142,33.55704722,-85.09178611,12,6,0,2,2,1,0,1,1,1,7,41,7,51,8,16
130239,13,2020,2,29,7,21,15,15,,1,1,1,1,4,2,7,2,0,0,,34.19384722,-84.73068611,42,0,0,1,1,4,0,2,1,0,20,59,21,17,,
130240,13,2020,2,29,7,16,18,179,0,1,1,1,3,4,1,5,2,0,0,71,31.71059444,-81.28353056,42,0,0,1,1,4,0,1,1,0,16,20,16,33,17,20
130242,13,2020,3,3,3,0,37,233,0,1,1,1,1,3,1,5,1,0,0,885,33.95898889,-85.26211944,42,0,0,1,1,4,0,2,10,0,0,39,0,49,,
130243,13,2020,3,3,3,11,7,279,5700,1,1,1,2,3,1,5,1,0,0,55,32.20250556,-82.37283056,42,0,0,1,1,4,0,1,10,0,11,7,11,11,12,26
130244,13,2020,3,3,3,16,14,167,0,1,1,1,1,4,1,7,2,0,0,36,32.74303889,-82.85518611,1,0,0,1,1,4,0,1,2,0,16,14,16,23,,
130245,13,2020,3,4,4,11,48,139,0,1,2,2,2,3,2,3,1,1,0,237,34.39793611,-83.88721944,12,6,0,1,1,1,0,1,10,0,11,52,12,15,,
130246,13,2020,3,3,3,16,54,167,0,1,1,1,3,4,1,7,2,0,0,51,32.72083056,-82.85826389,42,0,0,1,1,4,0,1,2,0,16,54,17,0,17,51
130247,13,2020,3,5,5,6,54,179,0,1,2,1,3,1,1,1,1,1,0,367,31.76735556,-81.38100278,14,0,0,1,1,4,0,4,10,0,6,59,7,5,7,49
130248,13,2020,3,5,5,23,35,51,4910,1,1,1,1,3,2,3,1,1,0,277,31.98145556,-81.14858889,9,0,0,2,2,1,0,3,10,0,23,38,23,39,23,50
130249,13,2020,3,8,1,14,39,51,4910,1,1,1,2,1,2,1,1,1,0,2,32.16346389,-81.21788889,42,0,1,19,1,3,0,1,1,0,14,40,14,47,15,15
130250,13,2020,3,7,7,16,0,267,0,1,2,2,2,4,1,5,2,0,0,19,32.02609167,-81.895525,12,6,0,2,2,1,0,1,1,0,16,7,16,16,17,2
130251,13,2020,3,7,7,0,5,1,0,1,1,1,1,4,1,5,2,0,0,10,31.74843333,-82.52505833,41,0,0,1,1,4,0,2,1,0,0,5,0,19,,
130252,13,2020,3,9,2,14,52,51,0,1,2,2,2,3,2,3,1,1,0,118,31.99083056,-81.22695278,12,6,0,2,2,1,0,1,1,0,14,50,14,59,,
130253,13,2020,3,5,5,13,55,297,3710,1,2,2,5,3,1,4,1,0,0,18,33.79414167,-83.72597778,12,6,0,2,2,1,0,1,2,0,13,56,14,0,14,20
130254,13,2020,3,6,6,20,28,31,0,1,2,2,3,3,1,4,1,0,0,157,32.28482778,-81.72394722,12,6,0,2,2,1,1,2,1,0,20,36,20,47,21,34
130255,13,2020,3,6,6,,,223,0,1,1,1,1,3,2,4,1,0,0,30,34.00401944,-84.75938333,8,0,0,1,1,2,0,2,1,0,7,0,7,15,,