st_case,state,year,month,day,day_week,hour,minute,county,city,fatals_crash,vehicles_total,vehicles_in_transport,persons_total,route,rural_urban,functional_system,road_owner,nhs,special_jurisdiction,milepoint,latitude,longitude,first_harmful_event,manner_collision,rel_jct_interchange,rel_jct_location,intersection_type,relation_to_road,work_zone,light_condition,weather,school_bus_related,ems_notified_hour,ems_notified_min,ems_arrival_hour,ems_arrival_min,hospital_hour,hospital_min
130256,13,2020,3,8,1,13,55,77,0,2,2,2,3,3,2,4,1,0,0,236,33.27930833,-84.55123056,12,2,0,1,1,1,0,1,1,0,13,55,13,58,14,28
130257,13,2020,3,8,1,3,33,153,0,2,2,2,4,1,1,1,1,1,0,1238,32.29308333,-83.75971944,12,1,0,1,1,1,0,2,1,0,3,27,3,49,,
130258,13,2020,3,8,1,6,0,77,0,1,1,1,2,3,1,4,1,0,0,65,33.40419167,-84.83286667,34,0,0,1,1,4,0,2,1,0,5,52,6,1,,
130259,13,2020,3,9,2,22,55,31,5170,1,1,1,1,2,1,3,1,1,0,19,32.4416,-81.75328333,8,0,0,1,1,1,0,2,1,0,,,,,,
130260,13,2020,2,22,7,3,15,283,0,1,1,1,1,4,1,7,2,0,0,,32.37679444,-82.64548611,34,0,0,1,1,4,0,2,1,0,7,49,7,54,,
130261,13,2020,2,22,7,9,20,15,0,1,3,3,4,3,1,4,1,1,0,2960,34.37692778,-84.93239167,12,6,0,2,2,1,0,1,1,0,9,20,9,25,,
130262,13,2020,2,21,6,12,0,67,0,1,2,2,2,1,2,1,1,1,0,86,33.89573611,-84.46597778,12,6,1,5,1,1,0,1,1,0,12,0,12,6,12,39
130263,13,2020,2,23,1,6,20,143,0,1,1,1,1,4,2,7,2,0,0,5,33.74511667,-85.11974722,42,0,0,1,1,4,0,2,1,0,6,22,6,35,7,8
130264,13,2020,2,24,2,17,57,137,0,1,2,2,2,3,1,3,1,0,0,8,34.61714167,-83.40416944,12,2,0,1,1,1,0,5,2,0,18,0,18,15,,
130265,13,2020,2,25,3,6,30,79,0,1,2,2,2,3,1,4,1,0,0,631,32.75600556,-84.14050278,12,2,0,1,1,1,0,2,4,0,6,34,6,40,8,25
130266,13,2020,2,25,3,2,19,63,0,1,1,1,2,3,1,4,1,0,0,92,33.5961,-84.44668056,34,0,0,1,1,4,0,2,2,0,2,27,2,34,3,28
130267,13,2020,2,25,3,10,3,141,0,1,1,1,1,3,1,4,1,0,0,1579,33.29135833,-82.93757778,42,0,0,1,1,4,0,1,2,0,10,8,10,20,,
130268,13,2020,2,27,5,15,4,69,1760,1,1,1,1,2,1,3,1,1,0,704,31.48756667,-82.84614167,9,0,0,3,2,1,0,1,1,0,15,6,15,10,15,36
130269,13,2020,2,28,6,5,50,223,0,1,1,1,1,2,1,3,1,1,0,362,33.91535556,-84.87935556,53,0,0,1,1,4,0,3,2,0,5,50,6,6,6,57
130270,13,2020,2,29,7,13,55,119,0,1,2,2,7,2,1,4,1,0,0,1580,34.26922222,-83.16658056,12,7,0,1,1,1,0,1,1,0,13,54,13,55,15,5
130271,13,2020,3,9,2,20,2,275,0,1,2,2,2,3,1,3,1,1,0,218,30.80018611,-83.764975,12,1,0,1,1,1,0,2,1,0,19,57,20,3,20,40
130272,13,2020,3,11,4,13,3,173,0,1,2,2,2,3,1,5,1,0,0,545,31.03489444,-83.10029722,12,1,0,1,1,1,0,1,10,0,13,5,13,8,13,39
130273,13,2020,3,11,4,20,18,139,0,1,2,2,2,3,2,3,1,1,0,129,34.26630833,-83.81810833,12,6,1,2,3,1,0,2,10,0,20,23,20,28,20,39
130274,13,2020,3,11,4,7,19,233,1010,1,3,3,3,3,2,3,1,1,0,100,34.01674444,-85.22016944,12,6,1,2,2,1,0,2,10,0,7,13,7,13,7,50
130275,13,2020,3,11,4,8,27,121,280,1,1,1,1,1,2,1,1,1,0,1420,33.74274167,-84.42220833,8,0,0,1,1,1,0,1,10,0,8,27,8,34,10,21
130276,13,2020,3,12,5,8,30,223,0,1,1,1,1,2,2,3,1,1,0,415,33.90268611,-84.79479167,42,0,0,1,1,4,0,1,10,0,8,33,8,35,9,44
130277,13,2020,3,15,1,23,15,111,560,1,2,2,4,3,1,3,1,1,0,408,34.87299167,-84.32287778,12,1,0,3,2,1,0,3,10,0,23,15,23,39,23,45
130278,13,2020,3,15,1,6,30,55,5570,1,2,2,2,2,1,3,1,1,0,3197,34.51381389,-85.31996111,12,8,0,1,1,1,0,2,10,0,6,31,6,36,7,16
130279,13,2020,3,13,6,23,30,31,0,1,2,2,3,1,1,1,1,1,0,1257,32.25612778,-81.71348056,8,0,0,1,1,1,0,2,1,0,23,31,0,0,,
130280,13,2020,3,13,6,22,30,105,0,1,1,1,1,4,2,7,2,0,0,9,34.12847778,-82.84725,17,0,0,1,1,4,0,1,1,0,23,6,23,14,,
130281,13,2020,3,13,6,20,15,235,0,1,1,1,1,4,1,7,2,0,0,19,32.33594167,-83.43621111,38,0,0,1,1,4,0,2,10,0,9,36,9,47,,
130282,13,2020,3,14,7,18,0,275,0,1,1,1,1,4,1,6,2,0,0,66,30.92416944,-83.82252222,34,0,0,1,1,4,0,1,1,0,17,57,18,6,,
130283,13,2020,2,24,2,7,27,139,0,1,3,3,3,3,2,3,1,1,0,5,34.31837222,-83.94330833,12,1,0,1,1,1,0,1,2,0,7,28,7,34,8,3
130284,13,2020,3,11,4,8,24,63,0,1,2,2,2,1,2,1,1,1,0,61,33.63140278,-84.3019,12,1,0,1,1,1,0,1,10,0,8,32,8,34,9,3
130285,13,2020,3,15,1,11,50,131,0,1,1,1,1,4,1,7,2,0,0,32,30.75060278,-84.27486389,11,0,0,1,1,1,0,1,1,0,11,42,11,54,,
130286,13,2020,3,15,1,1,53,233,0,1,2,2,6,4,1,5,2,0,0,85,33.98976667,-84.98738333,1,0,0,1,1,1,0,2,2,0,1,48,1,57,,
130287,13,2020,3,15,1,14,8,23,0,1,1,1,1,4,1,6,2,0,0,23,32.41903333,-83.45249444,42,0,0,1,1,4,0,1,10,0,14,12,14,26,,
130288,13,2020,3,18,4,7,16,67,2990,1,1,1,1,4,2,4,2,0,4,22,34.03208889,-84.58119722,8,0,0,3,2,1,0,3,1,0,,,,,,
130289,13,2020,3,18,4,7,15,135,0,1,2,2,2,1,2,1,1,1,0,16,34.06145,-84.01756944,12,1,0,1,1,1,0,4,5,0,,,,,,
130290,13,2020,3,15,1,15,29,301,0,1,1,1,1,4,1,5,2,0,0,21,33.38263611,-82.72419444,1,0,0,3,3,4,0,1,1,0,15,32,15,32,,
130291,13,2020,3,15,1,3,51,135,3990,1,1,1,3,3,2,3,1,1,0,771,33.93220278,-84.22230278,8,0,0,3,2,1,0,3,2,0,3,34,3,39,,
130292,13,2020,3,16,2,8,39,289,0,2,2,2,2,3,1,3,1,1,0,733,32.581375,-83.39029444,12,2,0,1,1,1,0,1,5,0,8,41,8,45,,
130293,13,2020,3,16,2,0,39,193,0,1,2,2,3,3,1,4,1,0,0,280,32.50589722,-83.92381944,12,8,8,98,1,1,0,2,1,0,0,44,1,8,,
130294,13,2020,3,18,4,15,20,199,0,1,2,2,2,3,1,4,1,0,0,224,33.11514444,-84.72629722,12,6,0,1,1,1,0,1,1,0,15,25,15,30,16,12
130295,13,2020,3,18,4,22,10,51,0,1,3,3,3,1,2,1,1,1,0,153,32.17345556,-81.20976111,1,0,0,1,1,1,0,2,1,0,22,20,22,29,22,55
130296,13,2020,3,19,5,23,59,105,0,1,1,1,1,4,1,6,2,0,0,21,34.14223611,-82.83900833,23,0,0,1,1,4,0,2,1,0,0,1,0,10,0,32
130297,13,2020,3,20,6,18,50,99,0,1,1,1,1,3,1,5,1,0,0,4,31.25824444,-84.72724167,35,0,0,1,1,4,0,1,1,0,18,55,19,5,,
130298,13,2020,3,19,5,19,9,29,4655,1,2,2,2,2,2,3,1,1,0,1055,31.95415278,-81.309075000000007,33,0,0,1,1,3,0,1,1,0,19,12,19,31,20,2
130299,13,2020,3,21,7,6,59,117,0,1,1,1,1,2,2,2,1,1,0,1,34.16078056,-84.16855833,42,0,1,5,1,8,0,2,2,0,7,4,7,12,,
130300,13,2020,3,20,6,18,15,107,0,1,2,2,2,2,1,3,1,1,0,1475,32.60180556,-82.37632222,12,6,0,2,2,1,0,1,1,0,18,15,18,19,,
130301,13,2020,3,20,6,10,59,23,0,1,1,1,1,4,2,7,2,0,0,56,32.40981667,-83.33446111,1,0,0,1,1,4,0,1,1,0,10,53,10,54,,
130302,13,2020,3,21,7,5,27,161,0,1,1,1,1,2,1,4,1,0,0,880,31.6947,-82.71377778,1,0,0,1,1,4,0,2,1,0,5,34,5,44,,
130303,13,2020,3,21,7,15,27,107,0,1,2,2,2,2,1,5,1,0,0,87,32.61501667,-82.51581944,12,6,0,2,2,1,0,1,1,0,15,30,15,40,,
130304,13,2020,3,21,7,11,27,297,0,1,1,1,1,4,2,7,2,0,0,2,33.77984444,-83.96480278,8,0,0,1,1,1,0,1,1,0,11,27,12,3,,
130305,13,2020,3,22,1,21,56,185,0,1,1,1,4,1,2,1,1,1,0,169,30.83208056,-83.32465833,24,0,0,1,1,3,0,2,1,0,21,58,22,5,23,0
130306,13,2020,3,23,2,19,50,179,0,1,1,1,1,3,2,5,1,0,0,76,31.76116667,-81.56510833,42,0,0,1,1,4,0,2,1,0,19,52,20,4,,
130307,13,2020,3,23,2,14,40,127,0,1,1,1,1,2,1,3,1,1,0,34,31.37525278,-81.62934722,1,0,0,1,1,1,0,1,1,0,14,43,14,50,,
130308,13,2020,3,24,3,21,5,223,0,1,1,1,1,4,2,7,2,0,0,6,33.81819722,-84.79053611,59,0,0,1,1,4,0,2,1,0,21,13,21,26,21,50
130309,13,2020,4,2,5,2,6,121,1250,1,2,2,3,1,2,1,1,1,0,,33.619525,-84.46384722,24,0,0,1,1,3,0,2,1,0,2,6,2,11,2,56
130310,13,2020,4,3,6,14,37,175,0,1,1,1,1,3,1,5,1,0,0,74,32.52184167,-82.76564444,32,0,0,1,1,4,0,1,1,0,14,37,14,50,,
130311,13,2020,4,3,6,7,40,111,0,2,3,3,5,3,1,3,1,1,0,103,34.8889,-84.22346944,12,7,0,1,1,1,0,1,1,0,7,42,7,49,,
130312,13,2020,4,3,6,6,59,153,0,1,1,1,1,3,1,3,1,1,0,,32.42504722,-83.71230278,1,0,0,1,1,3,0,4,1,0,7,1,7,14,9,25
130313,13,2020,4,4,7,12,16,217,0,1,1,1,1,4,2,7,2,0,0,1,33.58545278,-83.937525,33,0,0,1,1,4,0,1,1,0,12,17,12,23,12,41
130314,13,2020,4,3,6,22,10,305,0,1,1,1,1,3,2,3,1,1,0,178,31.63218889,-81.86373611,8,0,0,1,1,1,0,2,1,0,22,10,22,16,,
130315,13,2020,4,4,7,18,13,33,3580,1,2,2,2,6,1,7,4,0,0,1,32.82330833,-82.24291667,12,6,0,8,1,1,0,1,1,0,18,29,18,34,18,56
130316,13,2020,4,4,7,9,29,13,0,1,2,2,3,4,2,6,2,0,0,14,34.02625278,-83.74139722,12,6,0,2,2,1,0,1,1,0,9,30,9,36,10,24
130317,13,2020,4,4,7,16,45,15,980,1,2,2,3,3,2,4,1,0,0,57,34.17530278,-84.81048889,12,6,0,2,2,1,0,1,1,0,16,50,16,52,17,6
130318,13,2020,4,4,7,17,43,121,0,1,2,2,4,4,2,7,2,0,0,29,33.55308889,-84.47416111,12,2,0,1,1,1,0,1,1,0,17,42,17,49,19,9
130319,13,2020,4,5,1,9,25,9,0,1,1,1,1,4,1,4,1,0,0,51,33.03626667,-83.30888056,42,0,0,3,3,4,0,1,1,0,9,25,9,25,,
130320,13,2020,4,5,1,4,51,141,0,1,1,1,1,4,1,6,2,0,0,45,33.40524444,-83.09146111,34,0,0,1,1,4,0,2,1,0,5,32,5,40,,
130321,13,2020,4,5,1,7,15,143,0,1,1,1,1,3,1,5,1,0,0,27,33.76735833,-85.25080556,38,0,0,1,1,4,0,3,1,0,7,16,7,28,,
130322,13,2020,4,6,2,23,0,135,0,1,1,1,1,3,2,3,1,1,0,113,33.85380278,-83.93108333,8,0,0,1,1,1,0,2,1,0,23,5,23,13,,
130323,13,2020,4,10,6,21,36,89,0,1,2,2,3,4,2,4,2,0,0,25,33.73482778,-84.11526944,12,6,0,2,2,1,0,2,1,0,16,48,16,53,17,14
130324,13,2020,4,10,6,8,12,57,0,1,2,2,2,3,1,3,1,1,0,22,34.22286667,-84.61802778,12,6,0,2,2,1,0,1,1,0,8,13,8,26,8,51
130325,13,2020,4,9,5,19,35,21,3390,1,2,2,3,3,2,3,1,1,0,133,32.81396111,-83.64480278,12,6,0,2,2,1,0,1,1,0,19,41,19,51,20,6
130326,13,2020,4,6,2,21,10,137,0,1,1,1,1,3,2,3,1,1,0,2,34.62108611,-83.396475,1,0,0,1,1,4,0,2,10,0,,,,,,
130327,13,2020,4,7,3,23,17,31,5170,1,1,1,1,6,2,7,4,0,0,1,32.42253889,-81.77846389,43,0,0,1,1,4,0,3,1,0,23,13,23,19,23,28
130328,13,2020,4,7,3,9,4,85,0,1,2,2,2,3,1,3,1,1,0,69,34.42636111,-84.15451944,12,2,0,1,1,1,0,1,1,0,9,1,9,7,9,37
130329,13,2020,4,7,3,18,25,317,,1,1,1,1,4,1,6,2,0,0,24,33.85733056,-82.70267778,59,0,0,1,1,4,0,1,10,0,18,33,18,41,19,36
130330,13,2020,4,8,4,17,55,93,0,1,1,1,2,4,1,7,2,0,0,5,32.06298056,-83.94538333,1,0,0,1,1,1,0,1,1,0,17,54,19,7,,
130331,13,2020,4,9,5,5,50,13,5180,1,1,1,1,6,2,4,4,0,0,2,33.96253056,-83.59379722,8,0,0,1,1,1,0,2,2,0,5,54,5,59,,
130332,13,2020,4,7,3,16,36,247,1320,1,2,2,2,4,2,3,2,1,0,3,33.64025833,-83.97623333,12,6,0,8,1,1,0,1,1,0,16,37,16,45,17,5
130333,13,2020,4,10,6,20,30,69,1760,1,1,1,1,3,2,4,1,0,0,115,31.51845556,-82.82526111,1,0,0,1,1,2,0,2,10,0,20,29,20,35,20,57
130334,13,2020,4,10,6,15,13,161,0,1,2,2,3,3,1,4,1,0,0,2,31.676072219999998,-82.72101389,12,2,0,1,1,1,0,1,1,0,15,16,15,30,16,24
130335,13,2020,4,11,7,20,48,233,0,1,1,1,2,4,1,5,2,0,0,3,33.93410278,-85.30956389,34,0,0,1,1,4,0,2,10,0,20,48,20,56,22,3
130336,13,2020,4,13,2,17,29,63,1250,1,4,4,5,3,2,4,1,0,0,21,33.59625,-84.428925,12,6,0,8,1,1,0,1,1,0,17,29,17,32,17,45
130337,13,2020,4,14,3,17,58,67,3440,1,2,2,3,1,2,1,1,1,0,70,33.95623333,-84.516625,12,1,0,1,1,1,0,1,1,0,17,58,18,6,,
130338,13,2020,4,13,2,20,44,51,4910,2,2,2,4,1,2,1,1,1,0,52,32.07990833,-81.13198611,12,2,0,1,1,1,0,2,1,0,20,44,20,53,20,57
130339,13,2020,4,14,3,6,13,121,280,1,4,4,4,1,2,1,1,1,0,114,33.74523333,-84.35121944,8,0,0,1,1,1,0,2,1,0,6,15,6,20,,
130340,13,2020,4,15,4,6,26,271,0,1,2,2,2,3,1,3,1,1,0,104,31.93256111,-82.94095,12,2,0,1,1,1,0,1,2,0,6,28,6,40,7,12
130341,13,2020,4,16,5,11,44,163,0,1,1,1,1,3,1,5,1,0,0,63,32.96433056,-82.34350556,32,0,0,1,1,4,0,1,1,0,11,47,11,56,12,22
130342,13,2020,4,16,5,8,53,135,3158,1,2,2,3,4,2,4,2,0,0,0,33.88121944,-84.11420833,12,6,0,2,3,1,0,1,1,0,8,54,9,1,9,36
130343,13,2020,4,16,5,20,3,161,2630,1,2,2,2,6,1,7,4,0,0,1,31.88024444,-82.60125278,12,6,0,1,1,1,0,1,1,0,20,6,20,9,20,33
130344,13,2020,4,17,6,16,34,297,0,1,2,2,2,4,2,4,2,0,0,17,33.89163889,-83.78229722,12,6,0,2,2,1,0,1,1,0,16,34,16,41,17,3
130345,13,2020,4,17,6,20,46,177,3120,1,1,1,1,6,2,7,4,0,0,7,31.72696389,-84.16792222,9,0,0,1,1,1,0,2,1,0,20,46,20,48,22,22
130346,13,2020,4,17,6,14,15,67,0,1,2,2,2,3,2,4,1,0,0,69,33.883225,-84.58763889,12,6,0,8,1,1,0,1,1,0,14,19,14,23,14,42
130347,13,2020,4,18,7,6,12,39,0,1,2,2,2,1,1,1,1,1,0,129,30.92771389,-81.68654444,12,1,0,1,1,1,0,2,1,0,6,17,6,23,,
130348,13,2020,4,18,7,10,49,199,0,1,1,1,1,3,1,4,1,0,0,43,32.89804444,-84.59926111,42,0,0,1,1,4,0,1,1,0,10,50,10,54,,
130349,13,2020,4,18,7,23,25,69,0,1,1,1,3,4,1,7,2,0,0,17,31.45684444,-82.92355556,5,0,0,1,1,1,0,2,1,0,23,29,23,39,0,4
130350,13,2020,4,19,1,8,9,103,0,1,2,2,2,3,1,4,1,1,0,113,32.35251944,-81.30890278,12,6,0,2,2,1,0,1,1,0,8,11,8,20,8,58
130351,13,2020,4,19,1,6,29,191,1560,1,2,2,2,1,1,1,1,1,0,29,31.38446667,-81.45179167,8,0,0,1,1,1,0,2,1,0,6,32,6,54,,
130352,13,2020,3,28,7,18,29,229,0,1,2,2,4,3,1,4,1,0,0,137,31.39001944,-82.2295,12,6,0,2,2,1,0,1,1,0,18,32,18,37,19,23
130353,13,2020,3,29,1,2,25,51,4910,1,1,1,1,1,2,1,1,1,0,1,32.07061389,-81.16265833,35,0,1,5,1,5,0,2,1,0,2,33,2,36,2,58
130354,13,2020,3,26,5,21,32,295,0,2,1,1,4,3,1,5,1,0,0,80,34.75313611,-85.35419444,42,0,0,1,1,4,0,2,10,0,21,32,21,40,,
130355,13,2020,3,30,2,5,56,103,0,1,1,1,1,3,1,4,1,0,0,48,32.33408889,-81.38313889,8,0,0,1,1,1,0,2,1,0,5,48,5,55,,
130356,13,2020,3,30,2,17,40,217,1380,1,2,1,1,6,2,7,4,0,0,3,33.57345833,-83.86028333,14,0,0,1,1,7,0,1,1,0,17,40,17,47,,
130357,13,2020,3,31,3,13,12,317,0,1,2,2,2,3,1,3,1,1,0,58,33.788575,-82.88089722,12,2,0,1,1,1,0,1,2,0,13,11,13,25,14,58
130358,13,2020,3,27,6,5,22,97,0,1,1,1,4,1,2,1,1,1,0,7,33.72433889,-84.89854167,8,0,0,1,1,1,0,2,1,0,5,19,5,28,,
130359,13,2020,3,28,7,17,1,221,0,1,1,1,1,4,1,7,2,0,0,12,33.78189167,-83.21473333,1,0,0,1,1,1,0,1,1,0,17,1,17,19,18,18
130360,13,2020,3,28,7,23,20,223,0,1,1,1,1,4,1,7,2,0,0,17,33.86660833,-84.90179444,38,0,0,1,1,4,0,2,1,0,23,23,23,35,,
130361,13,2020,3,31,3,13,28,143,770,1,2,2,5,3,1,5,1,0,0,67,33.78757222,-85.17495,12,6,0,2,2,1,0,1,1,0,13,26,13,31,14,39
130362,13,2020,3,5,5,7,50,15,980,1,2,2,2,6,2,4,4,0,0,6,34.15119722,-84.82024722,12,6,0,2,2,1,0,1,2,0,7,51,7,57,8,15
130363,13,2020,3,6,6,13,13,231,5970,1,2,2,4,3,1,5,1,0,0,86,33.18215,-84.36198333,12,11,0,2,2,1,0,1,1,0,,,,,,
130364,13,2020,3,9,2,13,3,281,0,1,2,2,2,3,1,3,1,1,0,31,34.95201111,-83.84683056,12,8,0,1,1,1,0,1,1,0,13,4,13,8,14,0
130366,13,2020,3,8,1,0,52,247,0,1,2,2,2,3,2,3,1,1,0,419,33.67126667,-83.98345278,12,2,0,1,1,1,0,3,1,0,0,54,0,56,1,50
130367,13,2020,2,27,5,4,2,121,5640,2,1,1,3,3,2,3,1,1,0,107,33.61905278,-84.56493611,42,0,0,1,1,4,0,2,1,0,4,4,4,12,4,40
130368,13,2020,2,27,5,18,42,245,310,1,1,1,9,4,2,7,2,0,0,14,33.28663889,-81.94325,1,0,0,8,1,2,0,2,1,0,18,43,18,53,19,31
130369,13,2020,4,30,5,15,47,95,90,1,2,2,2,5,2,6,4,0,0,0,31.61499167,-84.204175,12,6,1,2,2,1,0,1,1,0,,,,,,
130370,13,2020,3,24,3,20,40,47,0,1,2,2,2,3,2,4,1,0,0,28,34.95718333,-85.21332222,8,0,0,1,1,1,0,2,2,0,20,44,20,47,20,58
130371,13,2020,3,24,3,11,46,147,0,1,2,2,2,3,1,5,1,0,0,39,34.29178889,-82.84239444,12,2,0,1,1,1,0,1,2,0,11,46,11,56,13,48
130372,13,2020,3,24,3,12,35,139,0,1,1,1,1,3,1,3,1,1,0,201,34.41755278,-83.90508056,18,0,0,1,1,5,0,1,2,0,12,37,12,41,14,10
130373,13,2020,3,12,5,6,49,97,1770,1,2,2,2,4,2,5,2,0,0,5,33.74156944,-84.73303056,12,6,0,2,2,1,0,3,10,0,6,49,6,52,7,15
130374,13,2020,3,11,4,22,45,121,280,5,3,3,12,6,2,4,4,0,0,6,33.784925,-84.49727222,12,2,0,1,1,1,0,3,2,0,22,45,22,56,,
130375,13,2020,3,17,3,16,19,247,1320,1,2,2,4,6,2,3,4,1,0,3,33.68918333,-84.02175556,12,6,0,2,2,1,0,5,1,0,,,,,,
130376,13,2020,3,20,6,12,54,321,0,1,2,2,2,3,2,3,1,1,0,70,31.53830833,-83.86600833,12,2,0,2,2,1,0,1,1,0,12,47,12,57,,
130378,13,2020,3,30,2,20,29,185,5680,1,1,1,1,3,2,3,1,1,0,0,30.83854444,-83.27982222,8,0,0,1,1,1,0,3,1,0,,,,,,
130379,13,2020,3,27,6,17,53,135,0,1,2,2,3,4,2,5,2,0,0,27,34.00282778,-84.01294167,12,6,0,2,2,1,0,1,1,0,17,55,17,57,,
130380,13,2020,3,27,6,20,28,227,0,1,1,1,2,4,2,5,2,0,0,38,34.50868333,-84.49114722,11,0,0,1,1,1,0,2,1,0,20,30,20,37,21,15
130381,13,2020,3,31,3,18,0,273,0,1,1,1,1,3,1,5,1,0,0,127,31.65904444,-84.46422222,34,0,0,1,1,4,0,2,1,0,1,15,1,30,,
130382,13,2020,4,19,1,17,5,67,0,1,1,1,1,4,2,7,2,0,0,2,33.94743611,-84.48074444,9,0,0,1,1,1,0,1,2,0,17,7,17,17,17,35
130383,13,2020,4,20,2,4,49,121,280,2,2,2,3,1,2,1,1,1,0,2471,33.75435833,-84.37840278,12,2,1,18,1,1,0,3,2,0,4,50,4,53,,
130384,13,2020,4,20,2,22,15,85,0,1,1,1,1,4,1,5,27,0,0,,34.39109444,-84.22828889,1,0,0,1,1,2,0,2,1,0,22,15,22,29,,
130386,13,2020,4,24,6,17,55,121,4882,1,1,1,1,6,2,4,4,0,0,1,33.91701667,-84.36274444,9,0,0,1,1,1,0,1,1,0,17,58,18,5,,
130387,13,2020,4,25,7,4,31,121,280,1,1,1,1,1,2,1,1,1,0,144,33.79958611,-84.48833056,44,0,0,1,1,5,2,2,1,0,4,31,4,43,,
130388,13,2020,4,26,1,23,23,121,0,1,2,2,2,3,2,4,1,0,0,68,33.59410278,-84.46834444,12,2,0,1,1,1,0,8,1,0,23,23,23,30,0,30
130389,13,2020,4,19,1,6,1,305,0,1,1,1,1,4,2,7,2,0,0,4,31.61898056,-81.91911111,9,0,0,1,1,1,0,2,1,0,6,13,6,25,,
130390,13,2020,4,20,2,13,0,223,0,1,1,1,1,3,1,4,1,0,0,251,33.86443889,-84.90498611,1,0,0,1,1,4,0,1,1,0,13,0,13,6,,
130391,13,2020,4,20,2,17,23,31,0,1,1,1,1,1,1,1,1,1,0,1190,32.29421111,-81.81765833,1,0,0,1,1,4,0,1,1,0,17,24,17,37,,
130392,13,2020,4,22,4,17,24,39,0,1,2,2,5,1,1,1,1,1,0,100,30.88503611,-81.68576667,12,1,0,1,1,1,0,1,1,0,17,16,17,25,17,55
130393,13,2020,4,23,5,7,24,143,0,1,2,2,4,1,1,1,1,1,0,1993,33.679825,-85.30716667,24,0,0,1,1,4,0,2,2,0,7,24,7,30,,
130395,13,2020,3,25,4,19,30,63,2180,1,2,1,2,6,2,7,4,0,0,2,33.62473056,-84.396675,14,0,0,1,1,7,0,1,1,0,19,33,19,43,20,25
130397,13,2020,3,30,2,9,0,245,2670,1,1,1,1,2,2,3,1,1,0,2127,33.39171667,-82.11719167,34,0,1,5,1,8,0,1,1,0,9,1,9,14,9,44
130398,13,2020,4,2,5,17,13,97,1770,1,2,2,3,6,2,4,4,0,0,0,33.71174444,-84.63635,12,2,0,1,1,1,0,1,1,0,17,13,17,18,17,54
130399,13,2020,4,9,5,15,32,245,310,1,1,1,1,4,2,4,2,0,0,5,33.48623611,-81.9987,9,0,0,3,3,1,0,1,1,0,,,,,,
130401,13,2020,4,12,1,19,54,245,310,1,2,2,3,4,2,5,2,0,0,2,33.39116389,-82.02054167,12,6,0,2,3,1,0,2,10,0,19,54,20,7,20,22
130402,13,2020,4,25,7,23,5,91,0,1,1,1,1,2,1,4,1,0,0,226,32.26660278,-83.24503056,8,0,0,1,1,1,0,2,1,0,23,7,23,15,23,34
130403,13,2020,4,20,2,23,9,67,5070,1,2,2,2,3,2,3,1,1,0,56,33.82693889,-84.49117778,12,6,0,2,3,1,0,3,1,0,23,10,23,22,23,38
130404,13,2020,4,21,3,18,20,115,0,2,2,2,4,3,2,3,1,1,0,111,34.27893611,-85.22601111,12,2,0,1,1,1,0,1,1,0,18,24,18,27,20,59
130405,13,2020,4,25,7,8,20,321,0,1,1,1,1,4,1,7,2,0,0,16,31.55187222,-83.78527778,38,0,0,1,1,5,0,1,1,0,8,21,8,31,,
130406,13,2020,4,25,7,22,20,205,0,1,2,2,4,3,1,4,1,0,0,167,31.13297222,-84.243925,12,1,0,1,1,1,0,2,1,0,22,25,22,27,,
130407,13,2020,4,24,6,21,29,75,0,1,1,1,2,3,2,4,1,0,0,1128,31.14196944,-83.45019444,9,0,0,1,1,1,0,2,1,0,21,18,21,25,,
130408,13,2020,4,26,1,8,39,31,5170,2,2,2,4,2,2,3,1,1,0,18,32.44241389,-81.75313056,12,6,0,2,2,1,0,1,1,0,8,34,8,37,9,10
130409,13,2020,4,28,3,10,40,45,0,1,2,2,2,3,2,4,1,0,0,40,33.76850556,-84.95646111,12,2,0,1,1,1,0,1,1,0,10,46,10,54,11,21
130410,13,2020,4,30,5,10,2,197,0,1,2,2,2,3,1,5,1,0,0,123,32.34754444,-84.48214167,12,1,0,1,1,1,0,1,1,0,10,2,10,10,,
130411,13,2020,5,2,7,10,55,63,4690,1,1,1,1,3,2,3,1,1,0,925,33.56906944,-84.41285556,8,0,0,1,1,4,0,1,1,0,10,48,10,54,11,20
130412,13,2020,5,2,7,16,44,299,0,1,1,1,1,4,1,6,2,0,0,49,31.28876667,-82.47766944,38,0,0,1,1,4,0,1,1,0,16,47,17,1,17,27
130413,13,2020,5,2,7,19,32,251,0,1,1,1,1,4,1,6,2,0,0,104,32.75672222,-81.83007222,1,0,0,1,1,2,0,1,1,0,19,34,19,47,,
130414,13,2020,5,2,7,21,27,67,0,1,2,2,2,1,2,1,1,1,0,2681,33.99817222,-84.560725,12,2,1,5,1,1,0,2,1,0,21,27,21,30,,
130415,13,2020,5,2,7,17,6,59,270,1,3,3,5,4,2,5,2,0,0,13,33.9968,-83.42661389,12,6,0,2,3,1,0,1,1,0,17,6,17,20,17,50
130416,13,2020,5,2,7,22,28,183,3280,1,1,1,2,2,1,3,1,1,0,1017,31.70999444,-81.751875,8,0,0,1,1,1,0,3,1,0,22,31,22,32,23,2