st_case,state,year,month,day,day_week,hour,minute,county,city,fatals_crash,vehicles_total,vehicles_in_transport,persons_total,route,rural_urban,functional_system,road_owner,nhs,special_jurisdiction,milepoint,latitude,longitude,first_harmful_event,manner_collision,rel_jct_interchange,rel_jct_location,intersection_type,relation_to_road,work_zone,light_condition,weather,school_bus_related,ems_notified_hour,ems_notified_min,ems_arrival_hour,ems_arrival_min,hospital_hour,hospital_min
130417,13,2020,5,2,7,20,49,241,0,1,1,1,3,4,1,7,2,0,0,1,34.90782222,-83.38450833,1,0,0,1,1,2,0,2,1,0,20,49,20,53,,
130418,13,2020,5,3,1,11,26,59,270,1,2,2,5,3,2,3,1,1,0,17,33.94030833,-83.48601667,12,6,0,2,11,1,0,1,10,0,11,29,11,31,11,52
130419,13,2020,5,7,5,6,59,67,0,1,1,1,4,1,2,1,1,1,0,2689,34.00879444,-84.56698333,1,0,1,18,1,1,2,1,1,0,6,59,7,8,7,35
130420,13,2020,5,7,5,0,4,121,0,1,1,1,1,3,2,3,1,1,0,58,33.55546389,-84.50159722,8,0,0,1,1,1,0,2,1,0,23,59,0,3,,
130421,13,2020,5,4,2,0,10,97,5730,1,1,1,1,1,2,1,1,1,0,1749,33.72538611,-84.90881389,8,0,1,18,1,1,0,2,1,0,0,12,0,18,,
130422,13,2020,5,3,1,12,10,89,0,1,2,2,7,3,2,4,1,0,0,533,33.74775,-84.28228333,12,6,0,8,1,1,0,1,1,0,12,15,12,23,12,55
130423,13,2020,5,6,4,17,19,135,0,1,3,3,3,4,2,7,2,0,0,22,33.92265556,-84.17212222,12,11,0,2,2,1,0,1,1,0,17,19,17,24,17,39
130424,13,2020,5,3,1,1,9,175,1848,1,1,1,2,4,1,7,2,0,0,46,32.55591667,-82.74855833,11,0,0,1,1,1,0,2,1,0,1,17,1,17,1,39
130425,13,2020,5,4,2,23,29,19,0,1,1,1,1,4,1,7,2,0,0,5,31.03915556,-83.22858056,53,0,0,1,1,4,0,2,1,0,23,37,23,53,,
130426,13,2020,5,4,2,17,58,193,3720,1,2,2,2,3,2,4,1,0,0,1048,32.28777778,-84.01271667,12,6,0,2,2,1,0,1,1,0,18,2,18,11,19,35
130427,13,2020,5,5,3,21,29,285,0,1,1,1,1,3,2,4,1,0,0,23,32.87342222,-85.13796944,34,0,0,1,1,4,0,2,10,0,6,10,6,15,7,10
130428,13,2020,5,5,3,20,30,313,0,1,2,2,3,3,2,4,1,0,0,274,34.90070833,-84.90204444,12,2,0,1,1,1,0,5,10,0,20,34,20,41,23,14
130429,13,2020,5,8,6,19,15,165,0,1,1,1,1,4,1,7,2,0,0,54,32.69047778,-82.01103611,59,0,0,1,1,4,0,1,1,0,19,15,19,24,,
130430,13,2020,5,7,5,22,8,255,0,1,2,2,5,2,2,3,1,1,0,2052,33.32503056,-84.29054722,12,9,0,1,1,1,0,2,1,0,22,13,22,17,23,3
130431,13,2020,5,8,6,17,15,233,0,1,2,2,4,3,1,4,1,0,0,307,34.08990556,-85.11844722,59,0,0,1,1,4,0,1,2,0,17,15,17,27,18,8
130433,13,2020,5,9,7,16,49,135,0,1,2,2,2,5,2,4,2,0,0,142,34.136375,-83.99854722,12,6,0,2,2,1,0,1,1,0,16,49,16,56,,
130434,13,2020,5,15,6,15,1,121,4882,1,2,2,2,3,2,3,1,1,0,139,33.96052222,-84.36556667,12,6,0,8,1,1,0,1,1,0,15,2,15,12,,
130435,13,2020,5,15,6,15,14,209,0,1,1,1,1,4,1,6,2,0,0,1,32.18429167,-82.55787778,42,0,0,1,1,5,0,1,1,0,15,18,15,26,,
130436,13,2020,5,15,6,23,29,179,0,1,1,1,1,1,1,1,1,1,0,125,31.82168889,-81.35928056,24,0,0,1,1,3,0,2,1,0,0,19,1,21,,
130437,13,2020,5,16,7,2,20,15,0,1,1,1,1,4,2,4,2,0,0,16,34.11499722,-84.79356944,24,0,0,1,1,4,0,2,1,0,2,28,2,31,3,8
130438,13,2020,5,16,7,5,36,175,0,1,1,1,2,3,1,5,1,0,0,315,32.55320556,-82.68998056,42,0,0,1,1,5,0,2,1,0,5,38,5,54,,
130439,13,2020,5,16,7,8,13,13,0,1,1,1,1,4,2,5,2,0,0,4,33.94748333,-83.63993056,32,0,0,1,1,4,0,1,1,0,,,,,,
130440,13,2020,5,16,7,8,18,121,280,1,2,2,2,3,2,3,1,1,0,14,33.70926944,-84.34948611,12,6,0,2,3,1,0,1,1,0,8,20,8,30,,
130441,13,2020,5,16,7,12,30,311,0,1,1,1,1,3,1,4,1,0,0,139,34.78506944,-83.74531944,1,0,0,1,1,4,0,1,1,0,14,50,15,10,,
130442,13,2020,5,16,7,22,52,247,1320,1,3,3,5,3,2,3,1,1,0,114,33.64791667,-84.01201389,8,0,0,1,1,1,0,2,1,0,22,53,22,49,,
130443,13,2020,5,16,7,22,59,121,0,1,1,1,2,2,2,3,1,1,0,103,33.60003611,-84.545725,1,0,0,1,1,4,0,2,1,0,,,,,,
130444,13,2020,5,7,5,7,54,151,0,1,2,2,6,4,1,4,2,0,0,3,33.52778889,-84.22790278,12,2,0,1,1,1,0,1,1,0,,,,,,
130445,13,2020,5,9,7,14,16,89,1815,1,2,2,2,1,2,1,1,1,0,1,33.91531111,-84.34705,8,0,0,1,1,1,0,1,1,0,,,,,,
130446,13,2020,5,10,1,3,26,89,0,1,2,2,6,3,2,3,1,1,0,2,33.69229444,-84.34910556,12,6,0,2,3,1,0,2,1,0,3,27,3,37,4,35
130447,13,2020,5,10,1,12,45,47,0,1,2,2,4,3,2,4,1,0,0,54,34.913375,-85.10543333,12,2,0,1,1,1,0,1,1,0,12,47,12,51,13,30
130448,13,2020,5,10,1,0,41,121,4882,1,2,2,2,3,2,2,1,1,0,85,33.93416667,-84.35771389,12,2,0,1,1,1,0,2,1,0,0,41,0,47,1,27
130449,13,2020,5,11,2,7,7,223,0,1,2,2,2,3,2,3,1,1,0,205,33.92602222,-84.74808056,8,0,0,3,2,1,0,1,1,0,7,6,7,10,,
130450,13,2020,5,11,2,17,40,103,0,1,1,1,4,4,1,7,2,0,0,15,32.21043333,-81.33952778,53,0,0,1,1,4,0,1,1,0,17,37,17,45,18,45
130452,13,2020,5,12,3,5,40,13,0,1,2,2,2,3,1,4,1,0,0,168,34.02215556,-83.76508889,12,6,0,2,2,1,0,2,1,0,,,,,,
130453,13,2020,5,13,4,14,50,141,0,1,1,1,1,3,1,5,1,0,0,58,33.33033333,-83.06590556,1,0,0,1,1,1,0,1,1,0,14,51,15,15,,
130454,13,2020,5,13,4,15,11,157,0,1,1,1,1,3,1,3,1,1,0,26,34.05980278,-83.415125,1,0,0,1,1,3,0,1,10,0,15,15,15,31,15,51
130455,13,2020,5,15,6,20,46,121,280,1,2,2,3,1,2,1,1,1,0,4,33.65318056,-84.39599444,12,1,1,18,1,1,0,3,1,0,20,47,20,56,21,34
130456,13,2020,5,14,5,7,43,33,0,1,3,3,3,3,1,4,1,0,0,1539,33.04815556,-81.94281944,12,1,0,1,1,1,0,1,1,0,7,45,7,49,8,4
130457,13,2020,5,14,5,22,34,89,0,1,1,1,1,3,2,4,1,0,0,109,33.85026389,-84.20658333,8,0,0,1,1,1,0,3,1,0,22,8,22,16,,
130458,13,2020,5,14,5,17,50,205,0,1,1,1,2,4,1,7,2,0,0,42,31.13425,-84.23266944,1,0,0,1,1,1,0,1,1,0,17,50,17,57,18,20
130459,13,2020,5,17,1,6,20,219,0,1,1,1,1,4,1,7,2,0,0,15,33.83586944,-83.35834722,42,0,0,1,1,4,0,4,1,0,6,20,6,31,,
130460,13,2020,5,18,2,22,47,47,0,1,1,1,5,1,2,1,1,1,0,3511,34.94180556,-85.16806111,24,0,0,1,1,3,0,2,2,0,23,2,23,34,23,48
130461,13,2020,5,18,2,23,38,69,0,1,1,1,1,4,1,7,2,0,0,17,31.71340278,-82.92882778,35,0,0,1,1,4,0,2,1,0,23,38,23,58,,
130462,13,2020,5,19,3,17,49,135,0,1,1,1,1,6,2,7,4,0,0,,33.89181667,-83.966475,42,0,0,1,1,4,0,1,1,0,,,,,,
130463,13,2020,5,18,2,22,30,179,0,2,2,2,3,2,2,3,1,1,0,2483,31.83660833,-81.53678333,12,2,0,1,1,1,0,2,1,0,22,30,22,35,1,0
130464,13,2020,5,18,2,17,43,121,280,1,2,2,3,1,2,1,1,1,0,67,33.74178889,-84.39151944,12,6,0,1,1,1,0,1,2,0,17,42,17,49,18,26
130465,13,2020,5,20,4,6,27,63,0,1,4,4,4,1,2,1,1,1,0,604,33.61618056,-84.44102778,12,11,1,5,1,1,0,2,2,0,,,,,,
130466,13,2020,5,20,4,6,45,63,0,1,3,1,1,3,2,3,1,1,0,,33.52944167,-84.36329167,30,0,0,1,1,4,0,1,10,0,6,49,6,56,7,27
130467,13,2020,5,19,3,8,56,227,0,1,2,2,3,3,1,5,1,0,0,186,34.39054444,-84.43427778,12,6,0,1,1,1,0,1,10,0,8,56,9,5,,
130468,13,2020,5,20,4,18,35,223,0,1,1,1,2,2,2,3,1,1,0,,33.91797778,-84.86497778,42,0,0,1,1,4,0,1,10,0,18,37,18,40,,
130469,13,2020,5,20,4,17,55,149,9997,1,1,1,1,3,1,5,1,0,0,448,33.39594167,-85.25311111,5,0,0,1,1,1,0,1,10,0,17,58,18,1,18,41
130470,13,2020,5,21,5,15,20,315,0,1,1,1,1,2,1,4,1,0,0,1156,32.06361944,-83.37317222,34,0,0,1,1,4,0,1,1,0,15,21,15,44,,
130471,13,2020,5,21,5,11,0,121,0,2,2,2,2,3,2,4,1,0,0,153,33.54057778,-84.66444167,12,2,0,1,1,1,0,1,10,0,10,57,11,6,11,50
130472,13,2020,5,21,5,1,48,237,1930,1,1,1,1,2,1,3,1,1,0,472,33.31981111,-83.40813889,8,0,0,3,2,1,0,2,1,0,1,49,1,53,,
130473,13,2020,5,23,7,8,37,67,0,1,1,1,1,5,2,4,2,0,0,2,33.80464167,-84.61963333,33,0,0,1,1,4,0,1,1,0,8,39,8,46,8,59
130474,13,2020,5,21,5,19,24,89,280,1,1,1,2,3,2,3,1,1,0,24,33.85755556,-84.34589444,8,0,0,8,1,4,0,1,10,0,18,3,18,7,18,41
130475,13,2020,5,27,4,20,22,21,3390,2,1,1,3,4,2,5,2,0,0,,32.71804444,-83.74698333,35,0,0,1,1,4,0,1,1,0,20,25,20,32,21,0
130476,13,2020,5,24,1,23,6,121,280,1,1,1,1,6,2,4,4,0,0,4,33.75072778,-84.384475,42,0,0,1,1,4,0,3,10,0,23,6,23,9,,
130477,13,2020,5,22,6,12,55,97,0,1,4,4,4,3,2,3,1,1,0,541,33.79776111,-84.64448333,12,11,0,1,1,1,0,1,1,0,12,50,12,58,,
130478,13,2020,5,22,6,22,35,277,0,1,1,1,2,4,1,6,2,0,0,,31.41401389,-83.44265278,24,0,0,1,1,4,0,2,2,0,22,49,22,56,23,8
130479,13,2020,5,23,7,14,27,1,0,1,1,1,1,3,2,4,1,0,0,721,31.70589167,-82.32288056,35,0,0,1,1,4,0,1,1,0,14,27,14,34,,
130480,13,2020,5,23,7,16,25,241,3810,2,5,5,12,3,1,3,1,1,0,20,34.75863611,-83.39668611,12,6,0,1,1,1,0,1,10,0,16,26,16,32,16,55
130481,13,2020,5,23,7,20,41,223,0,2,3,3,4,3,1,4,1,0,0,71,33.81060278,-84.97483056,12,1,0,1,1,1,0,5,1,0,20,45,20,55,,
130482,13,2020,5,22,6,4,18,15,0,2,2,2,2,4,2,5,2,0,0,,34.12955,-84.68469444,12,2,0,1,1,1,0,2,10,0,4,37,4,39,,
130484,13,2020,5,24,1,21,29,121,1900,1,2,2,3,2,2,4,1,1,0,811,33.67542778,-84.44158611,12,6,0,2,2,1,0,3,1,0,21,29,21,35,,
130485,13,2020,5,24,1,2,18,269,0,1,1,1,6,3,1,3,1,1,0,515,32.56124722,-84.15914167,35,0,0,1,1,4,0,2,1,0,2,40,2,46,3,15
130486,13,2020,5,24,1,2,58,191,0,1,1,1,1,3,1,4,1,0,0,1720,31.5439,-81.53471111,42,0,0,1,1,4,0,2,1,0,3,0,3,15,4,0
130487,13,2020,5,26,3,23,5,127,0,2,1,1,3,6,2,4,4,0,0,,31.17425,-81.504675,31,0,0,1,1,4,0,2,1,0,23,7,23,9,23,48
130488,13,2020,5,26,3,6,30,219,,1,1,1,2,3,1,5,1,0,0,42,33.88529444,-83.55592778,32,0,0,1,1,4,0,1,10,0,6,35,6,6,6,44
130489,13,2020,5,27,4,7,14,121,,2,1,1,2,4,2,7,2,0,0,14,33.74643889,-84.56071667,42,0,0,1,1,4,0,1,2,0,7,14,7,21,7,47
130490,13,2020,5,28,5,14,1,153,5790,1,2,2,3,3,1,3,1,1,0,13,32.61631389,-83.69576944,12,6,0,2,2,1,0,1,1,0,14,3,14,10,14,44
130491,13,2020,5,28,5,13,0,89,0,1,2,2,3,3,2,3,1,1,0,0,33.72455556,-84.23420278,12,6,0,1,1,1,0,1,2,0,13,6,13,13,13,44
130492,13,2020,5,29,6,15,35,121,0,1,3,3,3,1,2,1,1,1,0,98,33.59503889,-84.49677222,12,6,0,1,1,1,0,1,1,0,15,35,15,45,16,8
130493,13,2020,5,27,4,7,16,315,0,1,1,1,1,3,1,4,1,0,0,231,32.12854722,-83.41091389,42,0,0,1,1,5,0,1,2,0,,,,,,
130494,13,2020,5,28,5,13,37,119,0,1,2,2,2,1,1,1,1,1,0,136,34.41369167,-83.18113056,12,2,0,1,1,1,0,1,2,0,13,32,13,42,14,31
130495,13,2020,5,28,5,21,30,109,0,2,2,2,3,3,1,4,1,0,0,89,32.18254167,-81.89035556,12,6,0,1,1,1,0,3,1,0,21,32,21,37,,
130496,13,2020,5,29,6,16,14,161,0,1,1,1,1,3,1,5,1,0,0,38,31.79838333,-82.701875,1,0,0,1,1,4,0,1,1,0,16,14,16,24,,
130497,13,2020,5,29,6,16,16,1,0,1,2,2,2,4,1,5,2,0,0,115,31.87827778,-82.18453889,12,6,0,2,3,1,0,1,1,0,16,15,16,29,,
130498,13,2020,5,29,6,6,9,15,980,1,1,1,1,3,2,3,1,1,0,88,34.17385556,-84.78668056,8,0,0,1,1,1,0,4,10,0,6,7,6,10,,
130499,13,2020,5,30,7,20,45,275,0,1,1,1,1,4,2,7,2,0,0,2,30.80786111,-84.01713333,30,0,0,1,1,4,0,5,10,0,20,47,20,52,21,16
130500,13,2020,5,26,3,12,8,243,0,1,1,1,2,3,1,3,1,1,0,46,31.68482778,-84.82170278,34,0,0,1,1,4,0,1,2,0,12,8,12,19,,
130501,13,2020,5,28,5,19,23,193,0,1,2,2,9,3,1,4,1,0,0,17,32.30621111,-84.00047222,12,6,0,2,3,1,0,1,1,0,19,27,19,49,20,5
130502,13,2020,5,29,6,13,44,291,0,1,3,3,5,3,1,3,1,1,0,202,34.92914444,-84.02761111,12,6,0,1,1,1,0,1,1,0,13,48,13,55,14,28
130503,13,2020,5,29,6,13,15,37,0,1,1,1,4,3,1,4,1,1,0,100,31.47063333,-84.56421944,34,0,0,1,1,4,0,1,2,0,13,15,13,25,13,25
130504,13,2020,5,31,1,22,10,123,0,1,1,1,4,3,1,3,1,1,0,123,34.673525,-84.63139444,43,0,0,1,1,4,0,2,1,0,22,10,22,22,,
130505,13,2020,5,31,1,10,45,217,0,2,3,3,7,3,1,4,1,0,0,41,33.43635833,-83.84654444,12,2,0,1,1,1,0,1,1,0,10,45,11,30,,
130506,13,2020,5,31,1,7,0,121,280,3,2,2,3,1,2,1,1,1,0,56,33.72210833,-84.39456111,12,2,0,1,1,1,0,1,1,0,7,3,7,14,7,24
130507,13,2020,5,4,2,13,45,9,0,1,1,1,1,3,1,4,1,1,0,1143,33.01787222,-83.33721667,1,0,0,1,1,1,0,1,1,0,13,45,13,54,,
130508,13,2020,4,25,7,17,38,209,0,1,1,1,2,4,1,6,2,0,0,,32.30616667,-82.49656944,34,0,0,1,1,4,0,1,1,0,17,40,17,52,,
130509,13,2020,5,22,6,21,32,145,,1,1,1,1,2,1,4,1,0,0,276,32.73272778,-84.71368333,8,0,0,1,1,1,0,2,10,0,21,26,21,45,,
130510,13,2020,4,18,7,13,48,103,0,1,2,2,4,3,1,4,1,0,0,626,32.32485833,-81.40543056,12,2,0,1,1,1,0,1,1,0,13,47,13,57,14,17
130511,13,2020,4,18,7,15,31,31,,2,2,2,4,3,1,4,1,0,0,488,32.21656389,-81.54656389,12,2,0,1,1,1,0,1,1,0,15,32,16,0,16,47
130512,13,2020,4,18,7,16,45,193,,2,2,2,3,3,1,5,1,0,0,335,32.43986111,-84.10301389,12,6,0,2,2,1,0,1,1,0,16,50,17,2,,
130513,13,2020,4,19,1,5,24,63,3780,1,2,2,5,1,2,1,1,1,0,2326,33.57766111,-84.34551111,12,1,1,18,1,1,0,3,1,0,5,21,5,30,6,56
130514,13,2020,4,21,3,11,50,175,1780,1,2,2,4,2,2,3,1,1,0,1445,32.49357222,-82.93046944,12,6,0,2,2,1,0,1,1,0,11,56,12,0,12,25
130515,13,2020,4,25,7,10,19,113,0,1,1,1,1,3,2,4,1,0,0,765,33.350375,-84.48817222,11,0,0,1,1,1,0,1,1,0,10,22,10,25,10,50
130516,13,2020,4,25,7,15,45,175,0,1,2,2,2,4,2,6,2,0,0,,32.59371944,-82.79835833,12,6,0,2,2,1,0,1,1,0,15,47,16,1,16,26
130517,13,2020,4,26,1,7,27,229,0,1,1,1,1,4,1,7,2,0,0,,31.49945556,-82.246583330000007,42,0,0,1,1,4,0,1,1,0,7,30,7,45,8,25
130518,13,2020,6,1,2,2,43,117,0,1,3,3,4,2,2,3,1,1,0,190,34.31527222,-84.06409167,8,0,0,1,1,1,0,2,1,0,2,43,2,50,,
130519,13,2020,6,1,2,10,11,71,0,1,2,2,3,3,1,5,1,0,0,55,31.20342222,-83.96178611,12,6,0,2,2,1,0,1,1,0,10,23,10,23,10,50
130520,13,2020,6,1,2,12,20,285,0,1,2,2,2,3,1,3,1,0,0,5,33.03768333,-84.86440278,12,2,0,1,1,1,0,1,1,0,12,20,13,15,,
130521,13,2020,5,23,7,4,30,135,0,1,1,1,2,4,2,4,2,0,0,5,34.08865556,-84.06196389,8,0,0,1,1,1,0,2,1,0,4,31,4,43,5,9
130522,13,2020,6,2,3,21,9,215,0,1,3,3,7,3,2,5,1,1,0,35,32.48541944,-84.93563889,12,6,0,2,3,1,0,3,1,0,20,20,20,23,,
130523,13,2020,6,2,3,15,4,121,0,5,4,4,8,2,2,3,1,1,0,125,33.61508889,-84.51529722,12,6,1,2,3,1,0,1,1,0,15,1,15,10,15,30
130524,13,2020,6,3,4,14,43,293,0,1,1,1,1,4,1,5,2,0,0,41,32.98080278,-84.15190278,53,0,0,1,1,4,0,1,1,0,14,34,14,54,,
130525,13,2020,6,3,4,20,50,135,5080,1,2,2,3,3,2,3,1,1,0,77,33.86892778,-84.01551389,12,7,0,1,1,1,0,1,1,0,,,,,,
130526,13,2020,6,3,4,17,1,135,0,1,1,1,1,4,2,7,2,0,0,14,33.92209167,-84.21920556,42,0,0,1,1,4,0,1,1,0,,,,,,
130527,13,2020,6,3,4,14,22,297,3710,1,3,3,4,3,2,3,1,1,0,99,33.774025,-83.70326944,12,7,0,1,1,1,0,1,1,0,14,22,14,25,,
130528,13,2020,6,3,4,10,50,215,0,1,1,1,1,4,2,6,2,0,0,7,32.58294167,-84.79041111,52,0,0,1,1,4,0,1,1,0,10,27,10,38,,
130529,13,2020,6,3,4,19,2,183,3280,1,1,1,1,4,1,6,2,0,0,18,31.90146944,-81.86641667,42,0,0,1,1,4,0,1,1,0,,,,,,
130530,13,2020,6,4,5,15,16,233,0,1,2,2,3,4,1,6,2,0,0,32,34.02258333,-85.35845,12,6,0,2,2,1,0,1,1,0,15,16,,,,
130531,13,2020,6,4,5,22,55,47,0,2,2,2,2,1,2,1,1,1,0,132,34.98341944,-85.20026667,12,1,0,1,1,1,0,2,1,0,22,58,23,7,,
130532,13,2020,6,5,6,1,33,121,280,1,4,4,5,1,2,1,1,1,0,72,33.72193611,-84.39496944,12,2,0,1,1,1,0,3,1,0,,,,,,
130533,13,2020,6,5,6,18,46,89,0,1,1,1,1,3,2,3,1,1,0,19,33.66871389,-84.19797222,42,0,0,1,1,4,0,1,1,0,,,,,,
130534,13,2020,6,5,6,11,35,253,0,1,2,2,2,3,1,5,1,0,0,99,30.97835556,-84.81795556,12,6,0,2,2,1,0,1,1,0,11,33,12,1,12,49
130535,13,2020,6,5,6,5,10,121,5640,1,3,3,3,1,2,1,1,1,0,2,33.56670556,-84.53296944,8,0,1,5,1,1,0,2,1,0,6,10,8,2,,
130536,13,2020,6,5,6,11,20,299,5850,1,1,1,0,6,2,3,4,1,0,0,31.21965556,-82.37411667,10,0,0,6,1,1,0,1,10,0,11,24,11,26,,
130537,13,2020,6,6,7,0,15,31,0,1,1,1,2,4,1,5,2,0,0,19,32.56499444,-81.83677778,1,0,0,1,1,4,0,2,1,0,0,21,0,34,,
130538,13,2020,6,7,1,13,15,121,280,1,1,1,1,3,2,4,1,0,0,191,33.75187222,-84.46748056,8,0,0,3,2,1,0,1,1,0,13,21,13,21,,
130539,13,2020,6,7,1,8,26,129,0,1,3,3,6,3,1,6,1,0,0,44,34.56565556,-84.89326389,12,2,0,1,1,1,0,1,1,0,8,26,8,36,,
130540,13,2020,6,7,1,5,10,67,5070,1,1,1,4,6,2,7,4,0,0,,33.88703056,-84.47996111,33,0,0,1,1,4,0,2,1,0,5,4,5,12,5,43
130541,13,2020,6,8,2,0,53,89,5580,1,1,1,1,4,2,7,2,0,0,,33.85017778,-84.23827778,5,0,0,1,1,1,0,3,1,0,0,58,1,5,1,28
130542,13,2020,6,8,2,23,54,49,0,1,2,2,2,2,2,3,1,1,0,19,30.80274722,-81.99135278,12,2,0,1,1,1,0,2,1,0,23,56,0,2,0,55
130543,13,2020,6,8,2,1,35,77,0,1,1,1,2,2,2,4,1,0,0,340,33.41190278,-84.84325556,34,0,0,1,1,4,0,2,1,0,1,37,1,47,,
130544,13,2020,6,9,3,11,28,49,0,1,1,1,1,3,1,5,1,0,0,8,30.37306111,-82.13996389,42,0,0,1,1,4,0,1,10,0,11,32,11,44,12,3
130545,13,2020,6,9,3,13,49,1,0,1,1,1,1,3,2,6,1,0,0,,31.78953056,-82.38555,10,0,0,6,1,1,0,1,1,0,13,50,13,54,,
130546,13,2020,6,9,3,23,40,157,,1,2,2,3,1,2,1,1,1,0,1399,34.18226111,-83.59989444,12,1,0,1,1,1,0,2,10,0,23,41,23,54,0,40
130547,13,2020,6,10,4,1,3,63,0,1,1,1,1,3,2,3,1,1,0,951,33.60661667,-84.40404167,8,0,0,3,2,1,0,3,1,0,1,6,1,15,1,31
130548,13,2020,6,11,5,5,28,181,0,1,2,2,3,3,1,4,1,0,0,453,33.71628056,-82.36149722,12,1,0,8,1,1,0,2,1,0,5,30,5,40,,
130549,13,2020,6,12,6,10,57,175,0,1,1,1,2,3,1,4,1,0,0,684,32.353025,-83.02701111,34,0,0,1,1,4,0,1,1,0,10,57,11,8,11,40
130550,13,2020,6,12,6,23,50,21,3213,2,3,3,3,4,2,5,2,0,0,3,32.72368056,-83.75976111,12,98,0,1,1,1,0,2,1,0,23,58,0,9,,
130551,13,2020,6,12,6,3,24,121,280,1,1,1,1,1,2,1,1,1,0,,33.697225,-84.40515,24,0,1,5,1,8,0,3,1,0,3,26,3,37,4,5
130552,13,2020,3,8,1,15,55,135,3990,1,3,3,4,1,2,1,1,1,0,33,33.92389444,-84.18513056,12,1,0,1,1,1,0,1,1,0,15,56,16,3,16,21
130553,13,2020,6,12,6,22,5,217,0,1,2,2,2,4,1,5,2,0,0,27,33.543125,-83.87561667,12,2,0,1,1,1,0,2,1,0,22,6,22,15,0,6
130554,13,2020,6,13,7,22,10,303,0,1,1,1,1,4,1,5,2,0,0,93,33.08552222,-82.71792222,35,0,0,1,1,4,0,2,1,0,23,10,23,30,,
130555,13,2020,6,13,7,12,9,67,0,1,2,2,2,4,2,4,2,0,0,29,34.04506111,-84.52964444,12,2,0,1,1,1,0,1,1,0,12,9,12,13,13,16
130556,13,2020,6,14,1,19,39,69,1760,1,2,2,3,3,2,3,1,1,0,262,31.49748611,-82.87298889,12,6,0,2,2,1,0,1,1,0,19,41,19,49,21,8
130557,13,2020,6,14,1,0,2,67,0,1,1,1,1,1,2,1,1,1,0,222,33.89716667,-84.44981944,1,0,0,1,1,1,0,2,1,0,0,3,0,8,0,39
130558,13,2020,6,14,1,23,42,21,3390,1,1,1,1,1,2,1,1,1,0,1720,32.92828611,-83.73118056,42,0,1,19,1,4,0,2,1,0,23,44,23,53,4,53
130559,13,2020,3,17,3,12,34,225,0,1,1,1,1,3,1,3,1,1,0,130,32.54645833,-83.75726111,42,0,0,1,1,4,0,1,10,0,12,28,12,40,14,14
130560,13,2020,6,2,3,17,25,75,,1,1,1,1,1,1,1,1,1,0,2800,31.2884,-83.47664722,1,0,0,1,1,4,0,1,1,0,17,26,17,39,,
130561,13,2020,6,3,4,9,49,45,,1,2,2,2,4,1,7,2,0,0,13,33.69296389,-84.95296944,12,6,0,1,1,4,0,1,1,0,9,51,10,0,11,0
130562,13,2020,6,15,2,5,21,245,310,1,2,2,2,3,2,3,1,1,0,87,33.35796389,-82.04397222,8,0,0,1,1,1,0,2,10,0,5,25,5,30,,
130563,13,2020,6,30,3,17,27,45,0,1,1,1,1,3,1,4,1,0,0,266,33.60613889,-84.92342778,32,0,0,1,1,4,0,1,2,0,,,,,,
130564,13,2020,6,25,5,18,31,233,0,1,1,1,1,4,1,5,2,0,0,21,34.05945556,-85.30559722,42,0,0,1,1,4,0,1,2,0,,,,,,
130565,13,2020,6,24,4,10,34,63,0,1,1,1,1,3,2,3,1,1,0,66,33.60999444,-84.40295556,8,0,0,1,1,1,0,1,10,0,,,,,,
130566,13,2020,6,24,4,10,34,121,120,1,1,1,1,6,2,7,4,0,0,1,34.07045,-84.2152,9,0,0,1,1,1,0,1,10,0,,,,,,
130567,13,2020,6,13,7,19,0,63,0,1,2,2,3,3,2,3,1,1,0,57,33.59741111,-84.40659444,12,6,0,2,3,1,0,1,1,0,19,2,19,8,19,38
130568,13,2020,6,18,5,15,58,115,0,1,2,2,2,3,2,3,1,1,0,44,34.27934444,-85.12634167,12,6,0,2,2,1,0,1,1,0,15,59,15,59,16,24
130569,13,2020,6,23,3,21,5,215,1280,1,2,2,2,3,1,4,1,0,0,76,32.58196389,-85.01875556,18,0,0,1,1,1,0,5,2,0,21,6,21,19,,
130570,13,2020,6,15,2,14,50,139,0,1,2,2,2,4,2,4,2,0,0,5,34.28169167,-83.81599167,12,6,0,2,2,1,0,1,2,0,15,1,15,5,16,30
130571,13,2020,6,14,1,13,15,233,1010,1,3,3,5,3,2,3,1,1,0,54,33.96736389,-85.26078056,12,2,0,1,1,1,0,1,1,0,13,28,13,56,14,40
130572,13,2020,6,14,1,17,36,83,0,1,2,2,5,3,1,5,1,0,0,73,34.85283333,-85.49578056,12,6,0,1,1,1,0,1,1,0,17,37,17,42,,
130573,13,2020,6,14,1,21,36,51,0,1,1,1,1,3,2,3,1,1,0,23,31.99758611,-81.25825556,8,0,0,1,1,1,0,2,1,0,21,31,21,36,,
130574,13,2020,6,15,2,4,38,29,4655,1,1,1,1,1,2,1,1,1,0,93,31.95795278,-81.33105,8,0,0,1,1,1,0,3,1,0,4,52,4,57,,
130575,13,2020,6,27,7,4,9,67,0,1,1,1,3,4,2,7,2,0,0,8,33.84013056,-84.58723333,42,0,0,1,1,5,0,2,1,0,4,11,4,16,4,50