st_case,state,year,month,day,day_week,hour,minute,county,city,fatals_crash,vehicles_total,vehicles_in_transport,persons_total,route,rural_urban,functional_system,road_owner,nhs,special_jurisdiction,milepoint,latitude,longitude,first_harmful_event,manner_collision,rel_jct_interchange,rel_jct_location,intersection_type,relation_to_road,work_zone,light_condition,weather,school_bus_related,ems_notified_hour,ems_notified_min,ems_arrival_hour,ems_arrival_min,hospital_hour,hospital_min
130576,13,2020,6,17,4,18,56,285,5890,1,1,1,1,6,2,6,4,0,0,12,32.88939444,-85.14063056,42,0,0,1,1,4,0,1,10,0,,,,,,
130577,13,2020,6,22,2,21,34,47,0,1,1,1,2,3,2,4,1,0,0,42,34.96568611,-85.19332778,8,0,0,3,3,1,0,2,2,0,21,34,21,43,22,15
130578,13,2020,6,22,2,3,0,275,,1,1,1,1,3,1,5,1,0,0,34,30.87834722,-84.00672778,42,0,0,1,1,4,0,2,1,0,3,20,3,28,,
130579,13,2020,6,16,3,17,41,269,810,1,1,1,3,5,1,7,4,0,0,1,32.56124444,-84.23377778,5,0,0,1,1,1,0,1,1,0,,,,,,
130580,13,2020,6,20,7,14,52,83,5956,1,2,2,2,1,1,1,1,1,0,23,34.97154167,-85.44260278,12,6,0,1,1,1,0,1,1,0,14,54,15,14,15,57
130581,13,2020,6,18,5,18,45,175,,1,1,1,2,1,2,1,1,1,0,1164,32.49396389,-82.96372778,1,0,0,1,1,1,0,1,1,0,18,45,18,45,20,30
130582,13,2020,6,19,6,12,40,93,,1,1,1,4,1,1,1,1,1,0,2453,32.08385278,-83.76340556,1,0,1,19,1,8,0,1,1,0,13,15,13,15,13,55
130583,13,2020,6,20,7,23,43,25,0,2,2,2,3,4,1,6,2,0,0,4,31.20050833,-82.12149444,12,1,0,1,1,1,0,2,1,0,23,43,23,53,,
130584,13,2020,6,22,2,18,0,95,90,1,1,1,1,6,2,7,4,0,0,,31.57559167,-84.18870833,42,0,0,1,1,4,0,1,10,0,18,5,10,9,,
130585,13,2020,6,28,1,0,1,95,90,1,1,1,1,2,2,3,1,1,0,67,31.57158611,-84.11159722,24,0,1,19,1,3,0,2,1,0,0,2,0,7,,
130586,13,2020,6,25,5,12,44,13,0,1,2,2,3,3,2,4,1,0,0,364,34.07766389,-83.82932222,12,6,0,2,3,1,0,1,1,0,12,46,12,51,13,18
130587,13,2020,6,23,3,4,28,21,3390,1,1,1,1,4,2,7,4,0,0,12,32.86962778,-83.69704444,31,0,0,1,1,4,0,3,10,0,,,,,,
130588,13,2020,6,26,6,7,6,13,0,1,2,2,4,2,2,3,1,1,0,1114,33.95942778,-83.66394444,12,6,0,2,2,1,0,1,1,0,7,8,7,14,,
130589,13,2020,6,27,7,20,45,21,3213,1,1,1,1,4,1,7,2,0,0,13,32.84393611,-83.83381111,34,0,0,1,1,4,0,2,1,0,,,,,,
130590,13,2020,6,17,4,6,18,89,0,1,1,1,1,2,2,3,1,1,0,0,33.81033333,-84.26659722,35,0,0,1,1,4,0,4,1,0,6,23,6,35,6,49
130591,13,2020,6,16,3,18,36,117,1440,1,1,1,1,5,2,7,4,0,0,5,34.20633889,-84.14931667,8,0,0,1,1,4,0,1,1,0,18,38,18,48,19,21
130592,13,2020,6,20,7,21,52,67,5070,1,1,1,1,3,2,4,1,0,0,115,33.899725,-84.54052778,8,0,0,1,1,1,0,3,1,0,21,54,21,54,,
130593,13,2020,6,22,2,20,35,121,5640,1,2,2,3,3,2,3,1,1,0,50,33.55936944,-84.51390278,12,6,0,2,3,1,0,5,2,0,,,21,58,,
130594,13,2020,6,20,7,21,34,217,0,1,1,1,3,3,2,3,1,1,0,299,33.55438056,-83.92799444,9,0,0,1,1,1,0,2,1,0,,,,,,
130595,13,2020,6,16,3,19,40,157,0,1,1,1,3,3,2,5,1,0,0,435,34.11871944,-83.72445278,53,0,0,1,1,4,0,1,1,0,19,45,19,48,20,29
130596,13,2020,6,17,4,10,50,75,0,1,2,2,3,4,1,5,2,0,0,0,31.09878056,-83.48271389,12,6,0,2,2,1,0,1,1,0,10,59,11,5,11,47
130597,13,2020,6,16,3,8,59,277,0,1,2,2,3,2,2,3,1,1,0,759,31.46304444,-83.46568889,12,6,0,2,2,1,0,1,1,0,9,5,9,10,,
130598,13,2020,6,18,5,21,56,187,0,1,1,1,2,3,1,4,1,1,0,704,34.53074444,-84.01468611,32,0,0,1,1,4,0,3,1,0,21,58,22,5,22,50
130599,13,2020,6,19,6,1,45,253,0,1,1,1,2,4,1,7,2,0,0,2,30.81914167,-84.88015833,30,0,0,1,1,4,0,2,1,0,1,45,1,55,,
130600,13,2020,6,21,1,19,5,295,0,1,1,1,1,4,1,7,2,0,0,4,34.84998889,-85.35473333,32,0,0,1,1,4,0,1,10,0,19,4,19,17,19,51
130601,13,2020,6,18,5,11,6,45,0,2,2,2,3,2,1,3,1,1,0,2461,33.66711944,-85.15041944,12,6,0,2,2,1,0,1,1,0,11,11,11,15,12,23
130602,13,2020,6,19,6,15,50,87,0,1,2,2,2,4,1,7,2,0,0,10,31.06064722,-84.43924444,12,2,0,1,1,1,0,1,1,0,15,52,16,10,,
130603,13,2020,6,21,1,21,30,7,,1,1,1,1,4,1,5,2,0,0,28,31.41160278,-84.51430556,35,0,0,1,1,4,0,2,1,0,7,14,7,33,8,49
130604,13,2020,6,25,5,18,5,175,0,1,1,1,6,2,1,4,1,0,0,1570,32.63936944,-82.80351667,35,0,0,1,1,4,0,1,10,0,18,5,18,15,19,4
130605,13,2020,6,26,6,10,40,313,0,1,1,1,1,4,1,7,2,0,0,11,34.76779167,-85.05238333,42,0,0,1,1,4,0,1,10,0,10,38,10,51,12,24
130606,13,2020,6,24,4,21,20,35,0,1,1,1,1,4,1,7,2,0,0,3,33.22431667,-83.98202778,8,0,0,3,3,1,0,2,2,0,21,19,21,28,22,17
130607,13,2020,7,4,7,0,40,121,280,1,2,2,2,1,2,1,1,1,0,1762,33.757075,-84.46888611,12,1,1,18,1,1,0,3,10,0,,,,,,
130608,13,2020,7,4,7,2,18,89,0,1,1,1,2,6,2,4,2,0,0,2,33.76370833,-84.23015556,42,0,0,1,1,4,0,2,1,0,2,24,2,26,2,56
130609,13,2020,7,5,1,0,40,121,280,2,2,2,5,5,2,5,4,0,0,4,33.75963056,-84.38218333,12,6,0,2,2,1,0,3,1,0,0,40,0,51,,
130610,13,2020,7,5,1,23,18,121,280,1,1,1,1,2,2,3,1,1,0,634,33.7738,-84.36113889,42,0,0,1,1,4,0,3,1,0,23,19,23,28,23,40
130611,13,2020,7,7,3,3,20,63,0,1,1,1,1,6,2,4,2,0,0,15,33.57244722,-84.3074,8,0,0,1,1,1,0,2,10,0,,,,,,
130612,13,2020,7,11,7,17,21,73,0,1,2,2,2,3,2,4,1,0,0,173,33.58763333,-82.11864167,12,2,0,1,1,1,0,1,1,0,17,21,17,30,18,18
130613,13,2020,6,27,7,17,13,181,,1,1,1,1,9,1,5,2,0,0,26,33.83190278,-82.54562778,42,0,0,1,1,4,0,1,10,0,17,15,17,25,,
130615,13,2020,6,26,6,4,16,313,,1,2,2,2,1,2,1,1,1,0,3397,34.84768611,-85.01730556,12,6,0,1,1,1,0,2,1,0,4,19,4,21,5,28
130616,13,2020,6,24,4,9,15,15,2010,1,1,1,0,3,2,4,1,0,0,5,34.12711667,-84.75630556,10,0,0,6,1,1,0,1,1,0,9,18,9,23,,
130617,13,2020,6,26,6,16,4,243,,1,2,2,2,4,1,7,2,0,0,,31.66840833,-84.71203611,12,6,0,2,2,1,0,1,10,0,16,4,16,15,17,8
130618,13,2020,6,27,7,12,57,161,2630,1,2,2,2,2,1,4,1,0,0,1029,31.87295278,-82.59425,12,2,0,1,1,1,0,1,1,0,12,58,13,3,,
130619,13,2020,6,26,6,14,32,217,,1,2,2,2,4,1,5,2,0,0,25,33.53098056,-83.80587778,12,6,0,2,2,1,0,1,1,0,14,36,14,51,15,30
130620,13,2020,6,27,7,20,23,135,,1,2,2,2,9,2,5,2,0,0,21,33.89729722,-84.06600556,12,6,0,1,1,1,0,5,10,0,,,,,,
130621,13,2020,6,27,7,0,30,63,3780,1,1,1,1,4,2,7,2,0,0,,33.59106667,-84.351075,42,0,0,1,1,4,0,2,1,0,0,24,0,27,,
130622,13,2020,6,26,6,16,32,157,670,1,2,2,4,1,2,1,1,1,0,480,34.11828611,-83.76016944,12,7,0,1,1,1,0,1,10,0,16,34,16,53,17,35
130623,13,2020,6,24,4,23,18,51,4910,1,1,1,1,1,2,1,1,1,0,1029,32.13529167,-81.24001667,8,0,8,98,1,1,0,2,1,0,23,29,23,41,,
130625,13,2020,6,30,3,12,49,225,,1,1,1,1,2,2,4,1,1,0,440,32.554525,-83.862275,34,0,0,1,1,4,0,9,99,0,14,20,14,29,,
130626,13,2020,6,30,3,7,30,305,,1,2,2,2,2,2,3,1,1,0,2146,31.58993611,-81.95209722,12,6,0,8,1,1,0,1,1,0,7,36,7,55,8,25
130627,13,2020,6,29,2,17,25,17,,1,2,2,6,2,1,5,1,0,0,288,31.71331944,-83.19115,12,6,0,2,3,1,0,1,1,0,17,24,17,30,,
130628,13,2020,6,28,1,12,59,81,,1,2,2,2,3,2,3,1,1,0,1029,31.92370556,-83.80568333,12,6,0,2,2,1,0,1,10,0,12,58,13,23,14,23
130629,13,2020,7,1,4,12,11,189,,1,2,2,2,2,1,3,1,1,0,1290,33.56012778,-82.5146,12,1,0,1,1,1,0,1,1,0,12,9,12,18,,
130630,13,2020,7,3,6,9,55,315,,1,2,2,2,2,1,3,1,1,0,735,31.960875,-83.42288611,12,2,0,1,1,1,0,1,10,0,9,56,9,59,,
130631,13,2020,7,4,7,18,37,27,,1,1,1,4,3,1,4,1,0,0,270,30.99393333,-83.51394444,1,0,0,1,1,4,0,1,1,0,18,39,18,59,19,55
130632,13,2020,5,1,6,6,10,13,0,2,2,2,2,3,2,6,1,0,0,88,34.01905833,-83.66209722,12,2,0,1,1,1,0,1,10,0,6,13,6,20,,
130633,13,2020,5,23,7,18,39,45,630,2,2,2,4,3,1,4,1,0,0,142,33.56385,-85.21363056,12,1,0,1,1,1,0,1,1,0,18,37,18,40,19,10
130634,13,2020,5,23,7,15,10,127,0,1,2,2,3,4,2,5,2,0,0,0,31.23116667,-81.51702778,12,6,0,2,2,1,0,1,2,0,15,13,15,17,15,46
130635,13,2020,11,24,3,13,15,151,,1,3,3,5,3,1,4,1,0,0,67,33.38482778,-84.130225,12,6,0,2,3,1,0,1,1,0,,,,,,
130636,13,2020,11,26,5,0,4,135,3100,1,1,1,1,3,2,2,1,1,0,46,33.96206667,-84.02663056,52,0,0,1,1,3,0,2,2,0,1,3,1,13,1,51
130637,13,2020,11,27,6,21,3,211,0,1,1,1,2,4,1,5,2,0,0,67,33.62320833,-83.59249444,42,0,0,1,1,4,0,2,1,0,21,10,21,25,,
130638,13,2020,11,28,7,19,32,299,5850,1,2,2,8,3,1,2,1,0,0,113,31.12982222,-82.26671667,12,6,1,2,2,1,0,2,10,0,19,52,20,12,20,34
130639,13,2020,11,28,7,23,15,19,80,1,1,1,1,3,1,4,1,0,0,280,31.42969167,-83.24624722,52,0,0,1,1,4,0,2,10,0,23,15,22,44,,
130640,13,2020,11,30,2,7,10,187,0,1,1,1,1,3,1,5,1,0,0,6,34.47596111,-83.96086111,35,0,0,1,1,4,0,4,1,0,7,14,7,19,,
130641,13,2020,1,11,7,2,5,247,1320,1,2,2,2,1,2,1,1,1,0,,33.62943889,-83.95571667,12,1,0,1,1,1,0,2,10,0,2,5,2,9,2,49
130642,13,2020,4,1,4,13,37,51,4450,1,2,2,1,1,2,1,1,1,0,73,32.074925,-81.251975,12,1,0,1,1,1,0,1,1,0,13,30,13,37,14,58
130643,13,2020,7,25,7,22,35,63,2970,1,3,3,6,2,2,3,1,1,0,2179,33.49536389,-84.34350556,12,2,0,1,1,1,2,2,1,0,22,36,22,45,23,30
130644,13,2020,8,14,6,6,27,247,0,1,1,1,1,9,2,5,2,0,0,17,33.58365278,-84.11138611,32,0,0,1,1,4,0,4,5,0,6,26,6,33,7,15
130645,13,2020,9,4,6,19,17,161,0,1,2,2,2,3,1,5,1,0,0,583,31.76218889,-82.75050278,12,6,0,3,2,1,0,1,1,0,19,22,19,52,20,58
130646,13,2020,9,13,1,22,52,89,,1,1,1,1,1,2,3,1,1,0,55,33.91610833,-84.28478056,8,0,1,5,1,1,0,2,1,0,23,16,23,26,,
130647,13,2020,9,25,6,21,27,81,1340,2,1,1,2,1,2,1,1,1,0,2900,31.95938056,-83.75156389,25,0,1,19,1,3,0,3,10,0,21,35,21,46,,
130648,13,2020,10,8,5,12,28,221,0,1,1,1,1,4,1,7,2,0,0,4,33.99115556,-83.19491944,30,0,0,1,1,4,0,1,1,0,12,28,12,38,13,20
130649,13,2020,10,12,2,6,40,89,0,1,1,1,1,8,6,96,96,0,0,0,33.79658333,-84.28506389,33,0,0,8,1,12,0,3,1,0,6,43,6,44,,
130650,13,2020,10,16,6,22,30,89,0,1,2,2,4,4,2,4,2,0,0,27,33.7419,-84.03851944,12,2,0,1,1,1,0,3,1,0,22,37,22,45,23,40
130651,13,2020,10,20,3,20,10,89,0,1,3,3,3,2,2,4,1,0,0,89,33.71645,-84.13107222,12,2,0,8,1,1,0,2,1,0,20,12,20,19,20,57
130652,13,2020,10,25,1,10,4,57,0,1,1,1,1,9,2,5,2,0,0,6,34.20414444,-84.51517222,32,0,0,1,1,4,0,1,10,0,10,4,10,9,,
130653,13,2020,10,30,6,14,25,21,3390,1,2,2,2,3,2,4,1,0,0,1005,32.85221111,-83.76838333,12,6,0,8,1,1,0,1,1,0,14,25,14,34,14,59
130654,13,2020,10,31,7,17,58,21,3390,1,2,2,2,2,2,3,1,0,0,977,32.84824722,-83.60769722,12,98,0,1,1,1,0,1,1,0,18,1,18,7,18,34
130655,13,2020,11,1,1,21,2,89,5220,1,2,2,5,4,2,3,2,1,0,17,33.80061389,-84.19366944,33,0,0,1,1,4,0,3,1,0,,,,,,
130656,13,2020,8,4,3,10,8,223,1500,1,2,2,2,2,2,4,1,0,0,397,33.91550833,-84.85655556,12,6,0,2,2,1,0,1,1,0,10,9,10,14,10,39
130657,13,2020,10,16,6,21,3,121,280,1,1,1,1,1,2,1,1,1,0,2515,33.80308889,-84.40780278,8,0,1,18,1,1,0,3,1,0,21,4,21,9,,
130658,13,2020,10,21,4,6,57,153,,1,2,2,2,3,2,4,4,0,0,13,32.45837222,-83.73075,12,6,0,4,1,1,0,2,10,0,7,0,7,7,7,34
130659,13,2020,10,21,4,1,10,89,3210,1,2,2,2,4,2,5,2,0,0,11,33.70280833,-84.15408611,8,0,0,1,1,1,0,3,1,0,1,14,1,23,,
130660,13,2020,10,21,4,10,14,247,0,1,1,1,1,3,2,3,1,1,0,337,33.6129,-84.09576944,30,0,0,1,1,4,0,1,1,0,10,15,10,15,10,42
130661,13,2020,10,25,1,21,7,21,3390,1,1,1,1,2,2,3,1,1,0,369,32.78492222,-83.66661944,8,0,0,1,1,1,0,2,1,0,21,11,21,18,21,48
130662,13,2020,11,5,5,16,16,115,0,1,1,1,1,4,2,6,2,0,0,19,34.18271111,-85.12851944,42,0,0,1,1,4,0,1,1,0,16,17,16,27,17,15
130663,13,2020,11,11,4,14,8,89,0,1,2,2,2,4,2,3,2,1,0,3,33.78288611,-84.19397778,12,6,0,1,1,1,0,1,2,0,14,13,14,18,14,50
130664,13,2020,11,24,3,18,36,21,3390,2,2,2,2,4,2,6,2,0,0,27,32.68418611,-83.67769722,12,2,0,1,1,1,0,2,1,0,,,,,,
130665,13,2020,11,11,4,3,20,67,320,1,1,1,2,4,2,4,2,0,0,12,33.76148333,-84.56551667,42,0,0,1,1,5,0,3,2,0,3,27,3,36,4,14
130666,13,2020,11,27,6,18,24,135,1470,1,1,1,1,3,2,4,1,0,0,229,34.05321944,-83.92665,1,0,0,2,4,1,0,2,10,0,,,,,,
130667,13,2020,11,27,6,18,25,1,,1,1,1,1,3,2,3,1,1,0,104,31.78098056,-82.35638611,8,0,0,1,1,1,0,3,10,0,18,26,18,29,20,11
130668,13,2020,11,25,4,11,48,67,,1,3,3,6,4,2,4,2,0,0,55,34.03147222,-84.43661389,12,6,0,1,1,1,0,1,1,0,11,49,11,55,,
130669,13,2020,11,27,6,19,25,139,2285,1,1,1,1,3,2,3,1,1,0,127,34.33278611,-83.84203056,8,0,0,1,1,1,0,3,1,0,19,27,19,32,19,48
130670,13,2020,6,26,6,12,10,97,0,1,1,1,1,3,2,3,1,1,0,45,33.76332778,-84.59603333,59,0,0,1,1,4,0,1,1,0,12,8,12,13,,
130671,13,2020,6,15,2,20,47,31,0,1,2,2,3,4,1,5,2,0,0,45,32.52813333,-81.69111389,12,6,0,1,1,1,0,3,1,0,20,50,21,6,22,3
130672,13,2020,7,1,4,2,49,315,0,1,1,1,1,4,1,7,2,0,0,17,32.01385833,-83.46616667,32,0,0,1,1,4,0,2,1,0,2,35,2,38,,
130673,13,2020,7,1,4,23,46,285,0,4,1,1,5,4,1,6,2,0,0,0,33.04257778,-84.94188056,42,0,0,3,3,4,0,2,10,0,,,,,,
130674,13,2020,7,2,5,6,30,305,0,1,1,1,1,3,1,4,1,0,0,40,31.67144722,-81.91933333,38,0,0,3,2,4,0,1,1,0,6,31,6,40,,
130675,13,2020,7,3,6,23,18,223,1500,1,1,1,4,4,2,7,2,0,0,1,34.01979167,-84.80606389,1,0,0,3,3,1,0,3,1,0,23,24,23,44,0,18
130676,13,2020,7,4,7,9,29,217,0,1,3,3,3,1,2,1,1,1,0,88,33.61108611,-83.81029444,54,11,0,1,1,1,0,1,1,0,9,29,9,32,,
130677,13,2020,7,4,7,14,50,223,2740,1,2,2,4,3,2,4,1,0,0,59,33.902625,-84.77120556,12,6,0,1,1,1,0,1,1,0,14,52,14,55,15,12
130678,13,2020,7,4,7,16,45,163,0,1,1,1,2,4,1,7,2,0,0,15,33.21553889,-82.38099444,35,0,0,1,1,4,0,1,10,0,16,49,17,7,18,6
130679,13,2020,7,4,7,19,51,65,,1,2,2,3,2,1,3,1,1,0,465,31.12351389,-82.83826944,12,6,0,2,2,1,0,1,10,0,19,51,20,4,21,0
130680,13,2020,7,4,7,21,43,207,0,1,2,2,4,1,2,1,1,1,0,1755,32.94099722,-83.78277222,12,1,0,1,1,1,0,2,1,0,,,,,,
130681,13,2020,7,4,7,22,30,31,,1,1,1,1,2,2,3,1,1,0,72,32.47897222,-81.80296667,46,0,0,3,3,4,0,3,1,0,22,27,22,34,23,9
130682,13,2020,7,4,7,23,44,253,1740,1,1,1,2,5,1,7,4,0,0,1,31.04526111,-84.86798611,1,0,0,1,1,5,0,2,10,0,23,37,23,46,0,2
130683,13,2020,7,5,1,17,12,301,,1,1,1,1,4,1,6,2,0,0,31,33.41163333,-82.71469722,1,0,0,1,1,4,0,1,1,0,17,15,17,28,17,56
130684,13,2020,7,5,1,18,57,31,5170,1,2,2,2,3,2,3,1,1,0,1977,32.4596,-81.79080556,12,6,0,2,2,1,0,1,10,0,18,58,19,3,19,38
130685,13,2020,7,6,2,6,7,163,,1,1,1,1,3,1,3,1,1,0,102,33.06038611,-82.59119444,59,0,0,1,1,4,0,2,10,0,6,7,,,,
130686,13,2020,7,6,2,14,18,23,,2,2,2,5,3,1,5,1,0,0,1484,32.57689444,-83.23550833,12,6,0,8,1,1,0,1,10,0,14,35,14,45,15,1
130687,13,2020,7,6,2,15,5,131,,1,1,1,5,4,1,7,2,0,0,16,31.062,-84.19573333,34,0,0,1,1,4,0,1,2,0,15,9,15,25,,
130688,13,2020,7,6,2,15,11,241,1170,1,1,1,1,2,1,3,1,1,0,3339,34.89498889,-83.39303333,1,0,0,1,1,4,0,1,10,0,16,11,16,14,16,22
130689,13,2020,8,17,2,18,54,261,,1,1,1,1,3,1,4,1,0,0,663,32.05326111,-84.13830278,42,0,0,1,1,4,0,1,1,0,,,,,,
130690,13,2020,7,7,3,1,54,67,5070,1,2,1,1,5,2,7,4,0,0,3,33.85671111,-84.53175,33,0,0,1,1,4,0,3,10,0,,,,,,
130691,13,2020,7,7,3,6,5,199,,1,2,2,2,1,1,1,1,1,0,312,33.19540556,-84.84503056,12,1,0,1,1,1,0,2,10,0,6,16,6,21,7,6
130692,13,2020,7,7,3,7,40,5,,1,2,2,2,3,1,4,1,1,0,1252,31.54421667,-82.52025556,12,2,0,1,1,1,0,1,10,0,7,42,7,46,8,34
130693,13,2020,7,7,3,7,49,245,310,1,2,2,4,3,2,4,1,0,0,1308,33.30945833,-81.95345,12,2,0,1,1,1,0,1,2,0,,,,,,
130694,13,2020,7,8,4,1,30,135,0,1,2,2,2,1,2,1,1,1,0,994,33.91783611,-84.19772778,12,11,0,1,1,1,0,3,10,0,2,46,2,58,3,35
130695,13,2020,7,8,4,23,1,21,3390,1,2,2,3,3,2,3,1,1,0,1007,32.84172778,-83.56,12,6,0,3,3,1,0,2,1,0,23,1,23,9,23,40
130696,13,2020,7,9,5,17,7,245,310,1,2,2,2,3,2,3,1,1,0,111,33.38844167,-82.02647222,12,6,0,2,3,1,0,1,1,0,17,8,,,,
130697,13,2020,7,9,5,19,10,145,0,1,1,1,1,4,1,7,2,0,0,9,32.72069167,-84.712725,35,0,0,1,1,4,0,1,1,0,19,30,19,49,,
130698,13,2020,7,9,5,23,32,139,0,1,1,1,2,3,1,7,2,0,0,9,34.27760833,-83.90388056,34,0,0,1,1,4,0,2,10,0,23,26,23,41,0,13
130699,13,2020,7,10,6,5,51,95,0,1,2,2,2,3,1,4,1,1,0,30,31.494075,-84.03263333,12,2,0,1,1,1,0,1,10,0,9,15,9,31,10,10
130700,13,2020,7,10,6,15,38,255,0,1,2,2,3,3,2,4,1,0,0,100,33.23897778,-84.32512778,12,6,0,8,1,1,0,1,1,0,15,40,15,43,17,40
130701,13,2020,7,10,6,16,54,13,0,1,2,2,3,3,2,4,1,0,0,215,34.08190833,-83.79548056,12,2,0,1,1,1,0,1,1,0,16,58,16,58,,
130702,13,2020,7,10,6,22,15,213,0,1,1,1,1,3,1,4,1,0,0,227,34.75911111,-84.73257778,32,0,0,1,1,4,0,2,1,0,22,11,22,16,22,41
130703,13,2020,7,11,7,5,0,89,9997,1,1,1,1,6,2,4,4,0,0,9,33.84961389,-84.33876111,53,0,0,1,1,4,0,3,1,0,4,59,5,6,,
130704,13,2020,7,11,7,14,0,71,,1,1,1,1,3,1,4,1,0,0,238,31.16556944,-83.63934167,32,0,0,1,1,4,0,1,10,0,13,55,14,1,,
130705,13,2020,7,12,1,13,44,39,3010,1,2,2,4,6,2,4,4,0,0,,30.76116944,-81.64139444,42,0,0,1,1,3,0,1,1,0,13,44,13,47,,
130706,13,2020,12,5,7,9,50,75,0,1,1,1,1,4,2,7,2,0,0,1,31.19864444,-83.44551389,10,0,0,6,1,1,0,1,1,0,10,1,10,8,,
130707,13,2020,7,12,1,19,2,283,,1,1,1,1,1,1,1,1,1,0,32,32.43375,-82.64610556,42,0,0,1,1,4,0,1,1,0,19,5,19,15,,
130708,13,2020,7,12,1,22,9,63,0,1,1,1,1,4,2,4,2,0,0,13,33.51831944,-84.40407222,8,0,0,1,1,1,0,2,1,0,,,,,,
130709,13,2020,7,12,1,22,18,245,310,2,2,2,3,4,2,7,2,0,0,3,33.37572222,-82.11920278,12,2,0,1,1,1,0,2,1,0,22,0,22,42,23,33
130710,13,2020,7,12,1,22,24,121,,1,2,2,2,3,2,4,1,0,0,10,33.56301667,-84.46858056,12,6,0,2,2,1,0,2,1,0,22,24,22,30,22,53
130711,13,2020,7,13,2,8,14,63,2970,1,1,1,2,3,2,3,2,1,0,98,33.56025,-84.3714,35,0,0,1,1,4,0,1,1,0,,,,,,
130712,13,2020,7,13,2,16,29,175,1780,1,1,1,1,2,1,3,1,1,0,270,32.55053611,-83.00362222,32,0,0,1,1,4,0,1,1,0,16,30,16,38,,
130713,13,2020,7,13,2,19,8,51,4910,1,1,1,1,6,2,4,4,0,0,1,31.96016111,-81.13703056,30,0,0,1,1,4,0,1,1,0,,,,,,
130714,13,2020,7,13,2,21,32,271,0,1,1,1,2,4,1,7,2,0,0,21,31.99121111,-83.04530833,32,0,0,1,1,4,0,2,1,0,21,32,21,47,,
130715,13,2020,7,14,3,3,10,77,0,1,1,1,1,4,2,7,2,0,0,2,33.45938889,-84.76293889,42,0,0,1,1,3,0,2,10,0,4,4,4,12,,
130716,13,2020,7,14,3,9,25,279,,1,2,2,2,4,1,5,2,0,0,46,32.13108611,-82.30384444,12,6,0,1,1,1,0,1,1,0,9,30,9,38,11,30
130717,13,2020,7,14,3,13,57,215,1280,1,2,1,1,4,2,7,2,0,0,32,32.43606389,-84.92911944,41,0,0,1,1,4,0,1,1,0,14,5,14,13,14,41
130718,13,2020,12,6,1,3,48,123,0,1,1,1,1,4,1,5,2,0,0,1,34.56528056,-84.4739,11,0,0,1,1,1,0,2,1,0,3,45,3,58,,
130719,13,2020,7,14,3,14,42,185,,1,2,2,6,4,1,5,2,0,0,35,30.741175,-83.31284444,12,11,0,2,3,1,0,1,1,0,14,43,14,54,15,19
130720,13,2020,7,14,3,14,53,255,2510,1,1,1,1,3,2,4,1,0,0,111,33.31265833,-84.18911389,34,0,0,1,1,4,0,1,1,0,15,30,16,0,,
130721,13,2020,7,14,3,15,53,221,,1,1,1,1,4,1,7,2,0,0,7,33.97588333,-83.20993889,1,0,0,1,1,4,0,1,1,0,15,53,16,4,,
130722,13,2020,7,14,3,21,28,31,5170,1,2,2,5,2,1,3,1,1,0,0,32.40738611,-81.76325833,12,6,0,2,2,1,0,2,1,0,21,29,21,35,,
130723,13,2020,7,15,4,8,0,51,,1,1,1,2,1,2,1,1,1,0,934,32.00656667,-81.28132778,59,0,1,19,1,4,0,1,1,0,8,4,8,7,9,1
130724,13,2020,7,15,4,11,55,195,,1,1,1,2,3,1,4,1,0,0,225,34.17627778,-83.31561389,1,0,0,1,1,4,0,1,10,0,12,25,13,5,,
130725,13,2020,12,6,1,18,9,135,3100,1,2,2,2,3,2,4,1,0,0,87,33.92563056,-84.06471111,12,6,0,2,3,1,0,2,2,0,,,,,,
130726,13,2020,7,15,4,14,47,213,,2,1,1,2,3,1,4,1,0,0,153,34.70027222,-84.820144440000007,32,0,0,1,1,4,0,1,1,0,15,0,15,30,,
130727,13,2020,7,15,4,19,28,213,,1,1,1,1,3,1,4,1,0,0,598,34.77121389,-84.68433611,1,0,0,1,1,4,0,1,1,0,19,30,19,49,20,35
130728,13,2020,7,15,4,19,50,67,0,1,1,1,1,4,2,7,2,0,0,3,33.80424444,-84.57940278,33,0,0,1,1,4,0,1,10,0,19,50,19,54,,
130729,13,2020,7,15,4,21,53,127,,1,1,1,4,4,2,5,2,0,0,21,31.13534722,-81.38901111,40,0,0,1,1,4,0,2,1,0,21,53,21,53,,
130730,13,2020,12,6,1,20,0,159,3730,1,1,1,1,3,1,4,1,0,0,71,33.30019167,-83.72080833,1,0,0,1,1,4,0,2,10,0,20,3,20,14,,
130731,13,2020,12,7,2,9,50,89,,1,4,4,4,1,2,2,1,1,0,63,33.88438056,-84.26860556,12,1,0,1,1,1,0,1,10,0,9,50,10,5,10,55
130732,13,2020,12,7,2,10,50,89,1610,1,3,3,5,1,2,2,1,1,0,77,33.71436944,-84.23805278,12,1,0,1,1,1,0,1,1,0,11,0,11,18,11,32
130733,13,2020,7,16,5,4,20,89,0,1,1,1,1,2,2,2,1,1,0,44,33.83466389,-84.20623333,52,0,0,1,1,4,0,2,1,0,4,20,4,20,,