st_case,state,year,month,day,day_week,hour,minute,county,city,fatals_crash,vehicles_total,vehicles_in_transport,persons_total,route,rural_urban,functional_system,road_owner,nhs,special_jurisdiction,milepoint,latitude,longitude,first_harmful_event,manner_collision,rel_jct_interchange,rel_jct_location,intersection_type,relation_to_road,work_zone,light_condition,weather,school_bus_related,ems_notified_hour,ems_notified_min,ems_arrival_hour,ems_arrival_min,hospital_hour,hospital_min
131232,13,2020,9,4,6,5,9,9,,1,1,1,1,3,2,4,1,0,0,69,33.03899722,-83.23496111,8,0,0,1,1,1,0,2,1,0,5,17,5,24,,
131234,13,2020,10,7,4,2,39,121,0,1,1,1,1,3,2,4,1,0,0,86,33.61799444,-84.47286389,8,0,0,1,1,1,0,3,1,0,,,,,,
131235,13,2020,10,7,4,15,49,29,0,1,2,2,2,9,2,6,2,0,0,12,31.85331389,-81.29811111,12,6,0,2,3,1,0,1,1,0,15,51,15,53,16,10
131236,13,2020,10,8,5,9,20,39,,1,2,2,3,3,2,4,1,1,0,163,30.81064444,-81.74839167,12,6,0,2,3,1,0,1,1,0,9,20,9,24,9,50
131237,13,2020,11,22,1,1,17,121,280,1,3,3,7,1,2,1,1,1,0,66,33.69014167,-84.49992778,25,0,1,19,1,3,0,3,1,0,,,,,,
131238,13,2020,10,9,6,13,40,51,4920,1,1,1,1,2,1,3,1,1,0,2688,32.01489722,-80.87189722,33,0,0,1,1,3,0,1,1,0,13,30,13,32,,
131239,13,2020,10,10,7,,,187,0,1,1,1,1,3,1,4,1,1,0,826,34.53358056,-83.94325556,42,0,0,1,1,4,0,2,2,0,1,23,1,30,,
131240,13,2020,10,10,7,14,34,15,0,1,1,1,2,2,2,3,1,1,0,106,34.08576667,-84.73628889,42,0,0,1,1,3,0,1,2,0,14,29,14,38,,
131241,13,2020,9,5,7,0,25,313,0,1,1,1,2,1,2,1,1,1,0,119,34.756875,-85.00204722,8,0,0,1,1,1,0,2,10,0,0,26,0,35,1,14
131242,13,2020,11,22,1,18,10,13,0,1,2,2,5,2,2,3,1,1,0,174,33.96741389,-83.81839444,12,1,0,3,2,1,0,2,10,0,18,2,18,8,,
131243,13,2020,9,4,6,10,43,277,0,1,2,2,2,2,1,4,1,0,0,22,31.35912778,-83.486,12,6,0,2,2,1,0,1,1,0,10,43,11,15,12,54
131244,13,2020,9,5,7,12,9,67,,1,2,2,2,3,2,5,1,0,0,216,34.06438611,-84.72390556,12,6,0,2,2,1,0,1,1,0,,,,,,
131245,13,2020,9,8,3,10,40,67,320,1,2,2,2,4,2,4,2,0,0,63,34.02735278,-84.42391667,12,6,0,2,2,1,0,1,1,0,10,43,10,48,,
131246,13,2020,11,25,4,21,40,55,5570,1,2,2,2,3,1,3,1,1,2,181,34.58147222,-85.28243333,12,2,0,1,1,1,0,2,2,0,21,48,21,54,22,54
131247,13,2020,9,6,1,20,38,97,0,1,1,1,1,3,2,3,1,1,0,22,33.78858333,-84.62152778,8,0,0,1,1,1,0,2,1,0,20,37,20,44,,
131248,13,2020,10,12,2,1,55,127,,1,1,1,1,4,1,7,2,0,0,21,31.37266389,-81.62467222,18,0,0,1,1,1,0,2,1,0,1,55,2,12,,
131249,13,2020,10,15,5,7,25,145,,1,1,1,1,3,1,5,1,0,0,209,32.7607,-85.02171944,34,0,0,1,1,4,0,4,1,0,7,30,7,42,,
131250,13,2020,12,6,1,19,49,67,,1,2,2,4,3,2,3,1,1,0,10,33.94043889,-84.70304167,12,6,0,2,2,1,0,2,10,0,19,49,19,54,21,22
131251,13,2020,10,17,7,10,52,67,,1,2,2,2,3,2,3,1,1,0,608,34.0012,-84.40317222,12,6,0,2,3,1,0,1,1,0,10,52,11,0,11,36
131252,13,2020,10,18,1,18,27,187,0,1,1,1,1,3,1,4,1,1,0,159,34.54233333,-83.95861667,59,0,0,1,1,4,0,1,1,0,18,30,18,34,,
131253,13,2020,12,14,2,3,40,303,5430,1,1,1,1,3,1,4,1,1,0,103,32.91793333,-82.79835833,8,0,0,1,1,1,0,2,1,0,3,40,3,52,,
131254,13,2020,10,16,6,20,5,55,0,1,1,1,1,2,2,3,1,1,0,43,34.48903056,-85.34211667,8,0,0,1,1,1,0,3,1,0,20,5,20,8,20,50
131255,13,2020,10,19,2,16,12,67,4490,1,3,3,4,6,2,4,4,0,0,9,33.86063333,-84.66624722,12,7,0,8,1,1,0,1,1,0,16,12,16,17,16,49
131256,13,2020,12,15,3,19,8,63,2180,1,2,2,3,3,2,4,1,0,0,142,33.62152222,-84.38345556,12,6,0,8,1,1,0,2,1,0,18,52,19,10,19,35
131258,13,2020,10,26,2,16,51,77,,1,1,1,1,3,2,4,1,0,0,255,33.48103056,-84.68190833,34,0,0,1,1,4,0,1,2,0,16,52,16,56,,
131259,13,2020,9,5,7,22,15,317,0,1,1,1,2,3,1,5,1,0,0,198,33.81036944,-82.69286944,59,0,0,1,1,4,0,2,10,0,22,19,22,19,,
131260,13,2020,9,10,5,15,5,223,0,1,1,1,1,4,2,7,2,0,0,9,33.79495833,-84.80209722,9,0,0,2,3,1,0,1,1,0,15,7,15,14,17,0
131261,13,2020,10,11,1,7,4,157,1300,1,2,2,4,1,2,1,1,1,0,330,34.22093056,-83.51873056,12,7,0,1,1,1,0,4,2,0,7,20,7,24,8,15
131262,13,2020,12,16,4,3,12,215,1280,1,2,2,2,1,2,2,1,1,0,59,32.48654167,-84.94135556,8,0,0,1,1,1,0,2,2,0,3,23,3,37,4,3
131263,13,2020,10,12,2,15,40,19,,1,1,1,1,9,2,5,2,0,0,56,31.06295833,-83.26963333,53,0,0,1,1,4,0,1,1,0,15,47,15,55,,
131264,13,2020,10,14,4,13,7,91,,1,2,2,2,9,1,5,2,0,0,40,32.050975,-83.11459167,12,6,0,1,1,1,0,1,1,0,13,10,13,24,,
131265,13,2020,10,15,5,18,56,265,0,2,2,2,5,1,1,1,1,1,0,97,33.50936667,-82.84128333,12,1,0,1,1,1,2,5,10,0,18,56,19,20,20,39
131266,13,2020,10,19,2,11,43,129,0,1,2,2,3,3,2,4,2,0,0,19,34.50429167,-84.90625,8,0,0,1,1,1,0,1,10,0,11,43,11,47,12,9
131267,13,2020,10,23,6,23,53,139,0,1,1,1,1,2,2,3,1,1,0,17,34.22662222,-83.73632778,8,0,0,1,1,1,1,2,1,0,23,53,0,2,,
131268,13,2020,9,8,3,5,1,39,,1,1,1,1,5,2,4,4,0,0,33,30.81364722,-81.62840833,33,0,1,3,2,4,1,2,10,0,5,1,5,15,,
131269,13,2020,10,6,3,20,12,11,0,1,1,1,1,3,2,5,1,0,0,13,34.25100833,-83.44283056,8,0,0,1,1,1,0,2,1,0,20,16,20,19,20,53
131270,13,2020,10,11,1,21,28,51,4910,1,2,2,2,6,2,3,4,0,0,25,32.06863333,-81.10169167,12,2,0,2,2,1,0,3,1,0,21,28,21,33,,
131272,13,2020,10,23,6,9,58,133,,1,1,1,1,9,1,5,2,0,0,33,33.62639444,-83.32367778,42,0,0,1,1,4,0,1,1,0,10,1,10,11,10,44
131273,13,2020,9,8,3,0,50,83,0,1,1,1,1,1,1,1,1,1,0,24,34.97183333,-85.44391111,8,0,1,18,1,1,0,2,1,0,0,47,1,7,,
131274,13,2020,12,17,5,13,20,15,0,1,1,1,2,1,2,1,1,1,0,283,34.37711667,-84.91071667,21,0,0,1,1,4,0,1,10,0,13,25,13,43,,
131275,13,2020,12,16,4,13,53,69,750,1,1,1,1,4,1,7,2,0,0,3,31.63363056,-82.86723056,34,0,0,1,1,4,0,1,1,0,13,51,14,5,14,38
131276,13,2020,12,18,6,5,56,69,,1,3,3,3,3,1,3,1,1,0,27,31.44214444,-82.85061111,12,8,0,1,1,1,0,2,1,0,5,58,6,5,,
131277,13,2020,9,10,5,23,31,153,5790,1,2,2,2,3,2,3,1,1,0,125,32.61438889,-83.71508889,12,6,0,4,1,1,0,3,98,0,23,38,23,49,0,3
131278,13,2020,12,18,6,18,40,89,0,1,1,1,1,2,2,4,1,0,0,39,33.73436667,-84.21318889,8,0,0,1,1,1,0,3,1,0,18,45,19,0,19,20
131280,13,2020,10,11,1,16,44,67,3440,1,2,2,2,4,2,4,2,0,0,17,33.92135278,-84.46415278,12,6,0,2,3,1,0,1,2,0,16,48,16,51,17,57
131281,13,2020,10,11,1,20,20,207,,1,1,1,1,1,2,2,1,1,0,67,32.98409444,-83.8343,24,0,0,1,1,3,0,2,1,0,20,38,20,43,,
131282,13,2020,10,14,4,0,1,135,0,1,3,3,4,1,2,1,1,1,0,9,33.91015556,-84.22285,25,0,0,1,1,4,0,2,1,0,0,1,0,9,0,32
131283,13,2020,10,10,7,,,97,0,2,2,2,4,1,2,1,1,1,0,104,33.71918333,-84.83539167,12,6,1,18,1,1,0,2,2,0,21,0,21,0,,
131284,13,2020,12,14,2,8,27,273,1580,1,1,1,1,3,1,3,1,1,0,7,31.77358333,-84.43543333,42,0,0,3,2,6,0,1,2,0,8,36,,,,
131285,13,2020,10,12,2,9,37,267,0,1,2,2,2,4,1,7,2,0,0,1,32.13354722,-82.07729722,12,2,0,1,1,1,0,1,1,0,9,39,9,45,10,48
131286,13,2020,10,17,7,4,27,121,0,1,2,2,2,2,2,3,1,1,0,685,33.55973611,-84.58838056,12,6,0,2,3,1,0,2,1,0,4,32,4,38,,
131287,13,2020,12,2,4,2,58,121,5640,1,2,1,2,1,2,1,1,1,0,1096,33.58485833,-84.51355278,8,0,1,18,1,1,0,2,1,0,2,45,2,54,3,24
131288,13,2020,12,15,3,15,10,305,0,1,1,1,1,4,1,5,2,0,0,19,31.50959722,-82.05014444,53,0,0,1,1,4,0,1,1,0,15,13,15,26,15,40
131289,13,2020,12,3,5,23,50,285,2760,1,1,1,1,3,1,7,2,0,0,1,33.14628333,-84.91819444,34,0,0,1,1,4,0,2,10,0,23,58,0,12,,
131290,13,2020,11,29,1,15,17,71,4000,1,1,1,5,4,1,5,2,0,0,66,31.22245556,-83.65311667,34,0,0,1,1,4,0,1,2,0,15,17,15,29,,
131291,13,2020,12,5,7,19,51,135,,1,1,1,1,4,2,7,2,0,0,0,33.92858333,-84.09885833,42,0,0,1,1,4,0,2,1,0,19,54,20,4,,
131292,13,2020,12,6,1,7,44,253,0,1,1,1,1,2,1,3,1,1,0,22,31.02049722,-84.82949444,8,0,0,1,1,1,0,2,1,0,7,44,7,50,,
131293,13,2020,12,7,2,18,24,257,0,1,2,2,5,3,1,3,1,1,0,2333,34.53331944,-83.25531111,12,6,0,2,3,1,0,2,1,0,18,23,18,23,,
131294,13,2020,12,16,4,1,20,45,,1,2,2,2,3,2,3,1,1,0,152,33.62322222,-85.10016944,12,6,0,2,2,1,0,2,2,0,0,32,0,42,,
131295,13,2020,12,9,4,5,0,63,2970,1,1,1,1,2,2,3,1,1,0,2209,33.53402222,-84.364125,8,0,0,1,1,1,0,2,10,0,5,1,5,5,,
131296,13,2020,8,27,5,16,31,67,,1,3,3,4,4,2,7,2,0,0,,34.061975,-84.61055833,12,6,0,1,1,1,0,1,1,0,16,31,16,40,17,6
131297,13,2020,8,25,3,5,42,67,3440,3,2,2,4,1,2,1,1,1,0,2649,33.96419167,-84.52213611,12,1,1,18,1,1,0,2,2,0,5,48,6,2,,
131298,13,2020,8,24,2,20,2,121,280,1,1,1,5,1,2,1,1,1,0,107,33.788497220000004,-84.390925,1,0,0,1,1,4,0,3,2,0,20,4,20,14,20,45
131299,13,2020,12,18,6,21,26,97,1770,1,3,3,4,3,2,3,1,1,0,571,33.77298056,-84.60347778,12,6,0,1,1,1,0,2,1,0,21,26,21,35,21,58
131300,13,2020,11,18,4,19,30,135,,1,1,1,1,4,1,7,2,0,0,21,33.90843333,-84.18331667,8,0,0,1,1,1,0,2,1,0,19,31,19,36,20,6
131301,13,2020,12,15,3,14,17,133,,1,2,2,3,3,1,4,1,0,0,15,33.458275,-83.24394722,12,6,0,2,2,1,0,1,1,0,14,17,14,25,15,25
131302,13,2020,11,15,1,3,55,63,0,1,1,1,1,3,1,4,1,0,0,66,33.55613056,-84.34656111,9,0,0,1,1,1,0,3,1,0,3,55,4,5,4,15
131303,13,2020,11,19,5,14,55,169,0,1,2,2,4,3,1,4,1,0,0,76,33.12626389,-83.47488889,12,1,0,8,1,1,0,1,1,0,15,10,15,35,,
131304,13,2020,12,21,2,15,23,233,0,1,3,3,3,2,2,3,1,1,0,2700,33.97390833,-85.25824722,12,6,0,2,2,1,0,1,1,0,15,23,15,35,,
131305,13,2020,12,21,2,15,41,211,0,1,2,2,2,4,1,6,2,0,0,35,33.79348056,-83.50680556,12,2,0,1,1,1,0,1,1,0,15,42,16,0,,
131306,13,2020,12,22,3,21,2,287,,1,1,1,1,3,1,4,1,1,0,513,31.70200833,-83.66408889,8,0,0,1,1,1,0,3,1,0,21,2,21,5,,
131307,13,2020,12,25,6,22,7,113,2110,1,1,1,1,4,2,4,2,0,0,3,33.50237778,-84.42303056,42,0,0,1,1,4,0,3,1,0,22,9,22,16,22,41
131308,13,2020,12,13,1,6,52,121,280,1,2,2,4,1,2,2,1,1,0,46,33.68965,-84.50018056,24,0,0,1,1,4,0,4,10,0,6,52,6,55,7,40
131309,13,2020,12,18,6,17,24,293,,1,1,1,1,3,2,4,1,0,0,345,32.92865556,-84.27651389,8,0,0,1,1,1,0,1,1,0,17,26,17,32,,
131310,13,2020,12,22,3,10,55,55,5260,2,3,3,6,3,2,4,1,0,0,1359,34.47363611,-85.35163611,12,1,0,8,1,1,0,1,1,0,11,0,11,7,11,50
131312,13,2020,12,26,7,20,42,89,,1,2,2,2,4,2,4,2,0,0,9,33.67556111,-84.28701667,12,2,0,1,1,1,0,2,1,0,20,43,21,0,21,54
131313,13,2020,12,18,6,18,30,35,0,3,2,2,3,2,1,4,1,0,0,1061,33.25433889,-83.89856111,12,2,0,1,1,1,0,2,1,0,18,23,18,30,,
131314,13,2020,12,19,7,17,45,151,3220,1,2,2,2,2,2,4,1,0,0,770,33.37799444,-84.12658611,12,6,0,2,2,1,0,3,1,0,17,56,17,58,18,6
131315,13,2020,12,22,3,5,48,121,,1,4,2,4,1,2,1,1,1,0,616,33.54863056,-84.57124167,12,1,0,1,1,1,0,2,1,0,5,49,5,58,6,30
131316,13,2020,12,22,3,12,53,175,,1,1,1,2,4,1,7,2,0,0,5,32.21705,-83.02546389,59,0,1,3,4,4,0,1,1,0,12,52,13,13,,
131317,13,2020,12,22,3,14,2,139,0,1,2,2,2,3,2,4,1,0,0,208,34.20218889,-83.81666111,12,8,0,1,1,1,0,1,1,0,14,2,14,7,,
131318,13,2020,12,22,3,21,49,251,0,1,1,1,1,4,1,7,2,0,0,23,32.72079444,-81.74423056,38,0,0,3,2,4,0,2,1,0,21,48,21,59,22,34
131319,13,2020,12,16,4,18,22,177,,1,4,4,5,3,2,3,1,1,0,17,31.64785,-84.17429444,12,1,0,1,1,1,0,2,2,0,18,25,18,25,19,9
131320,13,2020,12,21,2,18,56,127,0,1,1,1,1,4,2,4,2,0,0,5,31.17796667,-81.50161667,8,0,0,3,2,1,0,2,1,0,19,0,19,6,19,19
131321,13,2020,12,22,3,14,20,313,1225,2,2,2,3,3,1,4,1,0,0,115,34.95857778,-84.93831111,12,6,0,2,2,1,0,1,1,0,14,11,14,20,14,47
131322,13,2020,12,24,5,17,45,9,3620,1,1,1,1,4,1,7,2,0,0,105,33.15917778,-83.32909167,58,0,0,1,1,4,0,2,10,0,17,46,18,0,,
131323,13,2020,12,25,6,23,39,33,0,2,2,2,2,2,1,3,1,1,0,2162,33.20149444,-82.04187778,12,2,0,1,1,1,0,2,1,0,23,44,23,53,,
131324,13,2020,12,26,7,22,18,63,0,1,1,1,1,3,2,3,1,1,0,945,33.59728056,-84.40693056,8,0,0,1,1,1,0,3,1,0,22,20,22,26,22,41
131325,13,2020,12,27,1,1,1,35,0,1,1,1,1,4,1,5,2,0,0,50,33.34635833,-83.88997222,42,0,0,1,1,4,0,2,1,0,0,58,1,4,,
131326,13,2020,12,18,6,20,33,45,0,1,2,2,2,2,1,4,1,0,0,239,33.52165,-84.95776111,12,2,0,1,1,1,0,2,1,0,20,39,20,47,,
131328,13,2020,12,25,6,18,12,63,0,1,1,1,1,3,2,4,1,0,0,33,33.61163333,-84.43668611,8,0,0,1,1,1,0,2,1,0,,,,,,
131329,13,2020,12,26,7,13,44,281,,1,1,1,1,4,1,7,2,0,0,3,34.98335833,-83.72841944,42,0,0,1,1,4,0,1,10,0,13,41,13,49,14,45
131330,13,2020,12,27,1,21,21,217,1380,1,2,2,2,7,2,7,2,0,0,57,33.60833889,-83.88166111,12,1,0,1,1,1,0,3,1,0,21,16,21,22,21,41
131331,13,2020,12,28,2,20,32,123,2000,1,1,1,2,3,1,5,1,0,0,96,34.73320278,-84.51245,1,0,0,1,1,4,0,1,10,0,20,38,20,59,,
131332,13,2020,10,31,7,15,20,77,,1,1,1,2,4,2,7,2,0,0,24,33.33500278,-84.83942778,1,0,0,1,1,4,0,1,1,0,15,22,15,37,,
131333,13,2020,10,31,7,19,45,15,980,1,1,1,1,3,2,4,1,0,0,97,34.19421389,-84.79740278,8,0,0,3,3,1,0,3,1,0,19,48,19,48,,
131334,13,2020,10,31,7,16,10,207,,1,2,2,3,3,1,3,1,0,0,18,33.02998333,-83.98400556,12,2,1,2,4,1,0,1,1,0,16,10,16,29,,
131335,13,2020,10,31,7,0,30,23,,1,4,4,6,1,2,2,1,1,0,13,32.56971111,-83.22404167,12,1,0,1,1,1,0,2,1,0,0,37,0,51,1,42
131336,13,2020,11,1,1,13,15,103,0,1,2,2,2,3,1,5,1,0,0,219,32.43064444,-81.45466389,12,6,0,2,3,1,0,1,1,0,13,17,13,34,14,42
131337,13,2020,11,1,1,19,45,135,0,1,3,3,3,3,2,4,1,0,0,10,33.86824722,-83.98463889,12,1,0,1,1,1,1,2,1,0,,,,,,
131338,13,2020,11,1,1,6,26,47,0,1,1,1,1,4,2,4,2,0,0,39,34.90578611,-85.21188611,32,0,0,1,1,4,0,1,10,0,6,30,6,35,8,20
131339,13,2020,11,1,1,8,25,143,0,1,2,2,3,1,1,1,1,1,0,20,33.67950556,-85.30704444,12,7,0,1,1,2,0,1,1,0,8,27,8,41,9,11
131340,13,2020,11,1,1,13,35,151,5210,1,2,2,3,5,2,5,4,0,0,,33.55365556,-84.23093889,12,6,0,8,1,1,0,1,1,0,,,,,,
131341,13,2020,11,1,1,1,40,267,4580,1,2,2,7,5,1,4,4,0,0,,32.07425556,-82.10259167,12,6,0,2,2,1,0,3,2,0,1,46,1,52,2,21
131342,13,2020,11,1,1,6,29,179,0,1,2,2,2,3,1,3,1,1,0,196,31.82863611,-81.49008333,12,2,0,1,1,1,0,1,1,0,6,29,6,39,7,30
131343,13,2020,11,2,2,7,5,157,0,1,1,1,1,3,1,3,2,1,0,166,34.20194722,-83.71999444,53,0,0,1,1,4,0,1,1,0,7,7,7,20,,
131344,13,2020,11,3,3,9,0,67,3440,1,2,2,3,3,2,3,2,1,0,131,33.95228333,-84.55205556,12,2,1,2,2,1,0,1,10,0,,,,,,
131345,13,2020,11,3,3,13,46,45,0,1,1,1,2,4,1,6,2,0,0,19,33.44101111,-85.19681111,42,0,0,1,1,4,0,1,1,0,13,45,14,1,14,27
131347,13,2020,11,4,4,15,58,121,280,1,5,5,6,1,2,1,1,1,0,107,33.78616667,-84.39098056,1,0,0,1,1,1,0,1,1,0,,,,,,
131348,13,2020,11,4,4,0,13,207,,1,2,2,3,4,1,5,2,0,0,11,33.17555278,-84.02550278,12,2,1,3,3,1,0,3,1,0,0,15,0,24,1,12
131351,13,2020,11,6,6,0,37,217,0,1,1,1,1,4,1,5,2,0,0,23,33.47593056,-83.80912222,42,0,0,1,1,4,0,2,1,0,,,,,,
131352,13,2020,11,6,6,23,17,151,3360,1,1,1,1,5,2,7,4,0,0,9,33.43091944,-84.14501389,8,0,0,1,1,1,0,3,1,0,23,17,23,26,0,8
131353,13,2020,11,6,6,12,44,161,2630,1,2,2,4,3,1,4,1,0,0,107,31.81338333,-82.65672222,12,6,0,2,2,1,0,1,1,0,12,44,12,48,13,11
131354,13,2020,11,7,7,0,20,93,,1,1,1,1,3,1,3,1,0,0,182,32.25251667,-83.78925,42,0,0,1,1,4,0,2,10,0,0,22,0,38,,
131355,13,2020,11,7,7,17,28,295,1110,1,2,2,2,4,2,7,2,0,0,10,34.90776111,-85.29093333,12,2,0,1,1,1,0,5,1,0,17,29,17,38,18,30
131356,13,2020,11,7,7,6,40,247,1320,2,2,2,3,5,2,3,4,1,0,10,33.65152222,-83.97343056,12,2,0,1,1,1,0,2,1,0,6,41,6,55,,
131357,13,2020,11,7,7,19,20,187,1480,1,2,2,4,3,1,5,1,0,0,34,34.50673889,-83.92956111,12,1,1,2,3,1,0,2,1,0,19,20,19,25,,
131359,13,2020,11,8,1,3,15,225,830,1,1,1,1,4,1,4,2,0,0,4,32.58656389,-83.74835833,35,0,1,3,3,4,0,2,1,0,3,29,3,36,,
131360,13,2020,11,8,1,16,56,181,3180,1,1,1,1,4,1,7,2,0,0,1,33.87071667,-82.46978333,41,0,0,1,1,5,0,5,1,0,17,0,17,14,17,37
131361,13,2020,11,8,1,11,25,205,880,1,1,1,1,3,1,4,1,0,0,112,31.23258333,-84.20741111,33,0,0,1,1,4,0,1,1,0,11,8,11,14,11,22
131362,13,2020,11,8,1,2,50,135,0,1,1,1,1,1,2,1,1,1,0,168,34.05115556,-84.01715556,42,0,1,98,1,4,0,2,1,0,,,,,,
131363,13,2020,11,8,1,1,14,117,0,1,1,1,1,4,2,7,2,0,0,11,34.23408611,-84.05685,1,0,0,1,1,1,0,2,1,0,1,15,1,23,,
131364,13,2020,11,8,1,0,45,293,,1,2,2,3,4,1,6,2,0,0,14,32.9878,-84.29973333,12,7,0,1,1,1,0,2,1,0,0,50,0,55,1,15
131365,13,2020,11,10,3,21,31,77,0,1,4,4,4,1,1,1,1,1,0,66,33.323025,-84.77818611,12,1,0,1,1,1,0,2,2,0,21,34,21,41,,
131366,13,2020,11,10,3,18,4,233,4730,1,2,2,3,3,1,3,1,1,0,196,34.00878889,-85.10959722,12,6,0,1,1,1,0,2,2,0,18,16,18,22,,
131367,13,2020,11,10,3,18,58,135,0,1,3,3,6,1,2,1,1,1,0,37,33.92755,-84.17771667,25,0,0,1,1,3,0,3,2,0,,,,,,
131368,13,2020,9,16,4,19,20,15,980,1,2,2,2,1,2,2,1,1,0,126,34.21524722,-84.75468889,12,1,0,1,1,1,0,5,2,0,,,,,,
131369,13,2020,10,6,3,8,35,157,,1,2,2,5,3,2,3,1,1,0,169,34.20555556,-83.71900556,12,2,0,1,1,1,1,1,1,0,8,41,8,41,9,28
131370,13,2020,11,13,6,2,36,121,0,1,3,3,5,3,2,2,1,1,0,84,33.93281111,-84.35768611,11,0,0,1,1,1,1,2,1,0,2,36,2,40,3,5
131372,13,2020,10,18,1,0,29,135,5080,1,2,2,3,3,2,2,1,1,0,,33.85606944,-83.99410278,12,2,0,1,1,1,0,2,1,0,0,30,0,37,1,0
131373,13,2020,11,11,4,22,0,89,0,1,2,2,4,7,2,7,1,0,0,60,33.92719444,-84.274225,12,1,0,1,1,1,0,2,2,0,22,2,22,12,22,29
131374,13,2020,11,11,4,20,18,251,5330,1,1,1,1,4,1,5,2,0,0,70,32.62390278,-81.619725,5,0,0,1,1,1,0,2,10,0,19,52,20,9,21,0
131375,13,2020,11,11,4,21,31,67,0,1,2,2,2,3,2,3,1,1,0,7,33.82483333,-84.48906111,12,1,1,3,2,1,0,2,2,0,21,31,21,39,,
131377,13,2020,11,24,3,18,38,227,2910,1,2,2,2,3,1,3,1,1,0,75,34.46523889,-84.45855556,12,6,0,2,2,1,0,2,1,0,18,41,18,44,19,30
131378,13,2020,11,11,4,0,55,35,0,2,4,4,6,1,1,1,1,1,0,2017,33.21726389,-84.06834167,12,1,0,1,1,1,0,2,10,0,1,0,1,10,1,58
131379,13,2020,11,12,5,18,8,85,0,1,2,2,3,3,1,3,1,1,0,129,34.38515278,-84.07551944,12,6,0,2,2,1,0,2,1,0,18,20,18,22,,
131380,13,2020,11,12,5,5,37,29,1975,1,1,1,1,3,1,2,1,1,0,72,32.15598889,-81.42961667,57,0,0,1,1,3,0,2,10,0,5,58,6,7,,
131381,13,2020,11,13,6,6,33,301,0,1,2,2,2,1,1,1,1,1,0,118,33.49342778,-82.63089722,24,0,0,1,1,3,0,2,1,0,6,39,6,55,,
131382,13,2020,9,24,5,13,43,63,0,1,2,2,3,4,2,4,2,0,0,2,33.61938889,-84.4206,12,6,0,1,1,1,0,1,2,0,13,50,13,57,14,22
131383,13,2020,11,13,6,14,34,125,0,1,2,2,2,3,1,4,1,0,0,0,33.32725556,-82.55978056,12,6,0,2,2,1,0,1,1,0,14,31,14,46,,
131384,13,2020,11,13,6,13,1,135,0,1,2,2,2,4,2,3,2,1,0,19,33.93245,-84.12028333,12,6,0,2,3,1,0,1,1,0,,,,,,
131385,13,2020,11,13,6,17,30,77,3950,1,1,1,1,4,2,7,2,0,0,5,33.40771944,-84.72739722,42,0,0,1,1,3,0,5,1,0,17,49,17,53,,
131386,13,2020,11,14,7,7,30,139,0,2,2,2,2,3,1,3,1,1,0,245,34.47259722,-83.77081667,12,2,0,1,1,1,0,1,1,0,7,33,7,43,8,3
131387,13,2020,11,14,7,19,17,255,2510,1,1,1,1,3,2,3,1,1,0,63,33.27593056,-84.2912,8,0,0,1,1,1,0,3,1,0,19,16,19,20,19,52
131388,13,2020,11,14,7,3,24,121,4882,1,2,2,2,1,2,1,1,1,0,2,33.91216667,-84.38019722,12,1,0,1,1,1,1,2,1,0,,,,,,
131389,13,2020,11,14,7,19,48,59,270,1,1,1,1,3,1,3,1,0,0,85,33.98268889,-83.37705278,8,0,0,1,1,1,0,2,1,0,19,52,19,59,20,7
131390,13,2020,11,14,7,1,12,217,1380,1,1,1,1,3,2,4,1,0,0,147,33.41766111,-83.84179722,1,0,1,3,3,8,0,2,1,0,,,,,,
131391,13,2020,11,15,1,2,49,277,5490,1,1,1,4,4,1,7,2,0,0,8,31.54420556,-83.51441944,34,0,0,1,1,4,0,2,1,0,2,54,3,6,,
131392,13,2020,11,15,1,9,10,95,90,1,2,2,2,3,2,3,1,1,0,97,31.55441944,-84.11497778,12,2,0,1,1,3,0,1,1,0,9,14,9,25,9,38
131393,13,2020,11,15,1,23,59,171,0,1,1,1,2,3,1,5,1,0,0,166,33.172725,-84.08774444,32,0,0,1,1,4,0,2,1,0,22,59,23,12,23,58
131394,13,2020,11,14,7,3,10,89,1610,1,1,1,1,3,2,4,1,0,0,38,33.73432778,-84.21315833,9,0,0,1,1,1,0,3,1,0,3,26,3,32,3,59
131395,13,2020,11,16,2,9,44,137,1150,1,2,2,3,3,2,5,1,0,0,44,34.59395278,-83.52712778,12,2,0,1,1,1,0,1,1,0,9,41,9,43,9,55
131396,13,2020,11,18,4,19,15,185,0,1,1,1,1,3,2,3,1,1,0,49,30.79894444,-83.37070278,42,0,0,1,1,4,0,2,1,0,18,18,19,27,,
131397,13,2020,11,15,1,3,19,67,3440,1,1,1,2,1,2,1,1,1,0,43,33.91955556,-84.48311944,24,0,1,5,1,4,0,2,1,0,,,,,,
131398,13,2020,12,18,6,19,15,135,0,1,2,1,1,6,2,7,4,0,0,0,34.07736111,-84.001925,14,0,0,1,1,4,0,3,1,0,,,,,,