st_case,state,year,month,day,day_week,hour,minute,county,city,fatals_crash,vehicles_total,vehicles_in_transport,persons_total,route,rural_urban,functional_system,road_owner,nhs,special_jurisdiction,milepoint,latitude,longitude,first_harmful_event,manner_collision,rel_jct_interchange,rel_jct_location,intersection_type,relation_to_road,work_zone,light_condition,weather,school_bus_related,ems_notified_hour,ems_notified_min,ems_arrival_hour,ems_arrival_min,hospital_hour,hospital_min
131561,13,2020,12,23,4,19,24,67,3440,1,1,1,3,3,2,4,1,0,0,665,33.91731389,-84.55100556,8,0,0,1,1,1,0,2,10,0,19,25,19,29,,
131562,13,2020,12,10,5,3,59,67,320,1,2,2,2,3,2,3,1,1,0,71,33.80791667,-84.65404167,12,6,0,2,2,1,0,2,1,0,4,4,4,14,,
131563,13,2020,12,13,1,8,35,179,0,1,1,1,1,3,1,4,1,0,0,159,31.85030833,-81.40613333,24,0,0,1,1,4,0,1,5,0,,,,,,
131564,13,2020,11,17,3,14,4,89,3210,1,1,1,2,4,2,4,2,0,0,16,33.65152778,-84.12508889,35,0,0,1,1,4,0,1,1,0,14,4,14,15,15,15
131565,13,2020,12,25,6,20,2,95,90,1,2,2,3,2,2,2,1,1,0,849,31.59907778,-84.14381667,12,11,0,1,1,1,0,2,1,0,,,,,,
131566,13,2020,12,28,2,16,25,113,0,1,2,2,2,2,2,4,1,0,0,163,33.40385,-84.44340556,12,2,0,1,1,1,1,1,1,0,16,27,16,30,16,
131567,13,2020,12,28,2,0,58,135,0,1,1,1,1,3,2,3,1,1,0,118,33.85521667,-83.93639167,42,0,0,1,1,4,0,3,1,0,,,,,,
131568,13,2020,12,31,5,0,43,121,280,1,1,1,1,3,2,4,1,0,0,9,33.82498333,-84.36720278,8,0,0,1,1,1,0,3,1,0,,,,,,
131569,13,2020,7,28,3,1,42,121,280,1,2,2,1,1,2,1,1,1,0,12,33.76598611,-84.52605278,12,6,0,1,1,1,0,2,1,0,1,23,1,40,,
131570,13,2020,12,19,7,3,57,231,0,1,1,1,1,3,1,5,1,0,0,163,33.05650278,-84.29003333,34,0,0,1,1,4,0,2,1,0,,,,,,
131571,13,2020,10,30,6,14,31,187,,1,2,2,4,3,2,3,1,0,0,43,34.47007778,-84.08929444,12,1,0,2,3,1,0,1,1,0,14,32,14,33,14,39
131572,13,2020,6,19,6,10,20,77,3950,1,2,2,5,5,2,4,4,0,0,0,33.36376944,-84.71231111,12,6,0,2,2,1,0,1,1,0,10,29,10,35,10,55
131573,13,2020,6,20,7,22,30,135,,1,2,2,2,4,2,4,2,0,0,6,33.82732222,-84.12548333,12,6,0,2,3,1,0,3,1,0,22,31,22,36,23,10
131574,13,2020,6,27,7,1,22,17,,1,1,1,2,4,1,7,2,0,0,28,31.7438,-83.03958333,35,0,0,1,1,4,0,2,2,0,1,24,2,0,2,51
131576,13,2020,7,14,3,2,35,89,,1,2,2,3,1,2,1,1,1,0,118,33.70331389,-84.16812778,12,1,0,1,1,1,0,2,1,0,2,44,2,50,3,14
131577,13,2020,7,25,7,23,28,51,,1,1,1,2,4,2,3,2,0,0,4,32.07200278,-81.06711389,8,0,0,1,1,1,0,2,1,0,23,31,23,38,,
131579,13,2020,8,25,3,19,48,91,,1,1,1,3,4,1,6,2,0,0,44,32.26822222,-83.30015,1,0,0,1,1,4,0,1,10,0,20,2,20,47,21,20
131580,13,2020,9,1,3,21,43,135,,1,1,1,1,3,2,4,1,0,0,197,33.91476111,-83.97094167,8,0,0,1,1,1,0,2,10,0,21,46,21,51,,
131581,13,2020,9,9,4,16,54,179,2730,1,1,1,1,6,2,6,4,0,0,0,31.84986667,-81.59261667,42,0,0,1,1,4,0,1,1,0,16,54,16,56,,
131582,13,2020,10,10,7,23,28,135,,1,2,2,5,4,2,4,2,0,0,16,33.84030278,-84.13111111,12,6,0,2,2,1,0,2,2,0,23,34,23,41,0,20
131583,13,2020,10,12,2,21,20,227,2910,1,2,2,2,3,1,3,1,0,0,52,34.43785833,-84.43784167,8,0,0,3,3,1,0,2,1,0,21,26,21,26,,
131584,13,2020,11,11,4,7,23,271,,1,1,1,1,3,1,3,1,1,0,28,32.026275,-83.0373,42,0,0,1,1,4,0,1,4,0,7,21,7,32,8,25
131585,13,2020,11,16,2,5,10,89,,1,1,1,2,1,2,1,1,1,0,211,33.69891389,-84.2708,24,0,0,1,1,4,0,2,1,0,5,4,5,20,6,15
131586,13,2020,12,8,3,17,5,55,,1,1,1,2,3,1,7,1,0,0,0,34.522675,-85.48173333,35,0,0,1,1,4,0,1,1,0,17,10,17,27,18,19
131587,13,2020,12,10,5,12,45,189,,1,1,1,1,4,1,7,2,0,0,17,33.46921667,-82.39701944,18,0,0,1,1,4,0,1,1,0,12,55,13,12,13,46
131588,13,2020,12,23,4,18,0,179,,2,2,2,6,3,2,3,1,1,0,136,31.81094722,-81.49860833,12,6,0,1,1,1,0,2,1,0,18,0,18,19,19,5
150001,15,2020,1,1,4,2,52,7,1500,1,2,2,3,4,2,6,2,0,0,,21.90914444,-159.59435,12,6,0,2,2,1,0,3,10,0,2,52,2,52,3,48
150002,15,2020,1,1,4,15,7,1,9997,1,1,1,1,3,2,3,1,1,0,580,20.02430833,-155.68061944,8,0,0,1,1,2,0,1,1,0,15,7,15,12,,
150003,15,2020,1,2,5,20,15,9,9995,1,1,1,2,4,2,4,2,0,0,,20.87660556,-156.67816111,8,0,0,3,2,1,0,3,10,0,20,17,20,22,,
150004,15,2020,1,9,5,0,55,3,6625,1,3,1,1,1,2,1,1,1,0,,21.4626,-157.99820278,8,0,0,1,1,2,0,2,2,0,0,58,1,4,1,51
150005,15,2020,1,10,6,22,44,9,4800,1,2,2,3,4,2,5,2,0,0,,20.78147222,-156.46269722,12,2,0,2,3,1,0,3,2,0,22,44,22,47,23,27
150006,15,2020,1,11,7,17,40,3,501,1,2,2,4,4,2,7,2,0,0,,21.31844444,-158.00696944,12,6,0,2,2,1,0,5,2,0,17,43,17,58,18,24
150007,15,2020,1,12,1,19,35,3,3000,1,1,1,1,3,2,3,1,1,0,,21.37795278,-157.75104444,8,0,0,1,1,1,0,2,2,0,19,38,19,44,19,56
150008,15,2020,1,19,1,22,0,3,9605,1,1,1,1,3,2,2,1,1,0,,21.41948611,-158.00590556,8,0,0,3,2,1,0,3,1,0,22,4,22,7,22,39
150009,15,2020,1,22,4,9,18,1,4150,1,2,2,2,3,2,4,1,0,0,,19.54681111,-154.97839167,12,6,0,2,3,1,0,1,1,0,9,19,9,25,10,3
150010,15,2020,1,22,4,23,28,1,7700,1,1,1,1,3,1,3,1,0,0,220,19.36430278,-154.96285833,8,0,0,1,1,1,0,2,1,0,23,30,23,52,,
150011,15,2020,1,25,7,22,30,3,6275,2,2,2,3,3,2,3,1,1,0,,21.40892778,-158.17712222,25,0,0,1,1,4,1,3,1,0,22,36,23,5,,
150012,15,2020,2,10,2,0,26,1,3002,1,2,2,4,3,2,3,1,1,0,790,19.87955556,-155.90065278,12,8,0,1,1,1,0,2,1,0,0,30,0,42,,
150013,15,2020,2,11,3,21,5,3,9997,2,2,2,4,3,2,3,1,1,0,,21.60091389,-157.89778333,12,6,0,1,1,1,0,3,10,0,21,14,21,28,,
150014,15,2020,2,29,7,19,1,1,9260,1,3,3,4,3,2,3,1,0,0,20,19.91457222,-155.83250556,12,8,0,1,1,1,0,2,1,0,19,2,19,8,19,46
150015,15,2020,3,2,2,20,55,3,2400,1,1,1,1,3,2,3,1,1,0,,21.31485833,-157.86732222,8,0,0,1,1,1,0,3,1,0,21,2,21,13,21,28
150016,15,2020,3,18,4,5,18,3,2400,1,1,1,1,3,2,2,1,1,0,,21.33999167,-157.86796111,8,0,0,3,3,1,0,3,1,0,5,22,5,29,,
150017,15,2020,3,29,1,17,3,3,9100,1,1,1,1,4,2,4,2,0,0,,21.57614167,-158.11053611,5,0,0,1,1,1,0,1,1,0,17,3,17,9,17,25
150018,15,2020,4,1,4,9,21,9,3628,1,1,1,1,3,1,3,1,0,0,310,21.00850833,-156.64673611,35,0,0,1,1,4,0,1,1,0,9,22,9,32,,
150019,15,2020,4,2,5,11,0,3,3627,1,4,4,6,4,2,6,2,0,0,,21.33155556,-158.04474444,12,1,0,1,1,1,0,1,1,0,11,2,11,13,12,2
150020,15,2020,4,4,7,18,20,3,9605,1,1,1,1,1,2,1,1,1,0,,21.42186111,-157.99466111,35,0,0,1,1,3,0,1,1,0,18,18,18,26,,
150021,15,2020,3,21,7,1,54,1,3002,1,1,1,1,4,2,4,2,0,0,,19.62371667,-155.98553611,38,0,0,1,1,4,1,3,1,0,2,5,2,12,,
150022,15,2020,2,13,5,6,0,1,4150,1,2,2,2,3,1,4,1,0,0,20,19.60230556,-155.02431389,8,0,0,1,1,1,0,2,1,0,6,2,6,12,,
150023,15,2020,4,18,7,17,57,1,2000,1,2,2,3,3,2,3,1,0,0,30,19.60396389,-155.94841667,12,2,0,1,1,1,0,1,2,0,17,59,18,9,18,45
150024,15,2020,5,16,7,21,50,3,2400,1,2,2,3,3,2,3,1,1,0,,21.28163056,-157.7121,12,2,0,1,1,1,0,3,1,0,21,53,22,9,22,57
150025,15,2020,5,18,2,8,13,3,6275,1,1,1,1,4,2,6,2,0,0,0,21.42623333,-158.16911944,30,0,0,1,1,4,0,1,98,0,,,,,,
150026,15,2020,5,19,3,20,0,3,8900,1,1,1,2,1,2,1,1,1,0,,21.48761389,-158.02614722,8,0,0,1,1,1,0,2,2,0,20,5,20,9,,
150027,15,2020,5,25,2,13,21,9,6260,1,2,2,4,3,2,3,1,1,0,60,20.79546389,-156.51149444,12,6,0,2,3,1,0,1,1,0,13,22,13,27,,
150028,15,2020,6,2,3,20,20,3,9600,1,2,2,4,3,2,3,1,1,0,5,21.39156389,-158.03578333,12,1,0,1,1,1,0,3,1,0,20,23,20,32,,
150029,15,2020,6,2,3,10,13,1,1900,1,2,2,2,3,1,3,1,0,0,85,19.68202222,-155.18939167,12,6,0,2,3,1,0,1,10,0,10,14,10,26,,
150030,15,2020,6,7,1,1,15,3,1000,1,1,1,2,4,2,4,2,0,0,,21.57493889,-158.10643333,35,0,0,1,1,4,0,3,98,0,1,16,1,22,1,45
150032,15,2020,6,12,6,14,11,3,2400,1,1,1,2,1,2,1,1,1,0,,21.33928889,-157.92795556,25,0,0,1,1,3,0,1,1,0,14,11,14,18,14,34
150033,15,2020,6,16,3,4,56,3,3627,1,2,2,2,1,2,1,1,1,0,,21.37669722,-158.04599444,12,1,0,1,1,1,0,4,1,0,5,6,5,20,,
150034,15,2020,6,19,6,15,0,3,3500,1,1,1,1,4,2,4,2,0,0,,21.39573333,-157.80675833,8,0,0,4,1,1,0,1,10,0,15,0,15,6,,
150035,15,2020,6,27,7,5,22,3,100,1,1,1,1,3,2,3,1,1,0,,21.37193611,-157.93370556,8,0,0,3,3,1,0,3,10,0,5,24,5,26,,
150036,15,2020,7,6,2,2,58,3,3000,1,1,1,4,3,2,3,1,1,0,,21.36450278,-157.78100278,25,0,0,1,1,3,0,3,1,0,3,5,3,13,3,47
150037,15,2020,4,20,2,5,27,3,6625,1,1,1,1,4,2,6,2,0,0,,21.44421667,-158.01628056,30,0,0,1,1,4,0,3,1,0,5,30,5,40,6,8
150038,15,2020,6,21,1,4,33,1,9997,1,1,1,2,4,1,4,2,0,0,,19.09103056,-155.78926111,35,0,0,3,3,4,0,2,10,0,4,33,4,45,6,4
150039,15,2020,7,12,1,20,23,9,2900,1,1,1,3,4,2,4,2,0,0,,20.89099444,-156.47393889,8,0,0,1,1,1,0,2,1,0,20,24,20,30,,
150040,15,2020,7,11,7,17,29,3,100,1,1,1,3,1,2,1,1,1,0,,21.39376111,-157.95743889,1,0,0,20,1,1,0,1,1,0,17,34,17,40,18,3
150041,15,2020,5,13,4,20,0,7,6200,1,1,1,1,3,2,3,1,1,0,,22.00790278,-159.34581667,8,0,0,1,1,2,0,2,10,0,20,7,20,16,20,28
150042,15,2020,7,18,7,6,44,1,6700,1,2,2,4,3,1,4,1,0,0,170,19.52349167,-155.13571944,12,6,0,1,1,1,0,4,2,0,6,43,6,44,7,42
150043,15,2020,7,19,1,1,55,3,3500,1,1,1,1,3,2,3,1,0,0,,21.43821944,-157.81184722,30,0,0,1,1,4,0,3,1,0,2,3,2,11,,
150044,15,2020,6,19,6,12,45,7,5100,1,2,2,3,3,1,4,1,0,0,70,21.94954722,-159.46710278,12,6,0,1,1,1,0,1,2,0,12,49,13,2,13,34
150045,15,2020,6,28,1,23,55,7,6100,1,1,1,1,4,2,6,2,0,0,0,21.92139444,-159.49989167,38,0,0,1,1,4,0,2,10,0,0,7,0,17,,
150046,15,2020,7,6,2,18,10,7,8375,1,1,1,1,3,1,4,1,0,0,270,22.20894722,-159.45400833,35,0,0,1,1,4,0,1,10,0,18,15,18,23,,
150047,15,2020,8,1,7,3,40,3,3500,2,1,1,3,3,2,3,1,1,0,,21.37981111,-157.81173333,33,0,0,1,1,3,0,3,1,0,3,44,3,52,4,32
150048,15,2020,7,22,4,7,25,3,3000,1,1,1,1,4,2,4,2,0,0,,21.39001944,-157.74003611,9,0,0,8,1,4,0,1,1,0,7,30,7,34,8,2
150050,15,2020,7,19,1,14,0,3,5700,1,2,2,3,3,2,3,1,1,0,,21.65673611,-157.93085278,12,2,0,1,1,1,0,1,2,0,14,6,14,11,,
150051,15,2020,8,12,4,6,3,3,3500,1,1,1,1,1,2,1,1,1,0,,21.38574722,-157.78162222,52,0,0,1,1,3,0,1,2,0,6,1,6,10,,
150052,15,2020,8,1,7,1,43,1,3002,1,1,1,1,4,2,5,2,0,0,,19.717775,-155.98135,30,0,0,1,1,4,0,6,1,0,1,44,1,54,2,42
150053,15,2020,8,27,5,4,10,3,100,1,3,2,2,1,2,1,1,1,0,,21.36028333,-157.93061944,14,0,0,1,1,2,0,2,1,0,4,9,4,22,,
150054,15,2020,8,30,1,14,0,3,501,1,2,2,3,3,2,3,1,0,0,,21.37411944,-158.04132778,12,8,0,1,1,1,0,1,1,0,14,16,14,16,14,41
150055,15,2020,9,3,5,6,45,3,3000,1,3,1,1,4,2,5,2,0,0,,21.38312222,-157.73978889,8,0,0,1,1,4,0,1,1,0,6,33,6,39,7,6
150056,15,2020,9,15,3,,,3,1000,1,1,1,1,3,2,3,1,1,0,80,21.66575278,-158.04916111,9,0,0,1,1,2,0,3,1,0,5,15,5,30,,
150057,15,2020,8,21,6,23,25,7,6200,1,1,1,1,4,2,4,2,0,0,0,21.97466667,-159.36788056,30,0,0,1,1,4,0,3,10,0,23,31,23,35,23,57
150058,15,2020,9,16,4,3,56,3,9100,1,1,1,1,4,2,4,2,0,0,,21.51299444,-158.04494444,1,0,0,1,1,4,0,3,1,0,4,3,4,12,4,50
150059,15,2020,9,24,5,22,50,3,501,1,2,2,2,3,2,2,1,1,0,57,21.37238056,-158.02585278,30,0,0,1,1,3,0,2,2,0,22,53,23,0,23,27
150060,15,2020,8,27,5,8,50,1,9997,1,1,1,1,4,1,4,2,0,0,,19.097525,-155.80414167,35,0,0,1,1,4,0,1,1,0,8,57,9,8,,
150061,15,2020,10,2,6,,,3,8900,1,1,1,1,3,2,3,1,1,0,,21.52866389,-158.03965556,1,0,0,1,1,4,0,6,99,0,12,38,12,49,,
150062,15,2020,10,7,4,8,45,3,2400,1,1,1,1,4,2,3,2,1,0,,21.29404444,-157.82751667,9,0,0,2,3,1,0,1,1,0,8,46,8,50,9,16
150063,15,2020,10,18,1,3,43,3,8200,1,1,1,1,4,2,5,2,0,0,,21.41374444,-157.96303056,33,0,0,1,1,4,0,3,1,0,3,50,3,54,4,18
150064,15,2020,10,19,2,4,42,3,6900,1,1,1,2,3,2,3,1,1,0,,21.382925,-158.14702778,8,0,0,3,3,1,0,3,10,0,4,41,4,47,,
150065,15,2020,10,27,3,18,55,3,2400,1,1,1,1,3,2,3,1,1,0,,21.32418889,-157.88215278,9,0,0,3,2,1,0,3,1,0,18,58,19,6,19,24
150066,15,2020,10,30,6,4,50,3,2400,1,1,1,1,3,2,2,1,1,0,,21.27779167,-157.77850833,8,0,0,1,1,1,0,3,1,0,4,53,5,1,,
150067,15,2020,11,8,1,0,50,3,8900,2,1,1,2,4,2,4,2,0,0,,21.54111667,-158.03541389,31,0,0,1,1,4,0,3,1,0,0,54,1,13,,
150068,15,2020,11,13,6,21,15,3,6900,1,1,1,1,3,2,3,1,1,0,,21.38291944,-158.14703333,8,0,0,3,3,1,0,3,1,0,21,19,21,27,22,4
150069,15,2020,11,27,6,11,25,3,5900,1,2,2,4,4,2,3,2,1,0,,21.40661944,-157.76621389,12,6,1,2,3,1,0,1,1,0,11,32,11,42,12,14
150070,15,2020,11,24,3,18,0,3,6900,1,1,1,4,3,2,3,1,1,0,0,21.36990278,-158.13609444,8,0,0,1,1,1,0,3,1,0,18,6,18,12,18,42
150071,15,2020,11,11,4,4,54,1,1900,1,2,2,4,4,2,5,2,0,0,,19.70846389,-155.09469444,12,6,0,2,2,1,0,3,2,0,4,53,4,53,,
150072,15,2020,11,30,2,0,20,1,9997,1,1,1,1,3,1,3,1,1,0,660,20.01975833,-155.80171389,35,0,0,1,1,4,0,6,1,0,0,22,0,33,0,56
150073,15,2020,12,10,5,18,1,9,4800,1,2,2,2,3,2,3,1,1,0,100,20.69548056,-156.43202222,12,6,0,2,2,1,0,3,1,0,18,1,18,7,18,38
150074,15,2020,12,13,1,11,48,9,2900,1,2,2,2,4,2,5,2,0,0,,20.87974167,-156.45706944,12,6,0,2,3,1,0,1,10,0,11,48,11,55,12,10
150075,15,2020,12,17,5,15,40,3,9200,1,2,2,2,4,2,5,2,0,0,,21.44311667,-158.185775,12,6,0,2,2,1,0,1,1,0,15,41,15,52,16,14
150076,15,2020,12,18,6,23,50,3,100,1,1,1,1,4,2,4,2,0,0,,21.36749444,-157.92548056,8,0,0,3,4,1,4,3,10,0,23,52,23,59,0,32
150077,15,2020,12,22,3,21,31,3,3000,1,2,2,3,3,2,2,1,1,0,,21.37723056,-157.76680833,12,6,0,1,1,1,0,3,1,0,21,35,21,37,22,33
150078,15,2020,12,24,5,23,16,9,8500,1,2,2,2,3,2,3,1,1,0,50,20.85971667,-156.36744444,12,2,0,1,1,1,0,2,1,0,23,17,23,28,,
150079,15,2020,12,22,3,,,3,9997,1,1,1,1,1,2,1,1,1,0,,21.38431111,-158.03608333,34,0,1,5,1,4,0,6,1,0,9,57,10,7,,
150080,15,2020,12,24,5,18,18,9,6260,1,1,1,1,3,1,3,1,1,0,70,20.78071389,-156.52135,18,0,0,1,1,2,0,2,1,0,18,18,18,21,19,11
150081,15,2020,12,24,5,23,28,3,2400,1,1,1,1,4,2,5,2,0,0,,21.27534444,-157.82231667,8,0,0,1,1,1,0,3,1,0,23,26,23,28,23,57
150082,15,2020,12,31,5,20,32,9,600,1,1,1,1,4,2,4,2,0,0,,20.91898611,-156.284825,35,0,0,1,1,4,0,2,2,0,20,33,20,58,21,40
150083,15,2020,12,24,5,16,5,7,5100,1,2,2,5,3,1,3,1,0,0,64,21.94637222,-159.47587778,12,6,0,1,1,1,0,1,1,0,16,5,16,24,16,43
160001,16,2020,1,2,5,22,17,27,0,1,2,2,3,5,1,5,25,0,0,0,43.53217222,-116.49351944,12,6,0,2,2,1,0,2,1,0,22,18,22,30,,
160002,16,2020,1,11,7,5,6,23,0,1,2,2,2,2,1,3,98,1,0,2759,43.48953056,-112.85403056,12,2,0,1,1,1,0,4,4,0,5,15,5,28,,
160003,16,2020,1,2,5,10,50,27,0,1,3,3,3,5,1,5,25,0,0,0,43.50283333,-116.53310556,12,6,0,2,2,1,0,1,10,0,10,51,10,53,,
160004,16,2020,1,18,7,13,44,55,0,1,2,2,4,3,1,4,1,0,0,124,47.87781389,-116.85611944,12,6,0,1,1,1,0,1,4,0,13,44,14,3,,
160005,16,2020,2,14,6,12,57,47,0,1,2,2,3,3,1,5,1,0,0,1104,42.91616667,-114.71284444,24,0,0,1,1,4,0,1,1,0,13,0,13,1,,
160006,16,2020,2,1,7,8,45,83,0,1,2,2,2,5,1,5,98,0,0,0,42.53476111,-114.54139167,12,2,0,2,3,1,0,1,1,0,8,47,8,54,,
160007,16,2020,1,24,6,19,34,45,0,1,1,1,1,5,1,7,98,0,0,0,43.90462778,-116.71235556,38,0,0,1,1,4,0,2,1,0,19,33,19,45,,
160008,16,2020,2,24,2,20,59,47,0,1,1,1,1,5,1,7,98,0,0,0,42.95073889,-114.7326,34,0,0,1,1,4,0,2,1,0,20,59,21,3,,
160009,16,2020,2,13,5,6,36,23,0,1,3,3,3,2,1,3,1,1,0,2534,43.60987222,-113.21904722,12,1,0,1,1,1,0,2,5,0,6,40,6,47,,
160010,16,2020,2,6,5,13,9,19,0,1,2,2,2,2,1,3,1,1,0,3905,43.32034722,-111.15841111,12,2,0,2,3,1,0,1,4,0,13,10,13,25,,
160011,16,2020,2,13,5,19,7,55,1460,1,1,1,1,1,2,1,1,1,0,30,47.70966389,-116.99759167,8,0,0,1,1,1,0,3,10,0,19,8,19,13,,
160012,16,2020,3,5,5,17,40,47,0,1,1,1,1,3,1,5,1,0,0,1257,43.12540833,-114.65989444,35,0,0,1,1,4,0,1,10,0,17,45,17,59,,
160013,16,2020,2,4,3,18,8,55,1460,1,3,3,2,1,2,1,1,1,0,0,47.71296667,-116.9509,12,6,1,5,1,2,0,2,10,0,18,17,18,19,,
160014,16,2020,2,5,4,17,46,1,0,1,2,2,4,3,1,3,1,1,0,1075,43.79675556,-116.48168333,12,6,0,1,1,1,0,5,10,0,17,47,17,57,,
160015,16,2020,2,18,3,17,13,69,960,1,2,2,2,2,2,3,1,1,0,3109,46.43367778,-116.97415556,12,1,0,1,1,1,0,1,1,0,17,18,17,24,,
160016,16,2020,1,2,5,18,24,1,160,1,2,2,3,5,2,7,25,0,0,,43.69643611,-116.22802222,12,6,0,1,1,1,0,2,10,0,18,24,18,40,,9
160017,16,2020,2,28,6,20,12,15,760,1,1,1,2,3,1,3,1,1,0,650,43.92136667,-116.19494722,8,0,0,1,1,1,0,2,1,0,20,14,20,20,,
160018,16,2020,2,4,3,15,36,21,170,1,2,2,2,2,1,3,1,1,0,4930,48.52057222,-116.44048056,12,2,0,1,1,1,0,1,4,0,15,35,15,54,,
160019,16,2020,2,27,5,18,11,27,1200,1,1,1,1,5,2,7,98,0,0,0,43.55004167,-116.58769444,1,0,0,1,1,1,0,5,1,0,18,13,18,18,,
160020,16,2020,2,29,7,15,55,39,0,1,1,1,2,5,1,7,98,0,0,0,43.21119722,-115.68748333,17,0,0,1,1,4,0,1,10,0,15,57,16,7,,
160021,16,2020,3,24,3,4,30,5,0,1,1,1,1,5,2,4,2,0,0,0,42.88836111,-112.40664444,1,0,0,1,1,4,0,2,1,0,,,,,,
160022,16,2020,3,23,2,18,5,65,0,1,2,2,2,3,1,4,1,0,0,1179,43.86408889,-111.40721389,12,2,0,1,1,1,0,1,1,0,18,5,18,30,,
160023,16,2020,3,16,2,16,5,19,0,1,4,4,5,5,1,3,1,1,0,0,43.43950833,-112.07875833,12,6,0,2,2,1,0,1,1,0,16,7,16,9,,
160024,16,2020,3,12,5,8,47,61,0,1,1,1,1,5,1,5,25,0,0,0,46.24144167,-116.53544167,35,0,0,1,1,4,0,1,1,0,,,,,,
160025,16,2020,3,10,3,16,11,55,0,1,2,2,2,3,1,3,1,1,0,8,47.74196944,-117.02748611,12,2,0,1,1,1,0,1,1,0,16,19,16,31,,
160026,16,2020,3,27,6,6,9,75,0,1,1,1,1,3,1,4,1,0,0,57,44.04280833,-116.87500833,1,0,0,1,1,4,0,4,1,0,6,10,6,22,,
160027,16,2020,4,3,6,13,43,27,0,1,2,2,2,5,1,5,25,0,0,0,43.64700833,-116.87173889,12,6,0,2,2,1,0,1,10,0,13,45,13,53,,
160028,16,2020,4,18,7,19,23,19,0,1,3,3,3,2,1,3,1,1,0,2860,43.5279,-112.26373889,12,2,0,1,1,1,0,1,1,0,19,25,19,38,,
160029,16,2020,4,7,3,20,28,17,0,1,1,1,1,2,1,2,1,1,0,4565,48.04117222,-116.64186111,34,0,0,1,1,4,0,2,1,0,20,27,20,34,,
160030,16,2020,4,23,5,21,50,73,0,1,2,2,2,2,1,3,1,1,0,105,43.37395833,-116.91628056,12,2,0,1,1,1,0,2,1,0,21,51,22,7,,
160031,16,2020,4,25,7,14,49,49,0,1,1,1,2,2,1,3,1,1,0,1824,45.25929444,-116.33905556,9,0,0,1,1,1,0,1,10,0,14,50,15,58,,
160032,16,2020,5,2,7,21,54,53,0,1,1,1,1,3,1,4,1,0,0,126,42.66423889,-114.33311667,1,0,0,1,1,4,0,2,1,0,21,55,22,8,,
160033,16,2020,2,28,6,19,0,1,1070,1,2,2,3,3,2,3,1,1,0,0,43.63727778,-116.35419167,12,1,0,1,1,1,0,3,1,0,19,1,19,8,,
160034,16,2020,4,29,4,5,46,27,0,1,2,2,5,5,2,3,25,0,0,0,43.63338889,-116.71309722,12,6,0,2,2,1,0,2,1,0,5,48,5,56,,
160035,16,2020,5,3,1,15,7,5,0,2,2,2,6,2,1,3,1,1,0,3672,42.61722778,-112.08150556,12,8,0,1,1,1,0,1,1,0,15,11,15,35,,
160036,16,2020,2,11,3,15,3,13,0,1,1,1,1,3,1,4,1,0,0,0,43.6522,-114.34806667,34,0,0,1,1,4,0,1,1,0,15,4,15,6,,
160037,16,2020,5,13,4,13,29,27,1260,1,1,1,1,5,1,5,25,0,0,0,43.71287222,-116.75123611,1,0,0,1,1,4,0,1,10,0,13,33,13,37,,
160038,16,2020,4,15,4,17,52,1,160,1,1,1,1,5,2,4,4,0,0,0,43.61190556,-116.25890556,33,0,0,1,1,4,0,1,1,0,17,52,17,55,,
160039,16,2020,5,7,5,15,46,83,0,1,2,2,5,5,1,5,98,0,0,0,42.34587778,-114.51604722,12,6,0,2,2,1,0,1,1,0,15,49,16,8,,
160040,16,2020,4,5,1,1,58,27,210,1,2,1,4,5,2,5,4,0,0,0,43.61093889,-116.66298889,14,0,0,1,1,2,0,3,1,0,1,59,2,8,,
160041,16,2020,5,15,6,6,0,11,0,2,1,1,2,1,1,1,1,1,0,1050,43.34884167,-112.22435833,35,0,0,1,1,3,0,1,1,0,6,16,6,29,,
160042,16,2020,5,30,7,2,22,83,0,1,1,1,1,5,1,4,1,0,0,0,42.5617,-114.30424722,35,0,0,3,3,4,0,2,10,0,2,24,2,32,,
160043,16,2020,5,7,5,22,33,1,160,2,2,2,4,5,2,4,4,0,0,0,43.64848889,-116.31420278,12,6,1,2,2,1,0,3,1,0,22,34,22,39,,
160044,16,2020,5,7,5,16,18,45,0,1,2,2,4,3,1,3,1,0,0,1111,43.84596111,-116.466575,12,7,0,1,1,1,0,1,1,0,16,18,16,22,,
160045,16,2020,5,2,7,0,58,27,210,1,1,1,2,8,2,3,1,1,0,0,43.65130556,-116.66885556,33,0,0,1,1,4,0,3,1,0,1,3,1,10,,
160046,16,2020,5,16,7,9,32,51,0,1,2,2,3,3,1,4,98,1,0,0,43.84138889,-112.39581944,12,6,0,2,2,1,0,1,1,0,9,35,9,37,,
160047,16,2020,5,30,7,0,1,5,0,1,2,2,4,5,2,4,2,0,0,0,42.88090556,-112.39473056,12,6,0,1,1,1,0,2,1,0,0,1,0,10,,
160048,16,2020,5,31,1,19,5,83,1830,1,2,2,2,5,2,4,1,0,0,0,42.52016111,-114.47965833,12,6,0,2,2,1,0,1,1,0,19,7,19,12,,
160049,16,2020,6,3,4,6,50,69,0,1,2,2,2,2,1,3,1,1,0,194,46.50045,-116.70879722,12,2,0,1,1,1,0,1,1,0,6,55,7,14,,