st_case,state,year,month,day,day_week,hour,minute,county,city,fatals_crash,vehicles_total,vehicles_in_transport,persons_total,route,rural_urban,functional_system,road_owner,nhs,special_jurisdiction,milepoint,latitude,longitude,first_harmful_event,manner_collision,rel_jct_interchange,rel_jct_location,intersection_type,relation_to_road,work_zone,light_condition,weather,school_bus_related,ems_notified_hour,ems_notified_min,ems_arrival_hour,ems_arrival_min,hospital_hour,hospital_min
170512,17,2020,7,20,2,8,30,89,460,2,2,2,3,6,2,5,4,0,0,0,41.80653056,-88.30153889,12,6,0,2,3,1,0,1,1,0,8,31,8,35,,
170513,17,2020,7,20,2,17,21,57,0,1,1,1,1,5,1,7,3,0,0,0,40.44790833,-90.38389167,24,0,0,1,1,4,0,1,1,0,17,21,17,40,,
170514,17,2020,7,21,3,12,40,41,0,1,1,1,1,4,1,7,3,0,0,0,39.81360833,-88.45271944,1,0,0,1,1,4,0,1,99,0,12,40,13,2,,
170515,17,2020,7,22,4,1,57,197,2060,1,1,1,1,3,2,3,1,1,0,63,41.46384722,-87.57702222,8,0,0,1,1,1,0,2,1,0,2,5,2,9,,
170516,17,2020,7,22,4,14,0,31,1670,1,1,1,2,1,2,1,1,1,0,210,41.87323611,-87.81541111,25,0,1,19,1,3,0,1,1,0,14,6,14,14,,
170517,17,2020,7,22,4,17,7,31,8030,1,1,1,1,1,2,1,1,1,0,117,42.04599722,-87.76222222,34,0,0,1,1,4,0,1,1,0,17,7,17,15,,
170518,17,2020,7,22,4,17,10,31,4010,1,2,2,2,6,2,4,4,0,0,0,41.557375,-87.64583611,12,6,0,2,2,1,0,1,1,0,17,11,17,16,,
170519,17,2020,7,22,4,22,15,163,7763,1,1,1,2,6,2,5,2,0,0,0,38.59854444,-90.16068889,8,0,0,1,1,1,0,2,1,0,21,57,22,17,,
170520,17,2020,7,23,5,12,40,143,6850,1,1,1,1,3,2,3,1,1,0,40,40.72486389,-89.59364722,9,0,0,2,2,1,0,1,1,0,,,,,,
170521,17,2020,7,23,5,17,0,179,0,1,1,1,1,1,1,1,1,1,0,234,40.49632778,-89.47194444,34,0,0,1,1,3,0,1,1,0,17,6,17,12,,
170522,17,2020,7,23,5,23,15,163,7763,1,1,1,1,6,2,5,2,0,0,0,38.59766389,-90.16185278,9,0,0,1,1,1,0,2,1,0,23,,,,,
170524,17,2020,7,24,6,13,36,125,0,1,1,1,2,4,1,5,2,0,0,0,40.23165,-89.92318611,35,0,0,1,1,4,0,1,1,0,13,39,13,54,,
170525,17,2020,7,24,6,18,14,21,0,1,2,2,4,4,1,5,2,0,0,0,39.3998,-89.15770833,12,6,0,2,2,1,0,1,1,0,18,17,18,25,,
170526,17,2020,7,24,6,18,15,31,1670,1,1,1,3,6,2,5,4,0,0,0,41.81573056,-87.68153056,30,0,0,1,1,4,0,1,99,0,18,21,18,45,,
170527,17,2020,7,24,6,20,5,31,1670,1,2,2,2,1,2,1,1,1,0,325,41.79318056,-87.63153889,12,1,0,1,1,1,0,1,1,0,20,7,20,17,,
170528,17,2020,7,24,6,23,30,89,460,1,2,2,4,3,2,4,1,0,0,16,41.77341944,-88.31424167,12,2,0,2,2,1,0,3,1,0,22,31,22,36,,
170529,17,2020,7,25,7,11,49,111,9560,1,2,2,2,3,2,3,1,1,0,1550,42.29341389,-88.43325,12,6,0,2,2,1,0,1,1,0,11,49,11,51,,
170530,17,2020,7,26,1,0,29,99,8370,1,1,1,1,3,2,4,1,0,0,389,41.11646944,-88.83546944,42,0,0,1,1,4,0,2,1,0,,,,,,
170531,17,2020,7,26,1,0,43,43,0,1,1,1,2,5,2,7,3,0,0,0,41.77571389,-88.06435833,5,0,0,1,1,1,0,2,1,0,0,46,0,53,,
170532,17,2020,7,26,1,4,50,85,0,1,1,1,1,2,1,3,1,1,0,120,42.44038889,-90.45404167,42,0,0,1,1,4,0,2,1,0,,,,,,
170533,17,2020,7,26,1,22,4,103,0,1,2,1,2,3,1,5,1,0,0,201,41.62823333,-89.12928611,14,0,0,1,1,2,0,2,2,0,22,7,22,15,,
170534,17,2020,7,27,2,10,55,119,0,1,3,3,3,1,2,1,1,1,0,28,38.69857222,-90.03078889,12,2,0,1,1,1,0,1,2,0,11,0,11,10,,
170535,17,2020,7,27,2,17,50,43,2719,1,2,2,2,2,2,3,1,1,0,1947,41.79588056,-88.12231111,12,6,0,2,2,1,0,1,1,0,17,50,17,55,,
170536,17,2020,7,27,2,19,32,31,1670,1,1,1,1,3,2,3,1,1,0,1340,41.91005,-87.71187778,8,0,0,3,2,1,0,1,1,0,,,,,,
170537,17,2020,7,28,3,8,3,31,1670,1,4,4,5,6,2,5,1,0,0,0,41.85621111,-87.71023889,12,6,0,2,2,1,0,1,1,0,8,4,8,7,,
170538,17,2020,7,28,3,9,2,167,8220,1,2,2,2,6,2,4,4,0,0,0,39.79954444,-89.68713889,12,1,0,3,2,1,0,1,1,0,9,5,9,12,,
170539,17,2020,7,28,3,16,8,89,2690,1,1,1,1,6,2,5,4,0,0,0,42.01558611,-88.27321667,9,0,0,6,1,1,0,1,1,0,16,16,16,20,,
170540,17,2020,7,29,4,9,46,197,887,1,2,2,4,3,2,3,1,1,0,0,41.70574722,-88.06852778,12,6,0,2,3,1,0,1,1,0,9,48,9,53,,
170541,17,2020,7,29,4,13,8,97,0,1,2,1,2,1,2,1,31,1,0,181,42.25717222,-87.90178056,14,0,1,5,1,2,0,1,1,0,13,8,13,9,,
170542,17,2020,7,29,4,16,21,197,0,1,5,5,5,1,2,1,1,1,0,1400,41.53846667,-87.96057778,12,1,1,18,1,1,0,1,1,0,4,26,4,36,,
170543,17,2020,7,29,4,21,56,31,1670,1,1,1,1,6,2,98,4,0,0,0,41.90266944,-87.72628611,8,0,0,3,2,1,0,3,1,0,,,,,,
170544,17,2020,7,29,4,22,15,31,1670,1,1,1,1,6,2,3,1,1,0,133,41.86696944,-87.66163611,8,0,0,3,2,1,0,3,1,0,,,,,,
170545,17,2020,7,30,5,16,44,89,8388,1,2,2,2,6,2,4,1,0,0,0,41.77138333,-88.429,12,2,0,1,1,1,0,1,1,0,,,,,,
170546,17,2020,7,31,6,0,12,31,1670,1,1,1,1,6,2,4,1,1,0,0,41.99914167,-87.66065556,8,0,0,1,1,1,0,3,1,0,0,15,0,20,,
170547,17,2020,7,31,6,5,5,43,2440,1,2,2,2,2,2,3,1,1,0,135,41.80611389,-88.0413,8,0,0,1,1,1,0,2,1,0,,,,,,
170548,17,2020,7,31,6,7,14,43,2440,1,1,1,1,2,2,3,1,1,0,1992,41.80746111,-88.03516944,8,0,0,2,3,1,0,1,1,0,7,14,7,15,,
170549,17,2020,7,31,6,8,0,31,3100,1,1,1,1,1,2,1,1,1,0,209,41.87316111,-87.81625833,25,0,1,19,1,3,0,4,1,0,,,,,,
170550,17,2020,7,31,6,10,56,31,1670,1,1,1,1,6,2,3,4,1,0,0,41.73617778,-87.63566111,33,0,0,1,1,4,0,1,1,0,,,,,,
170551,17,2020,7,31,6,15,43,31,1670,1,2,2,3,6,2,3,4,1,0,0,41.80673056,-87.71618889,12,6,0,2,2,1,0,1,1,0,,,,,,
170552,17,2020,7,31,6,17,24,197,7000,1,1,1,1,6,2,7,4,0,0,0,41.65871111,-88.21347222,33,0,0,1,1,4,0,1,1,0,17,24,17,28,,
170553,17,2020,7,31,6,22,30,31,1670,1,1,1,1,1,2,1,1,1,0,158,41.84572778,-87.64664167,25,0,1,19,1,3,0,3,1,0,22,44,22,53,,
170554,17,2020,7,31,6,22,40,31,1670,1,7,3,5,6,2,5,1,0,0,0,41.75623056,-87.63623333,12,6,0,1,1,1,0,2,1,0,22,40,22,41,,
170555,17,2020,2,1,7,17,48,31,3790,1,1,1,1,3,2,3,1,1,0,139,41.62265,-87.66198056,8,0,0,3,2,1,0,2,1,0,,,,,,
170556,17,2020,2,8,7,21,4,143,9997,1,2,2,2,3,2,3,1,0,0,36,40.70277222,-89.62648611,12,2,0,1,1,1,0,2,1,0,,,,,,
170557,17,2020,2,12,4,19,30,31,1670,1,1,1,3,6,2,3,1,1,0,0,41.73483333,-87.72141667,10,0,0,6,1,1,0,3,4,0,19,32,19,34,,
170558,17,2020,2,27,5,11,7,97,4958,1,2,2,2,3,2,3,1,1,0,709,42.21948889,-87.99408056,12,6,0,2,3,1,0,1,1,0,11,7,11,10,,
170559,17,2020,5,5,3,15,0,31,1670,1,2,2,4,6,2,4,4,0,0,0,41.80860833,-87.66497222,12,6,0,2,7,1,0,1,2,0,15,0,15,3,,
170560,17,2020,5,10,1,0,27,31,1670,1,1,1,2,6,2,7,1,0,0,0,41.77456667,-87.58503333,8,0,0,1,1,1,0,3,1,0,0,27,0,39,,
170561,17,2020,5,20,4,7,47,31,1670,1,1,1,1,6,2,5,4,0,0,0,41.86970833,-87.6444,9,0,1,2,2,1,0,1,1,0,7,47,7,48,,
170562,17,2020,5,26,3,,,31,8090,1,2,2,3,3,2,3,1,1,0,3070,41.48090278,-87.63775833,12,6,0,2,2,1,0,1,1,0,,,,,,
170563,17,2020,7,1,4,12,55,43,9290,1,2,2,5,6,2,4,2,0,0,0,41.88813889,-88.10492778,12,6,0,2,2,1,0,1,1,0,12,55,12,57,,
170564,17,2020,7,1,4,19,0,31,3790,1,1,1,2,6,2,7,4,0,0,0,41.60959167,-87.64783333,8,0,0,1,1,1,0,1,1,0,,,,,,
170565,17,2020,7,4,7,17,41,167,0,1,1,1,2,5,1,7,3,0,0,0,39.65554444,-89.50640556,1,0,0,1,1,4,0,2,1,0,20,43,21,4,,
170566,17,2020,7,4,7,12,34,203,0,1,1,1,2,3,1,4,1,0,0,53,40.86118889,-89.33193056,35,0,0,1,1,4,0,1,1,0,12,34,,,,
170567,17,2020,7,10,6,14,38,31,0,1,1,1,1,1,2,1,31,1,0,707,42.04133056,-87.984975,25,0,1,18,1,1,0,1,1,0,14,38,14,40,,
170568,17,2020,6,28,1,15,24,91,4380,1,3,3,5,3,2,3,1,1,0,1842,41.11892222,-87.84534167,12,6,0,2,2,1,0,1,1,0,15,26,15,27,,
170569,17,2020,7,18,7,11,45,141,0,1,1,1,1,5,1,5,2,0,0,0,41.98055278,-89.31922778,35,0,0,1,1,4,0,1,1,0,12,1,12,9,,
170570,17,2020,12,1,3,17,56,119,5652,1,1,1,1,6,2,4,1,0,0,5,38.76158611,-90.08463333,8,0,0,1,1,1,0,2,1,0,,,,,,
170571,17,2020,9,2,4,10,27,31,1670,1,3,3,7,6,2,4,4,0,0,142,41.74882778,-87.64398889,12,6,0,2,2,1,0,1,1,0,,,,,,
170572,17,2020,12,2,4,12,9,31,1670,1,1,1,1,6,2,7,4,0,0,,42.01575833,-87.69786111,8,0,0,1,1,4,0,1,1,0,12,9,12,15,,
170573,17,2020,12,2,4,20,5,31,1670,2,2,2,5,6,2,3,1,1,0,85,41.86581389,-87.754575,12,6,0,2,2,1,0,3,1,0,,,8,10,,
170574,17,2020,12,2,4,23,44,31,1670,1,2,2,3,6,2,3,4,1,0,,41.88776389,-87.62056389,12,6,0,2,2,1,0,3,1,0,,,,,,
170575,17,2020,12,2,4,16,0,19,0,1,2,2,3,4,1,7,3,0,0,77,40.14955556,-88.04781111,12,6,0,2,2,1,0,1,1,0,16,2,16,9,,
170576,17,2020,12,2,4,13,52,165,0,1,1,1,1,3,1,4,1,0,0,0,37.90712222,-88.45310556,34,0,0,1,1,4,0,1,1,0,13,54,13,59,,
170577,17,2020,8,1,7,1,55,203,0,3,2,2,7,3,1,4,1,0,0,254,40.8529,-89.0851,12,6,0,2,2,1,0,2,1,0,1,55,2,3,,
170578,17,2020,12,5,7,23,48,31,1670,1,1,1,1,8,2,5,1,0,0,0,41.75957778,-87.74171667,38,0,0,3,3,5,0,3,1,0,,,,,,
170579,17,2020,12,4,6,18,25,11,0,3,2,2,5,3,1,4,1,0,0,232,41.24840833,-89.68336667,12,6,0,2,2,1,0,2,1,0,,,,,,
170580,17,2020,12,6,1,5,55,31,1670,1,1,1,1,1,2,1,1,1,0,117,41.87375556,-87.72522778,8,0,0,1,1,1,0,3,4,0,6,7,6,37,,
170581,17,2020,12,9,4,3,58,31,1670,1,1,1,1,8,2,3,1,1,0,125,41.80857778,-87.68428611,42,0,0,1,1,4,0,3,1,0,,,4,8,,
170582,17,2020,12,3,5,14,21,75,0,1,1,1,2,5,1,7,3,0,0,20,40.97655278,-87.77099444,34,0,0,1,1,4,0,1,1,0,14,22,14,34,,
170583,17,2020,12,6,1,9,45,49,5740,1,1,1,1,6,1,7,4,0,0,3,39.16335278,-88.38219167,10,0,0,6,1,1,0,1,1,0,,,,,,
170584,17,2020,12,3,5,21,40,147,0,1,1,1,1,1,1,1,1,1,0,83,40.03743056,-88.59440833,1,0,1,19,1,3,0,2,1,0,21,45,21,55,,
170585,17,2020,12,9,4,1,52,49,0,1,1,1,1,1,2,1,1,1,0,0,39.09281944,-88.58558889,1,0,1,5,1,1,0,3,1,0,,,,,,
170586,17,2020,12,9,4,16,21,55,0,1,2,2,2,5,2,7,3,0,0,17,38.05235278,-89.09524444,12,6,0,2,2,1,0,1,1,0,,,,,,
170587,17,2020,12,12,7,18,0,31,280,1,1,1,1,2,2,3,1,1,0,50,42.10345,-87.96675,8,0,0,1,1,1,0,2,1,0,18,2,18,6,,
170588,17,2020,12,13,1,18,15,89,460,1,1,1,2,6,2,7,4,0,0,0,41.77234722,-88.28244444,42,0,0,1,1,5,0,3,10,0,18,16,18,19,,
170589,17,2020,12,9,4,6,33,111,9560,2,2,2,3,2,2,3,1,1,0,127,42.29490278,-88.4332,12,1,0,2,2,1,0,3,1,0,6,33,6,38,,
170590,17,2020,12,9,4,22,4,97,504,1,2,2,2,1,2,1,31,1,0,232,42.18865278,-87.88012222,12,1,0,1,1,1,0,3,1,0,22,6,22,19,,
170591,17,2020,12,10,5,15,24,103,0,1,2,2,2,2,1,3,1,1,0,23,41.873575,-89.51395556,12,6,0,2,2,1,0,1,1,0,15,24,15,34,,
170592,17,2020,12,10,5,19,40,31,0,1,2,2,2,1,2,1,31,1,0,655,42.060575,-88.05161667,12,1,0,1,1,1,0,3,1,0,19,40,19,42,,
170593,17,2020,12,12,7,2,59,31,1730,4,1,1,4,8,2,3,1,1,0,80,41.86550833,-87.76478333,19,0,0,1,1,5,0,2,2,0,,,3,13,,
170594,17,2020,12,11,6,23,28,95,0,1,1,1,2,6,2,4,4,0,0,44,40.94343056,-90.34549722,8,0,0,1,1,1,0,3,2,0,23,28,23,28,,
170595,17,2020,12,12,7,15,45,119,160,2,1,1,2,3,2,3,1,1,0,17,38.87101667,-90.14936389,34,0,0,1,1,4,0,1,1,0,15,41,,,,
170596,17,2020,12,14,2,9,29,117,0,1,1,1,1,8,1,5,2,0,0,113,39.43475833,-89.95345,42,0,0,1,1,4,0,1,1,0,,,,,,
170598,17,2020,12,2,4,23,9,143,0,1,1,1,3,3,2,4,1,0,0,24,40.93756667,-89.62949444,34,0,0,1,1,4,0,2,1,0,,,,,,
170599,17,2020,12,8,3,19,38,119,4890,1,1,1,4,8,2,5,4,0,0,24,38.96515,-89.75781944,30,0,0,1,1,4,0,2,1,0,19,41,19,59,,
170600,17,2020,12,10,5,21,52,51,0,1,1,1,3,8,1,5,2,0,0,39,39.15850833,-88.98324167,34,0,0,1,1,4,0,2,10,0,21,54,22,20,,
170601,17,2020,12,10,5,13,45,15,7780,1,1,1,1,2,1,4,1,0,0,24,42.09510833,-90.09685556,42,0,0,1,1,4,0,1,1,0,13,48,13,57,,
170602,17,2020,9,2,4,23,29,31,1670,1,1,1,2,2,2,3,1,0,0,459,41.80241944,-87.58158611,8,0,0,1,1,1,0,3,1,0,11,39,11,45,,
170603,17,2020,12,15,3,19,5,31,1163,1,1,1,1,8,2,3,2,1,0,31,42.15344722,-87.97858333,42,0,0,1,1,3,0,3,1,0,19,10,19,11,,
170604,17,2020,12,17,5,6,52,197,4300,1,1,1,1,2,2,3,1,1,0,65,41.52251111,-88.13140278,8,0,0,1,1,1,0,2,1,0,6,52,6,55,,
170605,17,2020,12,10,5,7,45,89,3300,1,1,1,1,3,2,3,1,1,0,73,41.89810556,-88.332075,8,0,0,1,1,1,0,1,1,0,7,46,7,49,,
170606,17,2020,8,2,1,20,23,31,1670,1,1,1,2,2,2,3,1,1,0,0,41.79273333,-87.58048333,42,0,0,3,3,4,0,5,2,0,20,,20,30,,
170607,17,2020,12,10,5,22,10,31,3100,1,1,1,2,1,2,1,1,1,0,62,41.87123889,-87.83293611,33,0,0,1,1,4,0,3,1,0,22,16,22,31,,
170608,17,2020,12,17,5,15,33,109,0,1,2,2,4,3,1,3,1,1,0,35,40.41145833,-90.79134444,12,6,0,2,2,1,0,1,1,0,15,35,15,35,,
170609,17,2020,12,18,6,11,1,31,1670,1,1,1,1,8,2,3,2,1,0,206,41.69198056,-87.68105556,8,0,0,3,2,1,0,1,1,0,11,1,11,3,,
170610,17,2020,12,19,7,3,23,31,1670,1,3,2,2,6,2,5,4,0,0,57,41.899525,-87.67709722,12,6,0,2,2,1,0,3,1,0,3,23,3,30,,
170611,17,2020,12,20,1,4,11,31,1670,1,2,2,4,8,2,4,2,1,0,152,41.85241389,-87.66590278,12,6,0,2,7,1,0,3,1,0,4,,4,15,,
170612,17,2020,12,20,1,13,55,43,20,1,1,1,1,6,2,7,4,0,0,1,41.92881389,-87.99118056,43,0,0,3,3,1,0,1,1,0,13,55,14,0,,
170613,17,2020,12,12,7,18,52,31,1670,1,2,2,4,1,2,1,1,1,0,433,41.660625,-87.58946111,12,11,1,18,1,1,0,3,2,0,,,,,,
170614,17,2020,12,13,1,2,10,43,0,1,2,2,2,1,2,1,1,1,0,53,41.74088333,-87.94638889,12,1,1,18,1,1,0,3,1,0,2,10,2,14,,
170615,17,2020,12,16,4,17,45,31,3940,1,2,2,3,8,2,4,1,0,0,9,41.84811944,-87.90131111,12,6,0,2,2,1,0,3,10,0,17,46,17,51,,
170616,17,2020,12,18,6,22,20,5,6950,1,1,1,1,5,1,7,3,0,0,0,38.77826111,-89.53934167,34,0,0,3,2,4,0,2,1,0,,,,,,
170617,17,2020,12,20,1,18,3,31,0,1,1,1,1,3,2,3,1,1,0,300,41.62273333,-87.67390833,8,0,0,1,1,1,0,2,1,0,18,3,18,9,,
170618,17,2020,12,21,2,7,24,111,2100,1,1,1,1,3,2,3,1,1,0,62,42.25428056,-88.28685833,33,0,0,1,1,4,0,1,1,0,,,,,,
170619,17,2020,12,21,2,17,37,31,6400,1,5,5,9,3,2,3,1,1,0,256,41.71862222,-87.74069722,12,1,0,1,1,1,0,3,1,0,17,38,17,40,,
170620,17,2020,12,23,4,14,6,31,1670,1,1,1,1,6,2,5,4,0,0,38,41.76939167,-87.61655278,42,0,0,1,1,4,0,1,1,0,14,6,14,9,,
170621,17,2020,12,23,4,20,7,31,1670,2,1,1,1,6,2,3,4,1,0,199,41.79356389,-87.70244444,8,0,0,3,3,1,0,3,1,0,20,8,20,12,,
170622,17,2020,8,3,2,6,50,43,2750,1,2,2,2,1,2,1,1,1,0,84,41.91020556,-87.93189167,12,1,0,1,1,1,0,4,1,0,6,54,7,10,,
170623,17,2020,10,1,5,15,32,179,9030,1,2,2,2,8,2,4,1,0,0,83,40.70384444,-89.43021389,12,6,0,8,1,1,0,1,1,0,15,35,15,42,,
170624,17,2020,9,2,4,21,15,167,8220,1,1,1,1,8,2,7,1,0,0,6,39.69856667,-89.63130556,42,0,0,1,1,4,0,2,1,0,8,38,8,42,,
170625,17,2020,10,1,5,13,54,49,2350,1,2,2,2,9,1,4,1,9,0,99,39.0825,-88.379575,12,2,0,1,1,1,0,1,1,0,13,55,14,2,,
170626,17,2020,9,1,3,18,49,19,8650,1,1,1,2,1,2,1,1,1,0,2277,40.17821111,-88.24815,1,0,0,1,1,1,4,1,1,0,5,49,5,55,,
170627,17,2020,9,2,4,2,45,31,1670,1,1,1,1,1,2,1,1,1,0,434,41.65995556,-87.58864167,1,0,1,19,1,4,0,2,1,0,,,,,,
170628,17,2020,8,3,2,12,54,31,1670,1,2,2,5,1,2,1,1,1,0,146,41.87546667,-87.67058889,12,1,0,1,1,1,0,1,1,0,12,55,13,0,,
170629,17,2020,10,2,6,16,30,31,1670,1,1,1,1,8,2,4,1,9,0,140,41.87287222,-87.72541111,8,0,0,1,1,1,0,1,1,0,16,,16,37,,
170630,17,2020,9,2,4,18,5,53,0,1,1,1,1,3,1,5,1,0,0,23,40.57726667,-88.17560278,1,0,0,1,1,4,0,1,1,0,18,17,18,20,,
170631,17,2020,9,5,7,1,40,25,0,1,2,1,1,8,1,5,2,0,0,61,38.71247778,-88.53143333,34,0,0,1,1,4,0,2,1,0,1,42,1,53,,
170632,17,2020,11,2,2,5,46,31,5550,1,2,2,2,3,2,3,1,1,0,320,41.625225,-87.73726111,12,6,0,2,2,1,0,3,1,0,5,48,5,50,,
170633,17,2020,10,3,7,1,52,31,1670,1,1,1,1,8,2,4,1,0,0,177,41.69676944,-87.64245556,33,0,0,1,1,4,0,3,1,0,,,2,0,,
170634,17,2020,8,3,2,13,18,143,550,1,1,1,3,8,2,5,2,0,0,42,40.62964167,-89.68051667,53,0,0,1,1,4,0,1,10,0,,,,,,
170635,17,2020,10,4,1,2,52,31,1680,1,2,2,2,2,2,3,1,1,0,90,41.50619444,-87.61680278,12,2,0,1,1,1,0,3,2,0,2,52,,,,
170636,17,2020,9,7,2,4,25,197,4300,1,1,1,1,6,2,7,4,0,0,3,41.56589722,-88.25211389,40,0,0,1,1,4,0,3,1,0,4,25,4,32,,
170637,17,2020,8,7,6,0,32,37,3310,1,1,1,1,5,1,7,3,0,0,27,42.13893333,-88.69782222,30,0,0,1,1,4,0,2,1,0,,,,,,
170638,17,2020,9,9,4,7,50,31,1670,1,2,2,2,6,2,5,4,0,0,70,41.88222778,-87.67666667,9,0,0,2,2,1,0,1,10,0,,,,,,
170639,17,2020,10,4,1,22,45,31,1670,1,1,1,1,8,2,4,4,0,0,141,41.75183889,-87.55865556,33,0,0,1,1,4,0,2,1,0,,,23,10,,
170640,17,2020,10,1,5,20,9,143,,1,2,2,2,1,2,1,1,1,0,31,40.69851389,-89.67572222,21,0,1,19,1,3,0,1,1,0,20,11,20,21,,
170641,17,2020,9,12,7,12,30,179,0,1,1,1,1,8,1,5,2,0,0,92,40.50772222,-89.78463056,34,0,0,1,1,4,0,1,1,0,,,,,,
170642,17,2020,11,2,2,19,43,95,0,1,2,2,2,2,1,5,1,0,0,1,40.91015278,-90.15713056,12,6,0,2,2,1,0,2,1,0,7,43,7,55,,
170643,17,2020,8,2,1,12,36,97,0,1,2,2,6,1,2,1,31,1,0,215,42.23065556,-87.90131389,12,1,0,1,1,1,0,1,1,0,12,38,12,47,,
170645,17,2020,8,4,3,20,46,137,0,1,1,1,2,8,1,5,2,0,0,57,39.75326389,-90.09824722,35,0,0,1,1,4,0,2,1,0,20,48,21,0,,
170646,17,2020,9,4,6,22,41,89,460,1,1,1,1,6,2,7,4,0,0,1,41.78768333,-88.37795556,33,0,0,1,1,4,0,2,1,0,10,41,10,44,,
170647,17,2020,8,9,1,0,1,115,0,1,1,1,1,4,1,5,2,0,0,47,39.77779444,-88.9822,1,0,0,1,1,4,0,2,1,0,0,15,0,22,,
170649,17,2020,9,10,5,18,19,49,0,1,1,1,1,2,2,5,1,0,0,0,39.102775,-88.59700833,42,0,0,1,1,4,0,1,1,0,18,20,18,30,,
170650,17,2020,11,2,2,0,34,197,0,3,1,1,3,3,2,3,1,1,0,0,41.32229444,-87.79489444,42,0,0,1,1,4,0,2,1,0,0,35,0,46,,
170651,17,2020,9,3,5,18,36,31,8120,1,1,1,1,1,2,1,1,1,0,0,41.58636944,-87.58328333,25,0,0,1,1,3,0,1,1,0,18,38,18,40,,
170652,17,2020,8,9,1,0,56,31,6525,1,2,2,2,2,2,3,1,1,0,60,41.50611944,-87.67435,12,6,0,2,2,1,0,2,1,0,0,56,,,,
170653,17,2020,9,17,5,14,18,111,5230,1,2,2,3,5,1,6,3,0,0,43,42.28104167,-88.66454167,12,6,0,2,3,1,0,1,1,0,,,,,,
170654,17,2020,11,4,4,21,55,163,670,1,1,1,1,3,2,3,1,1,0,70,38.53103056,-89.96933611,8,0,0,1,1,1,0,2,1,0,21,55,21,59,,
170655,17,2020,8,9,1,13,51,111,2100,1,5,5,8,8,2,3,2,1,0,105,42.21155556,-88.31300278,12,8,0,1,1,1,0,1,1,0,,,,,,
170656,17,2020,8,12,4,19,48,197,1565,1,1,1,2,6,2,7,4,0,0,9,41.4255,-88.20720278,1,0,0,1,1,4,0,1,1,0,19,48,19,54,,
170657,17,2020,9,18,6,18,53,1,7180,1,2,2,2,6,2,7,4,0,0,0,39.92394722,-91.39825833,12,6,0,2,2,1,0,5,1,0,18,53,18,59,,
170658,17,2020,8,9,1,10,53,31,3430,1,1,1,1,6,2,4,1,0,0,79,42.06593056,-87.87340278,8,0,0,1,1,1,0,1,1,0,10,55,12,0,,
170659,17,2020,11,1,1,17,44,157,0,1,1,1,1,5,1,7,3,0,0,7,38.00324444,-89.63106944,8,0,0,1,1,1,0,2,1,0,17,58,18,10,,
170660,17,2020,9,18,6,7,35,31,1670,1,1,1,1,3,2,3,1,1,0,134,41.72231111,-87.59057222,43,0,0,1,1,4,0,1,1,0,7,,7,40,,
170661,17,2020,8,9,1,13,0,51,8800,1,1,1,2,6,2,5,4,0,0,9,38.96301111,-89.14295,35,0,0,1,1,4,0,1,1,0,,,,,,
170662,17,2020,9,18,6,14,0,83,0,1,1,1,1,5,1,98,3,0,0,,39.10336667,-90.59088333,1,0,0,1,1,5,0,1,1,0,,,,,,
170663,17,2020,11,4,4,5,20,135,9997,1,2,2,2,1,1,1,1,1,0,1,39.35376111,-89.64300278,12,1,0,1,1,1,0,2,1,0,5,22,5,45,,
170664,17,2020,9,13,1,11,0,39,0,1,1,1,1,1,1,1,1,1,0,,,,42,0,0,1,1,4,0,1,1,0,,,,,,
170665,17,2020,8,14,6,12,27,31,1670,1,1,1,1,8,2,4,2,0,0,165,41.83384167,-87.66561667,8,0,0,1,1,1,0,1,1,0,12,,12,29,,
170666,17,2020,9,21,2,11,1,149,0,1,1,1,1,3,1,4,1,0,0,40,39.61530833,-90.73176111,35,0,0,1,1,4,0,1,1,0,11,6,11,14,,
170667,17,2020,8,13,5,1,22,33,6660,3,1,1,4,3,1,4,1,0,0,178,39.00701667,-87.62153889,31,0,0,1,1,4,0,2,1,0,1,24,1,32,,
170668,17,2020,8,14,6,23,55,113,840,1,1,1,2,8,2,3,1,1,0,71,40.46205833,-88.99371667,33,0,0,1,1,4,0,3,1,0,23,57,0,1,,
170669,17,2020,9,10,5,0,56,91,900,1,1,1,1,2,2,3,1,1,0,79,41.18106389,-87.87565,33,0,0,1,1,4,0,2,1,0,0,56,,,,
170670,17,2020,8,5,4,21,15,115,0,1,3,1,2,1,1,1,1,1,0,1500,39.96628889,-88.81345833,14,0,0,1,1,2,0,2,1,0,21,15,21,26,,
170671,17,2020,8,9,1,0,49,31,7330,4,2,2,6,3,2,3,1,1,0,191,41.88750556,-87.80510833,12,98,0,1,1,4,0,3,1,0,0,49,0,51,,
170672,17,2020,8,16,1,21,45,31,5040,1,3,3,5,2,2,3,1,1,0,56,41.82040556,-87.81271944,12,2,0,1,1,1,0,3,1,0,21,52,21,56,,
170673,17,2020,8,14,6,19,5,43,9180,1,1,1,2,8,2,5,2,0,0,,41.89241667,-88.24316944,9,0,0,16,1,1,0,1,1,0,,,,,,
170674,17,2020,10,4,1,12,55,115,5110,1,1,1,1,8,1,7,3,0,0,32,39.67638611,-89.01580278,1,0,0,1,1,4,0,1,1,0,12,59,13,6,,