st_case,state,year,month,day,day_week,hour,minute,county,city,fatals_crash,vehicles_total,vehicles_in_transport,persons_total,route,rural_urban,functional_system,road_owner,nhs,special_jurisdiction,milepoint,latitude,longitude,first_harmful_event,manner_collision,rel_jct_interchange,rel_jct_location,intersection_type,relation_to_road,work_zone,light_condition,weather,school_bus_related,ems_notified_hour,ems_notified_min,ems_arrival_hour,ems_arrival_min,hospital_hour,hospital_min
170835,17,2020,9,24,5,4,37,117,5440,1,2,2,2,3,1,4,1,0,0,11,39.17443333,-90.13851944,12,6,0,3,2,1,0,2,5,0,4,40,4,40,,
170836,17,2020,8,11,3,0,26,161,5670,1,1,1,1,3,2,3,1,1,0,49,41.471575,-90.49216389,8,0,1,18,1,1,0,2,1,0,0,27,0,29,,
170837,17,2020,12,17,5,22,27,77,0,1,1,1,1,4,2,4,2,0,0,10,37.87471111,-89.49140556,32,0,0,1,1,4,0,2,1,0,22,28,22,36,,
170838,17,2020,8,19,4,19,5,31,4580,1,2,2,2,2,2,3,1,1,0,28,41.816575,-87.86570556,23,0,1,19,1,4,0,1,1,0,19,5,19,9,,
170839,17,2020,9,5,7,20,16,45,0,1,2,2,5,3,1,4,1,0,0,61,39.63735556,-87.85328333,12,6,0,2,3,1,0,2,1,0,20,16,20,26,,
170840,17,2020,11,8,1,10,49,43,740,1,2,2,2,3,2,3,1,1,0,9,41.97909167,-87.95938611,12,6,0,2,2,1,0,1,1,0,10,49,10,50,,
170841,17,2020,12,20,1,16,32,91,0,1,1,1,1,1,2,1,1,1,0,171,41.2129,-87.86701667,31,0,0,1,1,4,0,1,1,0,16,32,16,40,,
170842,17,2020,11,12,5,14,18,31,280,1,1,1,1,8,2,4,2,0,0,36,42.08833056,-87.99303333,10,0,0,6,1,1,0,1,1,0,14,12,14,17,,
170843,17,2020,8,21,6,14,18,141,9565,1,1,1,1,9,1,5,2,0,0,157,41.91570833,-89.62850556,34,0,0,3,3,4,0,1,1,0,14,18,14,25,,
170844,17,2020,12,16,4,17,34,201,7460,1,1,1,1,8,2,3,1,1,0,59,42.27011111,-88.97262778,8,0,0,2,3,1,0,2,1,0,17,34,17,39,,
170845,17,2020,9,6,1,18,44,167,8220,1,1,1,1,6,2,3,4,1,0,0,39.80273333,-89.64074167,10,0,0,6,1,1,0,1,1,0,18,35,18,43,,
170846,17,2020,8,20,5,22,26,97,9100,1,2,2,4,4,2,4,2,0,0,89,42.36500833,-87.85566944,12,2,0,1,1,1,0,3,1,0,22,26,22,30,,
170847,17,2020,11,15,1,11,44,163,1240,1,2,2,2,6,2,5,4,0,0,33,38.57186389,-90.18528056,12,6,0,4,1,1,0,1,1,0,11,44,,,,
170848,17,2020,9,6,1,13,20,157,0,1,1,1,3,5,1,7,3,0,0,16,38.11813333,-89.67156389,34,0,0,1,1,4,0,1,1,0,,,,,,
170849,17,2020,12,21,2,12,58,197,4300,1,1,1,1,1,2,1,1,1,0,2557,41.56202778,-88.18088056,91,0,0,1,1,1,0,1,1,0,12,59,13,5,,
170850,17,2020,12,29,3,0,1,115,0,1,1,1,1,2,1,3,1,0,0,,39.74644167,-88.98805278,1,0,0,1,1,4,0,2,1,0,6,49,,,,
170851,17,2020,9,11,6,16,10,31,5790,1,3,3,3,6,2,4,1,0,0,18,42.02641667,-87.76709722,12,6,0,2,7,1,0,1,1,0,16,10,16,13,,
170852,17,2020,12,20,1,0,17,41,0,1,1,1,1,4,2,7,3,0,0,20,39.84933333,-88.23616389,34,0,0,1,1,4,0,2,1,0,0,22,0,35,,
170853,17,2020,11,1,1,1,58,163,2610,1,1,1,1,6,2,4,4,0,1,2,38.62835556,-90.17435,8,0,0,1,1,1,0,8,98,0,,,,,,
170854,17,2020,8,12,4,19,28,57,0,1,1,1,2,5,1,7,3,0,0,10,40.65695278,-90.41066667,34,0,0,1,1,4,0,1,1,0,19,29,19,58,,
170855,17,2020,9,26,7,0,33,143,0,1,1,1,1,3,2,3,1,1,0,150,40.68989167,-89.70483333,8,0,0,1,1,1,0,2,1,0,0,33,0,45,,
170856,17,2020,12,23,4,20,13,89,2550,1,2,2,6,3,2,3,1,1,0,35,42.09733333,-88.25793333,8,0,0,1,1,1,0,2,1,0,20,17,20,19,,
170857,17,2020,9,25,6,13,35,97,9090,2,2,2,3,2,2,3,1,1,0,91,42.29203056,-88.15933056,12,11,0,7,1,1,0,1,1,0,13,36,13,40,,
170858,17,2020,11,13,6,19,15,201,5087,2,1,1,1,3,2,3,1,1,0,1270,42.38518889,-89.01945556,8,0,0,1,1,1,0,2,1,0,19,15,19,25,,
170859,17,2020,12,20,1,2,12,43,540,1,2,1,1,4,2,5,2,0,0,0,41.98706667,-88.18390278,59,0,0,1,1,4,0,3,1,0,2,12,2,20,,
170860,17,2020,9,6,1,0,55,43,4867,1,2,2,2,8,2,3,2,1,0,36,41.80897222,-88.11728333,12,6,0,2,2,1,0,3,1,0,0,55,1,0,,
170861,17,2020,9,26,7,15,52,191,0,1,2,2,2,2,1,4,1,0,0,146,38.41699167,-88.40469167,12,1,0,1,1,1,0,1,1,0,15,52,16,0,,
170862,17,2020,12,23,4,13,2,29,0,1,1,1,1,3,2,4,1,0,0,35,39.44779444,-88.130325,35,0,0,1,1,4,0,1,1,0,13,2,13,12,,
170863,17,2020,8,29,7,23,20,103,2380,1,1,1,1,3,2,3,1,1,0,44,41.84635833,-89.47003333,24,0,0,1,1,4,0,2,1,0,,,,,,
170864,17,2020,9,29,3,1,38,31,1260,1,2,2,2,3,2,3,1,1,0,55,41.62273333,-87.574625,12,6,0,8,1,1,0,3,1,0,,,,,,
170865,17,2020,11,14,7,2,5,163,7763,1,2,2,2,3,2,3,1,1,0,25,38.59052778,-90.17635556,12,7,0,1,1,1,0,3,1,0,2,5,2,22,,
170866,17,2020,12,30,4,23,24,147,0,1,2,2,2,3,1,4,1,0,0,75,40.10530556,-88.55431389,12,6,0,1,1,1,0,2,1,0,23,24,23,33,,
170867,17,2020,11,16,2,15,24,7,0,1,2,2,2,3,2,3,1,1,0,108,42.34340833,-88.85145556,12,8,0,1,1,1,0,1,1,0,15,26,15,37,,
170868,17,2020,8,22,7,20,5,97,0,1,1,1,1,4,2,4,2,0,0,54,42.41633056,-87.97117222,1,0,0,1,1,4,0,2,1,0,20,8,20,14,,
170869,17,2020,9,30,4,15,25,119,1910,1,3,3,3,1,2,1,1,1,0,45,38.67359167,-90.02658056,12,7,0,1,1,1,0,1,1,0,15,30,15,36,,
170870,17,2020,12,30,4,12,51,91,0,1,2,2,3,3,1,3,1,1,0,183,41.12005833,-87.75615278,12,6,0,2,2,1,0,1,1,0,10,51,10,56,,
170871,17,2020,11,17,3,5,6,125,0,1,1,1,1,3,1,4,1,0,0,81,40.18832222,-90.00835278,42,0,0,1,1,4,0,2,1,0,,,,,,
170872,17,2020,8,28,6,17,54,7,0,1,1,1,1,1,2,1,31,1,0,28,42.23335,-88.89172222,34,0,1,19,1,4,0,1,1,0,17,55,18,16,,
170873,17,2020,12,25,6,7,15,57,0,1,1,1,1,2,2,3,1,1,0,224,40.51758333,-89.89818889,1,0,0,1,1,4,0,1,1,0,7,15,7,32,,
170874,17,2020,12,10,5,18,50,31,1670,1,1,1,1,6,2,7,4,0,0,6,41.83452778,-87.63165278,8,0,0,3,2,1,0,3,1,0,18,,19,0,,
170875,17,2020,11,17,3,17,35,143,0,1,3,3,4,3,2,3,1,1,0,74,40.87650278,-89.50602222,12,6,0,2,3,1,0,2,1,0,,,,,,
170876,17,2020,9,29,3,7,49,121,1510,2,2,2,3,3,1,3,1,1,0,61,38.52014444,-89.03276111,12,2,0,1,1,1,0,4,1,0,7,49,7,55,,
170877,17,2020,8,2,1,22,41,31,1670,1,1,1,1,6,2,4,2,0,0,161,41.84416389,-87.72459722,8,0,0,3,2,1,0,3,1,0,22,,22,50,,
170878,17,2020,12,31,5,17,23,201,7460,1,1,1,3,3,2,3,1,1,0,299,42.23419167,-89.07234444,8,0,0,1,1,1,0,3,1,0,17,24,17,26,,
170879,17,2020,9,30,4,3,12,137,0,1,1,1,2,2,1,5,1,0,0,27,39.72400556,-90.11690833,1,0,0,1,1,4,0,2,1,0,3,14,3,22,,
170880,17,2020,12,12,7,15,43,1,7180,1,2,2,2,2,2,3,1,1,0,12,39.93580556,-91.41169444,12,6,0,2,7,1,0,1,1,0,15,45,15,51,,
170881,17,2020,11,13,6,20,0,31,1163,1,1,1,1,6,2,4,2,0,0,20,42.137925,-87.98514444,8,0,0,2,2,1,0,3,1,0,20,2,20,7,,
170882,17,2020,8,5,4,21,56,91,0,1,2,2,4,4,1,6,2,0,0,6,41.05941944,-87.62004722,12,2,0,1,1,1,0,2,1,0,21,56,22,11,,
170883,17,2020,9,24,5,5,11,167,4130,1,2,2,2,1,1,1,1,1,0,203,39.836519439999996,-89.23126667,12,7,0,1,1,1,0,4,1,0,5,11,5,28,,
170884,17,2020,11,15,1,23,4,43,4940,1,1,1,2,3,2,3,1,1,0,134,41.86031389,-88.00977778,9,0,0,3,3,1,0,3,1,0,,,,,,
170885,17,2020,12,20,1,,,65,0,1,1,1,1,3,2,4,1,0,0,130,38.06875833,-88.53496944,42,0,0,1,1,4,0,1,1,0,,,,,,
170886,17,2020,9,29,3,6,24,203,7370,1,1,1,1,9,1,5,2,0,0,107,40.757125,-89.19601667,1,0,0,1,1,4,0,2,1,0,6,24,,,,
170887,17,2020,8,15,7,22,21,175,0,1,2,2,2,3,1,4,1,0,0,120,41.07607222,-89.65785556,12,6,0,2,2,1,0,2,1,0,,,,,,
170888,17,2020,12,9,4,7,35,31,5870,1,1,1,1,6,2,7,4,0,0,0,42.0758,-87.932725,18,0,0,4,1,1,0,1,1,0,7,35,7,45,,
170889,17,2020,9,16,4,2,14,31,1670,1,6,1,1,3,2,3,1,1,0,268,41.77731111,-87.80093611,46,0,0,3,2,4,0,2,1,0,2,,2,18,,
170890,17,2020,8,12,4,13,26,31,0,1,2,2,3,9,2,4,1,0,0,4,41.93113333,-87.91305278,12,6,0,2,2,1,0,1,1,0,13,26,13,30,,
170891,17,2020,12,14,2,16,20,31,7320,1,1,1,1,3,2,4,1,0,0,223,41.62997778,-87.64133056,43,0,0,1,1,5,0,1,1,0,16,25,18,10,,
170892,17,2020,11,14,7,15,23,31,3430,1,1,1,1,9,2,3,1,1,0,167,42.1056,-87.82941944,34,0,0,3,2,4,0,1,1,0,15,23,15,28,,
170893,17,2020,8,23,1,19,1,97,9100,1,2,2,3,6,2,7,4,0,0,1,42.37577778,-87.84939167,12,6,0,3,2,1,0,1,1,0,,,,,,
170894,17,2020,9,25,6,16,48,97,4820,1,3,3,4,3,2,3,1,1,0,164,42.311675,-87.90493889,12,6,1,2,2,1,0,1,1,0,16,48,16,50,,
170895,17,2020,11,19,5,2,15,155,0,1,1,1,1,5,1,7,3,0,0,21,41.25429722,-89.22143056,10,0,0,6,1,1,0,2,1,0,4,48,4,57,,
170896,17,2020,8,26,4,18,7,63,0,1,1,1,1,6,2,7,4,0,0,,41.43135278,-88.25431389,1,0,0,1,1,1,0,1,1,0,,,,,,
170897,17,2020,12,26,7,,,75,0,2,2,2,4,4,2,5,2,0,0,99,40.71207222,-87.84141667,12,6,0,2,2,1,0,2,1,0,0,37,0,55,,
170898,17,2020,11,12,5,21,44,91,0,1,2,2,2,2,2,3,1,1,0,29,41.25205,-87.87772222,12,2,0,1,1,1,0,2,1,0,21,44,21,47,,
170899,17,2020,9,8,3,11,1,57,1320,1,2,2,2,3,2,4,1,0,0,221,40.558325,-90.04785278,12,6,0,2,2,1,0,1,2,0,11,1,11,6,,
170900,17,2020,8,8,7,21,16,31,850,1,1,1,1,9,2,3,1,1,0,229,41.65896944,-87.68004444,8,0,0,3,2,1,0,3,1,0,21,17,21,22,,
170901,17,2020,12,19,7,22,50,31,1670,1,2,2,2,9,2,5,1,0,0,66,41.7912,-87.69378889,9,0,0,1,1,1,0,2,1,0,22,,22,55,,
170902,17,2020,11,21,7,0,12,11,0,2,3,3,3,1,1,1,1,1,0,10,41.38896944,-89.83669167,12,2,0,1,1,1,0,2,1,0,0,20,0,20,,
170903,17,2020,8,13,5,9,7,31,980,1,2,2,2,3,2,3,1,1,0,291,41.74611944,-87.79956667,12,6,0,8,1,1,0,1,1,0,9,7,9,10,,
170904,17,2020,9,19,7,21,7,99,7865,1,1,1,1,4,1,5,2,0,0,107,41.32271944,-88.61083056,58,0,0,1,1,4,0,2,1,0,,,,,,
170905,17,2020,9,22,3,19,59,31,3790,1,2,2,3,6,2,7,4,0,0,5,41.61173611,-87.65963889,12,6,0,2,2,1,0,3,1,0,20,1,20,2,,
170906,17,2020,11,20,6,10,36,143,6850,1,2,2,3,6,2,5,4,0,0,,40.73265833,-89.64361111,12,2,0,1,1,1,0,1,1,0,,,,,,
170907,17,2020,8,20,5,20,8,31,1670,1,1,1,1,6,2,7,4,0,0,2,41.80049722,-87.60755556,8,0,0,1,1,1,0,3,1,0,20,,20,17,,
170908,17,2020,11,21,7,11,28,201,7460,1,2,2,2,6,2,3,4,1,0,42,42.25303333,-89.00458611,12,6,0,2,3,1,0,1,1,0,11,29,11,32,,
170909,17,2020,9,10,5,15,0,31,1670,1,2,2,8,6,2,4,4,0,0,32,41.80520833,-87.61649444,12,2,0,1,1,1,0,1,1,0,,,,,,
170910,17,2020,12,13,1,7,15,63,9997,1,1,1,1,2,2,4,1,0,0,14,41.34031944,-88.56651667,1,0,0,1,1,4,0,2,1,0,7,22,7,27,,
170911,17,2020,11,14,7,5,47,201,0,1,2,2,2,5,1,7,3,0,0,5,42.33871389,-89.16427222,12,2,0,1,1,4,0,4,1,0,,,,,,
170912,17,2020,12,19,7,14,58,31,3820,1,1,1,3,9,2,4,2,0,0,62,41.58613056,-87.67446944,1,0,0,1,1,4,0,1,1,0,14,58,15,0,,
170913,17,2020,11,22,1,1,43,135,,1,1,1,1,8,1,5,2,0,0,27,39.29081667,-89.20103889,32,0,0,1,1,4,0,2,2,0,2,50,3,9,,
170914,17,2020,12,17,5,19,32,197,0,1,1,1,2,1,2,1,1,1,0,2560,41.56638056,-88.1812,24,0,0,1,1,4,0,3,1,0,19,36,19,46,,
170915,17,2020,9,20,1,16,59,31,1670,1,4,1,1,6,2,5,4,0,0,48,41.78099167,-87.61561111,14,0,0,1,1,4,0,1,1,0,,,17,4,,
170916,17,2020,11,23,2,17,20,197,0,1,1,1,1,1,2,1,1,1,0,2689,41.69615278,-88.04679167,8,0,0,1,1,1,0,2,1,0,17,21,17,34,,
170917,17,2020,12,11,6,0,41,179,2600,1,1,1,1,6,2,7,4,0,0,1,40.64502778,-89.515575,17,0,0,1,1,5,0,3,1,0,0,46,0,53,,
170918,17,2020,12,19,7,16,50,31,1670,1,1,1,1,6,2,7,4,0,0,19,41.71087778,-87.61271667,42,0,0,1,1,4,0,5,1,0,,,17,5,,
170919,17,2020,9,25,6,9,22,99,0,2,6,6,8,1,2,1,1,1,0,,41.36838611,-88.92029722,12,1,0,1,1,1,1,1,1,0,9,22,9,37,,
170920,17,2020,11,23,2,17,22,143,6850,1,2,2,5,3,2,3,1,1,0,128,40.79198333,-89.60424444,8,0,0,1,1,1,0,2,1,0,,,,,,
170921,17,2020,9,29,3,1,16,119,2640,1,2,2,2,1,2,1,1,1,0,0,38.76789722,-90.04400833,12,99,1,5,1,1,0,3,1,0,1,46,2,0,,
170922,17,2020,9,3,5,15,20,31,5280,1,2,2,2,2,2,3,1,1,0,123,41.600875,-87.67526111,43,0,0,1,1,4,0,1,1,0,15,22,15,26,,
170923,17,2020,12,21,2,11,40,31,1670,1,1,1,1,6,2,4,4,0,0,86,41.77968611,-87.64732222,15,0,0,3,2,1,0,1,1,0,11,,11,53,,
170924,17,2020,12,27,1,12,18,95,3260,1,1,1,1,6,2,5,4,0,0,1,40.96960556,-90.36225833,42,0,0,1,1,4,0,1,1,0,,,,,,
170925,17,2020,11,20,6,16,56,31,0,1,1,1,1,1,2,1,1,1,0,565,42.06661667,-88.25528889,25,0,0,1,1,3,0,5,1,0,16,56,17,2,,
170926,17,2020,9,4,6,1,3,31,1670,1,1,1,2,1,2,1,1,1,0,315,41.80775556,-87.63163333,25,0,0,1,1,3,0,3,1,0,1,5,1,13,,
170927,17,2020,11,25,4,14,57,117,0,1,1,1,2,4,1,5,2,0,0,31,39.23439167,-89.75499167,30,0,0,1,1,4,0,1,10,0,15,2,15,18,,
170928,17,2020,12,10,5,0,15,31,1260,1,2,2,4,2,2,3,1,1,0,85,41.59903333,-87.55905556,12,1,0,3,2,1,0,3,1,0,0,15,0,15,,
170929,17,2020,11,27,6,2,21,31,1185,1,1,1,2,6,2,4,1,0,0,29,41.74836389,-87.78526667,42,0,0,1,1,4,0,3,1,0,2,26,2,30,,
170930,17,2020,9,4,6,22,38,97,9100,1,1,1,1,9,2,4,1,0,0,17,42.35065278,-87.85763889,8,0,0,1,1,1,0,2,1,0,22,38,22,45,,
170931,17,2020,11,18,4,19,45,163,0,1,1,1,4,3,2,3,1,1,0,14,38.63753056,-89.98541944,8,0,0,2,2,1,0,3,1,0,19,45,19,54,,
170932,17,2020,12,22,3,1,15,43,0,1,1,1,2,1,2,1,1,1,0,1,41.80454167,-88.12125,25,0,1,5,1,4,0,3,1,0,1,20,1,20,,
170933,17,2020,9,7,2,14,1,119,160,1,2,2,4,3,2,4,1,0,0,51,38.89463611,-90.1966,12,6,0,8,1,1,0,1,1,0,14,3,14,7,,
170934,17,2020,11,22,1,21,50,197,0,1,2,2,2,1,2,1,1,1,0,47,41.31154167,-88.19405,12,2,0,1,1,1,1,3,1,0,21,55,22,5,,
170935,17,2020,10,13,3,0,53,75,0,2,3,3,6,1,1,1,1,1,0,2660,40.52265556,-88.08422778,12,2,0,1,1,1,0,2,1,0,0,54,1,10,,
170936,17,2020,11,24,3,20,59,197,7000,1,1,1,1,2,2,3,1,1,0,77,41.61279167,-88.20228056,8,0,0,1,1,1,0,3,2,0,20,59,21,5,,
170937,17,2020,9,9,4,10,12,11,0,1,1,1,1,1,1,1,1,1,0,440,41.38722778,-89.69286111,8,0,0,1,1,1,2,1,1,0,10,12,10,25,,
170938,17,2020,10,24,7,6,3,31,2390,1,2,2,2,3,2,3,1,1,0,37,41.62260556,-87.60741944,12,6,0,2,2,1,0,3,1,0,6,5,6,9,,
170939,17,2020,11,25,4,0,1,31,9370,1,1,1,1,6,2,4,1,0,0,55,41.73961944,-87.88602222,30,0,0,1,1,4,0,3,2,0,4,37,4,45,,
170940,17,2020,10,3,7,14,4,21,0,2,2,2,2,3,2,4,1,0,0,86,39.57583056,-89.37776111,12,2,0,1,1,1,0,1,2,0,,,,,,
170941,17,2020,11,11,4,5,53,31,0,1,1,1,3,1,2,1,31,1,0,,41.89380556,-87.91820833,25,0,0,1,1,3,0,4,1,0,5,53,6,14,,
170942,17,2020,8,9,1,16,58,183,2220,1,3,3,4,8,2,5,4,0,0,25,40.13356944,-87.59926111,1,0,0,2,2,1,0,1,1,0,17,2,17,8,,
170943,17,2020,9,11,6,22,35,31,1670,1,2,2,3,6,2,5,4,0,0,59,41.87665833,-87.75491389,12,6,0,2,2,1,0,3,1,0,,,,,,
170944,17,2020,11,26,5,23,3,31,1670,1,2,2,3,8,2,4,1,0,0,65,41.73667222,-87.60484167,12,6,0,2,2,1,0,3,1,0,,,23,13,,
170945,17,2020,11,27,6,0,30,31,8590,2,1,1,2,6,2,5,1,0,0,22,41.56538889,-87.62468056,25,0,0,1,1,4,0,3,1,0,,,,,,
170946,17,2020,8,12,4,10,3,23,5310,1,2,2,3,1,1,1,1,1,0,192,39.42189722,-87.689775,12,6,1,5,1,1,0,1,1,0,10,3,10,8,,
170947,17,2020,11,11,4,10,47,97,4620,1,1,1,1,6,2,7,4,0,0,4,42.24812778,-87.82258889,8,0,0,1,1,1,0,1,1,0,10,47,10,54,,
170948,17,2020,11,16,2,5,58,97,7550,1,3,3,6,4,2,4,2,0,0,28,42.37396111,-88.08975833,12,8,0,1,1,1,0,4,1,0,5,58,6,2,,
170949,17,2020,9,12,7,10,21,41,0,1,2,2,2,3,1,4,1,0,0,11,39.775,-88.17601944,12,6,0,3,2,1,0,1,1,0,10,21,10,35,,
170950,17,2020,11,13,6,19,13,97,0,2,2,2,2,4,2,4,2,0,0,26,42.49366944,-87.90233611,12,2,0,1,1,1,0,2,1,0,19,16,19,22,,
170951,17,2020,10,26,2,15,15,195,0,1,2,2,3,3,1,4,1,0,0,97,41.82323889,-89.69840278,12,6,0,2,2,1,0,1,10,0,15,19,15,29,,
170952,17,2020,10,5,2,8,45,197,0,1,1,1,1,3,2,3,1,1,0,16,41.48809444,-88.08048333,9,0,0,1,1,1,0,1,1,0,8,47,8,52,,
170953,17,2020,11,7,7,9,40,31,1670,1,1,1,1,3,2,3,1,1,0,107,41.93276944,-87.74664722,30,0,0,98,98,4,0,1,1,0,9,40,9,40,,
170954,17,2020,10,21,4,23,52,163,6460,1,2,2,2,1,2,1,1,1,0,138,38.57461667,-89.92205278,12,6,0,1,1,1,0,3,1,0,23,52,0,2,,
170955,17,2020,11,24,3,12,30,31,1670,1,1,1,1,6,2,5,4,0,0,71,41.844525,-87.706275,8,0,0,3,2,1,0,1,2,0,12,32,12,35,,
170956,17,2020,10,4,1,13,48,1,4818,1,1,1,3,5,1,7,3,0,0,116,39.88889167,-91.04013056,38,0,0,1,1,5,0,1,1,0,,,,,,
170957,17,2020,11,26,5,21,11,183,0,1,1,1,1,1,2,1,1,1,0,50,40.1261,-87.704275,8,0,0,1,1,1,0,2,1,0,21,11,21,22,,
170958,17,2020,11,15,1,16,2,197,2035,1,2,2,3,2,2,3,1,1,0,39,41.56833611,-88.14605278,12,6,0,8,1,1,0,5,1,0,,,,,,
170959,17,2020,8,16,1,2,9,31,5410,1,4,2,2,6,2,5,1,0,0,6,41.89352778,-87.84308611,12,6,0,2,2,1,0,3,1,0,2,9,2,15,,
170960,17,2020,11,29,1,5,48,43,0,1,1,1,1,1,2,1,31,1,0,77,41.80564167,-88.11364167,35,0,0,1,1,4,0,3,1,0,5,53,5,55,,
170961,17,2020,11,15,1,16,6,183,0,1,2,2,4,8,1,5,2,0,0,7,40.09623056,-87.55436111,12,6,0,2,2,1,0,1,1,0,,,,,,
170962,17,2020,11,30,2,22,52,31,770,4,2,2,5,6,2,7,4,0,0,5,41.88774167,-87.91319167,12,6,0,2,2,1,0,3,10,0,22,55,,,,
170963,17,2020,9,8,3,23,21,113,6230,1,2,2,2,2,2,3,1,1,0,29,40.49860278,-89.05941389,12,1,0,1,1,1,0,2,1,0,,,,,,
170964,17,2020,10,17,7,0,6,89,460,1,2,1,2,6,2,7,4,0,0,90,41.77204167,-88.36171667,14,0,0,1,1,7,0,3,1,0,0,7,0,9,,
170965,17,2020,10,27,3,16,45,31,7278,1,1,1,1,1,2,1,1,1,0,10,41.484375,-87.7468,24,0,0,1,1,3,0,3,1,0,17,22,17,28,,
170966,17,2020,10,9,6,22,41,31,9300,1,1,1,1,8,2,3,2,1,0,45,42.15346111,-87.95185,8,0,0,8,1,1,1,2,1,0,22,46,22,49,,
170967,17,2020,11,11,4,1,48,31,1670,1,1,1,1,6,2,5,4,0,0,0,41.87620556,-87.77387222,30,0,0,1,1,4,0,3,1,0,1,49,1,52,,
170968,17,2020,10,4,1,13,15,161,5670,1,1,1,1,6,2,7,4,0,0,32,41.46720278,-90.46344444,33,0,0,1,1,4,0,1,1,0,13,16,13,20,,
170969,17,2020,9,18,6,0,41,31,1690,1,2,2,2,2,2,3,1,1,0,701,41.71959722,-87.77994167,12,6,0,2,2,1,0,3,1,0,0,41,0,46,,
170970,17,2020,10,30,6,11,34,91,0,1,1,1,1,4,1,5,2,0,0,25,41.17655278,-88.01124444,30,0,0,1,1,4,0,1,1,0,11,36,11,40,,
170971,17,2020,9,18,6,14,17,137,0,1,2,2,2,8,1,5,2,0,0,50,39.56275,-90.29862222,12,6,0,2,2,1,0,1,1,0,14,17,14,20,,
170972,17,2020,11,24,3,1,17,31,1670,1,2,2,2,1,2,1,1,1,0,,41.70588056,-87.65326389,12,1,0,1,1,1,0,3,1,0,1,20,1,30,,
170973,17,2020,11,18,4,19,0,97,0,1,1,1,1,3,2,4,1,0,0,21,42.43345833,-87.87615,8,0,0,1,1,1,0,2,1,0,19,0,19,15,,
170974,17,2020,10,22,5,7,3,115,5290,1,1,1,2,5,1,7,3,0,0,50,39.98007222,-88.91814444,1,0,0,1,1,4,0,2,1,0,7,4,7,20,,
170975,17,2020,10,25,1,2,46,87,6642,3,1,1,6,4,2,6,2,0,0,0,37.54251667,-88.7628,42,0,0,3,3,4,0,2,1,0,2,46,2,55,,
170976,17,2020,11,26,5,17,34,77,0,2,2,2,9,3,2,4,1,0,0,26,37.73193333,-89.28103889,12,6,0,1,1,1,0,2,1,0,,,,,,
170977,17,2020,10,11,1,16,24,19,0,1,1,1,1,2,2,5,1,0,0,17,40.19674167,-88.43191389,9,0,0,1,1,1,0,1,1,0,16,24,16,35,,
170978,17,2020,10,30,6,17,45,203,0,1,2,2,1,3,1,5,1,0,0,98,40.81573056,-89.52207222,12,1,0,1,1,1,0,5,1,0,17,46,17,56,,
170979,17,2020,9,20,1,5,24,31,1670,1,2,1,1,6,2,3,4,1,0,226,41.79425278,-87.64882778,14,0,0,1,1,4,0,3,1,0,,,,,,
170980,17,2020,10,4,1,15,51,167,8220,1,1,1,1,6,2,5,4,0,0,10,39.71868056,-89.6431,43,0,0,1,1,4,0,1,1,0,15,51,16,3,,
170981,17,2020,8,9,1,0,38,31,6410,1,1,1,2,1,2,1,1,1,0,92,41.87128333,-87.77385556,25,0,1,19,1,4,0,3,1,0,,,,,,
170982,17,2020,10,18,1,1,32,97,9100,1,2,2,3,3,2,4,1,0,0,69,42.37043889,-87.88153889,12,6,0,2,2,1,0,3,1,0,1,32,,,,
170983,17,2020,11,26,5,18,28,115,0,1,2,2,3,3,1,3,1,1,0,245,39.75201944,-88.85039444,12,2,0,1,1,1,0,2,1,0,18,28,18,34,,
170984,17,2020,11,20,6,22,32,197,0,1,3,3,5,1,2,1,1,1,0,18,41.32083333,-87.82024722,12,1,0,1,1,1,0,2,1,0,22,32,22,40,,
170985,17,2020,10,12,2,19,37,81,5900,1,2,2,3,1,2,1,1,1,0,163,38.34623889,-88.95196111,12,1,0,1,1,1,1,2,1,0,19,40,19,44,,
170986,17,2020,9,3,5,9,45,31,8030,1,2,2,2,6,2,5,4,0,0,57,,,12,6,0,8,1,1,0,1,1,0,,,,,,
170987,17,2020,11,27,6,18,46,31,3790,2,2,2,3,3,2,3,1,1,0,12,41.62265556,-87.65597222,12,2,0,2,2,1,0,2,1,0,18,49,18,51,,
170988,17,2020,10,9,6,11,30,201,7495,1,1,1,1,6,2,7,4,0,0,3,42.393925,-89.04758611,31,0,0,1,1,5,0,1,1,0,,,,,,
170989,17,2020,8,13,5,10,7,31,0,1,1,1,1,1,2,1,31,1,0,,42.05453611,-88.014025,8,0,0,1,1,1,0,1,1,0,10,7,10,16,,
170990,17,2020,10,31,7,3,13,61,0,1,1,1,1,2,1,3,1,1,0,120,39.35948611,-90.41093889,32,0,0,1,1,4,0,2,1,0,3,18,3,24,,
170991,17,2020,10,28,4,13,2,25,1780,1,2,2,2,2,2,3,1,1,0,194,38.67800833,-88.36631944,12,2,0,1,1,1,0,1,1,0,13,2,13,2,,
170992,17,2020,11,28,7,1,34,89,0,1,1,1,1,8,2,6,2,0,0,,42.01136111,-88.54791667,11,0,0,1,1,1,0,2,1,0,1,34,1,44,,