st_case,state,year,month,day,day_week,hour,minute,county,city,fatals_crash,vehicles_total,vehicles_in_transport,persons_total,route,rural_urban,functional_system,road_owner,nhs,special_jurisdiction,milepoint,latitude,longitude,first_harmful_event,manner_collision,rel_jct_interchange,rel_jct_location,intersection_type,relation_to_road,work_zone,light_condition,weather,school_bus_related,ems_notified_hour,ems_notified_min,ems_arrival_hour,ems_arrival_min,hospital_hour,hospital_min
170993,17,2020,10,18,1,0,33,31,5044,1,1,1,1,8,2,4,2,0,0,56,41.5206,-87.5666,33,0,0,1,1,4,0,2,1,0,,,,,,
170994,17,2020,9,14,2,19,56,43,8900,1,1,1,4,3,2,3,1,1,0,150,41.86044167,-87.97951111,8,0,0,1,1,1,0,2,1,0,,,,,,
170995,17,2020,11,29,1,18,8,77,0,1,1,1,1,2,1,3,1,1,0,120,37.78149167,-89.22346944,8,0,0,1,1,1,0,2,1,0,,,,,,
170996,17,2020,10,27,3,12,20,29,0,1,2,2,2,8,2,4,2,0,0,49,39.47133889,-88.30839167,12,6,0,2,2,1,0,1,2,0,12,25,12,30,,
170997,17,2020,10,13,3,11,11,37,0,1,3,3,3,5,1,5,3,0,0,47,41.70604444,-88.61298611,12,8,0,1,1,1,0,1,1,0,,,,,,
170998,17,2020,11,22,1,21,16,31,1670,1,3,3,6,6,2,5,4,0,0,30,41.87719722,-87.71631944,12,6,0,1,1,1,0,3,1,0,21,16,21,20,,
170999,17,2020,10,21,4,17,34,195,2275,1,2,2,2,3,2,4,1,0,0,256,41.59420556,-89.68923056,12,2,0,1,1,1,0,1,2,0,17,37,17,52,,
171000,17,2020,8,3,2,18,45,31,7765,1,2,2,4,6,2,6,4,0,0,10,41.48471389,-87.55798889,12,6,0,2,2,1,0,1,1,0,18,48,18,52,,
171001,17,2020,11,28,7,23,57,105,8370,1,1,1,6,3,2,4,1,0,0,1,41.10080556,-88.83420278,42,0,0,1,1,5,0,3,1,0,23,57,0,10,,
171002,17,2020,9,18,6,15,30,149,6990,1,3,3,4,2,1,3,1,1,0,33,39.63044167,-90.79031389,12,8,0,1,1,1,0,1,1,0,15,30,15,35,,
171003,17,2020,10,30,6,17,2,149,0,3,2,2,3,4,1,5,2,0,0,11,39.58259167,-90.77956944,12,2,0,1,1,1,0,1,1,0,17,3,17,19,,
171004,17,2020,10,22,5,18,33,197,7491,1,3,3,6,3,2,3,1,1,0,57,41.60821667,-88.07525833,12,1,0,1,1,1,1,2,1,0,,,,,,
171005,17,2020,11,17,3,20,47,149,0,1,1,1,2,6,2,7,4,0,0,,39.71531389,-90.72765,1,0,0,1,1,4,0,2,1,0,20,49,21,0,,
171006,17,2020,11,28,7,0,50,31,1670,1,2,2,5,1,2,1,1,1,0,433,41.66080833,-87.58961667,12,1,1,18,1,1,0,3,1,0,0,57,1,10,,
171007,17,2020,10,30,6,20,48,99,6480,1,1,1,1,3,1,5,1,0,0,73,41.25580833,-89.01200278,52,0,0,1,1,4,0,2,1,0,20,54,21,4,,
171008,17,2020,10,13,3,12,7,27,0,1,2,2,3,2,1,3,1,1,0,63,38.61520278,-89.58943333,12,1,0,1,1,1,1,1,1,0,12,7,12,20,,
171009,17,2020,8,17,2,14,6,163,1495,1,2,2,2,6,2,5,2,0,0,8,38.57401389,-90.12194167,12,2,0,1,1,1,0,1,1,0,14,0,14,9,,
171010,17,2020,11,23,2,4,51,119,7073,1,1,1,1,6,2,5,4,0,0,20,38.77221389,-90.05759722,20,0,0,1,1,4,0,3,5,0,4,51,4,55,,
171011,17,2020,10,22,5,1,15,31,0,1,1,1,1,1,2,1,31,1,0,155,41.94352778,-87.88711111,30,0,0,1,1,4,0,3,2,0,,,,,,
171012,17,2020,10,23,6,7,5,93,6040,1,2,2,2,3,2,3,1,1,0,18,41.53981667,-88.56936111,11,0,0,1,1,1,0,1,1,0,7,7,7,11,,
171013,17,2020,10,14,4,10,45,31,2390,1,1,1,1,8,2,5,1,0,0,0,41.61976111,-87.59770833,42,0,0,1,1,4,0,1,1,0,,,,,,
171014,17,2020,11,26,5,22,21,31,1670,1,2,2,2,8,2,4,2,0,0,40,41.78675556,-87.66440556,12,2,0,2,2,1,0,3,1,0,,,,,,
171015,17,2020,11,22,1,4,33,91,0,1,1,1,1,4,1,5,2,0,0,45,41.00228611,-87.92952778,34,0,0,1,1,4,0,2,2,0,4,35,4,44,,
171016,17,2020,9,17,5,13,45,163,4730,1,1,1,3,2,2,3,1,1,0,0,38.60389444,-89.80575556,8,0,0,1,1,1,0,1,1,0,13,50,13,54,,
171017,17,2020,10,13,3,23,42,11,0,1,1,1,3,2,1,5,1,0,0,53,41.45141111,-89.36713611,1,0,0,1,1,4,0,2,1,0,23,42,23,52,,
171018,17,2020,8,19,4,21,15,143,1000,1,1,1,1,2,1,5,1,0,0,57,40.81880833,-89.83289167,32,0,0,1,1,4,0,2,1,0,,,,,,
171019,17,2020,10,15,5,8,56,163,7960,1,3,3,3,4,2,4,2,0,0,57,38.57055,-89.94040278,12,2,0,1,1,1,0,1,1,0,8,56,9,0,,
171020,17,2020,11,26,5,21,36,31,2390,1,1,1,2,8,2,5,1,0,0,1,41.62015278,-87.59779167,42,0,0,1,1,4,0,3,1,0,21,39,21,42,,
171021,17,2020,9,18,6,20,16,145,0,1,2,2,5,3,2,4,1,0,0,120,38.08992222,-89.40979167,12,1,0,2,3,1,0,2,1,0,20,20,20,23,,
171022,17,2020,11,4,4,20,11,85,0,1,1,1,1,4,1,5,2,0,0,62,42.27276111,-89.95344444,11,0,0,1,1,1,0,2,1,0,20,19,20,40,,
171023,17,2020,11,14,7,20,27,167,8220,1,2,2,5,6,2,7,4,0,0,0,39.787275,-89.63097222,12,1,0,3,2,1,0,3,2,0,20,42,20,48,,
171024,17,2020,11,1,1,23,58,73,4450,1,1,1,1,6,2,7,4,0,0,14,41.24906389,-89.89955278,8,0,0,1,1,1,0,3,1,0,,,,,,
171025,17,2020,11,12,5,14,42,31,3820,1,2,2,2,6,2,5,4,0,0,0,41.58635278,-87.65589444,12,6,0,2,4,1,0,1,1,0,14,44,14,45,,
171026,17,2020,11,6,6,14,48,203,0,1,2,2,3,3,1,4,1,0,0,,40.77382222,-89.43239722,12,6,0,2,2,1,0,1,1,0,14,50,14,58,,
171027,17,2020,11,7,7,10,0,31,1670,1,4,4,4,1,2,1,1,1,0,408,41.6922,-87.59816111,12,1,1,18,1,1,0,1,1,0,,,,,,
171028,17,2020,9,29,3,14,55,203,1484,1,2,2,2,3,1,7,3,0,0,19,40.89447222,-89.30938056,12,6,0,2,2,1,0,1,1,0,15,0,15,2,,
171029,17,2020,8,15,7,21,10,19,0,1,1,1,1,2,1,4,1,0,0,245,40.313,-87.99898333,9,0,0,1,1,1,0,2,1,0,21,15,21,21,,
171030,17,2020,10,16,6,13,12,43,0,2,2,2,2,1,2,1,1,1,0,66,41.92666389,-87.95714444,25,0,0,1,1,3,0,1,1,0,13,12,13,23,,
171031,17,2020,9,13,1,19,35,31,3996,1,2,2,3,3,2,3,1,1,0,0,42.08115556,-88.22353611,12,7,0,1,1,1,0,2,1,0,19,35,19,42,,
171032,17,2020,8,19,4,16,50,121,4510,3,1,1,5,1,1,1,1,1,0,228,38.77743889,-88.87498889,42,0,0,1,1,4,0,1,1,0,16,50,17,9,,
171033,17,2020,8,19,4,12,50,139,0,1,2,2,2,4,1,7,2,0,0,26,39.75449167,-88.73903333,12,6,0,2,2,1,0,1,1,0,12,52,13,2,,
171034,17,2020,10,16,6,21,31,159,0,1,1,1,2,8,1,5,2,0,0,29,38.80705,-88.03851667,8,0,0,1,1,1,0,2,1,0,21,31,21,45,,
171035,17,2020,10,17,7,2,5,67,0,1,1,1,1,8,1,5,2,0,0,124,40.26019722,-91.42127222,1,0,0,1,1,4,0,2,1,0,2,5,2,5,,
171036,17,2020,9,24,5,19,48,31,7765,1,1,1,3,2,2,3,1,1,0,118,41.50644722,-87.56319722,8,0,0,3,3,1,0,3,1,0,19,48,19,51,,
171037,17,2020,8,27,5,17,1,189,4210,1,2,2,2,2,2,3,1,1,0,14,38.45365833,-89.14490556,12,6,0,2,2,1,0,1,1,0,17,2,17,15,,
171038,17,2020,9,25,6,12,46,57,0,1,2,2,3,4,1,4,2,0,0,32,40.51323056,-90.14094722,12,1,0,1,1,1,0,1,1,0,12,46,12,55,,
171039,17,2020,10,18,1,6,49,197,0,1,1,1,1,1,2,1,1,1,0,63,41.3777,-87.78544722,57,0,0,1,1,3,0,4,10,0,6,49,6,56,,
171040,17,2020,9,8,3,12,12,163,1495,1,4,4,4,8,2,5,1,0,0,27,38.59570278,-90.08926667,12,2,0,1,1,1,4,1,1,0,12,18,12,20,,
171041,17,2020,10,19,2,12,38,31,1670,1,1,1,1,9,2,5,4,0,0,84,41.83204444,-87.68473889,33,0,0,1,1,4,0,1,1,0,,,12,42,,
171042,17,2020,11,15,1,6,25,197,0,1,2,2,2,1,2,1,1,1,0,62,41.50253056,-88.15431389,12,1,0,1,1,1,0,2,1,0,,,,,,
171043,17,2020,11,6,6,18,54,119,3450,1,3,3,5,2,2,3,1,1,0,28,38.96484167,-90.19245278,12,6,0,8,1,1,0,2,1,0,18,55,19,11,,
171044,17,2020,10,19,2,15,2,107,0,1,2,2,2,2,1,3,1,1,0,77,40.30807778,-89.45693889,12,1,0,1,1,1,1,1,1,0,15,4,15,25,,
171045,17,2020,8,29,7,18,16,187,0,1,1,1,5,5,1,5,3,0,0,13,40.69083056,-90.70541389,34,0,0,1,1,4,0,1,1,0,18,16,18,41,,
171046,17,2020,9,25,6,15,26,43,2719,1,2,1,1,8,2,3,4,1,0,49,41.79019167,-88.117325,8,0,0,1,1,2,0,1,1,0,15,26,15,33,,
171047,17,2020,10,19,2,21,10,31,1670,1,2,2,2,8,2,3,2,1,0,39,41.73575278,-87.66446944,12,2,0,1,1,1,0,3,2,0,21,12,21,20,,
171048,17,2020,10,20,3,14,39,3,0,1,2,2,2,3,1,5,1,0,0,36,37.28683056,-89.25181667,12,2,0,1,1,1,0,1,1,0,14,40,14,50,,
171049,17,2020,9,18,6,13,54,63,5750,1,2,2,4,2,2,4,1,0,0,6,41.38953333,-88.41433056,12,6,0,8,1,1,0,1,1,0,,,,,,
171050,17,2020,8,31,2,11,5,189,0,1,2,2,2,5,1,7,3,0,0,0,38.32005556,-89.70374722,12,6,0,2,2,1,0,1,8,0,11,6,11,27,,
171051,17,2020,10,21,4,6,46,169,0,1,2,2,2,3,1,4,1,0,0,29,40.02959167,-90.57159722,12,6,0,2,2,1,0,2,10,0,6,46,7,0,,
171052,17,2020,8,25,3,2,38,201,7460,1,2,2,2,6,2,3,4,1,0,77,42.31535,-89.11612778,12,6,0,2,2,1,0,3,1,0,2,39,2,42,,
171053,17,2020,10,21,4,13,42,115,0,1,2,2,2,3,1,3,1,1,0,72,39.90955,-89.02881667,12,6,0,2,2,1,0,1,10,0,13,42,13,47,,
171054,17,2020,8,28,6,13,28,177,0,1,1,1,1,5,1,7,3,0,0,20,42.43075556,-89.90540278,10,0,0,6,1,1,0,1,1,0,13,29,13,38,,
171055,17,2020,9,30,4,7,34,31,9300,2,2,2,3,6,2,7,4,0,0,4,42.11406944,-87.90763611,12,6,0,2,3,1,0,1,10,0,7,35,7,43,,
171056,17,2020,10,21,4,19,45,19,0,2,2,2,3,2,1,3,1,1,0,36,40.26113611,-88.17944444,12,6,0,1,1,1,0,2,1,0,19,45,19,53,,
171057,17,2020,8,30,1,4,20,31,3100,2,2,2,4,1,2,1,1,1,0,71,41.87316389,-87.81567222,12,7,1,18,1,1,0,3,1,0,4,23,4,25,,
171058,17,2020,10,23,6,13,9,31,1670,1,1,1,1,8,2,5,1,0,0,18,41.97487778,-87.78338333,9,0,0,1,1,1,0,1,2,0,13,11,13,15,,
171059,17,2020,10,19,2,22,37,31,1670,2,3,2,3,8,2,4,1,0,0,117,41.92488889,-87.69371667,12,6,0,2,2,1,0,3,1,0,22,,,,,
171060,17,2020,8,29,7,20,45,31,3820,1,2,2,6,8,2,4,2,0,0,72,41.58633333,-87.65590833,12,6,0,2,3,1,0,3,1,0,20,45,20,50,,
171061,17,2020,10,11,1,4,20,31,1670,1,3,3,4,6,2,3,4,1,0,15,41.80673056,-87.71619444,12,6,0,2,2,1,0,3,1,0,4,20,4,30,,
171062,17,2020,10,24,7,8,8,49,2650,1,2,2,2,2,2,4,1,0,0,15,39.10959722,-88.57995833,12,2,0,1,1,1,0,1,1,0,8,9,,,,
171063,17,2020,10,18,1,1,43,161,2580,1,1,1,3,6,2,4,4,0,0,19,41.49911944,-90.44441944,33,0,0,1,1,4,0,3,1,0,1,43,1,48,,
171064,17,2020,10,20,3,16,29,197,9390,1,1,1,1,8,2,7,2,0,0,28,41.29548611,-88.07391667,38,0,0,1,1,5,0,1,1,0,16,35,16,40,,
171065,17,2020,10,17,7,16,7,97,0,1,2,2,4,2,2,3,1,1,0,11,42.47989722,-88.01788056,93,0,0,1,1,4,0,1,1,0,16,7,16,20,,
171066,17,2020,10,23,6,15,2,157,8260,1,1,1,2,8,2,5,2,0,0,46,37.95066111,-89.68324167,1,0,0,1,1,4,0,1,1,0,15,2,15,12,,
171067,17,2020,10,16,6,19,5,175,8680,1,2,2,2,3,1,4,1,0,0,18,41.098702780000004,-89.89001111,12,6,0,8,1,1,0,2,1,0,19,8,19,13,,
171068,17,2020,10,19,2,14,34,163,7763,1,2,2,2,8,2,5,2,0,0,61,38.58418056,-90.1559,12,6,0,1,1,1,0,1,2,0,14,36,14,39,,
171069,17,2020,10,31,7,20,28,187,0,1,2,2,2,3,1,4,1,0,0,31,40.91511111,-90.72791111,12,2,0,1,1,2,0,2,1,0,20,28,20,32,,
171070,17,2020,10,5,2,12,17,197,2060,1,2,1,1,5,2,7,3,0,0,,41.45249722,-87.53148611,53,0,0,1,1,4,0,1,1,0,12,17,,,,
171071,17,2020,10,28,4,23,15,95,0,1,2,2,3,3,2,4,1,0,0,24,40.91845556,-90.40309167,12,6,0,2,2,1,0,2,1,0,23,15,23,26,,
171072,17,2020,10,31,7,22,50,31,6330,1,2,2,3,3,2,3,1,1,0,11,41.90725,-87.89939444,12,6,0,2,2,1,0,3,1,0,22,55,22,57,,
171073,17,2020,10,4,1,9,53,31,1670,1,3,2,3,6,2,4,4,0,0,100,41.75058611,-87.64946667,12,2,0,1,1,1,0,1,1,0,,,9,53,,
171074,17,2020,10,31,7,13,4,31,850,1,1,1,1,6,2,7,4,0,0,14,41.65620556,-87.68484444,8,0,0,3,2,1,0,1,1,0,13,4,13,5,,
171075,17,2020,10,29,5,17,12,95,0,1,1,1,1,2,1,4,1,0,0,36,41.10351111,-90.17818333,24,0,0,1,1,4,0,1,10,0,17,13,,,,
171076,17,2020,10,22,5,0,4,97,0,1,2,2,2,1,2,1,1,1,0,27,42.460355560000004,-87.96232222,12,1,1,18,1,1,0,3,2,0,0,6,0,16,,
171077,17,2020,10,30,6,21,31,197,8270,1,3,1,3,6,2,7,4,0,0,10,41.46737778,-87.651325,42,0,0,1,1,4,0,2,1,0,21,31,21,36,,
171078,17,2020,10,30,6,19,16,97,9100,1,2,2,2,6,2,5,4,0,0,26,42.37976667,-87.86527778,12,2,0,2,3,1,0,2,1,0,19,16,19,25,,
171079,17,2020,10,8,5,18,59,31,1670,1,1,1,1,1,2,1,1,1,0,286,41.96328056,-87.74744444,1,0,1,18,1,1,0,3,1,0,19,0,19,5,,
171080,17,2020,10,11,1,3,17,31,4750,1,1,1,1,8,2,5,2,0,0,1,41.64955556,-87.98809722,43,0,0,1,1,4,0,3,1,0,3,17,3,24,,
171081,17,2020,10,28,4,23,58,31,1670,1,2,2,5,6,2,4,4,0,0,118,41.75110833,-87.61494722,12,6,0,2,2,1,0,3,1,0,,,0,32,,
171082,17,2020,10,10,7,10,17,197,2060,1,1,1,2,8,1,7,2,0,0,37,41.29784167,-87.55311944,35,0,0,1,1,4,0,1,1,0,10,17,10,17,,
171083,17,2020,10,29,5,18,14,31,1670,1,4,1,2,9,2,4,4,0,0,73,41.89551944,-87.71431944,14,0,0,1,1,7,0,1,1,0,,,18,20,,
171084,17,2020,10,23,6,18,59,119,1910,1,3,3,6,3,2,3,1,1,0,121,38.66285556,-90.01719167,12,1,0,3,3,1,0,2,1,0,19,0,19,5,,
171085,17,2020,10,12,2,7,35,31,1670,1,2,2,2,9,2,4,1,0,0,62,41.985875,-87.72849167,12,6,0,2,3,1,0,1,1,0,7,36,7,40,,
171086,17,2020,10,24,7,20,52,67,6000,1,1,1,19,5,2,7,3,0,0,0,40.49201389,-91.34788611,51,0,0,1,1,4,0,2,1,0,20,55,21,6,,
171087,17,2020,10,22,5,8,5,31,1670,1,2,2,4,2,2,3,1,1,0,404,41.87237778,-87.61701667,12,7,0,1,1,1,0,3,1,0,8,,8,6,,
171088,17,2020,10,8,5,0,43,97,9090,1,1,1,2,9,2,5,4,0,0,0,42.25735278,-88.15060556,9,0,0,3,2,1,0,8,1,0,0,43,0,46,,
171089,17,2020,10,15,5,19,40,187,7510,1,1,1,2,2,1,5,1,0,0,1,40.76128056,-90.66181111,31,0,0,3,3,4,0,2,1,0,19,45,20,2,,
171090,17,2020,10,13,3,16,20,121,6450,1,1,1,1,5,1,7,3,0,0,31,38.56493611,-89.06871944,43,0,0,1,1,4,0,1,1,0,,,,,,
171091,17,2020,9,18,6,0,57,31,1670,1,4,4,4,1,2,1,1,1,0,147,41.87552222,-87.66694167,8,0,0,1,1,1,0,3,1,0,0,57,1,10,,
171092,17,2020,9,12,7,12,6,31,5040,1,6,6,8,1,2,1,1,1,0,299,41.75839167,-87.88546944,12,7,0,1,1,1,1,1,2,0,12,12,12,23,,
171093,17,2020,9,15,3,18,11,113,0,1,1,1,2,4,1,7,3,0,0,15,,,98,0,0,98,98,98,0,8,98,0,,,,,,
171094,17,2020,8,14,6,16,55,1,7180,4,4,3,7,3,2,3,1,1,0,1,39.93580833,-91.41006944,12,6,0,2,2,1,0,1,1,0,,,,,,
171095,17,2020,8,28,6,8,30,35,0,1,2,2,2,9,1,5,3,0,0,40,39.34533333,-88.30435278,12,1,0,1,1,1,2,1,1,0,8,30,8,41,,
171096,17,2020,10,12,2,3,25,167,0,1,1,1,1,1,2,1,1,1,0,234,39.84453056,-89.59399167,35,0,0,1,1,3,0,2,1,0,3,25,3,35,,
171097,17,2020,8,22,7,14,5,43,2225,1,3,2,3,1,2,1,1,1,0,0,41.7313,-87.97364167,14,0,1,19,1,2,0,1,1,0,14,5,14,16,,
171098,17,2020,12,19,7,11,8,31,1670,1,1,1,1,8,2,4,2,0,0,209,41.76868611,-87.66393611,8,0,0,1,1,1,0,1,1,0,11,,11,11,,
171099,17,2020,8,8,7,1,55,197,8763,1,1,1,1,8,2,4,2,0,0,0,41.4477,-87.67092222,8,0,0,1,1,1,0,2,1,0,2,0,2,10,,
171100,17,2020,12,29,3,16,31,91,0,1,2,2,2,4,1,5,2,0,0,10,41.29578333,-87.78744722,12,2,0,1,1,1,0,2,4,0,16,31,,,,
171101,17,2020,12,13,1,12,50,31,1670,1,1,1,1,6,2,7,4,0,0,10,41.85593056,-87.668450000000007,8,0,0,3,2,1,0,1,1,0,,,,,,
171103,17,2020,9,19,7,21,8,31,0,1,2,2,3,3,2,3,1,1,0,11,41.68786111,-87.93096944,12,6,0,2,2,1,0,3,1,0,21,8,21,15,,
171104,17,2020,5,4,2,21,43,31,850,1,1,1,1,6,2,4,4,0,0,20,41.67715,-87.68961111,8,0,0,1,1,1,0,2,1,0,21,43,21,49,,
171105,17,2020,6,21,1,22,40,31,1730,1,1,1,1,3,2,3,1,1,0,174,41.83668611,-87.74371944,8,0,0,3,2,1,0,3,1,0,22,40,22,42,,
171106,17,2020,12,25,6,22,25,31,1030,1,2,2,2,1,2,1,1,1,0,52,41.87087778,-87.85355833,12,7,0,1,1,1,0,3,1,0,22,29,22,29,,
171107,17,2020,12,9,4,8,6,135,0,1,2,2,2,4,1,5,2,0,0,,39.11876944,-89.31646944,12,6,0,2,3,1,0,1,1,0,8,9,8,20,,
171110,17,2020,2,20,5,21,21,199,1280,1,1,1,1,9,9,99,99,9,9,,,,30,0,0,1,1,4,0,6,1,0,9,22,9,36,,
180001,18,2020,2,14,6,11,0,177,0,1,2,2,3,3,1,3,1,0,0,,39.81910833,-85.15462778,12,2,0,1,1,1,0,1,1,0,,,,,,
180002,18,2020,1,7,3,6,25,79,3670,1,2,2,2,3,2,3,1,1,0,,39.0331,-85.62603889,12,2,0,1,1,1,0,2,10,0,,,,,,
180003,18,2020,1,13,2,13,20,99,0,1,1,1,1,2,2,3,1,1,0,,41.32826389,-86.27576389,1,0,0,1,1,4,0,1,10,0,,,,,,
180004,18,2020,1,9,5,16,17,77,0,2,1,1,3,3,1,5,1,0,0,,38.73785,-85.51679167,30,0,0,1,1,4,0,1,10,0,,,,,,
180005,18,2020,1,19,1,19,3,169,0,1,1,1,1,3,1,4,1,0,0,,40.67681944,-85.72813056,8,0,0,1,1,1,0,2,1,0,,,,,,
180006,18,2020,1,6,2,7,16,183,980,1,1,1,2,4,1,6,2,0,0,,41.16724167,-85.42692222,34,0,0,1,1,4,0,2,1,0,,,,,,
180007,18,2020,1,20,2,17,45,159,4860,1,2,2,2,4,1,7,2,0,0,,40.23211111,-86.06956389,12,6,0,2,2,1,0,2,1,0,,,,,,
180008,18,2020,2,1,7,17,20,143,240,2,1,1,3,4,2,5,2,0,0,,38.75758333,-85.81541667,10,0,0,6,1,1,0,1,10,0,,,,,,
180009,18,2020,3,2,2,14,7,49,20,1,2,2,2,3,1,4,1,0,0,,41.03553611,-86.00855556,12,6,0,2,2,1,0,1,1,0,,,,,,
180010,18,2020,2,7,6,23,5,83,0,1,2,2,2,2,1,3,1,1,0,,38.61243889,-87.53801667,12,6,0,2,2,1,0,2,11,0,,,,,,
180011,18,2020,2,21,6,17,12,155,0,1,2,2,2,3,1,4,1,0,0,,38.75969722,-85.04661389,12,2,0,1,1,1,0,1,1,0,,,,,,
180012,18,2020,1,1,4,13,41,113,0,1,1,1,1,4,1,7,2,0,0,,41.30642778,-85.30849167,34,0,0,1,1,4,0,1,1,0,,,,,,
180013,18,2020,1,3,6,22,13,183,0,1,1,1,1,4,1,7,2,0,0,,41.24811667,-85.40533889,42,0,0,1,1,4,0,2,1,0,,,,,,
180014,18,2020,1,3,6,20,6,109,3240,1,2,2,3,3,2,3,1,0,0,,39.586475,-86.37716944,12,6,0,2,2,1,0,2,2,0,,,,,,
180015,18,2020,1,1,4,23,6,77,0,1,1,1,1,3,1,3,1,0,0,,38.70798056,-85.5867,34,0,0,1,1,4,0,2,1,0,,,,,,
180016,18,2020,1,6,2,7,41,3,1580,1,2,2,3,6,2,4,4,0,0,,41.17842222,-85.12531111,12,6,1,2,2,1,0,1,1,0,,,,,,
180017,18,2020,1,6,2,8,0,131,1620,1,2,2,2,2,1,3,1,1,0,,41.027025,-86.89190278,12,6,0,2,2,1,0,4,1,0,,,,,,
180018,18,2020,1,3,6,4,44,173,3430,1,2,2,4,3,1,3,1,0,0,,38.00849167,-87.44199444,12,1,0,2,2,1,0,2,2,0,,,,,,
180019,18,2020,1,7,3,18,40,63,0,1,1,1,3,4,2,4,2,0,0,,39.77826667,-86.34919444,9,0,0,1,1,1,0,2,1,0,,,,,,
180020,18,2020,1,5,1,20,32,77,0,1,1,1,1,4,1,6,2,0,0,,38.63716389,-85.44331389,1,0,0,1,1,4,0,2,1,0,,,,,,
180021,18,2020,1,5,1,11,5,11,0,3,9,9,26,1,2,1,1,1,0,,39.94212778,-86.34839722,12,1,0,1,1,1,0,1,1,0,,,,,,
180022,18,2020,1,9,5,9,50,39,1830,1,1,1,1,6,2,4,4,0,0,,41.58829722,-85.82276667,42,0,0,1,1,4,0,1,1,0,,,,,,
180023,18,2020,1,10,6,3,28,145,0,1,1,1,1,3,1,4,1,0,0,,39.49163611,-85.76919722,30,0,0,3,3,4,0,3,2,0,,,,,,
180024,18,2020,1,1,4,15,3,97,2210,1,2,2,5,6,2,4,4,0,0,,39.77381389,-86.14337778,12,6,0,2,2,1,0,1,1,0,,,,,,
180025,18,2020,1,9,5,19,46,3,1580,1,1,1,3,1,2,1,1,1,0,,41.16936389,-85.10287222,34,0,0,5,1,8,0,3,10,0,,,,,,
180026,18,2020,1,10,6,20,56,5,990,1,1,1,2,2,2,3,1,0,0,,39.22159167,-85.88921667,8,0,0,1,1,1,0,3,2,0,,,,,,
180027,18,2020,1,11,7,0,25,81,1650,1,2,2,2,4,1,7,2,0,0,,39.47628611,-86.15979722,12,2,0,1,1,1,0,2,10,0,,,,,,
180030,18,2020,1,8,4,19,16,89,1310,1,1,1,1,6,2,5,4,0,0,,41.64073889,-87.44491111,8,0,0,3,2,1,0,3,1,0,,,,,,
180031,18,2020,1,12,1,21,0,111,0,1,1,1,2,4,1,7,2,0,0,,40.95987222,-87.46935833,30,0,0,1,1,4,0,2,4,0,,,,,,
180032,18,2020,1,13,2,11,21,107,1060,1,2,2,2,2,2,3,1,1,0,,40.08126389,-86.903875,12,1,0,2,3,1,0,1,10,0,,,,,,
180033,18,2020,1,9,5,19,14,97,2210,1,1,1,1,3,2,3,1,0,0,,39.69205,-86.15763333,8,0,0,1,1,1,0,2,10,0,,,,,,
180034,18,2020,1,10,6,18,11,97,2210,1,2,2,2,6,2,4,4,0,0,,39.81101667,-86.067075,15,0,0,2,3,1,0,2,2,0,,,,,,
180035,18,2020,1,17,6,13,28,83,0,1,2,2,3,2,1,3,1,1,0,,38.67491944,-87.36846667,12,6,0,2,2,1,0,1,1,0,,,,,,
180036,18,2020,1,14,3,21,25,73,0,1,2,2,3,1,1,1,1,1,0,,40.76045,-87.11645,12,1,0,1,1,1,0,2,5,0,,,,,,
180037,18,2020,1,16,5,17,57,103,0,1,2,2,2,2,1,3,1,1,0,,40.72149722,-86.12755278,12,6,0,2,2,1,0,2,1,0,,,,,,
180038,18,2020,1,19,1,11,34,167,5230,1,2,2,3,3,1,3,1,1,0,,39.56299167,-87.43761667,12,6,0,2,2,1,0,1,10,0,,,,,,
180039,18,2020,1,17,6,8,32,29,0,1,1,1,1,5,1,6,4,0,0,,39.29050833,-84.84103056,42,0,0,1,1,4,0,4,1,0,,,,,,
180040,18,2020,1,19,1,0,44,89,2972,1,1,1,2,3,2,3,1,0,0,,41.45345,-87.36484722,8,0,0,1,1,1,0,3,1,0,,,,,,
180041,18,2020,1,14,3,1,37,5,0,1,1,1,2,3,1,3,1,1,0,,39.24011111,-85.73175278,35,0,0,1,1,4,0,2,1,0,,,,,,
180042,18,2020,1,20,2,18,15,39,0,1,3,3,4,2,2,3,1,0,0,,41.66793889,-86.02265833,12,1,0,2,3,1,0,2,1,0,,,,,,
180043,18,2020,1,19,1,13,52,85,4810,1,1,1,1,6,2,4,4,0,0,,41.41892778,-85.74757778,30,0,0,3,2,4,0,1,1,0,,,,,,
180044,18,2020,1,19,1,4,14,95,0,1,1,1,1,4,2,7,2,0,0,,40.07670556,-85.63217778,1,0,0,1,1,4,0,2,10,0,,,,,,
180045,18,2020,1,23,5,6,27,63,0,1,1,1,1,4,2,5,2,0,0,,39.74799167,-86.40870833,8,0,0,1,1,1,0,2,1,0,,,,,,
180046,18,2020,1,27,2,6,15,63,0,1,2,2,2,4,1,5,2,0,0,,39.88640278,-86.58837222,12,2,0,1,1,1,0,2,1,0,,,,,,
180047,18,2020,1,23,5,19,44,35,0,1,2,2,2,2,1,4,1,0,0,,40.08717778,-85.28074722,12,6,0,1,1,1,0,2,2,0,,,,,,
180048,18,2020,1,31,6,16,21,57,0,1,3,3,3,4,1,5,2,0,0,,40.13206111,-86.09780278,12,1,0,1,1,1,0,1,10,0,,,,,,