st_case,state,year,month,day,day_week,hour,minute,county,city,fatals_crash,vehicles_total,vehicles_in_transport,persons_total,route,rural_urban,functional_system,road_owner,nhs,special_jurisdiction,milepoint,latitude,longitude,first_harmful_event,manner_collision,rel_jct_interchange,rel_jct_location,intersection_type,relation_to_road,work_zone,light_condition,weather,school_bus_related,ems_notified_hour,ems_notified_min,ems_arrival_hour,ems_arrival_min,hospital_hour,hospital_min
180049,18,2020,1,12,1,2,4,143,0,1,1,1,1,3,1,5,1,0,0,,38.64805278,-85.711225,34,0,0,1,1,4,0,2,10,0,,,,,,
180050,18,2020,2,1,7,20,34,89,2010,1,1,1,1,6,2,7,4,0,0,,41.56783056,-87.49202222,33,0,0,1,1,4,0,3,10,0,,,,,,
180051,18,2020,2,3,2,19,55,181,0,2,2,2,2,2,1,3,1,1,0,,40.74931389,-86.86660833,12,8,0,1,1,1,0,2,1,0,,,,,,
180052,18,2020,2,5,4,11,36,89,2120,1,2,2,3,6,2,4,4,0,0,,41.48134722,-87.25855278,12,2,0,2,2,1,0,1,10,0,,,,,,
180053,18,2020,2,2,1,2,30,89,2010,1,3,3,4,1,2,1,31,1,0,,41.57410556,-87.48470278,12,1,0,1,1,1,0,3,1,0,,,,,,
180054,18,2020,2,5,4,5,16,135,0,1,2,2,2,2,1,4,1,0,0,,40.04928056,-84.82860833,12,6,0,2,2,1,0,2,12,0,,,,,,
180055,18,2020,1,29,4,0,15,97,2210,1,1,1,1,6,2,5,4,0,0,,39.8366,-86.16887222,33,0,0,1,1,4,0,3,1,0,,,,,,
180056,18,2020,1,10,6,8,47,179,400,1,2,2,5,3,2,3,1,0,0,,40.77425,-85.16585,12,2,0,1,1,1,0,1,2,0,,,,,,
180057,18,2020,2,9,1,3,58,43,3400,1,1,1,1,5,2,4,4,0,0,,38.33132222,-85.81334444,42,0,0,1,1,4,0,2,1,0,,,,,,
180058,18,2020,2,4,3,3,25,59,0,1,2,2,6,3,1,5,1,0,0,,39.90177778,-85.69169722,12,6,0,2,2,1,0,2,2,0,,,,,,
180059,18,2020,2,10,2,5,9,107,0,1,1,1,2,3,1,5,1,0,0,,40.12160556,-86.9989,34,0,0,1,1,4,0,2,10,0,,,,,,
180060,18,2020,2,9,1,14,9,149,0,1,1,1,1,4,1,7,2,0,0,,41.33132778,-86.50304167,42,0,0,1,1,4,0,1,4,0,,,,,,
180061,18,2020,1,17,6,21,29,97,2210,2,1,1,2,6,2,3,4,0,0,,39.91198333,-86.20478333,33,0,0,1,1,3,0,3,12,0,,,,,,
180062,18,2020,2,7,6,19,39,141,3100,1,3,3,8,6,2,4,4,0,0,,41.68031111,-86.15775556,12,6,1,2,2,1,0,3,1,0,,,,,,
180063,18,2020,2,8,7,18,35,105,380,1,1,1,1,6,2,7,4,0,0,,39.16460556,-86.532375,8,0,0,3,2,1,0,3,1,0,,,,,,
180064,18,2020,2,10,2,12,0,141,0,1,1,1,1,4,1,7,2,0,0,,,,42,0,0,1,1,4,0,1,10,0,,,,,,
180065,18,2020,2,13,5,15,42,91,0,1,1,1,1,3,1,4,1,0,0,,41.37205833,-86.73703889,42,0,0,1,1,4,0,1,4,0,,,,,,
180066,18,2020,1,19,1,2,19,97,2210,1,2,2,6,6,2,4,4,0,0,,39.8109,-86.06464722,12,6,0,2,2,1,0,2,1,0,,,,,,
180067,18,2020,2,15,7,20,11,57,0,1,1,1,1,3,1,4,1,0,0,,40.06215,-85.87861389,34,0,0,1,1,4,0,2,1,0,,,,,,
180068,18,2020,2,15,7,11,40,167,0,1,1,1,1,4,1,5,27,0,0,,39.31013611,-87.37911944,10,0,0,6,1,1,0,1,1,0,,,,,,
180069,18,2020,2,17,2,8,51,91,0,1,1,1,1,5,2,4,4,0,0,,41.63530833,-86.85086667,30,0,0,1,1,4,0,1,10,0,,,,,,
180070,18,2020,2,12,4,13,51,91,2990,1,2,1,2,1,1,1,1,1,0,,41.66672778,-86.86223333,14,0,0,1,1,2,0,1,10,0,,,,,,
180071,18,2020,2,8,7,21,13,97,2210,1,1,1,1,6,2,3,4,0,0,,39.91179167,-86.22281667,8,0,0,3,2,1,0,3,1,0,,,,,,
180072,18,2020,2,17,2,21,55,145,0,1,1,1,1,4,2,4,2,0,0,,39.52897222,-85.80386389,34,0,0,1,1,4,0,2,1,0,,,,,,
180073,18,2020,2,21,6,21,31,113,60,1,1,1,1,2,1,3,1,1,0,,41.40445,-85.55355556,8,0,0,1,1,2,0,2,1,0,,,,,,
180074,18,2020,2,23,1,18,36,151,0,1,1,1,1,4,1,7,2,0,0,,,,34,0,0,1,1,4,0,5,1,0,,,,,,
180075,18,2020,2,25,3,23,11,127,4025,1,1,1,1,4,2,4,2,0,0,,41.54878611,-87.22131389,8,0,0,1,1,1,0,2,4,0,,,,,,
180076,18,2020,2,7,6,23,0,149,3620,1,1,1,1,3,1,5,1,0,0,,41.282125,-86.73689444,1,0,0,1,1,4,0,9,4,0,,,,,,
180077,18,2020,2,27,5,19,0,67,0,1,1,1,1,4,1,7,2,0,0,,40.53640833,-85.99524167,42,0,0,1,1,4,0,2,10,0,,,,,,
180078,18,2020,2,29,7,5,30,33,0,1,1,1,1,4,2,4,2,0,0,,41.35196944,-85.09364444,35,0,0,1,1,4,0,2,1,0,,,,,,
180079,18,2020,2,26,4,8,13,157,0,2,1,1,3,4,1,6,2,0,0,,40.43205278,-86.77038333,42,0,0,1,1,4,0,1,4,0,,,,,,
180080,18,2020,3,1,1,20,30,9,0,1,1,1,2,4,1,6,2,0,0,,40.52318611,-85.27625278,30,0,0,1,1,4,0,2,1,0,,,,,,
180081,18,2020,3,3,3,19,46,127,4960,1,3,3,4,6,2,5,4,0,0,,41.48334444,-87.02712778,12,8,0,1,1,1,0,2,1,0,,,,,,
180082,18,2020,2,22,7,4,50,97,2210,1,1,1,1,1,2,1,1,1,0,,39.79925833,-86.02743333,52,0,1,5,1,8,0,3,1,0,,,,,,
180083,18,2020,2,23,1,0,10,127,0,1,1,1,1,1,2,1,1,1,0,,41.60158889,-87.15408333,8,0,0,1,1,1,0,2,1,0,,,,,,
180084,18,2020,3,7,7,18,56,33,0,1,1,1,3,4,1,4,2,0,0,,41.37043056,-84.90805,43,0,0,1,1,4,0,5,1,0,,,,,,
180085,18,2020,3,5,5,1,19,35,0,1,1,1,1,2,1,3,1,1,0,,40.27694444,-85.38728611,32,0,0,1,1,4,0,3,1,0,,,,,,
180086,18,2020,3,1,1,11,47,71,0,1,2,2,3,2,1,5,1,0,0,,38.78153056,-85.83020278,12,6,0,2,3,1,0,1,1,0,,,,,,
180087,18,2020,3,7,7,14,6,29,0,1,1,1,1,2,1,3,1,9,0,,,,1,0,0,1,1,4,0,1,1,0,,,,,,
180088,18,2020,3,7,7,22,37,81,1950,1,1,1,1,6,2,5,4,0,0,,39.576125,-86.08290278,9,0,0,1,1,1,0,2,1,0,,,,,,
180089,18,2020,3,8,1,4,28,43,0,1,1,1,1,4,1,7,2,0,0,,38.36588889,-85.83666667,35,0,0,1,1,4,0,2,1,0,,,,,,
180090,18,2020,3,8,1,1,8,39,3010,1,1,1,1,4,1,5,2,0,0,,41.71417778,-85.73673889,42,0,0,1,1,4,0,2,1,0,,,,,,
180091,18,2020,2,23,1,14,7,167,5230,1,2,2,2,1,2,1,1,1,0,,39.43854444,-87.52239167,12,1,0,1,1,1,0,1,1,0,,,,,,
180092,18,2020,3,6,6,2,14,89,1730,1,2,2,3,2,2,3,1,0,0,,41.60356667,-87.24843056,12,2,0,1,1,1,0,2,11,0,,,,,,
180093,18,2020,2,13,5,4,55,5,0,1,2,2,2,2,2,3,1,0,0,,39.18366944,-85.84854444,12,1,0,1,1,1,0,2,4,0,,,,,,
180094,18,2020,3,7,7,5,5,153,0,1,2,2,2,3,1,4,1,0,0,,39.07514444,-87.31304167,12,6,0,1,1,1,0,2,1,0,,,,,,
180095,18,2020,3,11,4,5,55,53,1610,2,2,2,2,3,1,4,1,0,0,,40.4232,-85.56920833,12,2,0,1,1,1,0,2,1,0,,,,,,
180096,18,2020,3,13,6,21,35,33,0,1,1,1,2,4,1,5,2,0,0,,41.49576389,-85.01076111,34,0,0,1,1,4,0,2,1,0,,,,,,
180097,18,2020,3,10,3,8,20,55,0,1,1,1,1,4,1,5,2,0,0,,39.01457222,-86.926325,30,0,0,1,1,4,0,1,10,0,,,,,,
180098,18,2020,3,15,1,22,20,39,0,1,1,1,1,2,2,3,1,1,0,,41.63601944,-85.92151944,8,0,0,3,2,1,0,2,1,0,,,,,,
180100,18,2020,3,12,5,10,56,91,2990,1,1,1,2,6,2,3,4,0,0,,41.70169722,-86.89422778,30,0,0,1,1,4,0,1,10,0,,,,,,
180102,18,2020,3,9,2,12,45,3,0,1,1,1,1,5,1,7,3,0,0,,40.92213056,-85.05534167,30,0,0,1,1,4,0,1,1,0,,,,,,
180103,18,2020,3,4,4,20,30,165,0,1,2,2,2,3,2,3,1,1,0,,39.68818056,-87.40872778,12,6,0,2,2,1,0,2,1,0,,,,,,
180104,18,2020,3,8,1,22,20,165,0,2,2,2,7,3,1,3,1,1,0,,40.05306111,-87.45211944,12,6,0,2,2,1,0,2,1,0,,,,,,
180105,18,2020,3,6,6,22,4,123,0,1,1,1,4,1,1,1,1,1,0,,38.22955833,-86.61210278,57,0,0,1,1,3,0,2,1,0,,,,,,
180106,18,2020,3,14,7,12,3,145,0,1,2,2,7,1,1,1,1,1,0,,39.51675833,-85.71930556,57,0,0,1,1,3,0,1,3,0,,,,,,
180107,18,2020,3,17,3,8,1,113,4225,1,1,1,1,3,1,4,1,0,0,,41.49645,-85.37668611,24,0,0,1,1,4,0,1,10,0,,,,,,
180108,18,2020,3,19,5,16,20,113,0,1,2,2,2,4,1,6,2,0,0,,41.34073056,-85.48039444,12,6,0,2,3,1,0,1,2,0,,,,,,
180109,18,2020,3,7,7,20,51,97,2210,1,1,1,1,2,2,3,4,0,0,,39.68685,-86.14873056,8,0,0,1,1,1,0,3,1,0,,,,,,
180110,18,2020,3,8,1,20,23,97,2210,1,2,2,2,6,2,5,4,0,0,,39.83164167,-86.270475,9,0,0,1,1,1,0,3,1,0,,,,,,
180111,18,2020,3,14,7,12,45,133,0,1,1,1,1,3,1,5,1,0,0,,39.49977778,-86.73310278,42,0,0,1,1,4,0,1,2,0,,,,,,
180112,18,2020,2,28,6,1,22,97,2210,1,2,2,2,6,2,4,4,0,0,,39.81114167,-86.03163611,12,6,0,1,1,1,0,2,1,0,,,,,,
180113,18,2020,3,19,5,6,40,169,0,1,1,1,1,4,1,6,2,0,0,,41.03075833,-85.71136944,42,0,0,1,1,4,0,2,5,0,,,,,,
180114,18,2020,3,19,5,15,17,23,0,1,1,1,1,4,1,7,2,0,0,,40.25919444,-86.65667222,42,0,0,1,1,4,0,1,2,0,,,,,,
180115,18,2020,3,15,1,21,10,97,2210,1,1,1,1,1,2,1,1,1,0,,39.80255,-86.07796111,34,0,0,1,1,4,0,3,1,0,,,,,,
180116,18,2020,3,20,6,22,19,157,0,1,1,1,2,3,1,3,1,1,0,,40.49203333,-86.76332778,42,0,0,1,1,4,0,2,10,0,,,,,,
180118,18,2020,2,5,4,7,43,5,0,1,1,1,1,3,1,5,1,0,0,,39.05876667,-86.04565833,42,0,0,1,1,4,0,2,10,0,,,,,,
180119,18,2020,2,12,4,9,53,163,1480,1,2,2,2,2,2,3,1,1,0,,37.95114444,-87.54255833,12,6,0,2,2,1,0,1,2,0,,,,,,
180120,18,2020,2,27,5,16,15,89,1730,1,1,1,1,6,2,5,4,0,0,,41.52808611,-87.32646111,42,0,0,1,1,4,0,1,1,0,,,,,,
180121,18,2020,3,13,6,18,40,53,0,1,2,2,2,3,1,4,1,0,0,,40.42332778,-85.61208889,12,6,0,1,1,1,0,1,1,0,,,,,,
180122,18,2020,3,26,5,14,50,35,0,1,2,2,4,4,1,5,2,0,0,,40.33573611,-85.50116389,12,6,0,2,2,1,0,1,2,0,,,,,,
180124,18,2020,3,23,2,6,11,97,2210,1,1,1,1,5,2,4,4,0,0,,39.77881667,-86.31629167,8,0,0,1,1,1,0,2,1,0,,,,,,
180125,18,2020,3,28,7,13,0,19,0,1,1,1,1,4,1,7,2,0,0,,38.51885,-85.70144722,34,0,0,1,1,4,0,1,1,0,,,,,,
180126,18,2020,3,29,1,3,7,67,0,1,1,1,2,4,1,7,4,0,0,,40.44413611,-86.28080556,24,0,0,1,1,4,0,2,10,0,,,,,,
180127,18,2020,3,28,7,20,53,99,0,1,1,1,1,3,1,7,1,0,0,,41.30283611,-86.40707778,42,0,0,1,1,4,0,2,10,0,,,,,,
180128,18,2020,3,23,2,8,32,29,0,1,1,1,1,5,1,7,4,0,0,,39.25884444,-84.96174167,42,0,0,1,1,4,0,4,1,0,,,,,,
180129,18,2020,2,20,5,13,49,97,2210,1,1,1,1,1,2,1,1,1,0,,39.80001667,-86.03639722,24,0,0,5,1,4,0,1,1,0,,,,,,
180130,18,2020,3,16,2,16,36,51,0,1,2,2,6,3,1,5,1,0,0,,38.25245833,-87.46608611,12,6,0,2,2,1,0,1,10,0,,,,,,
180131,18,2020,3,30,2,11,55,111,0,1,1,1,1,2,1,3,1,1,0,,40.76900278,-87.47703889,35,0,0,1,1,4,0,1,1,0,,,,,,
180132,18,2020,3,25,4,14,24,157,0,1,2,2,2,2,2,3,1,1,0,,40.37207778,-86.91901667,12,6,0,2,3,1,0,1,1,0,,,,,,
180133,18,2020,4,2,5,21,10,49,0,1,1,1,2,4,1,7,4,0,0,,41.01766389,-86.14486944,1,0,0,1,1,4,0,2,1,0,,,,,,
180134,18,2020,3,7,7,21,14,43,3400,3,2,2,5,1,2,1,1,1,0,,38.34491667,-85.779125,12,2,0,1,1,1,0,2,1,0,,,,,,
180135,18,2020,4,3,6,13,55,91,0,1,1,1,2,2,1,3,1,1,0,,41.47636944,-86.66784444,1,0,0,1,1,1,0,1,1,0,,,,,,
180136,18,2020,4,3,6,21,12,97,2210,1,1,1,1,6,2,4,4,0,0,,39.72314167,-86.12078889,8,0,0,3,2,1,0,3,1,0,,,,,,
180137,18,2020,4,6,2,15,11,137,0,1,2,2,2,3,1,5,1,0,0,,39.14333056,-85.26212222,24,0,0,1,1,4,0,1,1,0,,,,,,
180138,18,2020,3,31,3,1,24,175,0,1,2,2,2,3,1,5,1,0,0,,38.57397222,-85.89444444,12,2,0,1,1,1,0,2,10,0,,,,,,
180139,18,2020,4,11,7,5,50,157,0,1,1,1,1,4,1,7,4,0,0,,40.34216944,-86.773975,1,0,0,3,2,4,0,2,1,0,,,,,,
180140,18,2020,4,8,4,15,56,97,310,1,1,1,1,6,2,5,4,0,0,,39.73063889,-86.0929,1,0,0,1,1,1,0,1,1,0,,,,,,
180142,18,2020,4,14,3,16,47,105,380,1,2,2,2,6,2,4,4,0,0,,39.19013889,-86.58267222,12,2,0,1,1,1,0,1,10,0,,,,,,
180143,18,2020,4,5,1,21,6,21,0,1,2,2,3,3,1,4,1,0,0,,39.335675,-87.10986944,12,2,0,1,1,1,0,2,1,0,,,,,,
180144,18,2020,4,15,4,11,15,127,612,1,2,2,3,2,2,3,1,0,0,,41.62945278,-87.10628056,12,2,0,1,1,1,0,1,10,0,,,,,,
180145,18,2020,4,11,7,16,46,85,0,2,2,2,3,4,2,4,2,0,0,,41.20346944,-85.80664167,12,6,0,2,2,1,0,1,1,0,,,,,,
180146,18,2020,3,1,1,19,38,97,2210,1,4,3,8,6,2,3,4,0,0,,39.79818889,-86.20873056,12,2,0,1,1,1,0,3,1,0,,,,,,
180147,18,2020,4,16,5,11,0,133,0,1,3,3,4,2,1,3,1,1,0,,39.71302778,-86.8691,12,1,0,1,1,1,1,1,1,0,,,,,,
180148,18,2020,4,18,7,0,29,3,1580,1,1,1,2,6,2,4,4,0,0,,41.11964167,-85.01857222,43,0,0,1,1,4,0,3,10,0,,,,,,
180149,18,2020,4,2,5,13,50,89,1730,1,3,3,3,1,2,1,1,1,0,,41.56978056,-87.40655556,20,0,1,5,1,8,0,1,1,0,,,,,,
180150,18,2020,4,11,7,15,22,129,0,1,1,1,6,4,1,7,4,0,0,,38.10405556,-87.73111667,1,0,0,1,1,4,0,1,10,0,,,,,,
180151,18,2020,3,20,6,5,27,47,550,1,1,1,1,4,1,5,2,0,0,,39.49397778,-84.82187778,42,0,0,3,3,4,0,2,2,0,,,,,,
180152,18,2020,3,7,7,19,7,97,2600,1,2,2,2,2,2,4,1,0,0,,39.83744444,-86.02493333,12,6,0,2,3,1,0,2,1,0,,,,,,
180153,18,2020,4,20,2,6,50,5,990,1,1,1,1,2,2,3,1,0,0,,39.25258889,-85.94204444,8,0,0,1,1,1,1,2,1,0,,,,,,
180154,18,2020,3,16,2,0,43,19,800,1,1,1,1,4,2,3,1,0,0,,38.43387778,-85.70565556,1,0,0,1,1,4,0,2,1,0,,,,,,
180155,18,2020,4,20,2,2,15,89,0,2,1,1,2,5,1,7,3,0,0,,41.35575,-87.52640278,42,0,0,1,1,4,0,2,1,0,,,,,,
180156,18,2020,4,27,2,19,30,135,0,1,2,2,2,3,1,5,1,0,0,,40.11295833,-84.82725,12,6,0,2,2,1,0,1,10,0,,,,,,
180157,18,2020,4,22,4,22,31,65,3450,1,2,2,4,3,2,3,1,1,0,,39.90982778,-85.38534167,12,8,0,2,2,1,0,3,1,0,,,,,,
180158,18,2020,4,26,1,2,30,65,0,1,1,1,5,4,1,5,2,0,0,,39.94655833,-85.28944444,1,0,0,1,1,4,0,3,2,0,,,,,,
180159,18,2020,4,21,3,15,30,63,560,2,1,1,2,4,2,7,2,0,0,,39.81031667,-86.41242222,42,0,0,1,1,4,0,1,1,0,,,,,,
180160,18,2020,4,25,7,21,5,95,140,1,1,1,1,6,2,4,4,0,0,,40.04748333,-85.66288333,8,0,0,1,1,1,0,2,2,0,,,,,,
180161,18,2020,4,22,4,11,42,97,2210,1,2,2,5,6,2,4,4,0,0,,39.76565,-86.10210278,12,6,0,2,2,1,0,1,1,0,,,,,,
180163,18,2020,4,27,2,17,55,99,1120,1,2,2,5,3,1,5,1,0,0,,41.18226389,-86.43329444,12,6,0,1,1,1,0,1,10,0,,,,,,
180164,18,2020,5,1,6,10,12,125,0,1,2,2,3,3,1,4,1,0,0,,38.34134167,-87.28901389,12,2,0,1,1,1,0,1,1,0,,,,,,
180165,18,2020,4,24,6,5,35,147,0,1,2,2,2,3,1,4,1,0,0,,37.87528889,-87.10984167,12,6,0,8,1,1,0,4,1,0,,,,,,
180166,18,2020,5,2,7,15,58,127,0,1,1,1,1,2,1,4,1,0,0,,41.65158333,-87.03910278,52,0,0,1,1,4,0,1,1,0,,,,,,
180167,18,2020,5,3,1,17,17,35,3360,1,2,2,2,6,2,3,4,0,0,,40.16933333,-85.38164722,12,1,0,1,1,1,0,1,10,0,,,,,,
180168,18,2020,5,2,7,22,11,53,1750,1,1,1,1,2,2,3,1,1,0,,40.48784167,-85.61869722,8,0,0,1,1,1,0,3,1,0,,,,,,
180169,18,2020,4,30,5,13,35,127,0,3,2,2,4,3,2,3,1,0,0,,41.51817222,-87.19893333,12,6,0,1,1,1,0,1,10,0,,,,,,
180170,18,2020,5,3,1,23,24,3,1580,2,2,1,2,6,2,5,4,0,0,,41.10498889,-85.08855278,30,0,0,1,1,4,0,3,10,0,,,,,,
180171,18,2020,4,20,2,18,50,87,4490,1,1,1,1,3,1,5,1,0,0,,41.72083333,-85.4985,1,0,0,1,1,4,0,1,1,0,,,,,,
180172,18,2020,5,4,2,15,0,175,4350,1,1,1,1,3,1,3,1,1,0,,38.651625,-86.293,38,0,0,1,1,4,0,1,1,0,,,,,,
180173,18,2020,4,30,5,5,45,167,4840,1,1,1,1,4,2,5,2,0,0,,39.46968056,-87.29538056,8,0,0,1,1,5,0,2,2,0,,,,,,
180174,18,2020,4,21,3,23,10,19,870,1,3,1,1,1,2,1,1,1,0,,38.33745278,-85.75361944,35,0,0,1,1,4,0,3,1,0,,,,,,
180175,18,2020,4,28,3,18,15,167,85,1,2,2,3,2,2,3,1,1,0,,39.38905833,-87.39679167,12,1,0,1,1,1,0,1,10,0,,,,,,
180176,18,2020,5,7,5,17,16,39,0,1,2,2,2,3,1,5,1,0,0,,41.55781944,-85.90020278,12,1,0,1,1,1,0,1,1,0,,,,,,
180177,18,2020,4,20,2,15,43,9,2040,1,2,2,5,3,1,4,1,0,0,,40.38938889,-85.36956944,12,1,0,1,1,1,0,1,1,0,,,,,,
180178,18,2020,5,1,6,18,52,99,180,1,2,2,3,2,1,3,1,1,0,,41.23804444,-86.261475,12,6,0,2,2,1,0,1,1,0,,,,,,
180179,18,2020,4,29,4,8,14,27,0,1,2,2,2,2,1,3,1,1,0,,38.88996944,-86.91963333,12,6,0,1,1,1,0,1,2,0,,,,,,
180180,18,2020,5,10,1,4,26,89,1730,1,1,1,2,1,2,1,1,1,0,,41.56979444,-87.41186944,25,0,0,1,1,3,0,3,1,0,,,,,,
180181,18,2020,5,9,7,12,43,155,0,1,1,1,1,4,1,7,2,0,0,,38.88068611,-85.03450278,42,0,0,1,1,4,0,1,1,0,,,,,,
180182,18,2020,5,5,3,13,9,107,0,1,3,3,3,1,1,1,1,1,0,,40.04707222,-86.81046111,12,8,1,20,1,1,0,1,10,0,,,,,,
180183,18,2020,5,8,6,12,29,95,140,1,1,1,1,6,2,4,4,0,0,,40.10787778,-85.69192222,9,0,0,2,2,1,0,1,1,0,,,,,,
180184,18,2020,5,10,1,12,29,91,2990,2,2,2,3,2,2,3,1,0,0,,41.66707778,-86.89401667,12,2,0,1,1,1,0,1,2,0,,,,,,
180185,18,2020,5,8,6,19,11,157,2480,1,3,3,4,2,2,3,1,0,0,,40.39546389,-86.87099722,12,6,0,2,3,1,0,1,1,0,,,,,,
180186,18,2020,3,9,2,19,55,89,4300,1,1,1,5,2,2,3,1,1,0,,41.47063889,-87.47038889,8,0,0,1,1,1,0,2,2,0,,,,,,
180187,18,2020,5,8,6,7,30,61,0,2,2,2,2,3,1,4,1,0,0,,38.03248889,-86.18951389,12,2,0,1,1,1,0,1,2,0,,,,,,
180188,18,2020,5,7,5,3,8,23,0,1,1,1,1,3,1,3,1,1,0,,40.41563333,-86.40831111,30,0,0,1,1,4,0,2,1,0,,,,,,
180190,18,2020,4,26,1,16,8,141,4580,1,1,1,1,6,2,7,4,0,0,,41.68781944,-86.26865278,8,0,0,3,2,1,0,1,1,0,,,,,,
180191,18,2020,5,9,7,21,17,97,2210,1,2,1,1,6,2,7,4,0,0,,39.794125,-86.13065,14,0,0,1,1,4,0,3,1,0,,,,,,
180192,18,2020,5,13,4,22,10,81,1950,1,1,1,1,2,2,3,1,0,0,,39.62001667,-86.11678056,8,0,0,1,1,1,0,2,1,0,,,,,,
180193,18,2020,5,14,5,8,8,89,2010,1,1,1,1,2,2,3,1,0,0,,41.59910556,-87.50893889,42,0,0,1,1,4,0,1,10,0,,,,,,
180194,18,2020,4,12,1,23,0,97,2210,1,1,1,1,6,2,3,4,0,0,,39.70790833,-86.25218333,8,0,0,1,1,1,0,2,10,0,,,,,,
180195,18,2020,5,6,4,21,24,97,2210,1,1,1,1,6,2,3,4,1,0,,39.694625,-86.18650556,8,0,0,1,1,1,0,2,1,0,,,,,,
180196,18,2020,4,23,5,23,7,19,4420,1,4,3,4,1,2,1,1,1,0,,38.37658333,-85.75768889,14,0,0,1,1,4,0,2,2,0,,,,,,
180197,18,2020,5,15,6,20,30,65,630,1,1,1,2,3,1,5,1,0,0,,39.943925,-85.46954722,42,0,0,1,1,4,0,1,1,0,,,,,,
180198,18,2020,5,15,6,20,1,99,4010,1,1,1,1,4,1,7,4,0,0,,41.46336667,-86.348825,5,0,0,1,1,1,0,1,1,0,,,,,,
180199,18,2020,5,16,7,16,43,3,0,1,2,2,2,2,1,3,1,1,0,,41.18866111,-85.293,12,6,0,2,2,1,0,1,1,0,,,,,,
180200,18,2020,5,2,7,6,5,21,460,1,2,2,3,1,1,1,1,1,0,,39.45005278,-87.15624722,12,2,0,1,1,1,0,2,1,0,,,,,,
180201,18,2020,4,10,6,19,56,5,990,1,1,1,4,3,2,4,1,0,0,,39.18605833,-85.93046944,8,0,0,1,1,1,0,5,1,0,,,,,,
180202,18,2020,4,15,4,10,17,5,0,1,1,1,1,4,1,7,2,0,0,,39.28269167,-85.85458889,38,0,0,1,1,4,0,1,1,0,,,,,,
180204,18,2020,5,17,1,13,30,29,0,1,2,2,2,2,1,4,1,0,0,,39.27805556,-84.85461667,12,6,0,8,1,1,0,1,1,0,,,,,,
180205,18,2020,5,20,4,2,0,167,0,1,1,1,1,4,1,5,2,0,0,,39.34685556,-87.36053889,18,0,0,1,1,1,0,2,1,0,,,,,,
180206,18,2020,5,19,3,16,59,173,0,1,2,2,2,3,1,3,1,1,0,,37.94765,-87.37761111,12,6,0,2,3,1,0,1,1,0,,,,,,
180207,18,2020,5,19,3,16,17,57,0,1,1,1,1,4,1,7,2,0,0,,40.11758333,-86.10920556,8,0,0,1,1,1,0,1,10,0,,,,,,
180208,18,2020,5,21,5,20,50,19,0,1,1,1,1,4,1,7,2,0,0,,38.50111389,-85.94249167,31,0,0,1,1,4,0,1,1,0,,,,,,
180209,18,2020,5,25,2,17,18,143,0,1,1,1,1,5,1,7,3,0,0,,38.62192778,-85.74705,42,0,0,1,1,4,0,1,10,0,,,,,,
180210,18,2020,5,24,1,1,15,97,2210,1,1,1,2,1,2,1,1,1,0,,39.72017222,-86.01394444,8,0,0,1,1,1,0,2,1,0,,,,,,
180211,18,2020,5,25,2,22,50,39,0,1,1,1,1,2,1,3,1,1,0,,41.66730278,-85.80743056,30,0,0,1,1,4,0,2,1,0,,,,,,
180212,18,2020,5,25,2,18,0,127,0,1,1,1,1,4,1,5,2,0,0,,41.335875,-87.10991944,30,0,0,1,1,4,0,1,1,0,,,,,,
180213,18,2020,5,25,2,19,17,3,1580,1,2,2,2,6,2,4,4,0,0,,41.0887,-85.16434722,12,6,0,2,2,1,0,1,1,0,,,,,,
180214,18,2020,5,22,6,1,55,127,0,1,2,1,1,1,1,1,1,1,0,,41.60728056,-87.10652778,14,0,0,1,1,4,1,2,10,0,,,,,,
180215,18,2020,5,20,4,5,32,95,1440,1,1,1,1,5,2,5,4,0,0,,40.26740556,-85.84203889,33,0,0,1,1,4,0,4,1,0,,,,,,
180216,18,2020,5,22,6,15,20,95,140,1,1,1,1,3,2,3,1,0,0,,40.08036667,-85.65265278,1,0,0,1,1,1,0,1,1,0,,,,,,
180217,18,2020,5,24,1,16,20,109,0,1,1,1,1,4,1,7,1,0,0,,39.40098889,-86.53265,42,0,0,1,1,4,0,1,1,0,,,,,,
180218,18,2020,5,7,5,21,53,97,2210,1,2,2,2,6,2,4,4,0,0,,39.82454722,-85.99105,8,0,0,1,1,1,0,2,1,0,,,,,,
180219,18,2020,5,11,2,18,45,97,2210,1,2,2,2,6,2,4,4,0,0,,39.66029444,-85.97096944,12,1,0,1,1,1,0,1,1,0,,,,,,
180220,18,2020,5,24,1,14,40,3,1580,1,2,2,2,6,2,3,4,0,0,,41.07452778,-85.20136667,12,6,0,2,2,1,0,1,1,0,,,,,,
180221,18,2020,5,26,3,14,52,3,0,1,3,3,3,1,1,1,1,1,0,,41.08785833,-85.222325,12,7,0,1,1,1,0,1,1,0,,,,,,
180222,18,2020,5,25,2,14,0,131,0,1,1,1,1,4,1,7,2,0,0,,41.15686667,-86.62526667,42,0,0,1,1,4,0,1,1,0,,,,,,
180223,18,2020,5,23,7,1,20,97,2210,3,4,3,3,6,2,4,4,0,0,,39.82219167,-86.21141944,12,1,0,1,1,1,0,3,10,0,,,,,,
180224,18,2020,5,25,2,18,9,3,0,1,2,2,4,2,1,3,1,1,0,,41.16626944,-85.26075833,12,2,0,1,1,1,0,1,1,0,,,,,,
180225,18,2020,5,25,2,9,2,163,1480,1,2,2,2,6,2,4,4,0,0,,37.96984444,-87.5202,12,6,0,2,2,1,0,1,1,0,,,,,,
180226,18,2020,5,29,6,13,38,1,0,1,1,1,1,4,1,5,2,0,0,,40.89891944,-85.02405556,38,0,0,1,1,4,0,1,1,0,,,,,,
180227,18,2020,5,17,1,8,5,87,4490,1,1,1,2,1,1,1,1,1,0,,41.75375556,-85.57889167,52,0,0,1,1,3,0,1,2,0,,,,,,