st_case,state,year,month,day,day_week,hour,minute,county,city,fatals_crash,vehicles_total,vehicles_in_transport,persons_total,route,rural_urban,functional_system,road_owner,nhs,special_jurisdiction,milepoint,latitude,longitude,first_harmful_event,manner_collision,rel_jct_interchange,rel_jct_location,intersection_type,relation_to_road,work_zone,light_condition,weather,school_bus_related,ems_notified_hour,ems_notified_min,ems_arrival_hour,ems_arrival_min,hospital_hour,hospital_min
180229,18,2020,5,30,7,21,38,143,0,1,1,1,2,3,1,5,1,0,0,,38.65558333,-85.59906389,1,0,0,1,1,4,0,2,1,0,,,,,,
180230,18,2020,5,21,5,9,46,83,5030,1,3,3,3,6,2,3,4,0,0,,38.66188611,-87.53252778,12,6,0,2,2,1,0,1,1,0,,,,,,
180231,18,2020,5,29,6,18,25,13,0,1,1,1,1,4,1,5,4,0,0,,39.30415,-86.20151389,53,0,0,1,1,4,0,1,1,0,,,,,,
180232,18,2020,5,31,1,0,30,167,0,1,1,1,1,4,1,7,4,0,0,,39.58941111,-87.445775,42,0,0,1,1,4,0,2,1,0,,,,,,
180233,18,2020,5,31,1,2,7,107,0,1,1,1,2,4,1,7,2,0,0,,39.96997222,-87.00643889,11,0,0,1,1,1,0,2,1,0,,,,,,
180234,18,2020,5,15,6,19,39,97,2210,1,5,3,7,1,2,1,1,1,0,,39.70208611,-86.11641389,14,0,0,1,1,4,0,1,10,0,,,,,,
180235,18,2020,5,30,7,12,55,123,0,1,1,1,2,3,1,5,1,0,0,,38.02625556,-86.52690556,1,0,0,1,1,1,0,1,1,0,,,,,,
180236,18,2020,5,23,7,11,7,137,0,1,2,2,2,2,1,3,1,1,0,,39.04880278,-85.11607222,12,1,0,8,1,1,0,1,10,0,,,,,,
180237,18,2020,5,16,7,19,52,97,2210,1,3,3,3,6,2,3,4,0,0,,39.82501667,-86.15211944,12,6,0,2,2,1,0,1,1,0,,,,,,
180238,18,2020,5,19,3,22,41,97,2210,1,3,3,4,6,2,3,4,0,0,,39.82546111,-86.09059444,12,2,0,1,1,1,0,3,2,0,,,,,,
180239,18,2020,5,30,7,20,30,97,2210,1,2,2,3,3,2,3,1,1,0,,39.6956,-86.26809167,12,6,0,2,2,1,0,3,1,0,,,,,,
180240,18,2020,6,1,2,21,23,61,0,1,2,2,2,3,2,4,1,0,0,,38.21964167,-86.14385833,12,2,0,1,1,1,0,2,1,0,,,,,,
180241,18,2020,6,3,4,12,35,5,990,1,1,1,1,6,2,7,27,0,0,,39.25320833,-85.940425,10,0,0,6,1,1,0,1,10,0,,,,,,
180242,18,2020,6,1,2,18,32,97,2210,2,3,3,4,6,2,4,4,0,0,,39.72313889,-86.12079167,12,1,0,2,2,1,0,1,1,0,,,,,,
180243,18,2020,6,3,4,22,35,3,0,1,2,2,2,2,1,3,1,1,0,,41.17883056,-85.28185278,12,1,0,1,1,1,0,2,10,0,,,,,,
180244,18,2020,5,31,1,22,8,89,2010,1,2,1,2,5,2,7,4,0,0,,41.62828333,-87.50751944,14,0,0,1,1,7,0,2,1,0,,,,,,
180245,18,2020,5,31,1,19,37,63,3990,1,2,2,2,1,2,1,1,1,0,,39.67251944,-86.35891111,12,7,0,1,1,1,1,5,1,0,,,,,,
180246,18,2020,6,7,1,15,30,161,2392,4,2,2,4,4,1,5,2,0,0,,39.67265278,-84.83336111,12,2,0,1,1,1,0,1,1,0,,,,,,
180247,18,2020,5,12,3,4,34,7,1600,1,1,1,1,3,1,5,1,0,0,,40.60658611,-87.28258611,24,0,0,1,1,4,0,3,1,0,,,,,,
180248,18,2020,6,5,6,3,1,119,0,1,1,1,1,4,1,7,2,0,0,,39.29054722,-86.835575,31,0,0,1,1,4,0,2,5,0,,,,,,
180249,18,2020,6,6,7,14,34,61,0,1,2,2,2,3,2,4,1,0,0,,38.25295278,-86.12394444,12,1,0,2,3,1,0,1,1,0,,,,,,
180250,18,2020,6,7,1,22,35,29,0,1,1,1,1,3,1,5,1,0,0,,39.14106389,-84.99668056,32,0,0,1,1,4,0,2,1,0,,,,,,
180251,18,2020,6,7,1,19,10,131,0,2,1,1,2,4,1,5,2,0,0,,40.97737222,-86.71189722,1,0,0,1,1,4,0,1,1,0,,,,,,
180252,18,2020,6,6,7,21,29,141,4580,1,2,2,4,6,2,4,4,0,0,,41.67993056,-86.20475833,12,6,0,2,2,1,0,3,1,0,,,,,,
180253,18,2020,6,8,2,8,37,51,0,1,1,1,1,8,1,7,3,0,0,,38.48636111,-87.54556667,10,0,0,6,1,1,0,1,1,0,,,,,,
180254,18,2020,6,5,6,14,33,35,0,1,2,2,2,3,1,3,1,1,0,,40.09096667,-85.37055833,12,6,0,2,2,1,0,1,1,0,,,,,,
180255,18,2020,6,7,1,19,38,143,0,1,2,2,4,3,1,5,1,0,0,,38.60574444,-85.64805278,12,6,0,2,2,1,0,1,1,0,,,,,,
180256,18,2020,6,9,3,10,46,19,0,1,2,2,3,3,2,4,1,0,0,,38.37095833,-85.74636667,12,6,0,2,2,1,0,1,10,0,,,,,,
180257,18,2020,6,9,3,7,43,1,0,1,1,1,1,3,1,5,1,0,0,,40.745575,-84.90354444,49,0,0,1,1,1,0,1,1,0,,,,,,
180258,18,2020,5,26,3,23,26,97,2210,1,1,1,1,1,2,1,1,1,0,,39.73777778,-86.13593333,8,0,1,5,1,1,0,2,1,0,,,,,,
180259,18,2020,5,24,1,2,41,97,2210,1,2,2,2,1,1,1,1,1,0,,39.73039167,-86.02686944,12,6,0,7,1,1,0,2,1,0,,,,,,
180260,18,2020,6,7,1,11,14,51,0,1,1,1,3,4,1,7,2,0,0,,38.26720833,-87.57617222,34,0,0,1,1,4,0,1,1,0,,,,,,
180261,18,2020,6,9,3,17,52,75,0,1,1,1,1,4,1,5,2,0,0,,40.48681667,-85.18980556,34,0,0,1,1,4,0,1,10,0,,,,,,
180262,18,2020,6,9,3,12,5,67,2430,1,2,2,2,3,2,5,1,0,0,,40.43343056,-86.12728611,12,6,0,2,4,1,0,1,1,0,,,,,,
180263,18,2020,6,10,4,16,53,141,4580,1,1,1,1,6,2,7,4,0,0,,41.68835278,-86.23158889,33,0,0,3,3,4,0,1,10,0,,,,,,
180264,18,2020,6,10,4,14,45,115,0,1,1,1,1,3,1,4,1,0,0,,39.02084167,-84.88226944,42,0,0,1,1,4,0,1,1,0,,,,,,
180265,18,2020,6,7,1,12,47,33,0,1,2,2,2,3,1,5,1,0,0,,41.47024167,-84.87196667,12,6,0,1,1,1,0,1,1,0,,,,,,
180266,18,2020,5,25,2,23,57,97,2210,1,3,2,6,6,2,7,4,0,0,,39.82202778,-86.08402778,14,0,0,1,1,7,0,2,1,0,,,,,,
180267,18,2020,5,14,5,9,58,5,0,1,2,2,3,1,2,1,1,1,0,,39.30634444,-85.96016667,12,7,1,20,1,1,0,1,2,0,,,,,,
180268,18,2020,5,18,2,8,43,97,2210,1,2,2,5,6,2,3,4,0,0,,39.82532778,-86.10484167,12,6,0,1,1,1,0,1,2,0,,,,,,
180269,18,2020,6,14,1,22,15,57,710,1,1,1,2,5,2,4,4,0,0,,39.94292222,-86.07398333,33,0,0,1,1,4,0,2,1,0,,,,,,
180270,18,2020,6,12,6,13,5,89,1730,1,1,1,3,6,2,4,4,0,0,,41.5554,-87.31839722,1,0,0,1,1,4,0,1,1,0,,,,,,
180271,18,2020,6,13,7,4,20,141,0,1,1,1,2,5,2,4,4,0,0,,41.70870556,-86.22755278,33,0,0,1,1,4,0,3,1,0,,,,,,
180272,18,2020,6,12,6,14,40,39,0,1,1,1,1,4,1,5,2,0,0,,41.67595,-85.67567778,15,0,0,1,1,1,0,1,1,0,,,,,,
180273,18,2020,6,3,4,2,16,141,0,1,1,1,1,5,2,4,4,0,0,,41.67858889,-86.06143611,19,0,0,1,1,4,0,2,1,0,,,,,,
180274,18,2020,6,8,2,4,5,77,0,1,1,1,1,4,1,5,2,0,0,,38.78599722,-85.55406667,34,0,0,1,1,4,0,2,1,0,,,,,,
180275,18,2020,6,15,2,23,40,141,0,3,3,3,4,3,1,3,1,1,0,,41.67209444,-86.46000833,12,2,0,1,1,1,0,2,1,0,,,,,,
180276,18,2020,6,12,6,13,13,183,0,1,2,2,4,4,1,7,2,0,0,,41.17839167,-85.63831944,42,0,0,1,1,4,0,1,1,0,,,,,,
180277,18,2020,6,15,2,15,54,69,0,1,2,2,4,2,1,2,1,1,0,,40.97115833,-85.3687,12,6,0,2,3,1,0,1,1,0,,,,,,
180278,18,2020,6,17,4,22,20,127,0,1,1,1,3,4,2,6,2,0,0,,41.38473056,-87.21965556,42,0,0,1,1,4,0,2,1,0,,,,,,
180279,18,2020,6,17,4,16,18,125,0,1,1,1,1,3,1,5,1,0,0,,38.47988611,-87.10964444,19,0,0,1,1,4,0,1,1,0,,,,,,
180280,18,2020,6,18,5,5,56,1,1180,1,1,1,1,4,2,5,2,0,0,,40.80540556,-84.91827222,31,0,0,1,1,4,0,2,1,0,,,,,,
180281,18,2020,5,24,1,19,32,97,2210,1,1,1,1,6,2,5,4,0,0,,39.74331944,-86.20570833,38,0,0,1,1,4,0,3,10,0,,,,,,
180282,18,2020,6,18,5,0,47,127,0,1,1,1,1,4,2,7,2,0,0,,41.50571667,-87.12879444,41,0,0,1,1,4,0,2,1,0,,,,,,
180283,18,2020,6,13,7,23,59,183,0,1,1,1,1,3,1,5,1,0,0,,41.22163611,-85.62474167,1,0,0,1,1,1,0,2,1,0,,,,,,
180284,18,2020,6,11,5,21,40,89,4380,1,2,1,1,6,2,7,4,0,0,,41.49065,-87.44329444,14,0,0,1,1,7,0,2,1,0,,,,,,
180285,18,2020,6,15,2,9,40,39,1410,1,2,2,3,4,2,4,2,0,0,,41.72673056,-85.98729722,12,8,0,2,3,1,0,1,1,0,,,,,,
180286,18,2020,6,16,3,18,5,145,0,1,2,2,2,1,1,1,1,1,0,,39.39272778,-85.94285556,12,1,0,1,1,1,0,5,1,0,,,,,,
180287,18,2020,6,19,6,5,15,159,0,1,2,2,2,2,1,3,1,1,0,,40.34746389,-86.12726667,12,2,0,1,1,1,0,4,1,0,,,,,,
180288,18,2020,6,17,4,7,56,177,0,1,2,2,2,2,1,3,1,1,0,,39.98359444,-84.93095556,12,6,0,2,2,1,0,1,1,0,,,,,,
180289,18,2020,6,19,6,6,46,133,0,1,1,1,1,4,1,7,2,0,0,,39.65408333,-87.00053333,5,0,0,1,1,1,0,2,1,0,,,,,,
180290,18,2020,6,19,6,14,28,39,0,1,1,1,2,4,1,5,2,0,0,,41.62450278,-85.78694444,31,0,0,1,1,4,0,1,10,0,,,,,,
180291,18,2020,6,19,6,14,37,39,0,1,2,2,2,2,1,3,1,1,0,,41.45089722,-85.72103056,12,8,0,2,2,1,0,1,1,0,,,,,,
180292,18,2020,6,20,7,3,36,3,0,1,1,1,1,5,2,4,4,0,0,,41.04493333,-85.30806944,24,0,0,1,1,4,0,2,1,0,,,,,,
180293,18,2020,6,21,1,3,7,57,4480,1,1,1,1,6,2,5,4,0,0,,40.12982778,-86.22327222,42,0,0,1,1,4,0,2,1,0,,,,,,
180294,18,2020,6,10,4,14,12,63,251,1,2,1,1,6,2,3,4,1,0,,39.80066111,-86.34889167,14,0,0,1,1,3,0,1,1,0,,,,,,
180295,18,2020,6,19,6,13,45,39,0,1,1,1,1,3,1,3,1,0,0,,41.63689167,-86.00285833,33,0,0,1,1,4,0,1,1,0,,,,,,
180296,18,2020,6,20,7,13,35,105,380,1,3,3,3,3,2,2,1,1,0,,39.10554444,-86.55145833,12,1,0,2,2,1,1,1,1,0,,,,,,
180297,18,2020,6,21,1,0,1,141,0,1,1,1,1,3,1,5,1,0,0,,41.48150278,-86.51010278,42,0,0,1,1,4,0,2,1,0,,,,,,
180298,18,2020,6,21,1,18,29,35,3360,1,1,1,2,6,2,3,4,0,0,,40.17831667,-85.37824722,42,0,0,1,1,4,0,1,2,0,,,,,,
180299,18,2020,5,24,1,0,26,97,2210,1,1,1,1,6,2,4,4,0,0,,39.79301944,-86.11659444,8,0,0,1,1,1,0,3,10,0,,,,,,
180300,18,2020,6,20,7,10,30,53,2850,1,2,2,3,3,2,3,1,0,0,,40.55777222,-85.67908056,12,6,0,2,2,1,0,1,1,0,,,,,,
180301,18,2020,6,22,2,11,30,89,1970,1,1,1,2,5,2,5,4,0,0,,41.529775,-87.41315556,53,0,0,1,1,4,0,1,1,0,,,,,,
180302,18,2020,6,20,7,20,36,127,4025,1,1,1,1,2,2,3,1,0,0,,41.59058333,-87.19820556,24,0,0,1,1,4,0,3,1,0,,,,,,
180303,18,2020,6,23,3,0,52,19,0,1,1,1,1,4,2,7,2,0,0,,38.46848056,-85.67623056,24,0,0,1,1,4,0,2,10,0,,,,,,
180304,18,2020,6,20,7,17,32,127,4030,1,1,1,4,2,2,3,1,0,0,,41.63550278,-87.08672222,24,0,0,1,1,4,0,1,2,0,,,,,,
180305,18,2020,6,20,7,22,53,89,4380,1,3,3,5,2,2,3,1,1,0,,41.48358889,-87.47058056,12,7,0,2,2,1,0,3,1,0,,,,,,
180306,18,2020,6,24,4,6,9,167,4840,2,1,1,2,6,2,7,4,0,0,,39.43665,-87.40311944,42,0,0,1,1,4,0,4,1,0,,,,,,
180307,18,2020,6,19,6,0,12,77,0,1,1,1,1,3,1,4,1,0,0,,38.70875278,-85.528075,33,0,0,1,1,4,0,3,1,0,,,,,,
180308,18,2020,6,18,5,21,47,141,3100,1,2,2,2,3,2,3,1,0,0,,41.67501111,-86.25197222,12,2,0,2,2,1,0,3,10,0,,,,,,
180309,18,2020,6,6,7,21,26,97,2210,1,2,2,7,3,2,3,1,1,0,,39.66362778,-86.19595833,12,6,0,2,2,1,0,3,1,0,,,,,,
180310,18,2020,6,14,1,16,28,97,2210,1,2,2,2,6,2,2,4,0,0,,39.82357778,-86.22108889,12,6,0,2,3,1,0,1,1,0,,,,,,
180311,18,2020,6,25,5,0,50,89,0,1,2,2,2,1,2,1,1,1,0,,41.57725,-87.25919167,12,1,0,1,1,1,0,2,1,0,,,,,,
180312,18,2020,6,1,2,13,10,19,2270,1,2,2,2,6,2,3,4,0,0,,38.31663889,-85.715825,12,1,0,3,2,1,0,1,1,0,,,,,,
180313,18,2020,6,26,6,7,47,133,0,1,1,1,1,4,1,7,2,0,0,,39.602575,-86.85454167,30,0,0,1,1,4,0,1,10,0,,,,,,
180314,18,2020,6,27,7,7,0,3,0,1,1,1,1,6,1,5,4,0,0,,41.09595278,-85.24678611,42,0,0,1,1,4,0,2,2,0,,,,,,
180315,18,2020,6,26,6,20,17,29,0,1,2,2,2,4,1,7,2,0,0,,39.08631111,-85.01153333,12,2,0,1,1,1,0,1,1,0,,,,,,
180316,18,2020,6,28,1,0,10,157,2480,1,1,1,1,2,2,3,1,0,0,,40.39538611,-86.89671389,8,0,0,1,1,2,0,3,1,0,,,,,,
180317,18,2020,6,24,4,23,37,97,2210,1,2,2,2,6,2,4,4,0,0,,39.81081389,-86.09826111,8,0,0,1,1,1,0,3,1,0,,,,,,
180319,18,2020,6,16,3,22,0,127,4960,1,1,1,1,2,1,3,1,1,0,,41.54915833,-86.99278056,42,0,0,1,1,4,0,2,1,0,,,,,,
180320,18,2020,6,29,2,17,59,85,3380,1,2,2,2,4,1,7,2,0,0,,41.39950278,-86.03939444,12,6,0,8,1,1,0,1,10,0,,,,,,
180322,18,2020,6,25,5,14,56,65,0,1,2,2,3,3,2,3,1,0,0,,39.89263333,-85.35508333,12,2,0,1,1,1,0,1,1,0,,,,,,
180323,18,2020,6,29,2,15,41,149,2000,1,2,2,2,2,1,3,1,1,0,,41.24420278,-86.62115278,12,1,0,2,2,1,0,1,1,0,,,,,,
180324,18,2020,6,23,3,13,0,95,4770,1,4,1,1,6,1,7,27,0,0,,40.33919722,-85.64412778,10,0,0,6,1,1,0,1,1,0,,,,,,
180325,18,2020,6,28,1,2,52,141,4580,2,5,5,9,2,2,3,1,0,0,,41.69118056,-86.29341667,12,1,0,2,2,1,0,3,1,0,,,,,,
180326,18,2020,6,27,7,0,30,55,0,1,1,1,2,3,1,5,1,0,0,,39.01999167,-86.72516944,1,0,0,1,1,4,0,2,1,0,,,,,,
180328,18,2020,7,2,5,9,50,169,0,1,2,2,2,2,1,2,1,1,0,,40.85091944,-85.69928056,12,6,1,2,3,1,0,1,1,0,,,,,,
180329,18,2020,6,26,6,11,55,103,0,3,2,2,3,3,1,4,1,0,0,,40.68811944,-86.00151667,12,2,0,1,1,1,0,1,1,0,,,,,,
180330,18,2020,7,2,5,16,5,103,0,1,2,2,3,2,1,3,1,1,0,1842,40.99610278,-86.16767778,12,6,0,2,3,1,0,1,1,0,,,,,,
180331,18,2020,6,26,6,21,43,47,0,1,1,1,1,4,1,7,2,0,0,,39.51070833,-85.16922778,1,0,0,1,1,4,0,5,1,0,,,,,,
180332,18,2020,7,1,4,23,45,75,0,1,1,1,1,3,1,4,1,0,0,,40.54179444,-84.91508056,49,0,0,2,2,1,0,2,1,0,,,,,,
180333,18,2020,7,2,5,17,17,39,0,1,1,1,1,4,1,3,2,0,0,,41.74083333,-85.88846944,1,0,0,1,1,4,0,1,1,0,,,,,,
180334,18,2020,6,22,2,10,5,163,1480,1,1,1,1,5,2,4,4,0,0,,38.04035833,-87.57382222,53,0,0,1,1,4,0,1,1,0,,,,,,
180335,18,2020,6,26,6,21,44,163,0,2,1,1,4,5,2,7,4,0,0,,38.08320556,-87.56656944,30,0,0,1,1,4,0,2,1,0,,,,,,
180336,18,2020,7,4,7,8,56,15,0,1,1,1,1,4,1,5,2,0,0,,40.48946389,-86.61161667,9,0,0,1,1,1,0,1,1,0,,,,,,
180337,18,2020,7,6,2,0,10,65,3450,1,2,2,3,3,2,5,1,0,0,,39.93175,-85.4137,12,6,0,2,2,1,0,2,1,0,,,,,,
180338,18,2020,7,5,1,2,1,179,0,1,1,1,1,4,1,6,2,0,0,,40.66998889,-85.22149722,1,0,0,1,1,4,0,2,1,0,,,,,,
180339,18,2020,7,5,1,3,32,21,460,1,1,1,1,6,2,3,4,1,0,,39.52499444,-87.11940278,8,0,0,1,1,1,0,3,1,0,,,,,,
180340,18,2020,6,30,3,11,56,97,2210,1,3,2,3,1,2,1,1,1,0,,39.82429167,-86.0313,8,0,0,1,1,4,0,1,1,0,,,,,,
180341,18,2020,7,5,1,14,45,109,0,1,1,1,1,4,1,7,2,0,0,,39.44644722,-86.29847222,42,0,0,1,1,4,0,1,1,0,,,,,,
180342,18,2020,7,1,4,2,55,141,0,1,1,1,1,5,2,4,4,0,0,,41.62875556,-86.26920556,8,0,0,1,1,1,0,2,1,0,,,,,,
180343,18,2020,7,1,4,19,40,65,3450,1,1,1,1,6,2,3,4,0,0,,39.93116667,-85.35939444,1,0,0,1,1,4,0,1,1,0,,,,,,
180344,18,2020,4,21,3,22,20,97,2210,1,2,2,2,6,2,4,4,0,0,,39.83220833,-86.24923611,12,2,0,2,2,1,0,3,1,0,,,,,,
180345,18,2020,5,1,6,13,15,67,2430,1,2,2,2,6,2,7,4,0,0,,40.49538056,-86.14101667,12,6,0,2,2,1,0,1,1,0,,,,,,
180346,18,2020,5,15,6,7,40,109,0,1,2,2,2,3,1,3,1,1,0,,39.54291667,-86.26907222,12,6,0,2,3,1,1,4,1,0,,,,,,
180347,18,2020,7,5,1,7,0,95,140,1,1,1,1,1,1,1,1,1,0,,40.05478333,-85.63789167,34,0,0,1,1,4,0,1,1,0,,,,,,
180348,18,2020,7,3,6,21,5,109,0,1,3,3,5,3,1,3,1,0,0,,39.56672778,-86.25434722,12,8,0,1,1,1,0,5,1,0,,,,,,
180349,18,2020,7,4,7,20,0,89,1730,1,1,1,1,6,2,4,4,0,0,,41.56836667,-87.40351944,9,0,0,1,1,1,0,3,1,0,,,,,,
180350,18,2020,6,14,1,4,18,97,2210,1,2,2,3,6,2,5,4,0,0,,39.86494167,-86.25462778,12,6,0,1,1,1,0,2,1,0,,,,,,
180351,18,2020,6,29,2,2,53,97,2210,1,1,1,1,6,2,5,4,0,0,,39.91976944,-86.141763889999993,5,0,0,1,1,1,0,3,10,0,,,,,,
180352,18,2020,6,27,7,0,15,29,0,1,2,2,3,2,1,3,1,1,0,,39.02987222,-84.95085833,12,2,0,1,1,1,0,2,1,0,,,,,,
180353,18,2020,6,12,6,0,3,83,0,1,1,1,1,4,1,5,2,0,0,,38.70891111,-87.32482222,34,0,0,1,1,4,0,2,1,0,,,,,,
180354,18,2020,7,9,5,17,5,177,0,4,3,3,7,1,1,1,1,1,0,,39.85303333,-85.15089444,12,1,0,1,1,1,1,1,1,0,,,,,,
180355,18,2020,7,11,7,17,52,69,0,1,1,1,1,2,2,3,1,1,0,,40.89229444,-85.48733611,32,0,0,1,1,4,0,1,1,0,,,,,,
180356,18,2020,7,1,4,17,37,57,1540,2,2,2,3,1,2,1,1,1,0,,39.94747222,-86.01456111,25,0,0,1,1,3,0,1,1,0,,,,,,
180357,18,2020,7,12,1,4,0,61,1030,1,1,1,1,5,1,6,4,0,0,,38.15204167,-86.20388611,35,0,0,1,1,4,0,2,10,0,,,,,,
180358,18,2020,7,10,6,19,23,167,0,1,1,1,1,4,2,5,2,0,0,,39.50437778,-87.46193056,52,0,0,1,1,4,0,1,10,0,,,,,,
180359,18,2020,6,23,3,6,17,45,0,1,1,1,1,3,1,5,1,0,0,,40.04201389,-87.24675278,42,0,0,1,1,4,0,4,1,0,,,,,,
180360,18,2020,7,10,6,0,51,3,1580,2,1,1,2,6,2,5,4,0,0,,41.08499444,-85.17961667,38,0,0,1,1,4,0,2,1,0,,,,,,
180361,18,2020,7,11,7,2,15,89,2010,1,1,1,1,2,2,3,1,0,0,,41.61937222,-87.50890556,9,0,0,1,1,1,0,3,1,0,,,,,,
180362,18,2020,7,9,5,9,1,145,0,1,1,1,3,5,1,5,4,0,0,,39.49506389,-85.69759444,42,0,0,1,1,4,0,1,1,0,,,,,,
180363,18,2020,7,1,4,13,28,35,0,1,3,3,4,3,1,4,1,0,0,,40.29194722,-85.29346667,12,1,0,2,2,1,0,1,1,0,,,,,,
180364,18,2020,6,27,7,18,58,97,2210,1,1,1,4,6,2,4,4,0,0,,39.65403889,-86.02805556,42,0,0,1,1,4,0,1,10,0,,,,,,
180365,18,2020,7,2,5,13,44,141,0,1,2,1,2,1,2,1,1,1,0,,41.71912778,-86.16355,14,0,0,1,1,4,1,1,1,0,,,,,,
180366,18,2020,6,26,6,1,14,97,2210,2,1,1,2,6,2,3,1,1,0,,39.69106944,-86.27403333,1,0,0,1,1,1,0,3,1,0,,,,,,
180367,18,2020,6,17,4,2,41,97,2210,1,1,1,1,6,2,4,4,0,0,,39.73333889,-86.00864722,8,0,0,1,1,1,0,2,1,0,,,,,,
180369,18,2020,7,17,6,20,0,171,0,1,1,1,1,4,1,5,2,0,0,,40.30963056,-87.26024167,1,0,0,1,1,1,0,1,1,0,,,,,,
180370,18,2020,7,8,4,18,20,89,1100,1,1,1,1,1,2,1,1,1,0,,41.39106944,-87.32715556,35,0,1,20,1,1,0,1,1,0,,,,,,
180371,18,2020,7,14,3,19,46,97,2210,1,2,2,2,6,2,4,4,0,0,,39.796625,-86.00939722,12,6,0,2,2,1,0,1,1,0,,,,,,
180372,18,2020,7,13,2,21,38,95,0,1,1,1,3,3,1,4,1,0,0,,40.06245833,-85.58326389,8,0,0,1,1,1,0,5,1,0,,,,,,
180373,18,2020,7,18,7,19,3,39,0,1,2,2,3,2,1,3,1,1,0,,41.66718333,-85.85525278,12,1,0,3,2,11,0,1,1,0,,,,,,
180374,18,2020,7,19,1,7,38,45,0,1,1,1,1,4,1,7,2,0,0,,40.115675,-87.34528056,1,0,0,1,1,4,0,2,1,0,,,,,,
180375,18,2020,6,26,6,1,12,97,2210,1,1,1,2,1,2,1,1,1,0,,39.92421944,-86.19346111,52,0,0,1,1,4,0,2,1,0,,,,,,
180376,18,2020,7,11,7,2,12,91,0,1,1,1,1,2,1,3,1,1,0,,41.34443333,-86.89158889,34,0,0,1,1,4,0,2,1,0,,,,,,
180377,18,2020,7,14,3,19,37,183,980,1,2,2,2,2,2,3,1,1,0,,41.16954167,-85.50118056,12,6,0,2,3,1,0,1,1,0,,,,,,
180378,18,2020,7,18,7,20,49,175,0,1,2,2,5,3,1,3,1,1,0,,38.61708611,-86.07163333,12,2,0,1,1,1,0,1,1,0,,,,,,
180379,18,2020,7,20,2,21,28,39,1410,1,2,2,2,6,2,7,4,0,0,,41.71143056,-85.91021111,12,6,0,2,2,1,0,3,1,0,,,,,,
180380,18,2020,7,12,1,21,9,97,2210,1,1,1,2,6,2,3,4,0,0,,39.82549444,-86.08079722,8,0,0,1,1,1,0,1,1,0,,,,,,
180381,18,2020,7,23,5,15,56,135,0,1,1,1,1,4,1,7,2,0,0,,40.17003889,-85.16583333,32,0,0,1,1,4,0,1,1,0,,,,,,
180382,18,2020,7,24,6,6,30,39,0,1,1,1,1,4,2,7,2,0,0,,41.75904444,-86.02089167,42,0,0,1,1,4,0,1,10,0,,,,,,
180383,18,2020,7,23,5,18,30,7,0,1,1,1,1,4,1,7,2,0,0,,40.73517222,-87.296025,9,0,0,1,1,1,0,1,1,0,,,,,,
180384,18,2020,7,21,3,11,46,141,4580,1,3,3,5,2,2,2,1,1,0,,41.69967222,-86.34017778,12,7,0,1,1,1,0,1,1,0,,,,,,
180385,18,2020,7,24,6,11,50,91,0,1,3,3,4,2,1,3,1,1,0,,41.47701944,-86.63578056,12,8,0,1,1,1,0,1,10,0,,,,,,
180386,18,2020,7,9,5,9,34,71,4440,1,2,1,1,1,1,1,1,1,0,,39.00415833,-85.86241389,14,0,0,1,1,1,1,1,1,0,,,,,,
180387,18,2020,7,14,3,20,48,155,5020,1,1,1,1,3,1,4,1,0,0,,38.69506944,-85.20137222,31,0,0,1,1,4,0,5,1,0,,,,,,
180388,18,2020,7,16,5,15,0,35,1143,1,2,2,2,3,1,3,1,1,0,751,40.11333889,-85.53296944,12,2,0,1,1,1,0,1,10,0,,,,,,
180389,18,2020,7,18,7,10,25,89,1730,1,2,2,2,3,2,3,1,0,0,,41.57622222,-87.3368,12,6,0,2,3,1,0,1,1,0,,,,,,
180390,18,2020,7,25,7,21,46,107,1060,2,3,3,8,2,2,3,1,1,0,,40.05362222,-86.90512222,12,7,0,2,2,1,0,3,1,0,,,,,,
180391,18,2020,7,17,6,13,10,71,4440,1,3,3,6,2,1,3,1,1,0,,38.91858611,-85.97551389,12,8,0,1,1,1,0,1,1,0,,,,,,
180392,18,2020,7,26,1,14,1,89,2010,1,1,1,1,6,2,7,4,0,0,,41.61229167,-87.51170556,38,0,0,1,1,4,0,1,1,0,,,,,,
180393,18,2020,7,16,5,19,42,15,1200,1,1,1,1,4,1,6,2,0,0,,40.64905833,-86.69077778,24,0,0,1,1,4,0,1,1,0,,,,,,
180394,18,2020,7,18,7,22,23,97,2210,1,2,2,6,6,2,4,4,0,0,,39.82366944,-86.21144167,12,6,0,2,2,1,0,3,10,0,,,,,,
180395,18,2020,7,23,5,3,30,97,0,1,1,1,1,6,2,3,4,0,0,,39.76803611,-86.22842222,1,0,0,1,1,1,0,2,1,0,,,,,,
180396,18,2020,7,24,6,7,31,77,0,1,1,1,1,3,1,3,1,0,0,,38.71714167,-85.47050556,34,0,0,1,1,4,0,1,1,0,,,,,,
180397,18,2020,7,27,2,2,53,89,1100,1,2,2,3,1,2,1,1,1,0,,41.37689167,-87.32332222,12,6,0,1,1,1,0,2,1,0,,,,,,
180398,18,2020,5,26,3,4,17,19,0,1,1,1,1,3,2,3,1,0,0,,38.44810556,-85.64852778,42,0,0,1,1,4,0,2,1,0,,,,,,
180399,18,2020,7,29,4,8,54,65,3450,1,2,2,2,4,1,6,2,0,0,,39.94453056,-85.44327778,12,2,0,1,1,1,0,1,1,0,,,,,,
180400,18,2020,7,28,3,14,32,109,3240,1,2,2,2,4,2,5,2,0,0,,39.61858056,-86.27125556,12,2,0,2,3,1,0,1,1,0,,,,,,
180401,18,2020,7,22,4,9,19,163,1480,2,2,2,3,3,2,3,1,1,0,,38.049075,-87.53168056,12,6,0,1,1,1,0,1,10,0,,,,,,
180402,18,2020,7,20,2,22,15,173,0,1,1,1,2,3,2,3,1,1,0,,37.97690556,-87.44614444,32,0,0,1,1,8,0,3,10,0,,,,,,