st_case,state,year,month,day,day_week,hour,minute,county,city,fatals_crash,vehicles_total,vehicles_in_transport,persons_total,route,rural_urban,functional_system,road_owner,nhs,special_jurisdiction,milepoint,latitude,longitude,first_harmful_event,manner_collision,rel_jct_interchange,rel_jct_location,intersection_type,relation_to_road,work_zone,light_condition,weather,school_bus_related,ems_notified_hour,ems_notified_min,ems_arrival_hour,ems_arrival_min,hospital_hour,hospital_min
180403,18,2020,7,22,4,21,14,97,2210,1,2,2,4,6,2,4,4,0,0,,39.88263889,-86.20302222,12,6,0,2,2,1,0,1,10,0,,,,,,
180404,18,2020,7,24,6,5,40,97,2210,1,1,1,1,6,2,5,4,0,0,,39.80475833,-86.21603056,9,0,0,1,1,1,0,2,1,0,,,,,,
180405,18,2020,7,30,5,5,22,163,1480,1,2,2,2,6,2,4,4,0,0,,38.01349167,-87.52643889,12,1,0,2,3,1,0,3,10,0,,,,,,
180406,18,2020,7,30,5,22,30,65,0,1,1,1,1,4,1,6,2,0,0,,39.83644167,-85.54209722,34,0,0,1,1,4,0,2,1,0,,,,,,
180407,18,2020,7,7,3,16,16,89,2972,1,2,2,2,3,2,3,1,0,0,,41.51823056,-87.33606111,12,6,0,2,2,1,0,1,1,0,,,,,,
180409,18,2020,7,5,1,3,52,97,2210,1,1,1,2,6,2,4,4,0,0,,39.82916111,-86.25501111,24,0,0,1,1,4,0,2,1,0,,,,,,
180410,18,2020,7,7,3,14,40,97,2210,1,3,3,3,6,2,6,4,0,0,,39.89996944,-86.19346389,12,7,0,1,1,1,0,1,1,0,,,,,,
180411,18,2020,8,1,7,12,5,11,0,1,2,2,5,4,1,6,2,0,0,,40.01008889,-86.56367778,12,6,0,2,2,1,0,1,2,0,,,,,,
180412,18,2020,7,30,5,19,35,177,0,1,3,3,10,2,2,3,1,0,0,,39.82099167,-84.95805278,12,6,0,8,1,1,0,5,2,0,,,,,,
180414,18,2020,7,30,5,6,30,75,0,1,2,2,2,3,1,3,1,1,0,,40.38716944,-84.97789444,12,2,0,1,1,1,0,4,1,0,,,,,,
180415,18,2020,8,1,7,2,28,89,2010,1,2,2,3,6,2,5,4,0,0,,41.63211667,-87.50011111,12,6,0,2,2,1,0,3,10,0,,,,,,
180416,18,2020,8,3,2,18,56,53,4970,1,4,4,4,1,1,1,1,1,0,,40.59836667,-85.54667222,12,1,0,1,1,1,1,1,1,0,,,,,,
180417,18,2020,6,9,3,17,46,97,2210,1,1,1,1,1,2,1,1,1,0,,39.91228611,-86.32288333,8,0,0,1,1,1,0,1,10,0,,,,,,
180418,18,2020,7,18,7,11,0,77,0,1,2,2,3,3,1,3,1,0,0,,38.73094722,-85.45512222,12,1,0,3,3,1,0,1,1,0,,,,,,
180419,18,2020,7,31,6,20,35,95,0,2,1,1,2,4,1,6,2,0,0,,40.26297778,-85.76628333,38,0,0,1,1,4,0,1,1,0,,,,,,
180420,18,2020,7,4,7,14,4,35,3360,1,1,1,1,3,2,4,1,0,0,,40.19289444,-85.36997778,30,0,0,1,1,4,0,1,1,0,,,,,,
180421,18,2020,8,2,1,22,38,11,5280,1,4,4,4,1,1,1,1,1,0,,39.95511667,-86.36320556,12,1,0,1,1,1,1,2,10,0,,,,,,
180422,18,2020,8,5,4,23,24,97,2210,1,1,1,1,6,2,3,4,0,0,,39.70661389,-86.18703611,8,0,0,1,1,1,0,2,1,0,,,,,,
180423,18,2020,7,17,6,6,11,97,2210,1,1,1,1,6,2,6,4,0,0,,39.66093611,-86.10152778,8,0,0,1,1,1,0,2,1,0,,,,,,
180424,18,2020,8,6,5,13,47,17,2730,2,2,2,3,2,2,2,1,1,0,,40.73394167,-86.33901389,12,8,0,7,1,1,0,1,1,0,,,,,,
180425,18,2020,8,8,7,18,29,119,0,1,1,1,4,4,1,6,2,0,0,,39.24221389,-86.70549444,32,0,0,1,1,4,0,1,1,0,,,,,,
180426,18,2020,8,8,7,23,50,63,560,1,1,1,1,6,2,3,4,0,0,,39.85109722,-86.38496389,9,0,0,1,1,1,0,2,1,0,,,,,,
180427,18,2020,8,4,3,13,53,141,3100,1,2,2,3,6,2,3,4,0,0,,41.65340833,-86.17684722,12,6,0,2,2,1,0,1,1,0,,,,,,
180428,18,2020,8,7,6,21,17,57,0,1,1,1,1,4,1,7,2,0,0,,40.10285278,-86.07596111,42,0,0,1,1,4,0,5,1,0,,,,,,
180429,18,2020,8,8,7,0,51,159,2310,1,1,1,1,4,1,6,2,0,0,,40.30887778,-86.22638333,31,0,0,3,3,4,0,2,1,0,,,,,,
180430,18,2020,7,10,6,12,57,113,0,1,2,2,2,4,1,5,2,0,0,,41.3522,-85.41741944,12,6,0,8,1,1,0,1,1,0,,,,,,
180431,18,2020,8,7,6,15,52,61,3850,1,1,1,1,4,1,5,2,0,0,,38.36928056,-86.12939444,42,0,0,1,1,4,0,1,1,0,,,,,,
180433,18,2020,7,26,1,21,46,77,2830,1,2,2,4,3,2,3,4,0,0,,38.77128611,-85.42167222,12,8,0,2,3,1,0,2,1,0,,,,,,
180434,18,2020,7,17,6,23,59,97,2210,1,1,1,1,6,2,7,4,0,0,,39.75596111,-86.15685556,33,0,0,1,1,4,0,3,1,0,,,,,,
180435,18,2020,8,10,2,14,54,145,4470,1,1,1,1,6,2,4,4,0,0,,39.51099444,-85.74301111,33,0,0,1,1,4,0,1,1,0,,,,,,
180436,18,2020,7,25,7,18,49,97,2210,2,2,2,4,2,2,5,1,0,0,,39.73237778,-86.05826389,12,6,0,2,2,1,0,1,1,0,,,,,,
180437,18,2020,8,4,3,21,27,23,1640,1,1,1,1,6,2,7,4,0,0,,40.28608056,-86.49428611,8,0,0,1,1,1,0,5,1,0,,,,,,
180438,18,2020,8,6,5,13,26,5,990,1,1,1,1,3,2,3,1,1,0,,39.20004722,-85.96274444,8,0,0,3,2,1,0,1,1,0,,,,,,
180439,18,2020,7,26,1,4,9,19,4420,1,2,1,2,6,2,7,4,0,0,,38.37333333,-85.76702778,14,0,0,1,1,7,0,2,1,0,,,,,,
180440,18,2020,8,7,6,21,35,95,0,1,2,2,3,4,1,4,2,0,0,,40.06074722,-85.786975,12,1,0,2,2,1,0,2,1,0,,,,,,
180441,18,2020,8,15,7,17,18,49,0,1,2,2,7,2,1,3,1,1,0,,41.17235278,-86.24197778,12,6,0,2,2,1,0,1,1,0,,,,,,
180442,18,2020,8,16,1,20,55,59,0,1,1,1,1,4,1,7,2,0,0,,39.87684722,-85.59114167,59,0,0,1,1,4,0,5,1,0,,,,,,
180443,18,2020,8,16,1,23,40,39,1410,1,1,1,1,6,2,3,4,0,0,,41.68391111,-85.98641389,33,0,0,1,1,4,0,3,1,0,,,,,,
180444,18,2020,8,10,2,19,0,85,0,1,2,2,3,3,1,3,1,0,0,,41.06187778,-85.89210556,12,6,0,1,1,1,0,1,2,0,,,,,,
180445,18,2020,7,28,3,10,10,97,2210,1,2,1,3,1,2,1,1,1,0,1030,39.66873056,-86.09450278,14,0,1,20,1,1,1,1,1,0,,,,,,
180446,18,2020,7,25,7,0,5,97,2210,1,4,3,6,1,2,1,1,1,0,,39.77194444,-86.14264444,8,0,0,1,1,1,1,3,1,0,,,,,,
180447,18,2020,8,15,7,23,20,97,2210,1,1,1,1,6,2,5,4,0,0,,39.82706944,-86.270375,8,0,0,1,1,1,0,3,1,0,,,,,,
180448,18,2020,7,8,4,18,32,183,0,1,1,1,1,4,1,7,2,0,0,,41.25186667,-85.41406389,1,0,0,1,1,1,0,1,1,0,,,,,,
180449,18,2020,4,26,1,13,8,89,4300,1,1,1,1,6,2,4,4,0,0,,41.429275,-87.50830278,30,0,0,1,1,4,0,1,1,0,,,,,,
180450,18,2020,8,18,3,13,35,53,2850,1,3,3,3,3,2,3,1,0,0,,40.53959722,-85.67358333,12,6,0,2,3,1,0,1,1,0,,,,,,
180451,18,2020,8,19,4,4,35,177,0,1,2,2,2,2,1,3,1,1,0,,39.76340833,-84.9103,12,6,0,2,3,1,0,2,1,0,,,,,,
180452,18,2020,8,7,6,1,6,97,2210,1,1,1,1,1,2,1,1,1,0,106,39.73180833,-86.264375,25,0,0,1,1,3,0,3,1,0,,,,,,
180453,18,2020,8,20,5,9,0,91,0,1,2,2,2,4,1,6,2,0,0,,41.54686389,-86.73051667,12,6,0,2,2,1,0,1,1,0,,,,,,
180454,18,2020,8,19,4,12,44,39,0,1,1,1,1,3,2,3,1,0,0,,41.66164167,-85.82127222,1,0,0,1,1,4,0,1,1,0,,,,,,
180455,18,2020,8,20,5,15,0,39,0,1,1,1,2,5,1,5,4,0,0,,41.43665,-85.70151944,42,0,0,1,1,4,0,1,1,0,,,,,,
180456,18,2020,6,23,3,8,0,15,714,1,1,1,1,4,1,7,2,0,0,,40.46433056,-86.64863056,34,0,0,1,1,4,0,9,10,0,,,,,,
180457,18,2020,8,20,5,13,45,43,0,1,2,2,2,4,2,7,2,0,0,,38.34373889,-85.83668333,12,6,0,1,1,1,0,1,1,0,,,,,,
180458,18,2020,8,20,5,20,3,59,0,1,2,2,2,4,1,5,2,0,0,,39.74233611,-85.67791389,12,1,0,1,1,1,0,5,1,0,,,,,,
180459,18,2020,8,20,5,7,0,69,0,1,2,2,4,1,1,1,1,1,0,,40.65385833,-85.504425,21,0,0,1,1,4,0,1,1,0,,,,,,
180460,18,2020,8,22,7,3,9,151,0,1,1,1,1,4,2,5,2,0,0,,41.69278333,-85.03595278,1,0,0,1,1,4,0,2,1,0,,,,,,
180461,18,2020,8,21,6,16,28,53,4950,1,2,2,4,3,1,5,1,0,0,,40.52398056,-85.50274444,12,6,0,2,2,1,0,1,1,0,,,,,,
180462,18,2020,8,6,5,14,29,35,1760,1,2,2,2,1,1,1,1,1,0,,40.28716111,-85.557975,12,1,0,1,1,1,1,1,1,0,,,,,,
180463,18,2020,8,21,6,4,15,89,1730,1,1,1,1,6,2,7,4,0,0,,41.60370833,-87.39503611,8,0,0,1,1,1,0,3,1,0,,,,,,
180464,18,2020,8,21,6,8,37,77,2830,1,1,1,1,3,2,3,1,0,0,,38.74233611,-85.41126111,30,0,0,1,1,4,0,1,1,0,,,,,,
180465,18,2020,8,23,1,2,31,89,2010,1,2,2,2,2,2,3,1,0,0,,41.69549167,-87.51663889,12,6,0,2,2,1,0,3,1,0,,,,,,
180466,18,2020,8,20,5,9,6,157,2480,1,2,2,2,6,2,4,4,0,0,,40.40298611,-86.80976944,12,6,0,2,2,1,0,1,1,0,,,,,,
180467,18,2020,8,21,6,19,13,85,0,2,2,2,4,2,2,2,1,1,0,,41.221075,-85.78022222,12,6,0,2,2,1,0,1,1,0,,,,,,
180468,18,2020,8,1,7,5,33,69,0,1,1,1,2,3,1,5,1,0,0,,40.83105833,-85.46534722,30,0,0,1,1,4,0,2,2,0,,,,,,
180469,18,2020,8,19,4,20,58,97,2210,1,1,1,1,6,2,3,4,0,0,,39.82525833,-86.14099444,9,0,0,3,2,1,0,3,1,0,,,,,,
180470,18,2020,8,15,7,10,15,171,0,1,1,1,2,2,1,4,1,0,0,,40.309675,-87.31265556,1,0,0,1,1,4,0,1,1,0,,,,,,
180471,18,2020,8,15,7,0,0,73,0,1,2,2,6,1,1,1,1,1,0,,40.89576111,-87.20453889,12,7,0,1,1,1,0,2,1,0,,,,,,
180472,18,2020,8,22,7,22,8,75,0,1,1,1,1,3,1,4,1,0,0,,40.54704722,-85.05348611,8,0,0,2,2,1,0,2,1,0,,,,,,
180473,18,2020,8,26,4,15,25,89,2010,1,2,2,2,6,2,7,4,0,0,,41.61763611,-87.51208611,12,6,0,1,1,1,0,1,1,0,,,,,,
180474,18,2020,8,25,3,8,40,89,2760,1,3,3,3,2,1,3,1,1,0,,41.21389167,-87.46690278,12,1,0,1,1,1,1,1,1,0,,,,,,
180475,18,2020,8,25,3,16,56,163,1480,1,1,1,5,1,2,1,1,1,0,,38.01023889,-87.46876111,1,0,0,1,1,3,0,1,1,0,,,,,,
180476,18,2020,8,22,7,2,13,57,1540,1,1,1,1,6,2,3,4,0,0,,39.93400278,-85.95294167,58,0,0,1,1,4,0,2,1,0,,,,,,
180477,18,2020,8,27,5,20,0,131,0,1,1,1,2,3,1,5,1,0,0,,40.97016111,-86.66037222,30,0,0,1,1,4,0,1,1,0,,,,,,
180478,18,2020,8,21,6,10,58,97,2210,1,2,2,2,6,2,4,4,0,0,,39.75068889,-86.20401944,12,6,0,2,3,1,0,1,1,0,,,,,,
180479,18,2020,6,5,6,4,39,89,2760,1,1,1,1,3,1,3,1,0,0,,41.29000556,-87.44935833,11,0,0,1,1,1,0,4,1,0,,,,,,
180480,18,2020,6,12,6,16,18,23,1640,1,2,2,3,3,2,5,1,0,0,,40.27908333,-86.54338333,12,8,0,2,2,1,0,1,1,0,,,,,,
180481,18,2020,6,19,6,10,2,167,4840,1,1,1,1,6,2,4,4,0,0,,39.50674444,-87.37178056,24,0,0,1,1,4,0,1,1,0,,,,,,
180482,18,2020,6,19,6,12,19,91,0,1,2,2,4,4,2,4,2,0,0,,41.66586944,-86.89546667,12,6,0,2,2,1,0,1,1,0,,,,,,
180483,18,2020,6,20,7,20,7,97,2210,1,2,2,2,6,2,4,4,0,0,,39.73953333,-86.25024167,12,2,0,1,1,1,0,5,1,0,,,,,,
180484,18,2020,6,26,6,1,21,97,2600,1,1,1,1,6,2,5,4,0,0,,39.86870556,-85.99995833,34,0,0,1,1,4,0,2,1,0,,,,,,
180485,18,2020,6,27,7,21,44,19,0,1,2,2,3,4,2,3,2,0,0,,38.43368056,-85.70599722,12,2,0,2,2,1,0,3,1,0,,,,,,
180486,18,2020,7,2,5,9,6,163,1480,1,1,1,1,6,2,3,4,0,0,,37.99589444,-87.6002,9,0,0,1,1,1,0,1,1,0,,,,,,
180487,18,2020,7,11,7,11,13,131,5340,1,1,1,1,2,1,3,1,1,0,,40.93731667,-86.53949444,1,0,0,1,1,1,0,1,1,0,,,,,,
180488,18,2020,7,16,5,2,44,63,0,1,2,2,2,4,2,3,2,1,0,,39.87303611,-86.36395278,12,6,0,2,2,1,0,2,1,0,,,,,,
180489,18,2020,8,15,7,11,25,31,0,1,2,2,2,1,1,1,1,1,0,,39.35463333,-85.45429167,12,1,0,1,1,1,0,1,1,0,,,,,,
180490,18,2020,8,28,6,13,42,93,0,1,1,1,1,5,2,7,4,0,0,,38.83255,-86.46437778,42,0,0,1,1,4,0,1,1,0,,,,,,
180491,18,2020,8,30,1,19,16,141,3100,1,4,1,2,6,2,7,4,0,0,,41.69131944,-86.17856111,14,0,0,1,1,7,0,1,1,0,,,,,,
180492,18,2020,8,30,1,1,52,133,0,1,1,1,1,2,1,3,1,9,0,,,,53,0,0,1,1,4,0,3,1,0,,,,,,
180493,18,2020,8,30,1,2,55,133,0,1,1,1,1,2,1,3,1,1,0,,39.56661389,-86.89298333,8,0,0,1,1,1,0,2,1,0,,,,,,
180494,18,2020,8,26,4,13,33,87,0,1,2,1,3,1,1,1,1,1,0,,41.74536389,-85.534975,14,0,0,1,1,4,0,1,1,0,,,,,,
180495,18,2020,8,27,5,8,18,95,0,1,2,2,2,4,1,7,4,0,0,,40.17880833,-85.7664,12,6,0,2,2,1,0,1,10,0,,,,,,
180496,18,2020,8,30,1,21,52,5,990,1,1,1,1,1,2,1,1,1,0,,39.16005278,-85.95815278,31,0,0,1,1,4,0,2,1,0,,,,,,
180497,18,2020,9,2,4,21,20,181,3200,1,2,2,2,6,2,4,4,0,0,,40.76690556,-86.77518611,12,6,0,2,2,1,0,3,1,0,,,,,,
180498,18,2020,9,1,3,10,40,139,0,1,1,1,2,4,1,6,2,0,0,,39.65556944,-85.37793611,42,0,0,1,1,4,0,1,10,0,,,,,,
180499,18,2020,9,2,4,14,53,141,0,1,1,1,1,3,2,4,1,0,0,,41.75323889,-86.12005833,34,0,0,1,1,4,0,1,1,0,,,,,,
180500,18,2020,9,1,3,21,14,33,0,1,1,1,2,4,1,6,2,0,0,,41.50843889,-85.08051667,8,0,0,1,1,1,0,2,1,0,,,,,,
180501,18,2020,9,4,6,19,54,89,0,1,3,3,4,2,2,3,1,1,0,,41.402925,-87.47005,12,2,0,1,1,1,0,2,1,0,,,,,,
180502,18,2020,9,5,7,19,32,97,2600,1,1,1,1,6,2,3,4,0,0,,39.83671667,-86.04601667,8,0,0,1,1,1,0,1,1,0,,,,,,
180503,18,2020,8,22,7,8,10,97,2210,1,2,2,2,6,2,4,4,0,0,,39.85496944,-86.10465278,12,1,0,2,2,1,0,1,1,0,,,,,,
180504,18,2020,8,27,5,13,30,85,3050,1,2,2,2,3,1,7,1,0,0,,41.418375,-85.84186667,12,2,0,1,1,1,0,1,1,0,,,,,,
180505,18,2020,9,5,7,16,40,39,1410,1,1,1,1,4,2,3,2,0,0,,41.70507778,-85.90306667,9,0,0,2,2,1,0,1,1,0,,,,,,
180506,18,2020,8,23,1,10,48,97,2210,1,2,2,5,6,2,4,4,0,0,,39.73029722,-86.13964722,12,6,0,2,2,1,0,1,1,0,,,,,,
180507,18,2020,9,2,4,20,26,89,1730,1,1,1,1,2,2,3,1,0,0,,41.60195,-87.36126111,8,0,0,1,1,1,0,3,1,0,,,,,,
180508,18,2020,9,6,1,14,45,61,2910,1,4,4,4,3,1,4,1,0,0,,38.08508611,-86.16466944,12,8,0,1,1,1,0,1,1,0,,,,,,
180509,18,2020,9,9,4,14,45,131,0,1,2,2,2,3,1,5,1,0,0,,41.02695833,-86.77671111,12,8,0,2,2,1,0,1,1,0,,,,,,
180510,18,2020,9,11,6,2,43,89,2010,1,1,1,1,2,2,3,1,0,0,,41.60999722,-87.46746389,43,0,0,1,1,4,0,3,1,0,,,,,,
180511,18,2020,9,9,4,16,55,39,3010,1,1,1,1,6,1,5,4,0,0,,41.67620833,-85.69713056,9,0,0,8,1,1,0,1,1,0,,,,,,
180512,18,2020,8,29,7,10,20,175,0,1,2,2,2,3,1,4,1,0,0,,38.45370278,-86.26950833,12,2,0,1,1,1,0,1,1,0,,,,,,
180513,18,2020,9,10,5,20,55,85,5110,1,7,1,1,3,1,3,1,1,0,,41.30142778,-85.85388889,30,0,0,1,1,4,0,2,10,0,,,,,,
180514,18,2020,9,12,7,4,58,97,2210,1,1,1,2,6,2,7,4,0,0,,39.76707778,-86.15690833,8,0,0,1,1,1,0,2,1,0,,,,,,
180515,18,2020,9,8,3,18,12,97,2210,1,1,1,1,6,2,7,4,0,0,,39.91800278,-86.22848889,1,0,0,3,3,1,0,1,1,0,,,,,,
180516,18,2020,9,7,2,21,37,151,160,1,1,1,1,4,2,5,2,0,0,,41.61077222,-85.03815278,35,0,0,1,1,4,0,2,10,0,,,,,,
180517,18,2020,9,6,1,15,38,53,0,1,1,1,1,4,1,5,2,0,0,,40.61708611,-85.54529444,42,0,0,1,1,4,0,1,1,0,,,,,,
180518,18,2020,9,12,7,20,23,97,2600,1,1,1,2,6,2,3,4,0,0,,39.83724167,-86.01020833,9,0,0,1,1,1,0,5,1,0,,,,,,
180519,18,2020,9,14,2,7,35,43,0,1,1,1,1,4,1,5,2,0,0,,38.40119167,-85.80946944,32,0,0,1,1,4,0,2,1,0,,,,,,
180520,18,2020,8,24,2,12,7,97,2210,1,1,1,1,6,2,4,4,0,0,,39.78014444,-86.19125278,24,0,0,1,1,4,0,1,1,0,,,,,,
180521,18,2020,9,13,1,20,32,177,4120,1,1,1,1,6,2,7,4,0,0,,39.83873611,-84.88288056,30,0,0,1,1,4,0,3,1,0,,,,,,
180522,18,2020,9,8,3,18,0,1,1180,1,1,1,1,5,1,5,3,0,0,,40.87526111,-84.97711111,1,0,0,1,1,4,0,1,2,0,,,,,,
180523,18,2020,9,12,7,11,45,129,0,1,1,1,1,4,1,6,2,0,0,,37.87536389,-87.95986111,42,0,0,1,1,4,0,1,1,0,,,,,,
180524,18,2020,9,14,2,7,3,3,0,1,2,2,5,5,2,5,3,0,0,,41.03379167,-85.02933889,12,6,0,2,2,1,0,4,1,0,,,,,,
180525,18,2020,9,15,3,17,20,57,3590,2,1,1,2,3,1,4,1,0,0,,40.14919444,-85.8754,34,0,0,1,1,4,0,1,1,0,,,,,,
180526,18,2020,9,6,1,3,10,97,2210,1,1,1,1,6,2,4,4,0,0,,39.81641944,-86.02679167,8,0,0,2,3,1,0,3,1,0,,,,,,
180527,18,2020,9,6,1,13,41,107,0,1,2,2,6,2,1,3,1,1,0,,39.92411389,-86.90279167,12,6,0,2,2,1,0,1,10,0,,,,,,
180528,18,2020,9,2,4,20,0,33,0,1,1,1,1,4,2,5,2,0,0,,41.34624722,-85.078325,42,0,0,1,1,4,0,5,1,0,,,,,,
180529,18,2020,8,29,7,11,47,97,2210,1,2,2,3,6,2,3,4,0,0,,39.79582778,-86.00945278,12,6,0,4,1,1,0,1,1,0,,,,,,
180530,18,2020,9,2,4,20,26,97,2210,1,1,1,1,6,2,7,4,0,0,,39.777775,-86.13971667,33,0,0,1,1,4,0,1,1,0,,,,,,
180531,18,2020,9,19,7,3,15,57,0,1,1,1,1,4,1,7,2,0,0,,40.09120556,-85.88231667,23,0,0,1,1,4,0,2,1,0,,,,,,
180532,18,2020,9,19,7,1,3,171,0,1,1,1,1,2,1,3,1,1,0,,40.45548056,-87.37474444,34,0,0,1,1,4,0,2,1,0,,,,,,
180533,18,2020,9,20,1,4,25,3,0,1,1,1,1,5,1,7,3,0,0,,41.16124722,-85.21837222,32,0,0,1,1,4,0,2,1,0,,,,,,
180534,18,2020,9,18,6,4,11,3,1580,1,2,2,2,6,2,3,4,0,0,,41.10498611,-85.08999167,12,6,0,2,2,1,0,3,1,0,,,,,,
180535,18,2020,9,19,7,4,0,167,0,1,1,1,1,2,1,4,1,0,0,,39.60649722,-87.52171389,42,0,0,1,1,4,0,2,1,0,,,,,,
180536,18,2020,8,11,3,16,45,133,0,1,2,2,3,3,1,5,1,0,0,,39.85017778,-86.85895,12,6,0,4,1,1,0,1,1,0,,,,,,
180537,18,2020,9,19,7,13,58,97,2210,1,1,1,1,6,2,3,4,0,0,,39.77571944,-85.97279167,8,0,0,1,1,1,0,1,1,0,,,,,,
180538,18,2020,9,2,4,2,41,97,2210,1,1,1,1,6,2,4,4,0,0,,39.81143333,-86.00593889,8,0,0,1,1,1,0,2,1,0,,,,,,
180539,18,2020,8,8,7,13,39,25,0,1,1,1,1,3,1,5,1,0,0,,38.20370833,-86.402275,24,0,0,1,1,4,0,1,1,0,,,,,,
180540,18,2020,9,13,1,2,30,97,2210,1,1,1,4,6,2,3,4,0,0,,39.82490278,-86.16572778,8,0,0,2,2,1,0,3,10,0,,,,,,
180541,18,2020,9,22,3,17,17,85,0,2,2,2,3,3,1,3,1,0,0,,41.09393611,-85.89186944,12,6,0,2,2,1,0,1,1,0,,,,,,
180542,18,2020,9,21,2,16,45,97,2210,1,2,2,2,6,2,4,4,0,0,,39.77478056,-86.09323333,12,6,0,3,2,1,0,1,1,0,,,,,,
180543,18,2020,9,19,7,7,6,59,0,2,2,1,3,1,1,1,1,1,0,,39.82566389,-85.69469167,14,0,1,5,1,4,0,3,1,0,,,,,,
180544,18,2020,9,24,5,15,39,141,0,1,1,1,1,5,2,4,3,0,0,,41.74558889,-86.21715,33,0,0,3,6,4,0,1,1,0,,,,,,
180545,18,2020,9,6,1,19,20,71,4440,1,1,1,1,1,2,1,1,1,0,,38.96361389,-85.84363056,18,0,0,1,1,4,1,5,10,0,,,,,,
180546,18,2020,9,24,5,8,54,135,4920,1,1,1,1,3,1,3,1,1,0,,40.19366667,-84.824700000000007,34,0,0,1,1,4,0,1,10,0,,,,,,
180547,18,2020,9,13,1,0,15,97,2210,1,2,2,6,6,2,4,4,0,0,,39.86793333,-86.21222778,12,6,0,2,2,1,0,3,10,0,,,,,,
180548,18,2020,9,26,7,2,28,3,0,1,1,1,1,5,1,6,3,0,0,,41.00530278,-85.23301667,42,0,0,1,1,4,0,2,1,0,,,,,,
180549,18,2020,9,24,5,16,0,159,0,1,1,1,1,3,1,5,1,0,0,,40.26709444,-85.956975,42,0,0,1,1,4,0,1,1,0,,,,,,
180550,18,2020,9,24,5,14,37,61,0,3,3,3,5,3,1,4,1,0,0,,38.19528611,-86.14335278,12,7,0,3,2,1,0,1,10,0,,,,,,
180551,18,2020,9,9,4,19,32,97,2210,1,1,1,1,6,2,7,4,0,0,,39.76058333,-85.96161111,42,0,0,1,1,4,0,1,1,0,,,,,,
180552,18,2020,9,25,6,20,10,175,0,1,1,1,2,2,1,4,1,0,0,,38.475875,-86.30443056,8,0,0,1,1,1,0,1,1,0,,,,,,
180553,18,2020,9,21,2,14,49,13,0,1,3,3,4,3,1,3,1,1,0,,39.189475,-86.17446944,12,6,0,1,1,1,0,1,1,0,,,,,,
180554,18,2020,9,27,1,13,50,131,0,1,1,1,2,4,1,6,2,0,0,,41.11339444,-86.49195278,1,0,0,1,1,4,0,1,1,0,,,,,,
180555,18,2020,9,28,2,16,30,37,0,1,2,2,2,3,1,4,1,0,0,,38.29920556,-87.05164444,12,2,0,1,1,1,0,1,1,0,,,,,,
180556,18,2020,8,27,5,14,23,71,0,1,2,2,2,4,2,5,2,0,0,,38.97966111,-85.89913056,12,2,0,1,1,1,0,1,10,0,,,,,,
180557,18,2020,9,26,7,7,40,63,0,1,2,2,2,3,2,3,1,0,0,,39.81251667,-86.40081667,12,2,0,1,1,1,0,4,10,0,,,,,,
180558,18,2020,9,21,2,14,9,163,1480,3,4,4,6,2,2,3,1,1,0,,37.95503056,-87.54209722,12,1,0,3,2,1,0,1,1,0,,,,,,
180559,18,2020,9,21,2,21,45,97,2210,1,2,2,2,6,2,4,4,0,0,,39.82495278,-86.14976667,12,6,0,2,2,1,0,3,1,0,,,,,,
180560,18,2020,9,26,7,16,0,35,3360,1,3,3,4,2,2,2,1,1,0,,40.21909722,-85.34084444,12,1,0,3,2,1,0,1,1,0,,,,,,
180561,18,2020,9,26,7,21,50,89,1730,3,2,2,3,2,2,3,1,0,0,,41.60635556,-87.23681111,12,2,0,1,1,1,0,2,10,0,,,,,,
180562,18,2020,10,1,5,13,15,11,0,1,2,2,2,3,1,4,1,0,0,,40.05347778,-86.55819444,12,2,0,1,1,1,0,1,1,0,,,,,,
180563,18,2020,9,24,5,13,50,71,0,1,2,2,2,2,2,5,1,0,0,,38.96456389,-85.834675,12,6,0,2,2,1,0,1,1,0,,,,,,
180564,18,2020,9,27,1,18,38,71,0,1,1,1,1,2,1,3,1,1,0,,38.96690278,-85.80548333,24,0,0,1,1,4,0,1,1,0,,,,,,
180565,18,2020,9,16,4,15,15,33,0,3,7,7,11,1,1,1,1,1,0,,41.40956111,-85.05920833,12,1,0,1,1,1,1,1,1,0,,,,,,
180566,18,2020,9,29,3,9,30,105,380,1,2,2,2,6,2,4,4,0,0,,39.16430833,-86.52691667,12,6,0,2,3,1,0,1,1,0,,,,,,
180567,18,2020,10,2,6,8,37,109,2890,1,1,1,1,3,1,5,1,0,0,,39.45080833,-86.30484167,35,0,0,1,1,4,0,4,5,0,,,,,,
180568,18,2020,10,1,5,21,34,3,1580,1,2,2,2,3,2,3,1,0,0,,41.11824722,-85.1353,12,7,0,2,2,1,0,3,1,0,,,,,,
180569,18,2020,10,3,7,23,57,89,2120,1,2,2,2,2,2,3,1,1,0,,41.55637778,-87.24087222,12,2,0,1,1,1,0,2,2,0,,,,,,
180570,18,2020,9,27,1,20,43,107,3490,1,3,1,2,3,1,4,1,0,0,,39.944075,-86.95838889,14,0,0,1,1,4,0,2,10,0,,,,,,
180571,18,2020,10,3,7,4,55,89,1730,1,2,2,2,6,2,4,4,0,0,,41.58743056,-87.31181944,12,8,0,1,1,1,0,3,1,0,,,,,,
180572,18,2020,10,3,7,19,45,73,0,1,1,1,1,4,1,5,2,0,0,,41.14344722,-87.02762778,34,0,0,1,1,4,0,2,2,0,,,,,,
180573,18,2020,8,21,6,17,9,27,0,1,2,2,2,1,1,1,1,1,0,,38.615483330000004,-87.16338611,12,1,0,1,1,1,0,1,1,0,,,,,,
180574,18,2020,9,18,6,12,25,3,0,1,2,2,2,5,2,5,4,0,0,,41.07156111,-84.96223333,12,6,0,2,2,1,0,1,1,0,,,,,,
180575,18,2020,10,6,3,9,35,109,2890,1,2,2,2,3,1,3,1,1,0,,39.44608056,-86.38728056,12,6,0,2,3,1,1,1,1,0,,,,,,