st_case,state,year,month,day,day_week,hour,minute,county,city,fatals_crash,vehicles_total,vehicles_in_transport,persons_total,route,rural_urban,functional_system,road_owner,nhs,special_jurisdiction,milepoint,latitude,longitude,first_harmful_event,manner_collision,rel_jct_interchange,rel_jct_location,intersection_type,relation_to_road,work_zone,light_condition,weather,school_bus_related,ems_notified_hour,ems_notified_min,ems_arrival_hour,ems_arrival_min,hospital_hour,hospital_min
180576,18,2020,9,21,2,16,1,97,2210,1,1,1,1,6,2,3,4,0,0,,39.82491667,-86.16395,9,0,0,3,2,1,0,1,1,0,,,,,,
180577,18,2020,10,4,1,6,4,59,0,1,2,2,3,2,1,4,1,0,0,,39.71609444,-85.86725278,12,2,0,1,1,1,0,2,1,0,,,,,,
180578,18,2020,10,6,3,4,5,89,3370,1,1,1,1,6,2,4,4,0,0,,41.57394167,-87.52225278,33,0,0,1,1,4,0,3,1,0,,,,,,
180579,18,2020,10,6,3,9,20,141,0,1,1,1,1,5,1,5,4,0,0,,41.72408611,-86.50563056,30,0,0,1,1,4,0,1,1,0,,,,,,
180580,18,2020,9,21,2,18,1,45,0,1,5,5,5,3,1,4,1,0,0,,40.28043611,-87.12567778,12,1,0,8,1,1,0,1,1,0,,,,,,
180581,18,2020,9,17,5,13,34,109,0,1,2,2,2,3,1,3,1,1,0,,39.45818889,-86.44240833,12,6,0,2,3,1,0,1,1,0,,,,,,
180582,18,2020,9,13,1,1,15,3,1580,1,2,2,2,2,2,3,1,0,0,,41.0643,-85.13646111,12,6,0,2,2,1,0,3,1,0,,,,,,
180583,18,2020,10,6,3,17,30,141,3100,1,2,2,2,5,1,6,4,0,0,,41.58648889,-86.13802222,12,6,0,2,2,1,0,1,1,0,,,,,,
180584,18,2020,10,8,5,16,32,1,0,1,2,2,2,2,1,4,1,0,0,,40.84072222,-84.87070556,12,2,0,1,1,1,0,1,1,0,,,,,,
180585,18,2020,10,6,3,15,45,181,3200,2,2,2,5,2,1,3,1,1,0,,40.75810833,-86.65325833,12,2,0,1,1,1,0,1,1,0,,,,,,
180586,18,2020,10,7,4,22,2,93,3750,1,2,2,5,3,2,3,1,1,0,,38.90104167,-86.53180278,12,6,0,2,2,1,0,2,1,0,,,,,,
180587,18,2020,10,6,3,3,35,3,1580,1,1,1,1,6,2,3,4,0,0,,41.07178333,-85.15999722,33,0,0,1,1,4,0,3,1,0,,,,,,
180588,18,2020,9,13,1,1,56,89,5300,1,1,1,1,2,2,3,1,0,0,,41.67780833,-87.49755,8,0,0,3,2,1,0,3,1,0,,,,,,
180589,18,2020,9,30,4,23,0,97,2210,1,1,1,1,1,2,1,1,1,0,,39.90953611,-86.0768,24,0,0,1,1,4,0,3,1,0,,,,,,
180590,18,2020,9,30,4,11,46,97,2210,1,1,1,1,1,2,1,1,1,0,,39.72079167,-86.04944722,42,0,0,1,1,4,0,1,1,0,,,,,,
180591,18,2020,10,9,6,11,0,177,0,1,1,1,1,4,1,7,2,0,0,,39.86737778,-84.96654167,32,0,0,1,1,4,0,1,1,0,,,,,,
180592,18,2020,10,7,4,10,16,159,4860,1,2,2,2,3,1,3,1,0,0,,40.28346667,-86.00361667,12,1,0,1,1,1,0,1,1,0,,,,,,
180593,18,2020,10,6,3,15,6,95,3910,1,1,1,1,4,2,6,2,0,0,,39.99198333,-85.764494440000007,31,0,0,1,1,4,0,1,1,0,,,,,,
180594,18,2020,9,28,2,20,42,77,2830,1,1,1,1,6,2,3,4,0,0,,38.73625833,-85.37721389,8,0,0,3,2,1,0,3,1,0,,,,,,
180595,18,2020,10,9,6,19,38,149,0,1,1,1,1,4,1,7,2,0,0,,41.34610833,-86.56284722,11,0,0,1,1,1,0,2,1,0,,,,,,
180596,18,2020,8,31,2,10,0,89,2120,1,2,2,2,1,2,1,1,1,0,,41.548225,-87.31088889,12,7,0,1,1,1,1,1,1,0,,,,,,
180597,18,2020,10,3,7,12,46,179,0,1,1,1,4,5,1,5,3,0,0,,40.67251667,-85.23460278,1,0,0,1,1,4,0,1,10,0,,,,,,
180598,18,2020,10,10,7,20,19,17,0,1,2,2,5,3,1,3,1,1,0,,40.72821111,-86.40883056,12,6,0,2,2,1,0,2,1,0,,,,,,
180599,18,2020,9,13,1,17,45,89,0,1,2,2,2,3,2,3,1,0,0,,41.52961944,-87.36041944,12,6,0,2,3,1,0,1,1,0,,,,,,
180600,18,2020,9,28,2,17,30,67,0,1,1,1,1,3,2,3,1,1,0,,40.47716111,-86.05470278,34,0,0,1,1,4,0,1,1,0,,,,,,
180601,18,2020,10,12,2,5,19,3,0,1,2,2,2,5,1,4,3,0,0,,40.97325556,-85.16817222,12,2,0,1,1,1,0,2,1,0,,,,,,
180602,18,2020,10,13,3,1,45,3,1580,1,1,1,2,6,2,4,4,0,0,,41.07916389,-85.11463889,33,0,0,1,1,4,0,3,1,0,,,,,,
180603,18,2020,10,15,5,1,48,105,380,1,2,1,1,6,2,7,4,0,0,,39.11895,-86.53309444,5,0,0,1,1,4,0,2,1,0,,,,,,
180604,18,2020,10,5,2,19,35,29,0,1,1,1,5,4,1,5,2,0,0,,39.10050278,-85.08291389,1,0,0,1,1,1,0,5,1,0,,,,,,
180605,18,2020,10,3,7,12,0,81,0,1,3,3,5,1,1,1,1,1,0,,39.483275,-86.01404722,12,1,0,1,1,1,0,1,1,0,,,,,,
180606,18,2020,10,8,5,0,16,97,2210,1,3,3,3,1,2,1,1,1,0,,39.91476111,-86.03851111,12,1,0,1,1,1,0,3,1,0,,,,,,
180607,18,2020,9,8,3,19,42,97,2210,1,2,2,2,6,2,4,4,0,0,,39.66551389,-86.095,12,6,0,2,2,1,0,1,1,0,,,,,,
180608,18,2020,9,19,7,21,16,97,2210,1,2,2,2,6,2,4,4,0,0,,39.79628889,-86.07031667,12,6,0,2,3,1,0,3,1,0,,,,,,
180609,18,2020,7,21,3,19,47,137,0,1,1,1,2,4,1,6,2,0,0,,39.28782222,-85.09852222,21,0,0,1,1,4,0,1,10,0,,,,,,
180610,18,2020,10,7,4,21,23,165,0,1,1,1,1,1,1,1,1,1,0,,40.11857778,-87.46907778,8,0,0,1,1,1,0,2,1,0,,,,,,
180611,18,2020,10,16,6,21,38,3,0,2,1,1,3,5,1,5,4,0,0,,41.177525,-85.1957,34,0,0,1,1,4,0,2,10,0,,,,,,
180612,18,2020,10,8,5,9,13,97,2210,1,1,1,1,6,2,4,4,0,0,,39.76213611,-86.10201667,9,0,0,2,2,1,0,1,1,0,,,,,,
180613,18,2020,10,2,6,8,42,97,2210,1,1,1,1,6,2,4,4,0,0,,39.84035,-86.07371667,42,0,0,1,1,4,0,1,1,0,,,,,,
180614,18,2020,10,2,6,20,26,9,0,2,2,2,5,3,1,4,1,0,0,,40.551975,-85.341975,12,2,0,1,1,1,0,2,1,0,,,,,,
180615,18,2020,10,19,2,17,57,163,0,2,2,2,2,2,1,3,1,1,0,,38.12706389,-87.55223889,12,2,0,1,1,1,0,2,2,0,,,,,,
180616,18,2020,10,20,3,8,7,99,2550,1,1,1,1,2,1,2,1,1,0,,41.39402778,-86.28900833,24,0,0,1,1,4,0,1,1,0,,,,,,
180617,18,2020,10,18,1,0,15,181,0,1,1,1,1,1,1,1,1,1,0,,40.63085278,-87.00214722,1,0,0,1,1,4,0,2,1,0,,,,,,
180618,18,2020,10,10,7,19,25,49,0,1,1,1,1,4,1,7,2,0,0,,40.96426389,-86.35648333,1,0,0,1,1,1,0,1,1,0,,,,,,
180620,18,2020,10,18,1,16,58,121,0,1,1,1,1,2,1,4,1,0,0,,39.79568056,-87.23596389,38,0,0,1,1,4,0,1,10,0,,,,,,
180621,18,2020,10,19,2,15,43,95,140,1,2,2,2,1,1,1,1,1,0,,40.05521667,-85.62809167,57,0,0,1,1,3,0,1,1,0,,,,,,
180622,18,2020,10,17,7,1,32,57,1540,1,2,2,2,6,2,3,4,0,0,,39.95726944,-85.96979444,12,1,0,1,1,1,0,2,1,0,,,,,,
180623,18,2020,10,12,2,15,19,57,3590,1,2,2,2,6,2,4,4,0,0,,40.06573333,-86.03348889,12,2,0,1,1,1,0,1,10,0,,,,,,
180624,18,2020,10,17,7,9,55,173,0,1,1,1,2,5,2,7,4,0,0,,37.98373611,-87.402,19,0,0,1,1,4,0,1,1,0,,,,,,
180625,18,2020,10,13,3,17,45,37,0,1,1,1,2,4,1,4,2,0,0,,38.35776389,-86.84997778,34,0,0,1,1,4,0,1,5,0,,,,,,
180626,18,2020,10,17,7,21,25,89,1730,1,2,2,3,3,2,3,1,0,0,,41.54036944,-87.33629167,12,6,0,2,2,1,0,3,1,0,,,,,,
180627,18,2020,10,23,6,14,10,3,1580,1,2,2,2,2,1,2,1,1,0,,41.08039167,-84.99848056,12,6,0,1,1,1,0,1,1,0,,,,,,
180628,18,2020,10,23,6,3,14,31,0,1,1,1,1,4,1,7,2,0,0,,39.20240278,-85.49838056,23,0,0,1,1,4,0,2,1,0,,,,,,
180629,18,2020,10,24,7,7,44,91,0,1,1,1,1,4,1,6,2,0,0,,41.63406389,-86.83157778,32,0,0,1,1,4,0,1,10,0,,,,,,
180630,18,2020,10,14,4,22,28,97,2210,1,1,1,1,6,2,7,4,0,0,,39.72850278,-86.13223611,8,0,0,1,1,1,0,3,10,0,,,,,,
180631,18,2020,10,8,5,16,43,39,0,1,2,2,4,1,2,1,1,1,0,,41.73079444,-85.87437222,12,1,0,1,1,1,0,1,1,0,,,,,,
180632,18,2020,10,19,2,5,43,127,0,1,2,2,3,3,1,3,1,0,0,,41.503725,-87.15616944,12,8,0,1,1,4,0,2,10,0,,,,,,
180633,18,2020,10,22,5,19,4,83,0,1,1,1,1,3,1,4,1,0,0,,38.87624444,-87.21082778,1,0,0,1,1,4,0,1,1,0,,,,,,
180634,18,2020,10,25,1,12,10,105,0,1,1,1,1,3,2,3,1,0,0,,39.11737778,-86.62256667,34,0,0,1,1,4,0,1,1,0,,,,,,
180635,18,2020,10,23,6,12,23,89,1730,2,2,2,4,2,2,3,1,0,0,,41.60184722,-87.41321667,12,6,0,2,2,1,0,1,2,0,,,,,,
180636,18,2020,10,11,1,4,25,17,2730,1,1,1,2,4,1,5,2,0,0,,40.74395556,-86.25974444,42,0,0,1,1,4,0,2,1,0,,,,,,
180637,18,2020,9,30,4,20,5,97,2210,1,1,1,5,6,2,4,4,0,0,,39.78543056,-86.10224167,8,0,0,1,1,1,0,3,1,0,,,,,,
180638,18,2020,10,25,1,16,10,45,1040,1,3,3,3,1,1,1,1,1,0,,40.12178611,-87.34551944,12,6,0,1,1,1,0,1,10,0,,,,,,
180639,18,2020,10,6,3,6,30,97,2210,1,2,2,4,6,2,3,4,0,0,,39.73775278,-86.11376389,12,6,0,2,3,1,0,3,1,0,,,,,,
180640,18,2020,10,22,5,13,26,57,3590,2,2,2,2,3,2,3,1,0,0,,40.04337778,-86.050875,12,2,0,1,1,1,0,1,1,0,,,,,,
180641,18,2020,10,25,1,21,17,97,2210,3,2,2,3,6,2,4,4,0,0,,39.82266389,-86.05563889,12,6,0,1,1,1,0,3,10,0,,,,,,
180642,18,2020,9,13,1,22,4,57,710,1,1,1,1,1,2,1,1,1,0,,39.93056667,-86.14835556,31,0,0,1,1,4,0,3,1,0,,,,,,
180643,18,2020,10,22,5,20,30,35,0,1,1,1,1,5,2,4,4,0,0,,40.17114167,-85.46383611,43,0,0,1,1,4,0,2,1,0,,,,,,
180644,18,2020,10,26,2,16,40,35,0,1,1,1,1,5,1,5,4,0,0,,40.29942222,-85.45203333,30,0,0,1,1,4,0,1,2,0,,,,,,
180645,18,2020,10,5,2,13,46,87,2500,2,2,2,3,2,1,3,1,1,0,,41.64099722,-85.47318889,12,6,0,2,2,1,0,1,10,0,,,,,,
180646,18,2020,10,19,2,20,8,141,4580,1,1,1,1,6,2,3,4,0,0,,41.69465833,-86.20005,9,0,0,1,1,1,0,3,10,0,,,,,,
180647,18,2020,10,18,1,17,5,31,0,1,3,3,5,3,1,3,1,1,0,,39.41198056,-85.47979722,12,7,0,1,1,1,0,1,1,0,,,,,,
180648,18,2020,10,29,5,19,23,17,0,2,2,2,2,3,1,4,1,0,0,,40.78914167,-86.34941389,11,0,0,1,1,1,0,2,1,0,,,,,,
180649,18,2020,10,16,6,18,35,37,0,1,2,2,2,4,1,7,2,0,0,,38.47740278,-86.988025,12,6,0,1,1,1,0,1,1,0,,,,,,
180650,18,2020,10,5,2,5,0,111,4245,1,1,1,1,1,1,1,1,1,0,,41.18237778,-87.28152778,1,0,0,1,1,4,0,2,1,0,,,,,,
180651,18,2020,10,26,2,17,0,67,2430,1,2,2,5,3,2,3,1,1,0,,40.50920833,-86.11487222,12,6,0,2,2,1,0,1,10,0,,,,,,
180652,18,2020,10,14,4,14,16,39,0,1,4,4,4,2,1,3,1,1,0,,41.66757778,-85.79703611,12,1,0,1,1,1,0,1,10,0,,,,,,
180653,18,2020,10,27,3,20,34,181,0,1,2,2,2,3,1,5,1,0,0,,40.77772222,-86.74533611,12,6,0,2,2,1,0,2,2,0,,,,,,
180654,18,2020,10,31,7,2,57,73,0,1,1,1,1,2,1,5,1,0,0,,41.11503056,-87.15146667,34,0,0,1,1,4,0,2,1,0,,,,,,
180655,18,2020,10,1,5,11,35,89,0,1,2,2,4,1,2,1,1,1,0,,41.60921389,-87.38459167,12,1,0,1,1,1,0,1,10,0,,,,,,
180656,18,2020,10,22,5,16,6,57,0,1,1,1,1,1,2,1,1,1,0,,39.96474444,-86.00169167,24,0,0,5,1,4,0,1,1,0,,,,,,
180657,18,2020,10,25,1,7,30,89,0,1,1,1,1,1,1,1,1,1,0,,41.61167778,-87.47828056,24,0,0,1,1,4,0,1,10,0,,,,,,
180658,18,2020,10,3,7,10,55,3,0,1,2,2,2,5,1,5,4,0,0,,41.13314167,-85.24550556,12,6,0,2,2,1,0,1,10,0,,,,,,
180659,18,2020,10,31,7,18,56,163,1480,1,1,1,1,6,2,7,4,0,0,,37.99480833,-87.54735278,39,0,0,3,3,4,0,3,1,0,,,,,,
180660,18,2020,11,3,3,9,6,97,2210,1,1,1,1,6,2,4,4,0,0,,39.75990556,-86.11070278,9,0,0,1,1,1,0,1,1,0,,,,,,
180661,18,2020,10,30,6,1,51,145,0,1,2,2,2,1,1,1,1,1,0,,39.59955,-85.84490833,12,2,0,1,1,1,0,2,1,0,,,,,,
180662,18,2020,11,3,3,20,52,49,0,1,1,1,1,3,1,5,1,0,0,,40.94559444,-86.33031944,1,0,0,1,1,4,0,2,1,0,,,,,,
180663,18,2020,10,31,7,0,48,97,2210,2,2,2,4,6,2,4,4,0,0,,39.79710278,-85.980125,12,2,0,1,1,1,0,3,1,0,,,,,,
180664,18,2020,10,24,7,4,9,141,0,2,1,1,2,6,2,3,4,0,0,,41.70439722,-86.21666944,8,0,0,1,1,1,0,2,1,0,,,,,,
180665,18,2020,11,3,3,14,25,167,4840,1,2,2,2,2,1,4,1,0,0,,39.60343333,-87.37065556,12,2,0,1,1,1,0,1,1,0,,,,,,
180666,18,2020,11,3,3,10,46,57,3590,1,1,1,1,6,2,7,4,0,0,,40.01244722,-85.97638333,43,0,0,1,1,4,0,1,1,0,,,,,,
180667,18,2020,11,5,5,11,0,39,1410,2,2,2,3,6,2,3,4,0,0,,41.70490833,-85.97195833,12,6,0,2,3,1,0,1,1,0,,,,,,
180668,18,2020,10,14,4,21,57,97,2210,1,2,2,2,6,2,4,4,0,0,,39.90535833,-86.02281667,12,6,0,2,2,1,0,2,1,0,,,,,,
180669,18,2020,10,29,5,14,40,163,1480,1,2,2,2,3,2,3,1,1,0,,38.07723056,-87.50036111,12,6,0,1,1,1,0,1,2,0,,,,,,
180670,18,2020,11,7,7,6,0,39,0,1,1,1,1,2,2,3,1,1,0,,41.50146389,-85.73604167,34,0,0,1,1,4,0,2,1,0,,,,,,
180671,18,2020,6,25,5,6,54,97,2210,1,1,1,1,1,2,1,1,1,0,,39.79427222,-86.16453056,25,0,0,1,1,3,0,1,1,0,,,,,,
180672,18,2020,11,7,7,13,49,171,0,1,2,2,4,2,1,5,1,0,0,,40.14026667,-87.40784167,12,6,0,1,1,1,0,1,1,0,,,,,,
180673,18,2020,6,19,6,22,14,95,140,1,1,1,1,5,2,6,4,0,0,,40.06740278,-85.64430556,33,0,0,1,1,4,0,3,1,0,,,,,,
180674,18,2020,7,12,1,3,40,95,140,1,1,1,1,6,2,4,4,0,0,,40.10200556,-85.69196111,30,0,0,1,1,4,0,3,10,0,,,,,,
180675,18,2020,7,21,3,16,26,35,3360,1,1,1,1,6,2,7,4,0,0,,40.21858333,-85.43640556,3,0,0,1,1,4,0,1,2,0,,,,,,
180676,18,2020,8,3,2,21,15,145,0,1,1,1,2,4,1,7,2,0,0,,39.3477,-85.93962222,35,0,0,1,1,4,0,2,10,0,,,,,,
180678,18,2020,8,14,6,10,7,85,3960,1,1,1,1,2,1,2,1,1,0,,41.21085278,-85.74224444,18,0,0,1,1,4,0,1,1,0,,,,,,
180679,18,2020,8,20,5,0,32,97,2600,1,1,1,2,6,2,4,4,0,0,,39.84097222,-85.97215556,33,0,0,1,1,4,0,3,1,0,,,,,,
180680,18,2020,8,22,7,16,14,141,4580,1,1,1,2,2,1,2,1,1,0,,41.48832778,-86.26509722,1,0,0,1,1,1,0,1,1,0,,,,,,
180681,18,2020,10,13,3,13,42,81,0,2,1,1,2,2,1,3,1,0,0,,39.38863333,-85.9867,34,0,0,1,1,4,0,1,1,0,,,,,,
180682,18,2020,8,18,3,23,57,97,2600,1,3,3,3,6,2,5,4,0,0,,39.84076111,-86.00243611,12,99,0,1,1,1,0,2,1,0,,,,,,
180683,18,2020,10,31,7,18,10,97,2210,1,2,2,2,6,2,7,4,0,0,,39.72812778,-86.25040278,12,6,0,2,2,1,0,1,1,0,,,,,,
180684,18,2020,11,4,4,23,22,97,2210,1,3,3,4,6,2,3,4,0,0,,39.84020833,-86.11327222,12,6,0,2,2,1,0,2,1,0,,,,,,
180685,18,2020,11,5,5,21,4,97,2210,1,1,1,1,6,2,4,4,0,0,,39.77368611,-86.23348611,30,0,0,1,1,4,0,2,1,0,,,,,,
180686,18,2020,11,6,6,19,34,97,2210,1,1,1,1,6,2,7,4,0,0,,39.89355833,-86.06017222,8,0,0,1,1,1,0,3,1,0,,,,,,
180687,18,2020,11,8,1,22,30,149,0,1,1,1,1,4,1,6,2,0,0,,41.25890556,-86.53351389,42,0,0,1,1,4,0,2,1,0,,,,,,
180688,18,2020,11,9,2,16,3,35,3360,1,3,3,4,3,2,3,1,1,0,,40.23990833,-85.35603611,12,6,0,2,3,1,0,5,1,0,,,,,,
180689,18,2020,11,5,5,6,41,3,0,1,2,2,2,3,1,5,1,0,0,,41.13970556,-84.84833056,12,6,0,2,2,1,0,4,1,0,,,,,,
180690,18,2020,11,11,4,2,40,91,0,1,1,1,1,4,2,4,2,0,0,,41.69223611,-86.91315556,30,0,0,1,1,4,0,2,1,0,,,,,,
180691,18,2020,10,24,7,4,11,143,0,1,2,1,1,1,2,1,1,1,0,,38.64566389,-85.78356944,14,0,0,1,1,1,0,2,2,0,,,,,,
180692,18,2020,11,11,4,16,9,77,2020,1,1,1,1,6,1,5,4,0,0,,38.71564444,-85.47360556,32,0,0,3,2,4,0,1,1,0,,,,,,
180693,18,2020,10,11,1,14,56,97,2210,1,2,2,3,6,2,4,4,0,0,,39.71873611,-86.06358889,12,1,0,1,1,1,0,1,1,0,,,,,,
180694,18,2020,10,9,6,19,35,97,2210,2,2,2,5,6,2,4,4,0,0,,39.66206944,-86.12605556,12,6,0,3,3,1,0,3,1,0,,,,,,
180695,18,2020,10,15,5,12,3,97,2210,1,1,1,1,6,2,5,4,0,0,,39.67496944,-86.04451389,42,0,0,1,1,4,0,1,2,0,,,,,,
180696,18,2020,11,13,6,7,16,39,1830,1,2,2,4,3,1,5,1,0,0,,41.53668056,-85.93942222,12,6,0,2,2,1,0,4,10,0,,,,,,
180697,18,2020,10,23,6,16,0,47,3310,1,2,2,3,3,1,5,1,0,0,,39.39693333,-84.82299444,12,6,0,1,1,1,0,1,10,0,,,,,,
180698,18,2020,11,14,7,6,45,85,0,1,1,1,2,3,2,4,1,0,0,,41.38765833,-85.70208611,1,0,0,1,1,4,0,1,1,0,,,,,,
180699,18,2020,11,1,1,4,13,29,0,1,1,1,1,2,1,4,1,0,0,,39.27416111,-84.82145,8,0,0,1,1,2,0,3,10,0,,,,,,
180700,18,2020,9,28,2,18,25,141,4580,1,1,1,1,6,2,7,4,0,0,,41.67221944,-86.25900556,15,0,0,3,2,1,0,1,10,0,,,,,,
180701,18,2020,11,16,2,21,44,151,0,1,1,1,1,3,1,5,1,0,0,,41.68705278,-84.96626111,35,0,0,1,1,4,0,2,1,0,,,,,,
180702,18,2020,11,11,4,9,7,177,0,1,2,2,2,1,1,1,1,1,0,,39.86941944,-84.91317222,12,1,0,1,1,1,1,1,10,0,,,,,,
180703,18,2020,10,31,7,21,20,83,5030,1,1,1,1,2,1,3,1,1,0,,38.60609167,-87.53881111,8,0,0,1,1,1,0,2,1,0,,,,,,
180704,18,2020,7,20,2,12,26,77,2830,1,2,2,2,6,2,4,4,0,0,,38.7586,-85.38734722,12,1,0,2,2,1,0,1,1,0,,,,,,
180705,18,2020,9,8,3,15,22,117,0,1,1,1,1,2,1,4,1,0,0,,38.58031667,-86.60252778,34,0,0,1,1,4,0,1,1,0,,,,,,
180706,18,2020,10,3,7,14,45,117,0,1,2,2,2,3,1,3,1,1,0,,38.669675,-86.33708056,12,1,0,1,1,1,0,1,1,0,,,,,,
180707,18,2020,10,26,2,13,50,177,4120,1,1,1,1,6,2,7,4,0,0,,39.84555278,-84.90508333,38,0,0,1,1,4,0,1,1,0,,,,,,
180708,18,2020,11,14,7,23,25,97,2210,1,2,2,2,6,2,5,4,0,0,,39.78232778,-86.21573889,12,8,0,3,3,1,0,3,2,0,,,,,,
180709,18,2020,11,15,1,5,24,149,0,1,2,2,4,3,1,5,1,0,0,,41.29536111,-86.73712778,12,6,0,2,2,1,0,2,10,0,,,,,,
180710,18,2020,11,7,7,20,35,97,2210,1,2,2,2,1,2,1,1,1,0,,39.70030278,-86.12630833,12,1,0,1,1,1,0,2,1,0,,,,,,
180711,18,2020,11,13,6,12,43,109,0,1,2,2,2,3,1,5,1,0,0,,39.60075833,-86.47962222,12,6,0,2,2,1,0,1,10,0,,,,,,
180712,18,2020,11,3,3,16,45,85,1470,1,1,1,2,6,1,5,4,0,0,,41.27655,-86.04685278,8,0,0,3,2,1,0,1,1,0,,,,,,
180713,18,2020,10,15,5,17,1,143,4400,1,3,3,4,3,1,3,1,0,0,,38.68593889,-85.7561,12,2,0,1,1,1,0,1,10,0,,,,,,
180714,18,2020,11,20,6,16,31,91,0,1,4,4,6,2,1,3,1,1,0,,41.67617222,-86.66088611,12,1,0,2,3,1,0,5,1,0,,,,,,
180715,18,2020,11,21,7,20,25,89,0,1,1,1,2,5,2,6,4,0,0,,41.413225,-87.39220278,30,0,0,1,1,4,0,2,1,0,,,,,,
180716,18,2020,11,18,4,22,35,127,820,1,2,2,2,3,2,3,1,1,0,,41.60674722,-87.04189722,12,1,0,2,2,1,0,2,1,0,,,,,,
180717,18,2020,11,21,7,1,45,127,0,1,1,1,1,4,2,7,2,0,0,,41.469,-87.11419722,53,0,0,1,1,4,0,2,1,0,,,,,,
180718,18,2020,11,21,7,17,46,73,0,2,2,2,3,3,1,5,1,0,0,,41.02703333,-87.13607778,12,1,0,1,1,1,0,2,1,0,,,,,,
180719,18,2020,11,8,1,18,8,35,0,1,3,3,4,3,1,5,1,0,0,,40.34636111,-85.22746944,12,1,0,1,1,1,0,2,1,0,,,,,,
180720,18,2020,11,20,6,16,35,75,0,1,2,2,3,3,1,4,1,0,0,,40.54078889,-84.99144722,12,6,0,2,2,1,0,1,1,0,,,,,,
180722,18,2020,11,23,2,18,38,39,0,1,1,1,2,4,1,5,2,0,0,,41.55230278,-85.712525,9,0,0,1,1,1,0,2,1,0,,,,,,
180723,18,2020,11,23,2,18,3,77,2830,1,2,2,2,3,1,5,1,0,0,,38.75165,-85.64681389,12,2,0,1,1,1,0,2,10,0,,,,,,
180724,18,2020,11,18,4,21,31,17,2730,3,1,1,3,4,1,7,4,0,0,,40.74084167,-86.49355278,42,0,0,1,1,4,0,2,1,0,,,,,,
180725,18,2020,11,22,1,22,41,95,0,1,1,1,1,3,2,3,1,0,0,,40.115375,-85.576175,31,0,0,1,1,4,0,2,1,0,,,,,,
180726,18,2020,11,22,1,21,30,19,4420,1,4,2,6,3,1,3,1,1,0,,38.43662778,-85.81795833,12,99,0,1,1,1,0,2,10,0,,,,,,
180727,18,2020,11,28,7,13,16,81,1650,1,2,2,2,6,2,4,4,0,0,,39.47368889,-86.04544444,12,2,0,1,1,1,0,1,1,0,,,,,,
180728,18,2020,11,7,7,23,37,79,0,1,2,2,4,3,1,5,1,0,0,,38.94922222,-85.60527778,12,2,0,1,1,1,0,2,10,0,,,,,,
180729,18,2020,11,18,4,15,24,97,2210,1,1,1,1,6,2,4,4,0,0,,39.72303611,-86.13246667,44,0,0,1,1,1,0,1,1,0,,,,,,
180730,18,2020,11,4,4,16,40,111,0,1,1,1,1,4,1,6,2,0,0,,41.03212778,-87.43065,34,0,0,1,1,4,0,5,1,0,,,,,,
180731,18,2020,11,21,7,0,20,97,2210,1,1,1,1,6,2,6,4,0,0,,39.75989444,-86.11104722,30,0,0,3,3,4,0,3,2,0,,,,,,
180732,18,2020,9,28,2,1,42,89,2972,1,1,1,1,3,2,3,1,0,0,68,41.50023056,-87.33597778,10,0,0,6,1,1,0,3,2,0,,,,,,
180733,18,2020,11,16,2,6,51,33,0,2,2,2,2,4,1,5,2,0,0,,41.50377222,-85.06430833,12,2,0,1,1,1,0,2,1,0,,,,,,
180734,18,2020,11,21,7,14,7,97,2210,1,2,2,3,1,2,1,1,1,0,,39.79440833,-86.03547778,12,7,0,1,1,1,0,1,10,0,,,,,,
180735,18,2020,11,24,3,15,35,103,0,1,2,2,2,3,1,5,1,0,0,,40.86590833,-86.15974444,12,2,0,1,1,1,0,1,10,0,,,,,,
180736,18,2020,11,25,4,17,45,73,0,2,2,1,3,1,1,1,1,1,0,,40.83515833,-87.17169167,14,0,0,1,1,2,0,2,2,0,,,,,,
180737,18,2020,11,8,1,19,15,65,0,2,3,3,5,4,1,5,2,0,0,,39.85398056,-85.24897778,12,2,0,1,1,1,0,2,1,0,,,,,,
180738,18,2020,11,15,1,3,21,63,3990,1,2,1,4,1,2,1,1,1,0,,39.67758056,-86.34621667,14,0,0,1,1,5,1,3,2,0,,,,,,
180739,18,2020,11,16,2,19,5,35,3360,1,1,1,1,3,2,4,1,0,0,,40.19300556,-85.33915556,8,0,0,1,1,2,0,3,1,0,,,,,,
180740,18,2020,11,27,6,11,30,41,0,1,1,1,1,4,1,7,2,0,0,,39.59097222,-85.20386111,32,0,0,1,1,4,0,1,1,0,,,,,,
180741,18,2020,11,27,6,11,39,107,0,1,1,1,1,4,1,6,2,0,0,,40.09704722,-86.94888056,53,0,0,1,1,4,0,1,10,0,,,,,,
180742,18,2020,11,24,3,22,43,97,2210,1,1,1,1,6,2,4,4,0,0,,39.78167778,-86.05391944,8,0,0,1,1,1,0,2,10,0,,,,,,
180743,18,2020,11,4,4,17,3,97,4620,1,3,3,3,6,2,3,4,0,0,,39.79420833,-86.25720556,12,2,0,1,1,1,0,1,1,0,,,,,,
180744,18,2020,11,29,1,20,57,3,0,1,2,2,2,3,2,4,1,0,0,,41.21141389,-85.13328056,12,6,0,2,2,1,0,2,1,0,,,,,,
180745,18,2020,11,19,5,19,23,97,0,1,1,1,1,5,2,5,4,0,0,,39.79395,-86.28395,42,0,0,1,1,4,0,3,1,0,,,,,,
180746,18,2020,10,31,7,20,33,57,1540,1,1,1,1,1,2,1,1,1,0,,39.92991111,-86.02770556,8,0,0,1,1,1,0,3,1,0,,,,,,
180747,18,2020,12,1,3,9,44,17,0,1,2,2,3,2,1,3,1,1,0,,40.75737778,-86.17939722,12,6,0,2,2,1,0,1,10,0,,,,,,