st_case,state,year,month,day,day_week,hour,minute,county,city,fatals_crash,vehicles_total,vehicles_in_transport,persons_total,route,rural_urban,functional_system,road_owner,nhs,special_jurisdiction,milepoint,latitude,longitude,first_harmful_event,manner_collision,rel_jct_interchange,rel_jct_location,intersection_type,relation_to_road,work_zone,light_condition,weather,school_bus_related,ems_notified_hour,ems_notified_min,ems_arrival_hour,ems_arrival_min,hospital_hour,hospital_min
190242,19,2020,10,30,6,20,26,163,6591,1,1,1,1,6,2,7,4,0,0,0,41.55258333,-90.45282222,42,0,0,1,1,5,0,3,1,0,,,,,,
190243,19,2020,9,22,3,22,16,167,0,1,2,2,2,4,1,6,2,0,0,0,43.15670833,-96.31425833,12,6,0,2,2,1,0,2,1,0,,,,,,
190245,19,2020,11,6,6,14,0,129,0,1,1,1,1,4,1,4,2,0,0,0,41.10435833,-95.7673,18,0,0,1,1,5,0,1,1,0,,,,,,
190246,19,2020,10,9,6,11,26,55,0,1,2,2,2,5,1,7,3,0,0,0,42.498175,-91.55393611,12,2,0,1,1,1,0,1,1,0,11,22,11,31,11,58
190247,19,2020,10,5,2,14,37,181,0,1,2,2,2,3,1,3,1,1,0,76,41.35539722,-93.64517222,12,6,0,2,2,1,0,1,1,0,,,,,,
190248,19,2020,11,12,5,7,54,65,0,1,2,2,2,5,1,7,2,0,0,0,42.74503611,-91.78436389,12,6,0,2,2,1,0,1,1,0,,,,,,
190249,19,2020,11,10,3,12,6,193,0,1,1,1,1,2,1,3,1,1,0,156,42.47506944,-96.10483056,34,0,0,1,1,4,0,1,12,0,12,7,12,19,,
190250,19,2020,11,7,7,15,20,141,6920,1,2,2,4,2,1,4,3,1,0,158,43.08453056,-95.62433889,12,6,0,2,2,1,0,1,1,0,,,,,,
190251,19,2020,11,12,5,5,16,95,0,1,1,1,1,3,1,4,1,0,0,53,41.80818611,-92.18616667,34,0,0,1,1,4,0,2,1,0,,,,,,
190252,19,2020,7,18,7,23,25,153,0,1,2,2,2,3,2,3,1,1,0,11,41.64405833,-93.61989444,12,6,0,2,3,1,0,3,1,0,,,,,,
190253,19,2020,9,20,1,14,18,149,0,1,2,2,5,4,1,5,2,0,0,0,42.63417778,-96.37066389,12,6,0,2,2,1,0,1,10,0,14,21,14,34,14,47
190254,19,2020,11,1,1,16,35,163,2080,1,2,2,2,2,2,3,1,1,0,132,41.57538333,-90.65167778,12,6,0,1,1,1,0,1,1,0,,,,,,
190255,19,2020,11,6,6,17,41,63,0,1,1,1,1,4,2,6,2,0,0,0,43.40647778,-94.80961667,9,0,0,1,1,1,0,2,1,0,17,54,18,3,18,10
190256,19,2020,11,21,7,6,17,139,5930,1,1,1,1,2,2,3,1,1,0,65,41.38535833,-91.10152222,8,0,0,1,1,1,0,2,1,0,,,,,,
190257,19,2020,11,19,5,14,38,193,7850,1,1,1,1,6,2,7,4,0,0,0,42.50788611,-96.45581667,33,0,0,1,1,4,0,1,1,0,,,,,,
190258,19,2020,11,19,5,17,4,107,0,1,1,1,1,4,1,5,2,0,0,0,41.22064722,-92.10768889,34,0,0,1,1,4,0,2,1,0,,,,,,
190259,19,2020,11,18,4,4,59,99,0,1,1,1,1,1,1,1,1,1,0,247,41.69308056,-92.86486667,24,0,0,1,1,3,0,2,1,0,,,,,,
190260,19,2020,11,17,3,17,6,121,0,1,1,1,1,2,1,3,1,1,0,204,41.43099722,-94.01067778,34,0,0,1,1,4,0,5,1,0,,,,,,
190261,19,2020,11,19,5,15,50,149,4660,1,2,2,3,2,2,3,1,1,0,146,42.74990278,-96.21105833,12,6,0,2,2,1,0,1,1,0,,,,,,
190262,19,2020,11,26,5,21,33,149,0,1,1,1,6,4,1,6,2,0,0,0,42.82110556,-95.97676111,35,0,0,1,1,4,0,2,1,0,21,51,22,14,23,0
190263,19,2020,10,10,7,2,15,91,0,1,1,1,1,5,1,7,3,0,0,0,42.77562222,-94.19813889,34,0,0,1,1,4,0,2,10,0,,,,,,
190264,19,2020,11,20,6,22,57,35,0,1,1,1,1,4,1,5,2,0,0,0,42.78715833,-95.64206667,1,0,0,1,1,4,0,2,1,0,22,58,23,10,23,30
190265,19,2020,11,26,5,21,12,153,2260,1,1,1,1,2,2,3,1,1,0,30,41.54813056,-93.59681389,8,0,0,3,2,1,0,3,1,0,21,11,21,17,21,41
190266,19,2020,11,22,1,17,10,117,1410,2,2,2,5,2,1,3,1,1,0,144,41.00470833,-93.29391667,12,6,0,2,2,1,0,5,1,0,17,7,17,11,19,18
190267,19,2020,11,29,1,13,49,163,2080,1,1,1,6,1,2,1,1,1,0,88,41.48599167,-90.64148889,35,0,0,1,1,4,0,1,10,0,14,3,14,12,,
190268,19,2020,12,1,3,14,16,57,2070,1,1,1,1,2,1,5,1,0,0,3,40.86315278,-91.31015278,9,0,0,3,3,1,0,1,1,0,14,30,14,56,15,50
190269,19,2020,10,28,4,12,30,113,1340,1,2,2,4,6,2,4,4,0,0,0,41.97829444,-91.67422222,12,7,0,2,7,1,0,1,1,0,,,,,,
190270,19,2020,11,10,3,9,5,149,0,1,1,1,3,2,1,3,1,1,0,181,42.8052,-96.199175,34,0,0,1,1,4,0,1,12,0,,,,,,
190271,19,2020,12,3,5,17,31,183,0,2,2,2,4,3,1,3,1,1,0,39,41.17621667,-91.84949167,12,6,0,2,2,1,0,2,1,0,,,,,,
190272,19,2020,12,1,3,13,33,191,3010,1,1,1,1,4,1,5,2,0,0,0,43.10208611,-91.92356389,35,0,0,1,1,4,0,1,99,0,,,,,,
190273,19,2020,12,1,3,17,50,89,0,1,1,1,1,5,1,7,3,0,0,0,43.45681944,-92.13243333,34,0,0,1,1,4,0,5,10,0,,,,,,
190274,19,2020,10,22,5,15,43,153,2260,1,3,3,4,2,2,3,1,1,0,130,41.62776667,-93.58133056,12,6,0,2,2,1,0,1,2,0,15,45,15,49,16,21
190275,19,2020,9,5,7,7,40,153,0,1,1,1,1,2,1,3,1,1,0,205,41.73194722,-93.40636667,42,0,0,1,1,4,0,9,99,0,,,,,,
190276,19,2020,12,12,7,14,23,151,0,1,1,1,1,3,1,3,1,1,0,20,42.73378056,-94.88415278,34,0,0,1,1,4,0,1,1,0,,,,,,
190277,19,2020,12,8,3,5,44,175,0,1,2,2,2,2,1,3,1,1,0,104,41.05011389,-94.30870833,12,6,0,1,1,1,0,2,5,0,,,,,,
190278,19,2020,12,7,2,20,42,35,0,1,2,2,2,2,1,3,1,1,0,107,42.71775278,-95.55446389,12,2,0,1,1,1,0,2,1,0,20,45,20,49,21,18
190279,19,2020,12,5,7,0,47,153,0,3,2,2,4,1,2,1,1,1,0,185,41.66186667,-93.50818333,12,2,0,1,1,1,0,2,1,0,,,,,,
190280,19,2020,12,10,5,6,0,193,7850,1,1,1,1,2,2,3,1,1,0,66,42.52338056,-96.36555556,35,0,0,1,1,4,0,3,1,0,6,0,6,5,6,22
190281,19,2020,12,14,2,8,52,161,0,1,2,2,2,2,1,3,1,1,0,349,42.52153333,-95.15095833,12,1,0,8,1,1,0,1,10,0,,,,,,
190282,19,2020,11,5,5,17,45,31,0,1,1,1,1,1,1,1,1,1,0,232,41.63399444,-90.92272222,34,0,1,5,1,8,0,2,1,0,17,43,17,52,18,34
190283,19,2020,11,15,1,18,23,93,0,1,1,1,2,3,1,5,1,0,0,20,42.55143056,-95.72839167,42,0,0,1,1,4,0,2,1,0,,,,,,
190284,19,2020,12,17,5,12,6,81,0,2,3,3,4,4,1,5,2,0,0,0,43.21285556,-93.6951,12,6,0,2,2,1,0,1,10,0,12,9,12,16,,
190285,19,2020,12,20,1,4,0,155,0,1,1,1,1,1,1,1,1,1,0,232,41.44086389,-95.61203056,35,0,1,19,1,4,0,2,1,0,,,,,,
190286,19,2020,12,17,5,20,33,27,0,1,1,1,1,4,1,7,2,0,0,0,41.92214167,-95.05418611,34,0,0,1,1,4,0,2,5,0,20,33,20,38,20,56
190287,19,2020,12,17,5,20,41,153,2260,1,4,4,6,2,2,3,1,1,0,145,41.62775278,-93.55155556,12,1,0,2,2,1,0,3,5,0,20,41,20,47,21,21
190288,19,2020,12,22,3,15,30,25,0,1,2,2,2,3,1,4,1,0,0,279,42.47227778,-94.669825,12,2,0,1,1,1,0,1,1,0,15,26,15,32,,
190289,19,2020,10,28,4,6,5,163,2080,1,2,2,2,2,2,3,1,1,0,191,41.56038889,-90.56820833,12,1,0,2,2,1,0,4,1,0,6,8,6,10,6,31
190290,19,2020,12,26,7,0,0,155,1900,1,1,1,1,1,2,1,1,1,0,3,41.26103889,-95.91464167,35,0,0,1,1,4,0,6,99,0,,,,,,
190291,19,2020,12,26,7,19,30,153,0,1,1,1,1,3,1,3,1,1,0,,41.60145833,-93.36708333,34,0,0,3,2,4,0,3,1,0,,,,,,
190292,19,2020,11,13,6,17,57,113,1340,1,1,1,1,6,2,3,4,0,0,0,41.96558056,-91.71603333,8,0,0,3,2,1,0,3,1,0,,,,,,
190293,19,2020,12,21,2,22,9,163,2080,1,1,1,3,6,2,7,4,0,0,0,41.5351,-90.5661,9,0,0,1,1,1,0,3,1,0,22,11,22,17,22,27
190294,19,2020,12,20,1,17,25,129,0,2,2,2,3,2,1,3,1,1,0,181,41.03065,-95.60210556,12,2,0,1,1,1,0,2,1,0,17,32,18,4,18,48
190295,19,2020,12,21,2,4,30,31,0,3,2,2,3,1,1,1,1,1,0,14,41.66422222,-91.33716944,12,2,0,1,1,1,0,2,1,0,,,,,,
190296,19,2020,12,26,7,23,30,163,0,2,2,2,3,1,1,1,1,1,0,73,41.61252778,-90.76282778,12,2,0,1,1,1,0,2,1,0,23,30,,,,
190297,19,2020,12,15,3,20,10,73,3350,1,1,1,1,5,1,7,3,0,0,0,42.03345833,-94.23199444,8,0,0,1,1,1,0,2,1,0,20,35,21,9,22,9
190298,19,2020,12,12,7,5,46,153,2260,1,1,1,1,2,2,3,1,1,0,48,41.57346944,-93.59690833,33,0,0,3,3,4,0,3,4,0,,,,,,
190299,19,2020,12,18,6,23,16,149,0,1,1,1,1,3,1,4,1,0,0,105,42.69333056,-96.57723333,53,0,0,1,1,4,0,2,1,0,,,,,,
190301,19,2020,12,17,5,16,55,153,0,1,4,4,5,1,2,1,1,1,0,171,41.65826944,-93.53318611,12,1,0,1,1,1,0,2,10,0,,,,,,
190302,19,2020,12,6,1,15,39,181,0,1,2,2,5,5,1,7,3,0,0,0,41.42175556,-93.46215833,12,6,0,2,2,1,0,1,10,0,,,,,,
190303,19,2020,9,15,3,17,50,83,0,1,1,1,1,5,1,7,3,0,0,0,42.51445,-93.23466667,42,0,0,1,1,4,0,1,1,0,17,26,17,36,,
190304,19,2020,11,10,3,3,38,53,0,1,1,1,2,2,1,4,1,0,0,289,40.87243889,-93.76759444,8,0,0,1,1,1,0,2,2,0,3,23,3,32,4,34
190305,19,2020,12,13,1,21,53,95,0,1,2,2,3,2,1,3,1,1,0,126,41.83218333,-91.86980556,12,6,0,2,2,1,0,2,1,0,21,56,22,27,23,13
190306,19,2020,11,15,1,23,23,103,0,1,1,1,1,3,1,7,1,0,1,0,41.80298889,-91.57089444,42,0,0,1,1,4,0,6,1,0,,,,,,
190307,19,2020,6,1,2,9,49,77,0,1,2,2,2,5,1,7,3,0,0,0,41.84866389,-94.73192222,12,1,0,1,1,1,0,1,1,0,,,,,,
190308,19,2020,9,26,7,0,27,111,4250,1,2,2,2,2,2,3,1,1,0,18,40.42131667,-91.40956111,33,0,0,1,1,4,0,3,1,0,,,,,,
190309,19,2020,12,8,3,20,0,131,0,1,2,2,2,4,1,4,2,0,0,0,43.43618333,-92.830425,12,6,0,2,2,1,0,3,1,0,20,21,20,49,21,28
190310,19,2020,6,20,7,22,6,121,0,1,1,1,2,2,1,4,1,1,0,100,41.30241944,-94.04167222,8,0,0,1,1,1,0,2,1,0,,,,,,
190311,19,2020,8,22,7,19,19,181,0,1,1,1,1,5,1,7,3,0,0,0,41.46368056,-93.39448611,34,0,0,1,1,4,0,1,1,0,,,,,,
190312,19,2020,11,19,5,12,18,49,0,1,1,1,1,4,1,5,2,0,0,0,41.51773056,-93.95745833,11,0,0,1,1,1,0,1,1,0,,,,,,
190313,19,2020,12,6,1,17,46,179,0,1,1,1,1,5,1,5,3,0,0,0,40.989625,-92.34098889,34,0,0,1,1,4,0,2,1,0,,,,,,
200001,20,2020,1,3,6,18,22,177,0,1,1,1,2,1,1,1,1,1,0,3512,39.05682778,-95.84503889,35,0,0,1,1,4,0,2,1,0,18,22,,,,
200002,20,2020,1,1,4,18,57,91,4285,1,2,2,1,6,2,6,4,0,0,0,38.92549444,-94.71430833,12,6,0,4,1,1,0,3,98,0,19,0,19,4,,
200003,20,2020,1,7,3,16,45,73,0,1,1,1,1,2,1,3,1,1,0,2898,37.83637778,-96.18858611,23,0,0,1,1,4,0,1,98,0,16,40,17,0,,
200004,20,2020,1,11,7,3,53,35,0,1,1,1,3,6,1,5,2,0,0,0,37.07056667,-96.74342222,34,0,0,1,1,4,0,2,12,0,3,54,4,17,4,55
200005,20,2020,1,18,7,21,55,155,0,1,1,1,2,6,1,7,3,0,0,0,38.07204167,-97.80440278,38,0,0,1,1,4,0,2,98,0,10,11,10,26,11,21
200006,20,2020,1,15,4,0,40,169,4900,1,1,1,2,6,2,4,4,0,0,0,38.8566,-97.59415278,30,0,0,1,1,4,0,3,98,0,1,11,1,15,1,27
200007,20,2020,1,15,4,20,36,91,0,1,1,1,1,6,1,5,2,0,0,0,38.75319722,-94.92709722,8,0,0,1,1,1,0,2,98,0,20,37,20,44,,
200008,20,2020,2,18,3,7,53,209,2820,1,1,1,1,3,2,4,1,0,0,0,39.14295278,-94.70368056,8,0,0,3,3,1,0,1,98,0,7,58,8,4,8,19
200009,20,2020,2,14,6,15,39,103,0,2,2,2,3,2,1,3,1,1,0,0,39.40730278,-95.06669444,12,2,0,1,1,1,0,1,6,0,15,42,15,53,16,52
200010,20,2020,2,14,6,1,32,177,0,1,2,2,2,8,2,4,2,0,0,0,39.12925556,-95.62088333,12,2,0,1,1,1,0,2,98,0,1,33,1,47,2,13
200011,20,2020,1,6,2,18,30,209,2820,1,2,2,2,1,2,1,1,1,0,12,39.09880556,-94.61206111,12,1,0,1,1,1,0,3,1,0,18,40,18,43,,
200012,20,2020,1,13,2,11,51,191,0,1,1,1,2,6,1,7,3,0,0,0,37.40680278,-97.31372222,42,0,0,1,1,4,0,1,98,0,11,53,12,3,13,0
200013,20,2020,1,10,6,0,53,173,5880,1,1,1,1,6,2,7,4,0,0,0,37.69882222,-97.37393611,33,0,0,1,1,4,0,3,1,0,1,1,1,6,1,34
200014,20,2020,1,15,4,0,50,199,0,1,1,1,2,2,1,4,1,0,0,63,38.87544167,-101.935775,1,0,0,1,1,4,0,2,98,0,1,0,1,18,1,50
200015,20,2020,1,17,6,9,30,163,0,1,1,1,1,6,1,7,3,0,0,0,39.46211944,-99.15601944,42,0,0,1,1,4,0,1,1,0,,,,,,
200016,20,2020,1,21,3,14,16,177,5400,1,1,1,1,2,2,2,1,1,0,1635,39.10005,-95.72014444,59,0,0,1,1,4,0,1,1,0,,,,,,
200017,20,2020,1,19,1,16,39,151,0,1,1,1,3,2,1,2,1,1,0,1526,37.64589444,-98.47585833,1,0,0,1,1,3,0,1,1,0,16,59,17,17,18,36
200018,20,2020,1,5,1,12,48,57,0,1,2,2,2,2,1,3,1,1,0,410,37.59037778,-100.01564444,12,6,0,1,1,1,0,1,6,0,12,48,13,0,,
200019,20,2020,2,4,3,10,20,27,980,1,1,1,1,3,1,4,1,0,0,0,39.26570556,-97.12921389,38,0,0,1,1,4,0,1,98,0,10,34,10,44,,
200020,20,2020,1,25,7,4,57,57,1370,1,2,2,2,8,2,4,4,0,0,8,37.75430556,-100.05124722,12,6,0,2,2,1,0,3,1,0,5,0,5,7,5,36
200021,20,2020,1,8,4,11,43,21,0,1,2,2,3,2,1,3,1,1,0,4540,37.33853333,-94.69070833,12,2,0,1,1,1,0,1,98,0,11,45,11,51,12,37
200022,20,2020,1,22,4,7,13,59,0,2,2,2,3,3,1,4,1,0,0,372,38.622875,-95.07086667,24,0,0,1,1,4,0,1,12,0,7,19,7,35,8,40
200023,20,2020,1,31,6,8,24,175,3160,1,2,2,3,2,2,3,1,1,0,0,37.06848056,-100.90610556,12,6,0,2,2,1,0,1,98,0,8,25,8,29,8,52
200024,20,2020,2,1,7,4,5,199,5630,2,1,1,4,2,1,4,1,0,0,255,38.90958333,-101.58497778,1,0,0,1,1,1,0,2,1,0,4,4,4,20,5,5
200025,20,2020,2,12,4,23,0,121,4320,1,2,2,2,3,1,4,1,0,0,453,38.62150833,-94.91210556,12,2,0,1,1,1,0,2,4,0,23,14,23,20,0,3
200026,20,2020,2,7,6,12,42,191,0,1,1,1,1,1,1,1,1,1,0,293,37.41815278,-97.32119722,31,0,0,1,1,4,0,1,98,0,,,,,,
200027,20,2020,1,9,5,10,15,35,0,1,4,4,5,3,1,3,1,1,0,490,37.39051389,-97.04215278,12,8,0,1,1,1,0,1,98,0,10,22,10,33,11,30
200028,20,2020,2,12,4,7,44,207,0,1,2,2,2,2,1,3,1,1,0,718,37.834825,-95.73853056,12,6,0,1,1,1,0,1,4,0,7,49,7,58,,
200029,20,2020,2,5,4,11,35,113,0,1,1,1,1,6,1,5,2,0,0,0,38.20136944,-97.92215,42,0,0,1,1,4,0,1,98,0,11,40,11,53,,
200030,20,2020,2,12,4,13,5,173,5880,1,2,2,2,3,1,4,1,0,0,,37.615025,-97.48022222,12,6,0,2,2,1,0,1,4,0,13,3,13,10,13,35
200031,20,2020,1,13,2,7,55,173,0,1,1,1,1,2,1,2,1,1,0,1950,37.67169444,-97.71251944,24,0,0,1,1,3,0,1,5,0,,,,,,
200032,20,2020,2,28,6,6,40,9,0,1,2,2,2,6,1,5,2,0,0,0,38.32929167,-98.59056111,12,1,0,1,1,1,0,4,1,0,6,43,6,56,7,14
200033,20,2020,2,21,6,19,7,45,3010,1,2,2,2,6,2,4,4,0,0,0,38.94271667,-95.21949167,12,2,0,2,2,1,0,3,98,0,19,22,19,31,20,1
200034,20,2020,2,4,3,6,23,191,0,1,1,1,1,2,1,4,1,0,0,3001,37.27615,-97.31616944,8,0,0,1,1,1,0,2,10,0,6,26,6,34,,
200035,20,2020,3,1,1,6,40,197,0,5,2,2,6,1,1,1,1,1,0,3410,39.05871944,-96.03018889,12,2,0,1,1,1,0,4,1,0,6,48,7,5,7,32
200036,20,2020,1,29,4,11,34,139,0,1,1,1,1,6,1,5,2,0,0,0,38.86187778,-95.81674167,59,0,0,1,1,4,0,1,98,0,11,35,11,50,12,30
200037,20,2020,1,14,3,15,3,173,5880,1,1,1,1,6,2,5,4,0,0,0,37.68633889,-97.29913333,8,0,0,3,2,1,0,1,1,0,15,4,15,8,15,18
200038,20,2020,2,27,5,10,18,173,5880,2,2,2,3,3,2,4,1,0,0,838,37.62572222,-97.461325,12,6,0,2,2,1,0,1,10,0,10,24,10,30,11,13
200039,20,2020,3,5,5,14,39,45,0,1,2,2,4,4,2,5,2,0,0,0,38.94003056,-95.14886389,12,6,0,1,1,1,0,1,6,0,14,41,14,49,14,57
200040,20,2020,2,26,4,4,43,11,0,1,1,1,1,2,1,3,1,1,0,549,37.68106389,-94.70325556,23,0,0,1,1,4,0,2,4,0,4,40,4,52,5,13
200041,20,2020,2,20,5,5,41,203,0,1,1,1,3,4,1,5,2,0,0,0,38.591225,-101.53193056,1,0,0,1,1,4,0,2,11,0,5,45,6,10,6,41
200042,20,2020,1,24,6,4,55,161,0,2,1,1,1,2,2,3,1,1,0,3123,39.23982222,-96.59142778,8,0,0,1,1,1,0,2,1,0,5,4,5,9,,
200043,20,2020,1,13,2,6,59,79,0,1,2,2,2,1,1,1,1,1,0,415,38.15526667,-97.43014167,1,0,0,1,1,1,0,2,3,0,7,0,7,13,8,50
200044,20,2020,2,15,7,5,33,209,2820,1,2,2,2,1,2,1,1,1,0,4112,39.10638056,-94.82755833,12,1,0,1,1,1,0,3,98,0,8,21,10,30,,
200045,20,2020,2,27,5,19,1,115,1430,1,1,1,1,3,1,4,1,0,0,1412,38.48513056,-97.22462778,46,0,0,6,1,1,0,2,10,0,19,1,19,14,,
200046,20,2020,2,24,2,16,40,45,0,1,3,3,3,2,1,3,1,1,0,4386,38.7678,-95.06379444,12,2,0,1,1,1,0,1,2,0,,,,,,
200047,20,2020,2,27,5,18,40,117,3560,1,1,1,1,2,1,3,1,1,0,0,39.81870833,-96.64529444,42,0,0,1,1,4,0,5,98,0,18,42,18,48,,
200048,20,2020,1,30,5,22,43,161,0,1,2,2,2,1,1,1,1,1,0,3211,39.06543889,-96.40790278,12,2,0,1,1,1,0,2,98,0,22,45,23,2,,
200049,20,2020,2,16,1,1,48,55,1950,1,2,2,5,2,2,3,1,1,0,0,37.98933056,-100.83886667,12,6,0,2,7,1,0,3,98,0,1,48,1,58,2,19
200050,20,2020,3,14,7,5,26,45,0,2,2,2,2,4,1,4,2,0,0,0,39.000375,-95.35476667,12,2,0,1,1,1,0,2,2,0,5,39,5,50,6,32
200051,20,2020,1,12,1,18,48,173,5880,1,2,2,2,2,2,2,1,1,0,0,37.67861111,-97.32126944,12,1,0,1,1,1,0,3,98,0,,,,,,
200052,20,2020,2,28,6,20,1,173,5880,1,2,2,2,6,2,4,4,0,0,0,37.70823333,-97.46272778,33,0,0,1,1,4,0,3,98,0,20,2,20,5,20,29
200053,20,2020,3,20,6,19,25,125,1050,1,2,2,3,4,1,5,2,0,0,0,37.09497222,-95.71062222,12,6,0,2,2,1,0,5,98,0,19,31,19,43,20,10
200054,20,2020,2,16,1,9,36,87,0,1,2,2,2,3,1,3,1,1,0,3460,39.22345,-95.53488889,12,2,0,1,1,1,0,1,98,0,9,34,9,43,,
200055,20,2020,2,28,6,15,12,57,1370,1,2,2,2,6,2,4,4,0,0,0,37.76993056,-100.03299444,12,6,0,2,3,1,0,1,1,0,15,11,15,20,,
200056,20,2020,2,29,7,18,55,63,2140,1,3,3,3,1,1,1,1,1,0,959,39.10934167,-100.47895,12,1,1,18,1,1,0,5,98,0,19,0,19,10,,
200057,20,2020,2,9,1,2,59,131,0,1,1,1,1,3,1,5,1,0,0,2656,39.70681389,-96.03318333,59,0,0,1,1,4,0,2,98,0,2,58,3,13,,
200058,20,2020,3,1,1,2,2,45,3010,1,2,2,3,1,2,1,1,1,0,1996,38.99765556,-95.29788889,12,6,0,1,1,1,0,2,98,0,2,4,2,20,3,14
200059,20,2020,2,12,4,7,55,207,0,1,2,2,2,2,1,3,1,1,0,3169,37.87923056,-95.71876111,12,6,0,1,1,1,0,1,4,0,7,58,8,21,10,4
200060,20,2020,3,3,3,13,39,91,0,1,3,3,4,3,1,2,1,1,0,205,38.94288056,-95.05606111,12,6,0,1,1,1,0,1,98,0,13,45,13,54,14,34
200061,20,2020,3,6,6,10,40,79,0,3,2,2,6,2,1,3,1,1,0,2562,38.02873056,-97.63808889,12,2,0,1,1,2,0,1,98,0,10,45,11,7,11,29
200062,20,2020,3,11,4,21,20,161,3490,1,1,1,1,3,2,3,1,1,0,99,39.17428889,-96.58007778,8,0,0,3,2,1,0,3,98,0,21,23,21,26,,
200063,20,2020,3,17,3,21,35,107,0,1,1,1,1,6,1,5,2,0,0,0,38.18968611,-94.82556944,1,0,0,1,1,4,0,2,98,0,21,46,21,54,,
200064,20,2020,3,19,5,5,56,165,0,1,2,2,2,2,1,3,1,1,0,1314,38.55916944,-99.31003333,12,6,0,1,1,1,0,2,2,0,6,0,6,7,6,39
200065,20,2020,2,19,4,13,15,91,0,1,1,1,1,6,2,5,2,0,0,0,38.81157222,-94.82367778,42,0,0,1,1,4,0,1,98,0,13,19,13,24,,
200066,20,2020,2,29,7,19,3,63,2140,1,2,2,2,1,1,1,1,1,0,959,39.10936389,-100.47905833,12,1,1,18,1,1,0,2,98,0,18,59,19,10,,
200067,20,2020,1,2,5,23,50,55,0,1,1,1,1,6,1,7,2,0,0,0,37.98983056,-101.00981389,1,0,0,1,1,4,0,2,98,0,23,57,0,5,,
200068,20,2020,3,20,6,14,44,209,2820,1,1,1,1,1,2,1,1,1,0,167,39.16103333,-94.81830556,31,0,1,19,1,4,0,1,98,0,14,47,14,55,15,26
200069,20,2020,3,29,1,12,8,59,0,1,1,1,3,2,1,3,1,1,0,1118,38.39168889,-95.09992222,1,0,0,1,1,1,0,1,6,0,12,13,12,31,13,19
200070,20,2020,4,1,4,21,17,99,4370,1,1,1,1,2,2,4,1,0,0,337,37.36091389,-95.25861667,8,0,0,1,1,2,0,3,98,0,21,22,21,28,,
200071,20,2020,2,18,3,5,19,59,0,1,1,1,1,1,1,1,1,1,0,1925,38.66700556,-95.16414167,8,0,0,1,1,4,0,2,10,0,6,36,6,47,6,53
200072,20,2020,3,11,4,16,29,173,5880,1,3,3,4,6,2,4,4,0,0,0,37.72285,-97.36715833,12,6,0,2,3,1,0,1,98,1,16,30,16,35,,
200073,20,2020,2,16,1,0,5,177,308,1,1,1,2,6,1,7,3,0,0,0,38.90168333,-95.81809722,5,0,0,1,1,1,0,2,98,0,,,,,,
200074,20,2020,4,6,2,11,7,151,0,1,2,2,2,6,1,5,2,0,0,0,37.77698056,-98.86753611,12,6,0,2,2,1,0,1,98,0,11,12,11,34,12,59
200075,20,2020,3,23,2,10,20,143,3690,1,3,3,3,2,1,2,1,1,0,1752,39.161275,-97.66828056,12,6,0,2,2,1,0,1,5,0,10,21,10,30,11,18
200076,20,2020,3,25,4,20,37,29,0,1,1,1,1,2,1,2,1,1,0,1967,39.45309444,-97.66678333,8,0,0,1,1,1,0,3,1,0,,,,,,
200077,20,2020,2,28,6,22,6,85,0,1,1,1,2,6,1,7,2,0,0,0,39.46265833,-95.64481389,1,0,0,1,1,4,0,2,98,0,22,13,22,22,22,49
200078,20,2020,3,29,1,21,18,209,2820,1,1,1,2,6,2,7,4,0,0,0,39.128425,-94.68216944,33,0,0,3,3,4,0,3,98,0,21,21,21,32,21,47
200079,20,2020,3,31,3,16,40,209,2820,1,1,1,1,1,2,1,1,1,0,0,39.11620556,-94.61418333,25,0,1,5,1,4,0,1,98,0,16,41,16,44,17,3
200080,20,2020,3,12,5,13,26,87,3640,1,2,2,3,3,2,3,1,1,0,3385,39.12821111,-95.59153056,12,6,0,2,3,1,0,1,98,0,13,30,13,37,14,21
200081,20,2020,2,25,3,7,49,113,0,1,2,2,6,6,1,5,2,0,0,0,38.51001667,-97.66688333,12,6,0,1,1,1,0,1,11,0,7,53,8,0,8,51
200082,20,2020,3,27,6,14,16,57,1370,1,2,2,2,2,2,3,1,1,0,1170,37.72162778,-100.059325,12,2,0,1,1,1,0,1,98,0,14,18,14,30,,
200083,20,2020,3,26,5,22,30,155,2660,1,1,1,1,6,1,7,4,0,0,0,37.94522778,-98.30729167,38,0,0,1,1,4,0,2,98,0,,,,,,
200084,20,2020,4,3,6,11,0,87,0,1,1,1,1,2,1,3,1,1,0,3827,39.08074722,-95.39679722,31,0,0,1,1,4,0,1,12,0,,,,,,
200085,20,2020,4,18,7,8,18,141,0,1,1,1,1,3,1,4,1,0,0,530,39.52234167,-98.54409444,42,0,0,1,1,4,0,1,98,0,8,21,8,33,,
200086,20,2020,5,1,6,13,4,191,0,2,2,2,3,1,1,1,1,1,0,105,37.15069444,-97.33934722,12,1,0,1,1,1,0,1,10,0,13,7,13,20,,
200087,20,2020,5,4,2,5,0,31,3050,1,1,1,1,1,1,1,1,1,0,1550,38.42983056,-95.72666111,1,0,1,19,1,3,0,2,98,0,,,,,,