st_case,state,year,month,day,day_week,hour,minute,county,city,fatals_crash,vehicles_total,vehicles_in_transport,persons_total,route,rural_urban,functional_system,road_owner,nhs,special_jurisdiction,milepoint,latitude,longitude,first_harmful_event,manner_collision,rel_jct_interchange,rel_jct_location,intersection_type,relation_to_road,work_zone,light_condition,weather,school_bus_related,ems_notified_hour,ems_notified_min,ems_arrival_hour,ems_arrival_min,hospital_hour,hospital_min
200089,20,2020,3,31,3,11,44,91,4140,1,1,1,1,6,2,7,4,0,0,0,38.87879167,-94.76118056,8,0,0,3,2,1,0,1,98,0,11,45,11,50,,
200090,20,2020,3,15,1,7,35,173,5880,1,1,1,1,1,2,1,1,1,0,16,37.72739722,-97.31733056,24,0,0,1,1,3,0,1,2,0,8,4,8,14,8,31
200091,20,2020,3,20,6,12,9,173,5880,1,2,2,3,6,2,4,4,0,0,0,37.70798056,-97.36479444,12,2,0,3,2,1,0,1,98,0,12,12,12,16,,
200092,20,2020,3,25,4,18,34,177,5400,1,1,1,1,1,2,1,1,1,0,3570,39.05988333,-95.7434,30,0,1,19,1,4,0,1,99,0,18,50,18,53,19,14
200093,20,2020,3,28,7,,,29,0,1,1,1,5,6,1,7,2,0,0,0,39.56661389,-97.81654167,32,0,0,3,3,4,0,2,5,0,7,2,7,5,,
200094,20,2020,4,1,4,23,10,111,0,1,1,1,4,3,1,4,1,0,0,0,38.25792222,-96.15638056,34,0,0,1,1,4,0,2,98,0,23,15,23,26,0,8
200095,20,2020,3,9,2,11,30,169,0,1,1,1,1,6,1,5,2,0,0,0,38.67338889,-97.42763611,1,0,0,1,1,5,0,1,98,0,,,,,,
200096,20,2020,3,1,1,13,0,103,3020,1,1,1,1,6,2,5,4,0,0,0,39.32225556,-94.93271389,8,0,0,8,1,1,0,1,98,0,13,2,13,11,14,8
200097,20,2020,3,31,3,23,38,173,0,1,1,1,2,6,1,7,2,0,0,0,37.86866389,-97.43064444,1,0,0,1,1,4,0,2,98,0,,,1,53,,
200098,20,2020,3,26,5,0,29,91,4285,1,1,1,1,1,2,1,1,1,0,770,38.93276111,-94.63929167,8,0,1,18,1,1,0,3,98,0,,,,,,
200099,20,2020,3,25,4,18,25,191,0,1,1,1,1,6,1,5,2,0,0,0,37.450675,-97.27668889,8,0,0,1,1,4,0,1,98,0,18,34,18,43,19,18
200100,20,2020,3,13,6,7,30,55,0,1,1,1,1,2,2,2,1,1,0,0,38.00323611,-100.90911944,8,0,0,1,1,1,0,3,98,0,7,44,,,,
200101,20,2020,5,9,7,2,40,173,1330,1,1,1,2,6,1,7,3,0,0,0,37.56296944,-97.159875,53,0,0,1,1,4,0,2,98,0,2,43,3,8,3,32
200102,20,2020,5,18,2,13,50,173,0,1,2,2,2,6,1,5,2,0,0,0,37.72133056,-97.62557222,12,6,0,2,2,1,0,1,98,0,13,53,14,5,14,20
200103,20,2020,5,14,5,20,10,147,0,1,1,1,1,6,1,5,2,0,0,0,39.74169167,-99.57107222,1,0,0,1,1,4,0,1,98,0,20,15,20,27,21,7
200104,20,2020,5,15,6,5,4,15,0,1,1,1,1,6,1,7,3,0,0,0,37.56298333,-97.08563889,18,0,0,1,1,1,0,4,2,0,5,9,5,20,,
200105,20,2020,5,22,6,19,57,179,0,1,1,1,2,6,1,7,2,0,0,0,39.50993056,-100.65851111,1,0,0,1,1,4,0,1,98,0,20,0,20,27,22,5
200106,20,2020,5,10,1,,,177,0,1,1,1,1,2,1,4,1,0,0,248,39.03713889,-95.53370833,32,0,0,1,1,4,0,2,98,0,,,,,,
200107,20,2020,5,20,4,20,15,173,0,2,1,1,2,6,2,4,4,0,0,0,37.65444444,-97.26364167,31,0,0,1,1,4,0,1,98,0,20,16,20,21,20,45
200108,20,2020,5,3,1,15,13,173,5880,1,2,2,3,6,2,5,4,0,0,0,37.690175,-97.28057778,12,6,0,2,2,1,0,1,98,0,15,19,15,21,15,43
200109,20,2020,4,24,6,11,50,93,0,1,1,1,1,4,1,5,2,0,0,0,37.95912222,-101.14048333,1,0,0,1,1,4,0,1,98,0,11,58,12,8,,
200110,20,2020,4,24,6,10,6,55,0,1,2,2,2,2,1,3,1,1,0,630,37.89694722,-100.86544722,12,6,0,1,1,1,0,1,98,0,10,6,10,19,,
200111,20,2020,4,26,1,23,35,57,0,1,1,1,1,2,2,3,1,1,0,1180,37.75878333,-100.06314722,8,0,0,1,1,1,0,2,98,0,23,36,23,37,,
200112,20,2020,6,4,5,22,31,5,260,1,1,1,1,2,2,3,1,1,0,2070,39.55680556,-95.13675556,33,0,0,1,1,4,0,3,98,0,22,35,22,37,,
200113,20,2020,4,2,5,6,21,113,0,1,2,1,1,1,1,1,1,1,0,,38.26109444,-97.55505556,14,0,0,1,1,2,0,3,1,0,6,23,6,35,,
200114,20,2020,4,23,5,15,13,59,0,1,2,2,2,2,1,3,1,1,0,1266,38.55991111,-95.26781944,12,2,0,1,1,1,0,1,1,0,15,16,15,21,16,10
200115,20,2020,5,2,7,14,8,87,0,1,2,2,4,2,2,3,1,1,0,3732,39.08790556,-95.57366667,12,1,0,3,2,1,0,1,98,0,14,11,14,27,,
200116,20,2020,4,29,4,4,30,173,5880,1,2,2,2,2,2,2,1,1,0,0,37.67970278,-97.24463056,12,6,0,2,2,1,0,3,98,0,4,29,4,35,,
200117,20,2020,4,30,5,22,13,99,0,2,2,2,7,2,1,3,1,1,0,3957,37.34318056,-95.37154444,12,2,0,1,1,1,0,2,1,0,22,17,22,30,23,5
200118,20,2020,6,5,6,23,31,209,1510,1,2,2,5,1,2,1,1,1,0,112,39.08756667,-94.80207778,12,7,1,18,1,1,0,3,98,0,23,32,23,40,0,9
200119,20,2020,4,16,5,12,0,103,0,1,2,2,2,6,1,5,2,0,0,0,39.18675278,-94.94319167,12,2,0,1,1,1,0,1,98,0,12,2,12,10,12,57
200120,20,2020,6,2,3,15,50,151,0,1,1,1,1,6,1,5,2,0,0,0,37.77825556,-98.61124444,34,0,0,1,1,4,0,1,1,0,15,54,16,11,,
200121,20,2020,6,14,1,23,8,157,0,1,1,1,1,6,1,5,2,0,0,0,39.86400833,-97.44396944,1,0,0,1,1,1,0,2,98,0,23,12,23,28,,
200122,20,2020,6,5,6,16,0,99,0,1,2,2,2,6,1,7,3,0,0,0,37.14951389,-95.34023333,12,6,0,2,2,1,0,1,1,0,16,47,17,3,,
200123,20,2020,4,18,7,21,35,169,4900,1,1,1,1,6,2,4,4,0,0,0,38.79318056,-97.63423889,33,0,0,1,1,4,0,3,98,0,21,39,22,6,22,12
200124,20,2020,4,4,7,17,45,189,0,1,1,1,1,4,1,7,3,0,0,0,37.27175556,-101.36467778,1,0,0,1,1,4,0,1,98,0,18,2,18,12,,
200125,20,2020,6,7,1,16,32,59,0,1,1,1,1,6,1,5,2,0,0,0,38.60101667,-95.10241667,17,0,0,1,1,4,0,1,98,0,16,41,16,54,,
200126,20,2020,4,19,1,,,15,0,1,1,1,1,6,1,7,2,0,0,0,37.50491111,-96.96298056,32,0,0,1,1,4,0,2,98,0,8,45,,,,
200127,20,2020,4,19,1,17,52,19,5000,1,1,1,1,5,1,5,2,0,0,0,37.13388889,-96.12521667,1,0,0,1,1,1,0,1,98,0,17,52,18,3,18,27
200128,20,2020,6,12,6,17,1,155,2360,1,2,2,2,3,1,2,1,1,0,0,37.89504167,-97.77468333,12,6,0,2,2,1,0,1,1,0,17,2,17,6,18,0
200129,20,2020,6,13,7,0,30,133,0,2,1,1,2,6,1,5,2,0,0,0,37.66005278,-95.49759722,35,0,0,1,1,4,0,2,1,0,0,43,0,50,,
200130,20,2020,6,14,1,10,48,141,0,2,1,1,2,2,1,4,1,0,0,1817,39.30652778,-98.69487222,1,0,0,1,1,1,0,1,98,0,11,3,11,10,,
200131,20,2020,6,12,6,1,57,21,0,1,2,2,2,2,1,3,1,1,0,1611,37.02363333,-94.65597778,12,2,0,1,1,1,0,2,1,0,2,2,2,10,3,0
200132,20,2020,6,3,4,12,38,89,5710,1,1,1,1,3,1,4,1,0,0,2525,39.97863889,-98.116775,1,0,0,1,1,4,0,1,98,0,12,42,13,0,,
200133,20,2020,5,9,7,7,31,209,2820,1,1,1,1,8,2,4,4,0,0,15,39.09448056,-94.76049444,24,0,0,1,1,4,0,1,98,0,7,31,7,34,,
200134,20,2020,5,20,4,23,55,209,2820,1,1,1,1,6,2,7,4,0,0,0,39.13825833,-94.67330278,43,0,0,1,1,4,0,3,98,0,23,58,0,3,,
200135,20,2020,6,6,7,20,40,177,0,2,2,2,2,6,2,4,2,0,0,0,38.98614444,-95.64203611,12,2,0,1,1,1,0,5,1,0,20,43,20,52,,
200136,20,2020,6,5,6,15,3,95,0,1,2,2,2,6,1,7,3,0,0,0,37.66110278,-97.82319722,12,8,0,1,1,1,0,1,1,0,15,8,15,21,,
200137,20,2020,5,29,6,14,0,155,0,1,2,2,2,3,1,3,1,1,0,0,38.14479167,-98.16808333,12,2,0,1,1,1,0,1,98,0,,,,,,
200138,20,2020,5,7,5,21,30,11,1830,1,1,1,2,2,2,2,1,1,0,660,37.84047222,-94.70248333,33,0,0,1,1,4,0,3,2,0,21,40,21,44,22,35
200139,20,2020,5,10,1,12,10,93,0,1,1,1,2,6,1,7,2,0,0,0,38.09040833,-101.11188889,1,0,0,1,1,4,0,1,98,0,12,15,12,24,12,30
200140,20,2020,5,24,1,23,10,73,0,1,1,1,1,6,1,7,2,0,0,0,38.04188611,-96.15323889,30,0,0,1,1,4,0,2,98,0,23,21,23,45,,
200141,20,2020,4,18,7,17,22,171,4970,1,1,1,1,3,1,5,1,0,0,0,38.67475278,-100.91249722,1,0,0,1,1,4,0,1,98,0,17,25,17,43,18,8
200142,20,2020,6,13,7,20,0,155,2660,1,2,2,2,3,2,3,1,1,0,0,38.04327222,-97.90323611,12,6,0,2,2,1,0,1,98,0,20,9,20,16,,
200143,20,2020,6,18,5,20,37,169,0,1,2,2,2,6,1,7,4,0,0,0,38.69638056,-97.6008,12,6,0,8,1,1,0,5,6,0,20,39,20,48,,
200144,20,2020,6,26,6,22,30,25,0,1,2,2,2,3,1,5,1,0,0,210,37.31246944,-99.63505833,12,2,0,1,1,1,0,2,98,0,22,33,22,53,23,59
200145,20,2020,6,18,5,11,19,51,2390,1,2,2,4,2,2,3,1,1,0,41,38.90001944,-99.31789722,12,6,0,2,2,1,0,1,98,0,11,23,11,27,11,46
200146,20,2020,5,20,4,0,17,41,20,1,1,1,2,6,1,5,2,0,0,0,38.95520278,-97.26046667,5,0,0,1,1,1,0,2,98,0,0,18,0,26,1,5
200147,20,2020,5,27,4,20,25,173,5880,1,2,2,5,6,2,4,4,0,0,0,37.61667778,-97.35236667,12,6,0,2,2,1,0,1,98,0,,,,,,
200148,20,2020,5,13,4,17,26,151,4550,1,1,1,1,2,1,3,1,1,0,550,37.66435278,-98.73921389,8,0,0,1,1,1,0,2,2,0,5,28,5,29,,
200149,20,2020,5,19,3,,,121,0,1,2,2,5,6,1,7,3,0,0,0,38.52028889,-94.96995278,12,6,0,8,1,1,0,1,98,0,14,26,14,36,,
200150,20,2020,4,26,1,14,55,103,0,1,1,1,2,6,1,5,2,0,0,0,39.02986667,-95.05631389,1,0,0,1,1,1,0,1,98,0,15,2,15,9,,
200151,20,2020,6,19,6,5,5,35,0,1,2,2,1,6,1,5,2,0,0,0,37.35570556,-97.11491111,12,1,0,1,1,1,0,2,2,0,5,7,5,23,,
200152,20,2020,6,20,7,14,10,139,0,2,2,2,3,3,1,4,1,0,0,44,38.63748889,-95.60114444,12,1,0,3,2,1,0,1,10,0,14,16,15,4,15,38
200153,20,2020,6,26,6,4,24,59,0,1,1,1,1,6,1,5,2,0,0,0,38.69504444,-95.22330556,8,0,0,1,1,1,0,2,98,0,,,,,,
200154,20,2020,6,14,1,0,4,209,2820,1,2,2,7,6,2,4,4,0,0,0,39.12889444,-94.63515833,12,6,0,2,2,1,0,3,98,0,0,5,0,9,0,24
200155,20,2020,6,9,3,13,35,199,0,1,2,2,5,2,1,4,1,0,0,240,38.90594722,-101.60756111,12,6,0,1,1,1,0,1,2,0,13,42,13,57,,
200156,20,2020,6,27,7,14,31,173,0,1,4,4,8,6,2,5,2,0,0,0,37.78123611,-97.41005556,12,1,0,1,1,1,0,1,98,0,14,45,14,55,15,7
200157,20,2020,6,30,3,5,50,151,0,1,2,2,2,2,1,3,1,1,0,1355,37.64185833,-98.78493611,12,6,0,1,1,1,0,3,98,0,5,49,5,56,,
200158,20,2020,6,22,2,5,23,177,5400,1,2,2,4,6,2,7,4,0,0,0,39.02976667,-95.67182222,12,6,0,1,1,1,0,4,98,0,5,29,5,34,5,56
200159,20,2020,6,3,4,8,55,101,0,1,1,1,1,3,1,5,1,0,0,1265,38.612175,-100.46508333,8,0,0,1,1,1,0,1,98,0,9,0,9,8,,
200160,20,2020,7,3,6,3,30,209,2820,1,1,1,1,1,2,1,1,1,0,59,39.1226,-94.6778,8,0,0,1,1,1,0,2,1,0,3,34,3,44,,
200161,20,2020,6,18,5,18,53,173,5880,1,1,1,1,6,2,4,4,0,0,0,37.70218889,-97.29901389,30,0,0,1,1,4,0,1,98,0,18,53,18,56,19,2
200162,20,2020,6,20,7,20,42,175,0,1,1,1,1,4,1,7,2,0,0,0,37.17025278,-100.88705556,1,0,0,3,10,4,0,1,1,0,20,43,20,53,21,10
200163,20,2020,6,26,6,20,15,149,0,1,1,1,2,6,1,7,3,0,0,0,39.39199722,-96.53284167,1,0,0,1,1,1,0,1,1,0,20,31,22,19,,
200164,20,2020,7,11,7,20,55,177,5400,1,1,1,1,6,2,4,4,0,0,0,39.00220833,-95.70601667,33,0,0,1,1,4,0,1,98,0,20,58,21,2,21,31
200165,20,2020,6,30,3,0,33,17,0,1,1,1,2,1,1,1,1,1,0,1081,38.20427778,-96.43989167,25,0,0,1,1,3,0,2,98,0,0,35,1,5,2,20
200166,20,2020,7,6,2,15,18,107,0,1,1,1,1,3,1,4,1,0,0,1143,38.09528056,-94.92265833,38,0,0,1,1,4,0,1,98,0,15,43,15,43,,
200167,20,2020,7,8,4,11,0,125,0,1,2,2,5,2,1,3,1,1,0,266,37.34834444,-95.52939444,12,6,1,2,2,1,0,1,98,0,11,8,11,24,11,40
200168,20,2020,4,1,4,6,30,53,0,1,1,1,1,6,1,5,2,0,0,0,38.7549,-98.48539167,1,0,0,1,1,4,0,4,1,0,7,32,7,46,,
200169,20,2020,7,19,1,2,20,91,1970,1,1,1,1,1,2,1,1,1,0,2107,38.81408889,-94.87713611,1,0,1,5,1,5,0,2,98,0,2,32,2,37,,
200171,20,2020,6,21,1,2,10,67,5490,2,1,1,2,3,1,4,1,0,0,360,37.41795278,-101.32854167,38,0,0,1,1,4,0,2,98,0,2,13,2,24,,
200172,20,2020,7,4,7,21,55,35,0,1,2,2,2,6,1,5,2,0,0,0,37.36077222,-96.95978333,12,2,0,1,1,1,0,2,98,0,21,4,21,8,,
200173,20,2020,7,15,4,21,18,91,3080,1,1,1,1,6,2,4,4,0,0,0,38.95248611,-94.83683056,17,0,0,1,1,3,0,3,98,0,21,21,21,25,,
200174,20,2020,7,21,3,21,26,155,2660,1,1,1,1,6,2,7,4,0,0,0,38.05635278,-97.94503056,43,0,0,1,1,4,0,3,98,0,21,33,21,50,,
200175,20,2020,7,14,3,18,15,185,0,1,2,2,7,2,1,3,1,1,0,0,38.15914444,-98.74813056,12,6,0,2,2,1,0,1,10,0,18,21,18,30,19,15
200176,20,2020,6,15,2,8,0,157,4710,1,1,1,1,2,1,2,1,1,0,2332,39.99220278,-97.61294167,38,0,0,1,1,4,0,1,98,0,10,13,10,29,,
200177,20,2020,6,6,7,1,15,91,0,1,1,1,2,6,1,5,2,0,0,0,38.76758333,-94.85085,53,0,0,1,1,4,0,2,98,0,1,16,1,24,,
200178,20,2020,7,14,3,21,30,125,0,1,2,2,3,2,1,3,1,1,0,67,37.09581944,-95.92863611,12,6,0,1,1,1,0,3,1,0,21,47,22,19,23,12
200179,20,2020,7,4,7,22,58,177,5400,1,2,2,2,6,2,7,4,0,0,0,39.018925,-95.74370278,12,6,0,8,1,1,0,3,98,0,23,0,23,1,23,16
200180,20,2020,6,25,5,11,0,115,2480,1,1,1,1,6,1,5,4,0,0,0,38.34798611,-97.20608056,9,0,0,3,2,1,0,1,1,0,,,,,,
200181,20,2020,6,18,5,18,40,45,0,6,2,2,8,2,2,3,1,1,0,3850,38.92005556,-95.27090556,12,2,0,1,1,1,0,1,98,0,18,45,19,1,20,8
200182,20,2020,7,12,1,0,15,169,4900,1,2,2,3,6,2,4,4,0,0,0,38.79564444,-97.61274444,12,1,0,2,2,1,0,3,98,0,,,,,,
200183,20,2020,6,13,7,12,3,195,0,1,1,1,1,6,1,7,3,0,0,0,38.95791667,-99.81688333,35,0,0,1,1,4,0,1,98,0,,,,,,
200184,20,2020,7,9,5,19,59,173,5880,1,1,1,2,6,2,4,4,0,0,0,37.64500278,-97.35261111,33,0,0,1,1,4,0,1,1,0,20,17,20,25,20,49
200185,20,2020,8,2,1,13,2,91,1970,1,2,2,4,1,2,1,1,1,0,2094,38.79851944,-94.903575,12,6,0,7,1,1,0,1,98,0,13,2,13,2,13,47
200186,20,2020,7,18,7,23,0,207,0,1,1,1,1,6,1,5,2,0,0,0,38.00915833,-95.56503889,1,0,0,1,1,2,0,2,98,0,23,20,23,45,0,59
200187,20,2020,2,14,6,14,45,49,0,1,1,1,2,2,1,4,1,0,0,3820,37.34945556,-96.01562778,38,0,0,1,1,4,0,1,98,0,14,46,15,9,15,39
200188,20,2020,6,25,5,15,16,57,0,1,2,2,2,2,2,3,1,1,0,1210,37.72150833,-99.99263611,12,1,0,8,1,1,0,1,98,0,15,18,15,29,,
200189,20,2020,7,24,6,22,1,173,5880,1,1,1,1,6,2,5,4,0,0,0,37.75256944,-97.28250556,33,0,0,1,1,4,0,3,98,0,22,1,22,7,,
200190,20,2020,8,6,5,7,38,15,1540,1,2,2,2,2,2,3,1,1,0,0,37.8464,-96.84973056,12,6,0,2,3,1,0,1,98,0,7,47,7,52,,
200191,20,2020,7,29,4,10,12,45,3010,1,1,1,1,6,2,4,4,0,0,0,38.94264722,-95.26958056,8,0,0,3,2,1,0,1,98,0,10,14,10,18,10,53
200192,20,2020,7,19,1,18,50,19,0,1,1,1,4,2,1,3,1,1,0,535,37.11404167,-96.47098611,24,0,0,1,1,4,0,1,98,0,18,47,18,54,19,41
200193,20,2020,6,22,2,18,15,119,0,1,3,3,3,2,1,3,1,1,0,0,37.35823611,-100.22745556,12,6,0,1,1,1,0,1,98,0,18,18,18,40,,
200194,20,2020,6,7,1,16,57,167,0,1,1,1,2,1,1,1,1,1,0,1828,38.86395833,-98.89340833,1,0,0,1,1,1,0,1,6,0,16,57,17,3,17,36
200195,20,2020,7,28,3,10,54,79,0,1,2,2,2,6,1,5,2,0,0,0,37.97319444,-97.33656111,12,1,0,8,1,1,0,1,98,0,10,53,11,4,,
200196,20,2020,7,5,1,2,0,85,0,1,1,1,6,6,1,7,3,0,0,0,39.62393056,-95.69913056,44,0,0,1,1,1,0,2,98,0,2,5,3,2,4,1
200197,20,2020,7,22,4,2,18,85,5130,1,1,1,3,3,1,5,1,0,0,0,39.50419444,-95.96058056,1,0,0,1,1,4,0,2,98,0,2,28,2,37,3,45
200198,20,2020,6,19,6,4,20,161,0,1,1,1,1,2,1,4,1,0,0,2927,39.36448056,-96.84567222,8,0,0,1,1,1,0,3,10,0,,,,,,
200199,20,2020,7,31,6,9,50,69,950,1,1,1,1,3,1,4,1,0,0,0,37.80863611,-100.348075,8,0,0,1,1,1,0,1,98,0,9,57,10,4,10,35
200200,20,2020,7,27,2,15,45,79,0,1,1,1,1,6,1,7,3,0,0,0,38.01385,-97.59203611,10,0,0,6,1,1,0,1,2,0,15,51,16,4,,
200201,20,2020,6,18,5,21,9,173,5880,1,2,2,3,6,2,5,4,0,0,0,37.78142222,-97.35996111,12,2,0,2,3,1,0,3,98,0,21,9,21,20,,
200202,20,2020,6,6,7,21,24,173,5880,1,1,1,2,6,2,7,4,0,0,0,37.65978889,-97.37099444,1,0,0,1,1,1,0,3,1,0,21,23,21,28,21,51
200203,20,2020,8,24,2,0,1,113,0,2,1,1,3,6,1,5,2,0,0,0,38.46361944,-97.75885278,1,0,0,1,1,4,0,2,98,0,0,27,0,37,1,36
200204,20,2020,7,24,6,,,55,0,1,1,1,1,2,1,3,1,1,0,610,37.84758611,-100.87051389,8,0,0,1,1,1,0,2,1,0,,,,,,
200205,20,2020,8,13,5,13,50,91,4285,1,2,2,2,1,2,1,1,1,0,820,38.93505833,-94.71988333,20,0,1,5,1,4,0,1,98,0,13,53,14,2,,
200206,20,2020,8,18,3,17,48,23,520,1,2,1,1,6,1,7,4,0,0,0,39.76851944,-101.79885,14,0,0,1,1,7,0,1,98,0,17,49,17,52,18,13
200207,20,2020,6,5,6,19,40,209,2820,1,1,1,1,6,2,7,4,0,0,0,39.05767778,-94.63514167,33,0,0,1,1,4,0,1,98,0,19,40,19,45,,
200208,20,2020,8,23,1,13,45,133,0,1,2,2,2,2,1,4,1,0,0,518,37.61613056,-95.25186667,12,2,0,1,1,1,0,1,98,0,13,47,14,4,15,25
200211,20,2020,7,20,2,7,24,209,2820,1,3,3,4,2,2,3,1,1,0,0,39.07758889,-94.62557778,12,2,0,1,1,1,0,1,98,0,7,25,7,29,,
200212,20,2020,8,16,1,0,41,149,0,2,1,1,2,3,1,4,1,0,0,202,39.46916667,-96.07284167,1,0,0,1,1,1,0,2,98,0,0,44,0,54,1,30
200213,20,2020,7,9,5,16,4,171,0,1,2,2,3,6,1,7,3,0,0,0,38.43089167,-101.01710278,12,2,0,1,1,1,0,1,10,0,16,20,16,32,16,56
200214,20,2020,8,21,6,17,7,173,5880,1,4,4,7,1,2,1,1,1,0,100,37.71274167,-97.40108889,12,7,1,18,1,1,0,1,98,0,17,10,17,16,17,37
200215,20,2020,8,26,4,7,35,91,3705,1,1,1,1,2,2,2,1,1,0,0,39.02288611,-94.66743056,39,0,0,1,1,4,0,1,98,0,7,40,7,46,,
200216,20,2020,7,13,2,11,31,141,4230,1,2,2,6,2,1,4,1,0,0,0,39.46278056,-98.69451667,12,6,0,1,1,1,0,1,98,0,11,32,11,36,11,59
200217,20,2020,6,7,1,13,15,41,2420,1,3,3,3,2,1,3,1,1,0,0,38.66733333,-96.93176944,12,1,0,3,2,1,0,1,98,0,13,17,13,24,14,9
200218,20,2020,6,30,3,1,23,41,0,1,1,1,1,2,1,5,1,0,0,2261,38.64316667,-96.94833333,31,0,0,1,1,4,0,2,98,0,1,24,1,33,,
200219,20,2020,8,2,1,21,12,173,5880,1,2,2,2,3,2,4,1,0,0,0,37.62946111,-97.45171111,12,1,0,1,1,1,0,2,98,0,,,,,,
200220,20,2020,7,3,6,22,15,209,2820,1,1,1,1,1,2,1,1,1,0,48,39.10673056,-94.67819722,8,0,1,18,1,1,0,3,1,0,22,17,22,28,22,43
200221,20,2020,8,20,5,21,22,45,0,1,2,2,5,2,1,4,1,0,0,4202,38.78250833,-95.39969444,12,6,0,2,2,1,0,2,1,0,21,27,21,40,22,21
200222,20,2020,8,2,1,23,23,177,5400,1,1,1,1,6,2,7,4,0,0,0,39.04783611,-95.69551667,33,0,0,1,1,4,0,3,98,0,23,24,23,28,,
200223,20,2020,9,7,2,12,21,125,1560,1,1,1,1,4,1,7,2,0,0,0,,,43,0,0,1,1,5,0,1,98,0,12,20,12,29,,
200224,20,2020,8,14,6,14,47,25,240,1,2,2,2,2,1,4,1,0,0,1450,37.19424444,-99.93135278,12,1,0,1,1,1,0,1,98,0,14,48,15,2,15,10
200225,20,2020,8,12,4,14,40,41,0,1,1,1,1,4,1,5,2,0,0,0,38.79911944,-97.16538611,1,0,0,1,1,4,0,1,98,0,14,48,15,0,,
200226,20,2020,8,22,7,23,51,209,2820,1,2,2,3,2,2,2,1,1,0,0,39.14319444,-94.90032778,12,6,0,2,2,1,0,3,98,0,23,53,0,9,0,35
200227,20,2020,7,19,1,10,0,27,0,1,1,1,1,2,1,3,1,1,0,2642,39.37845556,-97.356225,35,0,0,1,1,4,0,1,10,0,10,5,10,18,,
200228,20,2020,9,3,5,19,12,163,5240,1,1,1,1,5,1,5,2,0,0,0,39.41447222,-99.29978889,1,0,0,1,1,1,0,1,98,0,19,15,19,20,,
200229,20,2020,8,17,2,4,30,151,0,2,2,2,4,2,1,3,1,1,0,1405,37.64549722,-98.69378056,12,2,0,1,1,1,0,2,98,0,4,31,4,39,5,9
200230,20,2020,8,25,3,19,16,187,2780,1,1,1,1,6,1,7,3,0,0,0,37.57048056,-101.75988889,9,0,0,1,1,2,0,1,98,0,,,,,,
200231,20,2020,8,16,1,2,40,103,0,1,1,1,1,6,1,7,3,0,0,0,39.21445833,-95.14278056,1,0,0,1,1,4,0,2,98,0,2,40,3,17,,
200232,20,2020,7,14,3,14,38,29,0,2,2,2,3,3,1,5,1,0,0,1605,39.56657222,-97.72081111,12,6,0,1,1,1,0,1,98,0,14,42,14,46,,
200233,20,2020,9,7,2,1,0,155,2660,1,1,1,1,3,2,3,1,1,0,0,38.05170833,-97.90702778,1,0,0,1,1,4,0,3,98,0,1,16,1,23,1,43
200234,20,2020,9,6,1,,,155,0,1,1,1,1,5,1,7,3,0,0,0,37.89754722,-98.259375,32,0,0,1,1,4,0,2,98,0,10,27,10,30,,
200235,20,2020,8,7,6,11,50,161,0,1,2,2,2,3,2,2,1,1,0,1861,39.15689167,-96.63916944,12,6,1,5,1,1,0,1,10,0,11,52,11,58,,
200236,20,2020,9,1,3,17,45,13,0,1,2,2,3,2,1,3,1,1,0,2032,39.66756667,-95.730675,12,6,0,1,1,1,0,1,98,0,17,54,18,4,18,31
200237,20,2020,7,31,6,5,4,103,375,2,2,2,3,2,1,4,1,0,0,4170,39.11630833,-94.93084444,12,1,0,1,1,1,0,2,98,0,5,4,5,13,5,45
200238,20,2020,8,2,1,16,25,91,4140,1,2,2,2,6,2,5,4,0,0,0,38.87211389,-94.85324167,12,2,0,1,1,1,0,1,98,0,16,25,16,32,17,4
200239,20,2020,9,12,7,10,5,9,0,1,1,1,1,2,1,3,1,1,0,2112,38.36463333,-98.66378056,9,0,0,3,2,1,0,1,1,0,10,6,10,13,,
200240,20,2020,9,17,5,13,20,209,2820,1,3,3,3,1,2,1,1,1,0,2326,39.04728056,-94.64834167,1,0,1,18,1,1,0,1,98,0,,,,,,
200241,20,2020,8,29,7,22,44,13,0,1,2,2,2,2,1,3,1,1,0,2108,39.78041389,-95.72942778,12,2,0,1,1,1,0,1,98,0,22,46,22,58,23,52
200242,20,2020,7,2,5,,,121,0,1,1,1,1,4,1,5,2,0,0,0,38.57710833,-94.89733889,32,0,0,1,1,4,0,1,98,0,16,27,,,,
200243,20,2020,7,21,3,19,31,173,0,1,2,2,2,6,1,7,2,0,0,0,37.91219722,-97.37205,12,6,0,2,2,1,0,1,98,0,19,34,19,42,20,49
200244,20,2020,9,17,5,20,0,125,0,1,1,1,3,2,1,3,1,1,0,180,37.23082222,-95.58574444,8,0,0,1,1,2,0,2,1,0,20,7,20,13,,
200245,20,2020,6,14,1,20,0,111,0,1,1,1,2,6,1,7,3,0,0,0,38.32521667,-96.17110833,30,0,0,1,1,4,0,1,98,0,20,2,20,13,,
200246,20,2020,9,23,4,15,32,137,0,1,2,2,2,2,1,3,1,1,0,0,39.83898333,-99.81471389,12,6,0,2,3,1,0,1,98,0,15,36,15,43,15,55