st_case,state,year,month,day,day_week,hour,minute,county,city,fatals_crash,vehicles_total,vehicles_in_transport,persons_total,route,rural_urban,functional_system,road_owner,nhs,special_jurisdiction,milepoint,latitude,longitude,first_harmful_event,manner_collision,rel_jct_interchange,rel_jct_location,intersection_type,relation_to_road,work_zone,light_condition,weather,school_bus_related,ems_notified_hour,ems_notified_min,ems_arrival_hour,ems_arrival_min,hospital_hour,hospital_min
200247,20,2020,9,17,5,19,55,3,0,1,2,2,2,2,1,3,1,1,0,1127,38.36846667,-95.24876944,12,1,0,3,2,1,0,2,98,0,19,59,20,6,,
200248,20,2020,9,19,7,,,15,0,1,1,1,1,2,1,3,1,1,0,0,37.78686944,-96.84358333,24,0,0,1,1,4,0,2,98,0,,,,,,
200249,20,2020,9,14,2,9,30,121,0,1,1,1,1,8,2,5,2,0,0,0,38.60221667,-94.85455278,42,0,0,1,1,4,0,1,98,0,9,34,9,44,,
200250,20,2020,9,27,1,2,30,147,0,1,1,1,1,2,1,3,1,1,0,1602,39.75664444,-99.09975278,58,0,0,1,1,4,0,2,98,0,3,57,4,8,,
200251,20,2020,8,28,6,6,30,173,5880,1,1,1,1,6,2,4,4,0,0,0,37.75329167,-97.42629167,9,0,0,1,1,1,0,4,98,0,6,30,6,41,7,7
200252,20,2020,8,6,5,16,24,91,4285,1,2,2,2,6,2,5,4,0,0,0,38.98936667,-94.70069444,1,0,0,3,3,1,0,1,98,0,16,26,16,32,16,47
200253,20,2020,9,25,6,12,5,103,5390,1,2,2,3,2,1,4,1,0,0,4086,39.11628889,-95.0657,12,6,0,2,2,1,0,1,98,0,12,8,12,9,13,8
200254,20,2020,9,12,7,20,48,173,5880,1,2,2,3,2,2,2,1,1,0,0,37.67916111,-97.33801389,12,6,0,2,2,1,0,3,98,0,20,47,20,54,,
200255,20,2020,7,4,7,0,27,173,5880,1,2,2,2,3,2,4,1,0,0,0,37.64213611,-97.40731944,12,6,0,2,2,1,0,3,1,0,0,27,0,33,1,4
200256,20,2020,8,16,1,19,48,15,173,1,2,2,3,6,2,5,4,0,0,0,37.70862222,-97.14020556,43,0,0,1,1,4,0,1,1,0,19,48,20,2,20,22
200257,20,2020,10,3,7,11,7,205,0,1,2,2,2,2,1,3,1,1,0,610,37.69294722,-95.68476667,12,6,0,2,2,1,0,1,98,0,11,10,11,26,,
200258,20,2020,9,2,4,20,48,173,5880,1,1,1,1,6,2,7,4,0,0,0,37.73308333,-97.34481389,8,0,0,1,1,1,0,3,98,0,20,48,20,58,,
200259,20,2020,10,11,1,12,20,191,0,1,1,1,1,6,1,7,3,0,0,0,37.11360833,-97.55281944,10,0,0,6,1,1,0,1,98,0,12,29,12,46,13,7
200260,20,2020,6,19,6,10,52,91,4285,1,2,2,3,8,2,4,4,0,0,,38.92750833,-94.72935556,12,1,0,3,2,1,0,1,98,0,10,55,11,2,11,21
200261,20,2020,8,27,5,17,48,209,580,1,1,1,1,1,2,1,1,1,0,2244,39.098625,-94.87138611,1,0,0,1,1,4,0,1,98,0,17,48,17,54,18,29
200262,20,2020,8,31,2,1,52,173,5880,1,1,1,1,6,2,6,4,0,0,0,37.66591389,-97.36673611,33,0,0,1,1,4,0,3,98,0,1,54,1,58,2,23
200263,20,2020,9,25,6,1,52,103,0,1,1,1,1,1,1,1,1,1,0,2091,39.02154722,-95.13449444,31,0,0,1,1,3,0,3,98,0,,,,,,
200264,20,2020,9,19,7,2,43,173,5880,1,1,1,2,6,2,5,4,0,0,0,37.75185833,-97.45473056,33,0,0,1,1,3,0,3,98,0,2,46,2,46,3,27
200265,20,2020,8,6,5,1,45,85,2520,1,2,2,3,2,1,3,1,1,0,1943,39.54306667,-95.74826667,12,2,0,1,1,1,0,2,98,0,1,40,1,55,2,10
200266,20,2020,10,10,7,9,6,185,0,1,2,2,3,2,1,3,1,1,0,1900,37.95601111,-98.80276667,12,6,0,2,2,1,0,1,98,0,9,7,9,20,10,4
200267,20,2020,5,4,2,7,50,209,2820,1,1,1,4,6,2,7,4,0,0,0,39.12720833,-94.61826944,42,0,0,1,1,4,0,1,98,0,7,59,8,3,8,22
200268,20,2020,8,25,3,20,40,209,580,1,2,2,2,6,2,5,4,0,0,0,39.0444,-94.88954167,12,8,0,1,1,1,0,2,98,0,20,42,20,47,,
200269,20,2020,9,9,4,7,2,41,0,1,1,1,1,5,1,5,2,0,0,0,38.91520833,-97.16057222,8,0,0,1,1,1,0,4,2,1,7,4,7,9,7,18
200270,20,2020,9,18,6,13,45,51,0,1,2,2,3,5,1,7,3,0,0,0,38.91387778,-99.57680833,12,6,0,2,2,1,0,1,98,0,13,50,14,2,14,38
200271,20,2020,9,21,2,16,33,169,4900,1,2,1,1,6,2,5,4,0,0,0,38.84051944,-97.60119444,14,0,0,3,3,4,0,1,98,0,16,35,16,40,16,58
200272,20,2020,10,19,2,14,10,21,0,1,1,1,1,2,1,3,1,1,0,1591,37.02366944,-94.69299444,31,0,0,1,1,4,0,1,2,0,14,13,14,19,,
200273,20,2020,10,25,1,,,55,1950,1,1,1,1,2,2,3,1,1,0,660,38.00371111,-100.84567778,1,0,1,19,1,3,0,1,12,0,9,56,10,2,11,32
200274,20,2020,10,10,7,8,54,99,0,1,1,1,1,4,1,5,2,0,0,0,37.22355833,-95.17663611,1,0,0,3,4,4,0,4,5,0,8,57,9,6,,
200276,20,2020,10,4,1,7,12,127,1180,1,1,1,2,3,1,4,1,0,0,4562,38.578575,-96.51718889,11,0,0,1,1,1,0,4,5,0,7,13,7,22,7,55
200277,20,2020,10,17,7,19,13,173,5880,1,2,2,2,3,2,2,1,1,0,64,37.79595833,-97.22671667,12,6,0,2,2,1,0,2,98,0,19,17,19,23,20,16
200278,20,2020,8,8,7,1,49,177,5400,1,1,1,1,6,2,7,4,0,0,0,39.016225,-95.72551389,30,0,0,1,1,4,0,3,98,0,1,50,1,53,2,10
200279,20,2020,5,18,2,13,18,205,0,1,2,2,2,4,1,5,2,0,0,0,37.41443611,-95.76168889,12,6,0,1,1,1,0,1,98,0,13,18,13,23,13,44
200280,20,2020,6,13,7,16,48,21,0,1,1,1,1,3,1,5,1,0,0,0,37.30991111,-94.74521111,32,0,0,1,1,4,0,9,98,0,,,,,,
200281,20,2020,9,25,6,16,48,173,0,5,2,2,6,5,1,5,2,0,0,0,37.56230556,-97.64329167,12,6,0,2,2,1,0,1,98,0,16,48,17,24,17,48
200282,20,2020,8,29,7,15,17,173,5880,1,3,3,5,6,2,4,4,0,0,0,37.71604444,-97.38973611,12,6,0,2,2,1,0,1,98,0,15,17,15,20,15,50
200283,20,2020,10,20,3,9,3,91,3645,1,2,2,2,6,2,4,4,0,0,0,39.02221389,-94.686375,12,6,0,2,2,1,0,1,98,0,9,4,9,7,,
200284,20,2020,10,4,1,14,15,157,430,1,3,3,3,2,1,2,1,1,0,0,39.84110278,-97.63424444,12,6,0,2,2,1,0,1,98,0,14,21,14,23,14,36
200285,20,2020,10,7,4,19,12,103,0,1,1,1,1,3,1,4,1,0,0,0,39.05801389,-94.92598333,11,0,0,1,1,1,0,2,98,0,19,13,19,22,,
200286,20,2020,10,14,4,0,51,103,3020,1,1,1,1,6,2,5,4,0,0,0,39.29515556,-94.90121111,33,0,0,1,1,4,0,3,98,0,0,54,0,58,,
200287,20,2020,10,12,2,11,59,121,0,1,1,1,1,4,1,5,2,0,0,0,38.53513056,-95.03728333,34,0,0,1,1,4,0,1,98,0,,,,,,
200288,20,2020,9,24,5,19,29,177,5400,1,2,2,2,6,2,4,4,0,0,0,39.00903889,-95.67032222,12,6,0,2,3,1,0,5,98,0,19,31,19,36,,
200289,20,2020,10,17,7,9,30,3,0,1,2,2,4,6,1,7,3,0,0,0,38.22745833,-95.46196944,12,6,0,2,2,1,0,1,98,0,9,34,9,51,10,27
200290,20,2020,9,5,7,2,17,173,5880,1,2,2,5,8,2,5,2,0,0,0,37.62231667,-97.40868056,12,2,0,1,1,1,0,2,98,0,2,16,2,22,2,59
200291,20,2020,8,29,7,23,32,173,0,2,2,2,2,3,1,2,1,1,0,2700,37.84926944,-97.59631111,12,2,0,1,1,1,0,2,98,0,,,,,,
200292,20,2020,8,1,7,22,14,173,5880,1,1,1,1,6,2,4,4,0,0,0,37.67615278,-97.35299167,33,0,1,3,2,4,0,3,1,0,22,14,22,19,22,54
200293,20,2020,8,24,2,18,41,173,5880,1,2,2,2,8,2,4,4,0,0,56,37.69161667,-97.36156944,12,6,0,2,3,1,0,5,1,0,18,42,18,42,19,16
200294,20,2020,9,28,2,11,30,125,0,1,2,2,3,4,1,5,2,0,0,0,37.10166389,-95.71064167,12,2,0,1,1,1,0,1,1,0,11,36,11,44,12,20
200295,20,2020,10,31,7,1,15,89,0,1,2,2,4,6,1,7,2,0,0,0,39.90710556,-97.93737778,12,6,0,1,1,1,0,2,98,0,1,39,2,8,2,49
200296,20,2020,11,2,2,8,58,175,0,1,2,2,2,2,2,3,1,1,0,60,37.04800278,-100.90424444,12,2,0,1,1,1,0,1,1,0,8,59,9,3,,
200297,20,2020,8,19,4,17,14,155,0,1,3,3,5,5,1,5,2,0,0,0,38.11464444,-97.95928056,12,6,0,2,2,1,0,1,98,0,17,17,17,31,,
200298,20,2020,8,19,4,16,6,173,0,1,2,2,3,3,2,4,1,0,0,0,37.62572778,-97.46130278,12,2,0,2,2,1,0,1,98,0,16,6,16,14,16,50
200299,20,2020,10,1,5,8,24,61,2790,1,1,1,1,6,2,7,4,0,0,0,39.01532778,-96.84592222,8,0,0,3,2,1,0,1,98,0,8,27,8,31,8,45
200300,20,2020,11,4,4,5,0,133,0,1,1,1,1,2,1,3,1,1,0,540,37.58104167,-95.47482778,1,0,0,1,1,4,0,2,98,0,5,2,5,12,,
200301,20,2020,11,4,4,13,37,171,0,2,3,3,4,2,1,3,1,1,0,945,38.30865833,-100.90518889,12,6,0,2,2,1,2,1,98,0,13,42,13,57,,
200302,20,2020,11,9,2,11,20,45,3010,1,2,2,1,6,2,7,4,0,0,0,38.94683889,-95.28073056,8,0,0,4,1,1,0,1,98,0,11,21,11,26,,
200303,20,2020,9,4,6,19,30,125,5470,1,2,2,2,2,2,3,1,1,0,0,37.03302778,-95.62243333,12,6,0,2,2,1,0,5,98,0,19,35,20,7,20,22
200304,20,2020,11,5,5,16,53,45,3010,1,2,2,4,6,2,5,4,0,0,0,38.95001111,-95.21173333,12,6,0,2,3,1,0,1,98,0,16,53,16,57,17,36
200305,20,2020,11,4,4,14,31,203,0,1,1,1,1,3,1,4,1,0,0,390,38.48165556,-101.33098611,32,0,0,1,1,4,0,1,98,0,14,32,14,37,14,47
200306,20,2020,9,4,6,22,48,209,2820,1,2,2,5,2,2,2,1,1,0,195,39.16948056,-94.90039722,12,1,0,1,1,1,0,2,1,0,23,0,23,10,23,29
200307,20,2020,8,27,5,13,18,173,5880,1,2,2,2,6,2,7,4,0,0,0,37.68375,-97.40462778,12,6,0,2,2,1,0,1,98,0,13,18,13,28,14,10
200308,20,2020,10,26,2,20,36,79,0,1,2,2,2,2,1,3,1,1,0,2664,38.02845833,-97.44921389,12,1,0,1,1,1,0,2,98,0,20,39,20,46,21,22
200309,20,2020,11,7,7,18,25,149,0,1,1,1,1,4,1,5,2,0,0,0,39.53660278,-96.53045278,38,0,0,1,1,4,0,2,1,0,18,30,19,15,19,49
200310,20,2020,10,15,5,18,28,161,0,1,1,1,1,1,1,1,1,1,0,3193,39.06449444,-96.439575,42,0,0,1,1,4,0,1,98,0,18,33,18,53,,
200311,20,2020,10,24,7,8,0,193,0,1,1,1,1,2,1,4,1,0,0,667,39.39424722,-100.84181667,35,0,0,1,1,4,0,4,1,0,8,4,8,26,,
200312,20,2020,11,1,1,1,27,177,0,1,1,1,1,6,2,7,3,0,0,0,38.97154722,-95.57951944,53,0,0,1,1,4,0,2,98,0,,,,,,
200313,20,2020,10,8,5,11,5,189,2610,1,2,2,6,2,1,4,1,0,0,0,37.170025,-101.37532222,12,6,0,2,2,1,0,1,98,0,11,7,11,19,,
200314,20,2020,11,6,6,17,22,91,3080,1,1,1,1,1,2,1,1,1,0,13,38.94532222,-94.77064444,25,0,1,19,1,3,0,3,1,0,17,25,17,43,,
200315,20,2020,9,12,7,21,15,173,5880,1,2,2,5,6,2,4,4,0,0,0,37.66820556,-97.29882778,12,6,0,2,2,1,0,2,98,0,21,14,21,21,21,33
200316,20,2020,9,19,7,22,15,79,0,1,1,1,3,1,1,1,1,1,0,238,37.93538889,-97.32835556,8,0,0,1,1,1,0,3,98,0,22,48,22,48,,
200317,20,2020,9,26,7,15,53,5,260,1,2,2,4,2,2,3,1,1,0,0,39.53886111,-95.131925,12,6,0,2,3,1,0,1,98,0,15,54,16,4,16,21
200318,20,2020,11,22,1,14,55,191,0,1,2,2,3,6,1,7,3,0,0,0,37.42136389,-97.29432778,12,6,0,2,2,1,0,1,98,0,14,59,15,9,15,59
200319,20,2020,11,10,3,17,40,45,340,1,1,1,1,2,1,4,1,0,0,4171,38.78240556,-95.45724722,32,0,0,1,1,4,0,2,98,0,17,45,18,0,,
200320,20,2020,11,2,2,17,40,133,0,2,2,2,3,6,1,5,2,0,0,21,37.60114167,-95.29586944,12,2,0,1,1,1,0,5,98,0,17,42,17,50,,
200321,20,2020,10,12,2,15,10,89,0,1,1,1,1,6,1,7,3,0,0,0,39.79887222,-98.20307778,32,0,0,1,1,4,0,1,98,0,15,15,15,20,,
200322,20,2020,11,19,5,19,5,77,0,3,2,2,3,2,1,4,1,0,0,2428,37.25343333,-98.27933333,12,2,0,1,1,1,0,2,1,0,19,7,18,23,,
200324,20,2020,9,4,6,18,45,191,0,1,1,1,1,6,1,7,3,0,0,0,37.47573889,-97.47831389,42,0,0,3,3,4,0,1,98,0,19,5,19,17,20,51
200325,20,2020,10,30,6,15,57,103,0,1,2,2,3,6,1,5,2,0,0,0,39.21573611,-95.068375,12,6,0,2,2,1,0,1,1,1,16,5,16,21,17,15
200326,20,2020,11,8,1,22,5,103,0,1,1,1,1,4,1,5,2,0,0,0,39.32588611,-95.11482778,1,0,0,1,1,1,0,2,98,0,22,8,22,10,,
200327,20,2020,10,9,6,13,6,37,0,1,3,3,6,3,1,5,1,0,0,261,37.41081944,-94.63118056,12,6,0,2,2,1,0,1,98,0,13,22,13,29,13,55
200328,20,2020,10,10,7,5,0,87,3640,1,1,1,1,3,1,3,1,1,0,3402,39.14963056,-95.57094167,34,0,0,1,1,4,0,2,98,0,18,27,18,28,,
200329,20,2020,11,28,7,10,40,73,0,2,1,1,2,3,1,4,1,0,0,520,37.68863333,-96.23326667,42,0,0,1,1,4,0,1,98,0,10,48,10,55,11,30
200330,20,2020,12,1,3,13,15,45,0,1,2,2,3,2,1,3,1,1,0,4371,38.76785,-95.09339722,12,6,0,2,2,1,0,1,1,0,13,22,13,44,14,39
200331,20,2020,12,4,6,19,30,205,0,1,1,1,1,4,1,5,2,0,0,0,37.61787222,-95.89565278,59,0,0,1,1,4,0,2,98,0,19,44,19,58,20,20
200332,20,2020,11,16,2,18,2,173,5880,1,1,1,1,6,2,5,4,0,0,0,37.708025,-97.34013889,8,0,0,2,2,1,0,3,1,0,18,3,18,12,18,28
200333,20,2020,9,4,6,17,25,91,3710,1,1,1,1,6,2,7,4,0,0,0,39.01472778,-94.62458333,43,0,0,1,1,4,0,1,98,0,17,27,17,30,17,45
200334,20,2020,9,19,7,19,36,125,930,1,1,1,1,2,1,3,1,1,0,0,37.20909167,-95.58507778,1,0,1,2,2,1,0,5,98,0,19,26,19,30,,
200335,20,2020,10,24,7,10,0,35,0,1,1,1,2,6,1,7,27,0,0,0,37.36146944,-97.09078889,10,0,0,6,1,1,0,1,1,0,10,14,10,44,11,11
200336,20,2020,12,9,4,4,0,91,4140,1,2,2,2,3,2,3,1,1,0,1565,38.94126944,-94.85261389,23,0,1,19,1,4,0,2,98,0,4,5,4,11,,
200337,20,2020,7,29,4,22,2,91,4285,1,1,1,1,6,2,4,4,0,0,7,38.98855833,-94.66770278,8,0,1,2,2,1,0,3,2,0,22,4,22,7,22,32
200338,20,2020,8,24,2,17,45,157,0,1,1,1,1,4,1,7,2,0,0,0,39.864125,-97.46278611,11,0,0,1,1,1,0,1,98,0,17,55,18,11,18,30
200339,20,2020,11,25,4,12,51,129,0,1,2,2,4,4,1,5,2,0,0,0,37.11267778,-101.62777778,12,6,0,2,2,1,0,1,98,0,12,52,13,10,13,43
200340,20,2020,11,15,1,17,40,177,5400,1,1,1,2,6,2,5,4,0,0,0,39.08761111,-95.68501667,8,0,0,1,1,1,0,3,98,0,17,43,17,50,18,10
200341,20,2020,11,14,7,23,15,29,0,1,1,1,2,4,1,5,2,0,0,0,39.49142778,-97.53591111,1,0,0,1,1,4,0,2,98,0,23,28,23,45,0,10
200342,20,2020,8,2,1,5,45,173,0,1,1,1,1,8,2,5,2,0,0,0,37.69477778,-97.498725,8,0,0,1,1,1,0,4,98,0,5,51,5,53,6,45
200343,20,2020,12,12,7,5,28,107,4560,1,1,1,2,6,1,7,4,0,0,0,38.05971111,-94.69555278,42,0,0,1,1,4,0,2,1,0,5,37,5,48,7,9
200344,20,2020,8,13,5,13,45,189,0,1,2,2,2,3,1,4,1,0,0,0,37.31533333,-101.33906944,12,6,0,2,2,1,0,1,98,0,13,47,14,0,14,49
200345,20,2020,11,25,4,23,36,81,0,1,1,1,1,4,1,5,2,0,0,0,37.50003056,-100.99868333,1,0,0,1,1,4,0,2,98,0,23,36,23,50,,
200346,20,2020,12,20,1,23,45,141,0,1,1,1,1,2,1,4,1,0,0,1816,39.31165556,-98.69493611,1,0,0,1,1,1,0,2,98,0,0,13,0,22,,
200347,20,2020,12,8,3,21,30,121,0,1,1,1,1,5,1,7,3,0,0,0,38.47582222,-94.88133333,32,0,0,1,1,4,0,2,98,0,,,,,,
200348,20,2020,10,3,7,19,45,9,2150,1,1,1,1,6,2,4,4,0,0,0,38.366275,-98.80924444,11,0,0,3,2,1,0,3,98,0,19,52,19,54,20,17
200349,20,2020,10,28,4,11,30,173,5880,1,3,3,4,6,2,5,4,0,0,0,37.70115556,-97.44436389,44,0,0,3,2,1,0,1,98,0,11,43,11,51,,
200350,20,2020,11,3,3,18,15,173,5880,1,1,1,1,6,2,7,4,0,0,0,37.71235833,-97.47783611,8,0,0,8,1,1,1,2,1,0,18,17,18,21,19,2
200351,20,2020,11,3,3,20,55,177,5100,1,2,2,2,2,1,3,1,1,0,3578,39.09458889,-95.85699167,12,2,0,1,1,1,0,3,1,0,20,57,21,20,22,0
200352,20,2020,11,19,5,1,30,209,2820,1,1,1,2,2,2,2,1,1,0,0,39.05085556,-94.64774167,33,0,1,3,3,4,0,3,98,0,1,41,1,46,2,7
200353,20,2020,12,14,2,18,7,99,0,1,3,3,3,2,1,3,1,1,0,4112,37.34026944,-95.09156111,12,1,0,3,3,1,0,2,1,0,18,11,18,24,,
200354,20,2020,12,1,3,6,23,173,5880,1,2,2,2,6,2,5,4,0,0,0,37.62241944,-97.3706,12,2,0,2,2,1,0,3,98,0,6,23,6,28,7,2
200355,20,2020,12,21,2,21,0,55,0,1,2,2,2,2,1,3,1,1,0,821,37.88437222,-100.67864444,12,2,0,1,1,1,0,2,98,0,20,15,21,20,,
200356,20,2020,12,28,2,17,37,147,0,1,2,2,2,3,1,4,1,0,0,1128,39.98858611,-99.435,12,2,0,1,1,1,0,2,1,0,5,47,5,50,,
200357,20,2020,7,13,2,21,37,173,5880,1,1,1,1,6,2,6,4,0,0,0,37.69452778,-97.35514722,33,0,0,1,1,4,0,3,1,0,21,37,21,41,,
200358,20,2020,11,10,3,20,55,173,5880,1,1,1,1,6,2,5,4,0,0,0,37.6766,-97.20788333,8,0,0,1,1,1,0,3,98,0,,,,,,
200359,20,2020,12,22,3,16,20,173,5880,1,2,2,2,1,2,1,1,1,0,40,37.72186667,-97.390175,12,6,0,1,1,1,0,1,98,0,16,25,16,37,17,2
200360,20,2020,12,15,3,14,42,173,5880,1,2,2,3,1,2,1,1,1,0,180,37.84987778,-97.32621667,12,6,0,1,1,1,0,1,11,0,14,45,15,34,15,47
200361,20,2020,12,15,3,18,55,97,0,1,2,2,3,2,1,3,1,1,0,1132,37.60923611,-99.19053056,12,2,0,1,1,1,0,2,4,0,19,1,19,16,,
200362,20,2020,12,25,6,13,46,209,2820,2,2,2,3,6,2,7,4,0,0,0,39.10949722,-94.64818889,12,6,0,2,2,1,0,1,98,0,13,49,13,53,,
200363,20,2020,12,30,4,0,11,79,0,1,1,1,1,1,2,1,1,1,0,280,37.9992,-97.32790833,21,0,1,19,1,4,0,2,98,0,0,11,0,16,,
200364,20,2020,11,25,4,14,44,103,0,1,2,2,4,3,1,4,1,0,0,0,39.05811944,-94.94595556,12,6,0,2,2,1,0,1,98,0,14,45,14,53,,
200365,20,2020,11,6,6,13,35,177,0,1,1,1,1,2,2,2,1,1,0,1638,39.09284444,-95.72453611,1,0,1,19,1,4,0,1,1,0,,,,,,
200366,20,2020,12,30,4,16,34,169,4900,1,2,2,4,8,2,7,4,0,0,30,38.85101111,-97.61960278,12,6,0,2,3,1,0,1,98,0,16,36,16,39,16,50
200367,20,2020,12,25,6,16,20,67,5490,2,2,2,4,2,2,4,1,0,0,0,37.57508333,-101.34515,12,6,0,2,2,1,0,1,98,0,16,25,16,25,,
200368,20,2020,11,19,5,9,20,169,0,1,1,1,2,1,1,1,1,1,0,2603,38.90730833,-97.47820556,1,0,1,19,1,4,0,1,98,0,9,23,9,31,10,25
200369,20,2020,11,13,6,22,12,57,0,1,2,2,2,2,2,3,1,1,0,0,37.72937778,-99.97925,12,6,0,2,2,1,0,3,98,0,22,20,22,25,,
200370,20,2020,11,14,7,6,18,91,4285,1,1,1,1,1,2,1,1,1,0,810,38.93503611,-94.70382222,26,0,1,19,1,4,0,4,98,0,6,18,6,26,6,41
200371,20,2020,11,19,5,2,30,209,2820,1,1,1,1,1,2,1,1,1,0,48,39.10808333,-94.679925,34,0,1,19,1,3,0,3,98,0,2,40,2,49,3,25
200372,20,2020,12,16,4,16,1,53,0,1,1,1,1,1,1,1,1,1,0,185,38.85581667,-98.14323056,1,0,0,1,1,4,0,1,98,0,,,,,,
200373,20,2020,12,23,4,7,25,177,5400,1,1,1,3,8,2,4,4,0,0,35,39.02208333,-95.725,33,0,0,1,1,4,0,1,98,0,7,27,7,30,7,50
200374,20,2020,12,23,4,17,45,177,5400,1,1,1,1,6,2,7,4,0,0,0,39.02611944,-95.64803889,8,0,0,2,3,1,0,2,98,0,18,3,18,6,18,35
200375,20,2020,11,30,2,9,27,173,5880,1,1,1,1,6,2,7,4,0,0,0,37.73663056,-97.33709167,33,0,0,1,1,4,0,1,98,0,9,28,9,34,9,58
200376,20,2020,12,17,5,5,45,61,2790,1,1,1,1,3,2,4,1,0,0,70,39.04970833,-96.84173056,38,0,0,1,1,4,0,2,1,0,,,,,,
200377,20,2020,12,1,3,21,15,151,0,1,2,2,3,2,1,2,1,1,0,1491,37.64585,-98.54046389,11,0,0,1,1,1,0,2,1,0,21,15,21,17,22,11
200378,20,2020,11,19,5,18,0,209,2820,1,2,2,2,6,2,4,4,0,0,0,39.08740556,-94.64306944,1,0,0,1,1,1,0,3,98,0,17,55,17,58,18,15
200379,20,2020,12,5,7,17,52,173,5880,1,2,2,2,6,2,6,4,0,0,0,37.6516,-97.34770556,12,6,0,2,2,1,0,3,98,0,17,52,18,4,18,30
200380,20,2020,12,5,7,23,39,155,0,1,1,1,8,4,1,4,2,0,0,0,38.01105833,-97.86685556,1,0,0,1,1,4,0,2,98,0,23,41,23,48,0,5
200381,20,2020,12,19,7,11,22,111,0,2,2,2,2,3,1,5,1,0,0,40,38.36645278,-95.98518611,12,2,0,1,1,1,0,1,98,0,11,38,12,36,14,4
200382,20,2020,12,22,3,14,26,173,5880,1,2,2,2,6,2,5,4,0,0,0,37.70843056,-97.46050556,12,6,0,8,1,1,0,1,98,0,14,27,14,34,15,10
200383,20,2020,12,24,5,1,9,173,5880,2,1,1,3,6,2,4,4,0,0,0,37.6892,-97.22615833,33,0,0,1,1,4,0,3,1,0,1,10,1,15,1,37
200384,20,2020,11,1,1,3,52,209,2820,1,1,1,1,6,2,4,4,0,0,0,39.12853333,-94.82090556,8,0,0,3,2,1,0,3,98,0,3,59,4,2,4,10
200385,20,2020,12,26,7,22,37,173,5880,1,2,2,3,8,2,4,4,0,0,118,37.72311111,-97.19009444,33,0,0,1,1,3,0,3,98,0,,,,,,
200388,20,2020,11,9,2,10,55,177,0,1,1,1,1,1,1,1,31,1,0,1875,39.0183,-95.51981944,21,0,0,1,1,4,0,1,10,0,,,,,,
200389,20,2020,10,23,6,16,50,173,5880,1,2,2,3,6,2,4,4,0,0,,37.60803889,-97.31926389,12,6,0,2,3,1,0,1,98,0,16,50,16,55,17,14
200390,20,2020,12,21,2,20,12,149,0,1,1,1,2,4,1,7,2,0,0,,39.47966111,-96.17751667,35,0,0,1,1,4,0,2,1,0,20,13,20,13,20,53
210001,21,2020,1,3,6,17,12,227,350,1,2,2,5,2,2,4,1,0,0,140,36.98935278,-86.49071111,12,2,0,1,1,1,0,3,2,0,17,25,17,34,17,47
210002,21,2020,1,3,6,18,46,99,2340,1,4,2,8,1,1,1,1,1,0,549,37.16894722,-85.96130833,12,6,0,1,1,1,0,2,2,0,18,49,19,1,19,30
210003,21,2020,1,4,7,7,25,19,0,1,2,1,2,1,1,1,1,1,0,,38.36781667,-82.77093611,14,0,1,5,1,2,0,4,2,0,7,28,7,55,8,25
210004,21,2020,1,4,7,9,18,151,0,1,1,1,1,3,1,6,1,0,0,50,37.66200278,-84.18815278,35,0,0,1,1,4,0,1,10,0,9,17,9,29,,
210005,21,2020,1,4,7,18,29,195,0,1,1,1,1,3,1,3,1,1,0,24,37.2048,-83.09138333,8,0,0,1,1,1,0,2,2,0,18,2,18,16,,
210006,21,2020,1,14,3,19,24,183,0,1,1,1,1,3,1,7,1,0,0,41,37.3398,-86.83844167,52,0,0,1,1,4,0,2,1,0,19,27,19,34,,
210007,21,2020,1,15,4,12,58,151,2750,1,1,1,1,2,1,5,1,0,0,110,37.67453611,-84.26273333,42,0,0,1,1,4,0,1,10,0,12,55,12,59,14,6
210008,21,2020,1,15,4,13,42,157,0,1,1,1,2,3,1,1,1,1,0,512,36.98891667,-88.34684722,24,0,0,1,1,4,0,1,2,0,13,49,13,52,14,30
210009,21,2020,1,16,5,19,51,227,350,1,1,1,1,2,1,5,1,0,0,220,37.05243889,-86.59578611,34,0,0,1,1,4,0,2,10,0,19,54,20,7,,
210010,21,2020,1,7,3,11,18,155,1910,1,1,1,1,2,2,4,1,0,0,111,37.56928333,-85.25438333,8,0,0,3,2,1,0,1,1,0,11,19,11,22,11,29
210011,21,2020,1,18,7,0,34,163,0,1,1,1,1,4,1,7,2,0,0,10,37.92689722,-86.11252222,35,0,0,1,1,4,0,2,10,0,0,36,0,42,,
210012,21,2020,1,19,1,19,41,221,0,2,2,2,5,2,1,3,1,1,0,183,36.84399444,-87.82519722,12,6,0,2,2,1,0,2,1,0,19,22,19,28,19,58
210013,21,2020,1,15,4,16,52,29,0,1,1,1,1,3,1,5,1,0,0,43,38.00565556,-85.83601389,34,0,0,1,1,4,0,1,1,0,16,55,17,5,,