st_case,state,year,month,day,day_week,hour,minute,county,city,fatals_crash,vehicles_total,vehicles_in_transport,persons_total,route,rural_urban,functional_system,road_owner,nhs,special_jurisdiction,milepoint,latitude,longitude,first_harmful_event,manner_collision,rel_jct_interchange,rel_jct_location,intersection_type,relation_to_road,work_zone,light_condition,weather,school_bus_related,ems_notified_hour,ems_notified_min,ems_arrival_hour,ems_arrival_min,hospital_hour,hospital_min
210170,21,2020,5,2,7,5,45,67,1980,1,3,3,4,2,2,3,1,1,0,104,38.04244722,-84.44851389,8,0,0,1,1,1,0,6,10,0,5,54,5,56,,
210171,21,2020,5,6,4,14,55,239,3360,1,2,2,2,3,2,4,1,0,0,8,38.03529167,-84.73859167,12,2,0,2,2,1,0,1,1,0,14,54,14,59,15,17
210172,21,2020,5,2,7,16,37,155,0,1,1,1,1,3,1,4,1,0,0,11,37.54831944,-85.37019722,35,0,0,1,1,4,0,1,1,0,16,37,16,52,,
210173,21,2020,5,9,7,2,8,161,0,1,1,1,1,3,1,6,1,0,0,33,38.66830278,-83.83999167,35,0,0,1,1,4,0,2,1,0,2,8,2,29,,
210174,21,2020,5,9,7,9,10,191,0,1,1,1,1,3,1,6,1,0,0,44,38.75961389,-84.34115278,42,0,0,1,1,4,0,1,1,0,9,15,9,32,,
210175,21,2020,5,9,7,13,50,67,1980,1,2,2,4,2,2,3,1,1,0,28,38.01362222,-84.55479167,12,6,0,2,2,1,0,1,1,0,13,51,13,51,14,11
210176,21,2020,5,9,7,20,1,9,0,1,1,1,2,3,1,6,1,0,0,20,37.03684167,-85.86469722,35,0,0,1,1,4,0,2,1,0,20,2,20,10,21,13
210177,21,2020,5,12,3,17,25,113,2410,2,2,2,3,2,2,3,1,1,0,136,37.94178611,-84.54610833,12,6,0,2,3,1,0,1,1,0,17,28,17,33,18,6
210178,21,2020,5,13,4,12,6,113,0,1,1,1,1,3,1,5,1,0,0,134,37.917875,-84.59938611,35,0,0,1,1,4,0,1,2,0,12,10,12,11,,
210179,21,2020,5,12,3,10,4,29,0,1,1,1,1,3,2,4,1,0,0,32,37.97875,-85.65671667,42,0,0,1,1,4,0,1,1,0,10,4,10,13,,
210180,21,2020,5,13,4,12,30,111,2090,1,2,2,2,1,2,1,1,1,0,174,38.22368611,-85.53211944,12,1,0,1,1,1,0,1,2,0,12,31,12,45,,
210181,21,2020,5,15,6,23,42,111,2090,1,1,1,1,3,2,4,1,0,0,68,38.17444444,-85.71253889,8,0,0,1,1,1,0,2,2,0,23,42,23,46,,
210182,21,2020,5,16,7,4,35,239,0,1,2,2,2,2,2,3,1,1,0,,38.09654444,-84.7579,12,1,0,1,1,1,0,2,10,0,4,36,4,46,,
210183,21,2020,5,17,1,14,43,85,0,1,1,1,1,3,1,6,1,0,0,11,37.38529167,-86.09291111,38,0,0,1,1,4,0,1,1,0,14,47,15,11,,
210184,21,2020,5,18,2,14,45,111,2090,1,4,4,5,3,2,4,1,0,0,45,38.13664167,-85.71344167,12,6,1,2,2,1,0,1,10,0,14,46,14,51,15,18
210185,21,2020,5,18,2,15,54,135,0,1,2,2,4,3,1,3,1,1,0,213,38.58508333,-83.48031111,12,2,0,1,1,1,0,1,2,0,15,56,16,6,16,49
210186,21,2020,5,16,7,18,16,111,2090,1,3,2,4,5,2,7,1,0,0,1,38.26184444,-85.77925556,12,6,0,2,2,1,0,1,1,0,18,17,18,18,18,42
210187,21,2020,5,19,3,20,29,207,0,1,2,2,6,2,1,3,1,1,0,260,37.15879722,-85.02020556,12,2,0,1,1,1,0,5,10,0,19,3,19,18,19,48
210188,21,2020,5,18,2,11,36,157,0,1,4,4,6,1,1,1,1,1,0,255,37.01770833,-88.29647778,12,8,0,1,1,1,0,1,1,0,11,45,11,49,13,3
210189,21,2020,5,4,2,21,14,153,0,1,1,1,1,3,1,5,1,0,0,103,37.74526111,-83.09222222,24,0,0,1,1,4,0,2,10,0,21,17,21,25,,
210190,21,2020,5,5,3,7,9,17,0,1,1,1,1,2,1,3,1,1,0,12,38.14565556,-84.35051667,42,0,0,1,1,4,0,1,2,0,7,11,7,16,,
210191,21,2020,5,12,3,23,35,81,780,1,1,1,4,3,1,6,1,0,0,39,38.50211667,-84.55289167,35,0,0,1,1,4,0,6,1,0,23,28,23,44,0,9
210192,21,2020,5,13,4,19,22,93,0,1,2,2,3,3,1,6,1,0,0,53,37.68502222,-85.75970556,12,2,0,1,1,1,0,1,10,0,19,19,19,33,20,21
210193,21,2020,5,22,6,8,29,195,2979,1,2,2,5,3,1,5,1,0,0,156,37.422125,-82.49956944,12,2,0,1,1,1,0,1,1,0,8,36,8,45,9,2
210194,21,2020,5,23,7,9,2,69,0,2,2,2,6,3,1,4,1,0,0,125,38.43548611,-83.74747222,12,6,0,2,2,1,0,1,1,0,9,5,9,8,0,0
210195,21,2020,5,24,1,18,15,15,0,1,1,1,1,4,1,7,2,0,0,3,39.01385278,-84.66391667,42,0,0,1,1,4,0,1,2,0,18,15,18,21,18,35
210196,21,2020,5,1,6,12,54,177,0,1,1,1,1,2,2,4,1,0,0,149,37.25484167,-87.14831944,24,0,0,1,1,4,0,1,1,0,12,55,12,58,13,13
210197,21,2020,5,28,5,0,0,195,3299,1,2,1,1,3,1,4,1,0,0,67,37.65188611,-82.30760833,35,0,0,1,1,4,0,2,2,0,0,1,0,16,,
210198,21,2020,5,29,6,5,33,227,0,1,1,1,1,1,1,1,1,1,0,157,36.84479722,-86.4613,35,0,0,1,1,4,0,4,1,0,5,35,5,46,,
210199,21,2020,5,29,6,16,55,47,2455,1,1,1,2,3,2,4,1,0,0,5,36.64830556,-87.415225,8,0,0,1,1,1,0,1,1,0,16,19,16,41,17,17
210200,21,2020,5,30,7,14,53,111,2090,1,2,2,2,3,2,3,1,1,0,139,38.22041667,-85.6373,12,6,0,2,2,1,0,1,1,0,14,53,14,59,15,0
210201,21,2020,5,17,1,5,0,81,0,1,2,2,2,1,1,1,1,1,0,1499,38.567525,-84.59310278,12,1,0,1,1,1,0,2,10,0,5,29,5,41,6,3
210202,21,2020,5,22,6,8,20,205,0,1,2,2,3,2,1,5,1,0,0,162,38.264875,-83.33291944,12,8,0,1,1,1,0,1,1,0,8,20,8,30,9,1
210203,21,2020,5,28,5,4,45,151,2750,1,1,1,1,3,2,3,1,1,0,78,37.73631111,-84.31038889,8,0,0,3,2,1,0,3,1,0,4,50,4,51,5,51
210204,21,2020,5,30,7,13,1,5,0,1,1,1,1,2,1,5,1,0,0,227,38.03996667,-84.84798056,35,0,0,1,1,4,0,1,1,0,14,4,14,9,15,0
210205,21,2020,5,16,7,15,24,123,0,2,2,2,7,3,1,4,1,0,0,104,37.58116389,-85.75446111,12,6,0,2,2,1,0,1,1,0,15,24,15,26,15,54
210206,21,2020,5,25,2,23,33,111,3010,1,1,1,1,2,2,4,1,0,0,0,38.19294722,-85.80645,8,0,0,1,1,1,0,6,1,0,23,33,23,37,,
210207,21,2020,5,16,7,14,12,151,0,1,2,2,3,4,1,7,2,0,0,1,37.85125556,-84.08319167,12,6,0,1,1,1,0,1,1,0,14,15,14,25,,
210208,21,2020,5,26,3,17,34,163,2338,4,2,2,6,2,2,3,1,1,0,24,37.94368611,-85.99716944,24,0,0,1,1,4,0,1,2,0,17,35,17,51,18,37
210209,21,2020,5,30,7,8,40,111,2090,1,1,1,1,3,2,4,1,0,0,102,38.13776111,-85.608975,42,0,0,1,1,4,0,1,1,0,8,42,8,44,,
210210,21,2020,5,31,1,5,35,111,2090,2,2,2,3,3,2,4,1,0,0,28,38.22018611,-85.63048056,12,6,0,2,2,1,0,1,1,0,5,35,5,42,6,7
210211,21,2020,5,23,7,7,43,3,0,1,1,1,1,3,1,4,1,0,0,37,36.74334722,-86.34462222,42,0,0,1,1,4,0,4,1,0,7,46,7,57,,
210212,21,2020,5,7,5,11,29,125,0,1,3,3,4,3,1,3,1,1,0,52,37.1579,-84.20380556,12,1,0,1,1,1,0,1,1,0,11,29,11,35,12,30
210213,21,2020,5,21,5,21,34,55,0,1,1,1,1,4,1,7,1,0,0,80,37.34908333,-88.07818056,35,0,0,1,1,4,0,2,1,0,21,51,21,59,,
210214,21,2020,5,14,5,11,44,111,3010,1,3,3,4,3,2,4,1,0,0,11,38.194625,-85.81696667,12,7,0,1,1,1,0,1,1,0,11,44,11,50,13,22
210215,21,2020,3,19,5,13,15,235,0,1,1,1,1,4,1,7,2,0,0,0,36.61585833,-83.93420278,42,0,0,1,1,4,0,1,1,0,13,15,14,0,,
210216,21,2020,4,16,5,20,57,59,0,1,1,1,1,3,2,4,1,0,0,136,37.75364722,-87.181775,8,0,0,1,1,1,0,2,1,0,20,59,21,5,21,30
210217,21,2020,6,2,3,12,14,117,800,2,1,1,2,5,2,7,1,0,0,0,39.09154722,-84.50421389,33,0,0,3,10,4,0,1,1,0,12,20,12,24,,
210218,21,2020,6,2,3,13,44,71,271,1,1,1,1,3,1,5,1,0,0,286,37.36320833,-82.73007222,24,0,0,1,1,4,0,1,1,0,13,45,14,27,,
210219,21,2020,6,3,4,18,18,171,0,1,2,2,3,3,1,5,1,0,0,10,36.628025,-85.62851667,12,2,0,1,1,1,0,1,1,0,17,59,18,8,18,32
210220,21,2020,6,5,6,13,28,87,0,1,2,2,2,2,1,5,1,0,0,38,37.15422778,-85.54729444,12,2,0,1,1,1,0,1,1,0,13,18,13,29,14,41
210221,21,2020,6,6,7,8,0,155,0,1,2,2,5,2,1,3,1,1,0,16,37.457925,-85.29635556,12,6,0,2,2,1,0,1,1,0,9,3,9,11,9,33
210222,21,2020,6,6,7,17,41,145,0,1,2,2,4,2,2,4,1,0,0,13,36.99005556,-88.50548611,12,6,0,2,3,1,0,1,1,0,17,43,17,45,18,18
210223,21,2020,6,6,7,22,29,111,2090,1,2,2,5,2,2,3,1,1,0,5,38.2637,-85.75161667,12,6,0,1,1,1,0,2,1,0,22,29,22,30,,
210224,21,2020,6,7,1,8,34,217,0,1,1,1,1,3,1,4,1,0,0,134,37.367425,-85.39991667,32,0,0,1,1,4,0,1,1,0,9,36,9,41,10,4
210225,21,2020,6,3,4,14,53,111,2090,1,1,1,1,6,2,7,1,0,0,11,38.18351389,-85.75450278,35,0,0,1,1,4,0,1,1,0,14,53,14,59,,
210226,21,2020,6,8,2,20,50,67,1980,1,2,2,2,2,2,3,1,1,0,124,38.03042778,-84.47884444,12,6,0,2,3,1,0,1,1,0,20,51,20,51,21,9
210227,21,2020,6,10,4,5,1,193,1470,2,1,1,3,3,2,3,1,1,0,141,37.27579722,-83.21353056,43,0,0,1,1,4,0,2,1,0,5,2,5,14,5,37
210228,21,2020,6,11,5,18,7,209,0,1,1,1,1,3,1,5,1,0,0,49,38.256025,-84.66839444,35,0,0,1,1,4,0,1,1,0,18,8,18,20,,
210229,21,2020,6,12,6,0,17,111,2090,1,1,1,1,1,2,1,1,1,0,1,38.22250278,-85.64778333,38,0,1,5,1,8,0,3,1,0,0,18,0,36,,
210230,21,2020,6,12,6,1,16,111,2090,1,1,1,1,5,2,7,1,0,0,17,38.17303056,-85.76771944,30,0,0,1,1,4,0,3,1,0,1,16,1,24,2,5
210231,21,2020,6,12,6,13,9,111,2090,1,5,5,6,1,2,1,1,1,0,343,38.31199722,-85.57651389,12,1,0,1,1,1,0,1,1,0,13,9,13,33,13,50
210232,21,2020,6,12,6,16,46,217,0,2,2,2,4,2,1,4,1,0,0,11,37.31515,-85.41960556,12,6,0,1,1,1,0,1,1,0,16,46,16,51,18,7
210233,21,2020,6,12,6,19,3,143,970,1,3,3,6,3,1,5,1,0,0,152,37.07826111,-88.06965,12,8,0,2,2,1,0,1,1,0,19,8,19,8,,
210234,21,2020,6,14,1,10,51,239,3360,1,1,1,1,2,1,3,1,1,0,60,38.08810833,-84.75183056,9,0,0,1,1,1,0,1,1,0,10,51,10,59,,
210235,21,2020,6,16,3,12,50,43,1319,1,2,2,3,4,1,7,2,0,0,5,38.28075556,-83.08824444,12,8,0,1,1,1,0,1,1,0,12,59,13,17,15,31
210236,21,2020,6,17,4,7,50,101,0,1,2,2,2,2,1,5,1,0,0,97,37.77967778,-87.55876667,12,8,0,2,3,1,0,1,1,0,7,52,7,58,,
210237,21,2020,6,17,4,17,57,225,0,1,1,1,1,2,1,4,1,0,0,45,37.53818889,-87.96679444,59,0,0,1,1,4,0,1,1,0,17,57,18,6,,
210238,21,2020,6,1,2,20,58,179,0,1,1,1,1,2,1,5,1,0,0,302,37.89746111,-85.26891667,42,0,0,1,1,4,0,2,1,0,21,0,21,17,,
210239,21,2020,6,2,3,6,21,47,0,1,1,1,2,3,1,5,1,0,0,93,36.74393889,-87.55178056,35,0,0,1,1,4,0,4,10,0,6,26,6,39,7,1
210240,21,2020,6,3,4,9,33,175,0,1,2,2,3,3,1,4,1,0,0,17,37.96719167,-83.29998056,12,6,0,2,3,1,0,1,1,0,9,29,9,35,0,0
210241,21,2020,6,8,2,21,33,179,0,1,1,1,5,3,1,3,1,1,0,215,37.77786389,-85.47209444,1,0,0,1,1,3,0,2,1,0,21,38,21,45,22,16
210243,21,2020,6,11,5,8,49,183,0,1,1,1,2,4,1,7,2,0,0,2,37.38100833,-86.89323333,5,0,0,1,1,1,0,1,1,0,8,53,9,7,9,42
210244,21,2020,6,19,6,5,32,123,0,1,2,2,2,2,1,4,1,0,0,193,37.63253056,-85.60646667,12,6,0,1,1,1,0,1,1,0,5,3,5,19,,
210245,21,2020,6,19,6,23,6,227,0,1,2,2,2,3,1,5,1,0,0,78,37.04148333,-86.20989444,12,6,0,2,3,1,0,3,1,0,23,6,23,18,,
210246,21,2020,6,20,7,4,0,221,0,1,1,1,2,7,2,3,1,0,0,22,36.69431667,-88.03107778,42,0,0,1,1,4,0,2,1,0,4,18,4,57,4,57
210247,21,2020,6,20,7,12,1,199,0,1,2,2,4,2,1,3,1,1,0,63,36.9585,-84.58214444,12,8,0,1,1,1,0,1,1,0,12,7,12,20,12,56
210248,21,2020,6,20,7,18,26,69,0,1,3,3,6,3,1,5,1,0,0,31,38.43121667,-83.89031667,12,2,0,1,1,1,0,1,1,0,18,29,18,37,19,54
210249,21,2020,6,20,7,22,34,111,2090,1,1,1,1,5,2,7,1,0,0,17,38.22966944,-85.81840556,8,0,0,2,2,1,0,2,1,0,22,33,22,42,23,6
210250,21,2020,6,21,1,0,38,239,0,1,1,1,1,3,1,5,1,0,0,,37.96368889,-84.67556667,38,0,0,1,1,4,0,6,5,0,0,30,0,39,,
210251,21,2020,6,21,1,0,43,59,0,1,1,1,2,2,1,4,1,0,0,49,37.63841944,-87.11800556,35,0,0,1,1,4,0,2,1,0,0,55,1,37,2,10
210252,21,2020,6,11,5,18,40,239,3360,1,2,2,7,2,2,3,1,1,0,94,38.05076389,-84.71280556,12,2,0,1,1,1,0,1,1,0,18,41,18,43,19,7
210253,21,2020,6,22,2,1,17,239,0,1,1,1,1,1,1,1,1,1,0,671,38.16111111,-84.64444167,1,0,0,1,1,4,0,2,2,0,1,21,1,33,,
210254,21,2020,6,23,3,14,26,83,0,1,1,1,2,3,1,6,1,0,0,107,36.885175,-88.63698611,35,0,0,1,1,4,0,1,1,0,14,30,15,1,16,4
210255,21,2020,6,22,2,22,37,143,0,1,2,2,6,1,1,1,1,1,0,439,37.06396111,-88.04493889,12,2,0,1,1,1,0,2,10,0,22,42,22,49,23,53
210256,21,2020,6,22,2,23,50,111,2090,1,1,1,1,3,2,4,1,0,0,90,38.20171111,-85.73420556,8,0,0,1,1,1,0,3,2,0,23,50,23,57,,
210257,21,2020,6,24,4,14,49,83,1539,1,1,1,1,3,1,6,1,0,0,65,36.87669722,-88.69911389,42,0,0,1,1,4,0,1,1,0,14,50,15,1,,
210258,21,2020,6,20,7,9,23,47,0,1,1,1,2,4,1,7,2,0,0,8,36.91703611,-87.47678333,35,0,0,1,1,4,0,1,1,0,9,25,9,33,10,1
210259,21,2020,6,25,5,7,1,145,0,1,1,1,1,2,1,4,1,0,0,85,37.04172778,-88.71143056,42,0,0,1,1,4,0,1,1,0,7,4,7,14,7,34
210260,21,2020,6,25,5,23,1,47,1620,2,1,1,3,2,2,3,1,1,0,96,36.87665556,-87.50552778,32,0,0,1,1,4,0,3,1,0,23,5,23,8,23,27
210261,21,2020,6,26,6,6,28,7,0,1,2,2,3,3,1,4,1,0,0,10,36.96896111,-89.0664,12,8,0,1,1,1,0,4,1,0,6,32,6,40,7,28
210262,21,2020,6,26,6,8,1,47,0,2,3,3,3,1,1,1,1,1,0,925,36.64845833,-87.35080833,57,0,0,1,1,3,0,1,1,0,0,0,0,0,,
210263,21,2020,6,26,6,18,51,111,2090,1,1,1,1,2,1,3,1,1,0,2,38.00426389,-85.93931667,42,0,0,1,1,4,0,1,1,0,18,53,19,5,,
210264,21,2020,6,27,7,3,13,111,2090,1,3,3,4,2,2,3,1,1,0,113,38.20286111,-85.66460278,12,1,0,3,4,1,0,3,1,0,3,18,3,19,3,49
210265,21,2020,6,27,7,14,16,67,1980,1,1,1,1,3,2,2,1,1,0,2,38.04906667,-84.56337778,1,0,1,5,1,4,0,1,1,0,14,18,14,20,,
210266,21,2020,6,28,1,1,9,155,0,1,1,1,1,3,1,5,1,0,0,102,37.50086667,-85.18255833,42,0,0,1,1,4,0,2,10,0,1,11,1,24,,
210267,21,2020,6,28,1,14,52,101,0,1,1,1,1,3,1,7,1,0,0,5,37.74759167,-87.50779722,32,0,0,1,1,4,0,1,2,0,14,52,15,5,,
210268,21,2020,6,29,2,18,10,199,0,1,2,2,2,3,1,3,1,1,0,289,37.15660278,-84.47352222,12,6,0,1,1,1,0,1,2,0,18,12,18,25,18,40
210269,21,2020,6,2,3,13,11,211,2980,1,2,2,2,3,2,4,1,0,0,89,38.22680278,-85.23656944,12,2,0,1,1,1,0,1,1,0,13,15,13,22,13,40
210270,21,2020,6,13,7,17,25,39,0,1,1,1,1,3,1,6,1,0,0,24,36.80475,-89.04369444,35,0,0,1,1,4,0,1,1,0,17,27,17,40,18,20
210271,21,2020,6,18,5,13,15,221,490,1,2,2,5,2,1,3,1,1,0,241,36.87986667,-87.73803889,12,6,0,2,2,1,0,1,1,0,13,18,13,23,13,45
210272,21,2020,6,19,6,2,50,19,120,1,1,1,1,5,2,7,1,0,0,29,38.45073333,-82.66506111,30,0,0,1,1,4,0,2,1,0,2,59,2,59,,
210273,21,2020,6,22,2,12,50,31,0,1,2,2,5,2,1,5,1,0,0,164,37.28651389,-86.71964167,24,0,0,1,1,4,0,1,10,0,12,50,12,54,13,54
210274,21,2020,6,21,1,16,56,171,0,1,1,1,1,3,1,5,1,0,0,55,36.66493611,-85.73607222,24,0,0,1,1,4,0,3,1,0,16,56,17,9,,
210275,21,2020,6,25,5,19,18,7,0,1,1,1,1,4,1,7,2,0,0,4,36.95824722,-88.93800278,1,0,0,1,1,4,0,1,1,0,19,18,19,37,,
210276,21,2020,6,13,7,12,44,231,0,1,4,4,10,3,1,4,1,0,0,78,36.81904167,-84.89461944,12,1,0,8,1,1,0,1,1,0,13,19,13,24,14,37
210277,21,2020,6,17,4,5,35,81,0,1,1,1,1,4,1,7,2,0,0,3,38.69212222,-84.63485278,42,0,0,1,1,4,0,4,1,0,5,35,5,43,,
210278,21,2020,6,18,5,10,19,29,2990,3,3,3,5,3,2,4,1,0,0,0,37.97114167,-85.71009722,12,6,0,2,2,1,0,1,10,0,10,20,10,25,11,5
210279,21,2020,6,26,6,19,19,137,0,1,2,2,3,2,1,3,1,1,0,,37.51961667,-84.80615278,12,6,0,2,2,1,0,1,1,0,19,19,19,36,19,44
210281,21,2020,6,11,5,12,20,125,0,1,1,1,1,4,1,7,2,0,0,4,37.17628333,-84.00236944,35,0,0,1,1,4,0,1,1,0,12,18,12,45,13,0
210283,21,2020,2,8,7,13,44,135,0,1,1,1,2,3,1,4,1,0,0,309,38.68773333,-83.05765556,53,0,0,1,1,4,0,1,1,0,13,54,14,5,14,38
210284,21,2020,2,21,6,14,31,137,810,1,2,2,2,2,2,98,1,9,0,,37.45600833,-84.518775,12,6,0,2,2,1,0,1,1,0,,,,,,
210285,21,2020,6,24,4,20,7,235,0,1,1,1,1,1,1,1,1,1,0,0,36.59180833,-84.10496944,8,0,0,1,1,1,0,2,1,0,22,16,22,39,,
210286,21,2020,5,19,3,21,16,61,0,1,1,1,1,3,1,4,1,0,0,208,37.31624167,-86.27190278,42,0,0,1,1,4,0,2,1,0,21,16,21,18,,
210288,21,2020,6,27,7,19,0,115,2729,1,1,1,1,3,1,7,1,0,0,1,37.94218333,-82.95090556,32,0,0,1,1,4,0,1,1,0,19,0,19,20,19,45
210289,21,2020,4,9,5,15,59,205,0,2,1,1,2,2,1,5,1,0,0,112,38.21618056,-83.39384444,34,0,0,1,1,4,0,1,1,0,16,2,16,24,,
210290,21,2020,7,1,4,21,52,99,1630,1,1,1,2,1,1,1,1,1,0,578,37.20478611,-85.93699444,8,0,0,1,1,1,0,3,1,0,21,56,22,5,,
210291,21,2020,7,3,6,7,4,67,1980,1,3,3,4,2,2,3,1,1,0,14,38.06714444,-84.52560556,12,6,0,2,2,1,0,4,1,0,7,7,7,8,7,41
210292,21,2020,7,3,6,10,54,67,1980,1,1,1,2,3,2,2,1,1,0,29,38.02396667,-84.55631389,34,0,0,1,1,3,0,1,1,0,10,59,11,5,11,19
210293,21,2020,7,1,4,23,30,111,2090,1,1,1,1,2,2,3,1,1,0,80,38.17564722,-85.616575,8,0,0,1,1,1,0,2,1,0,23,30,23,33,,
210294,21,2020,7,6,2,2,55,213,0,1,1,1,1,1,1,1,1,1,0,77,36.73743611,-86.50616667,8,0,0,1,1,1,0,2,1,0,3,6,3,39,,
210295,21,2020,7,6,2,8,0,15,0,2,4,4,4,1,1,1,1,1,0,133,39.10001389,-84.82226111,12,1,0,1,1,1,0,4,2,0,8,13,8,25,9,15
210296,21,2020,7,6,2,15,29,111,2090,1,2,2,2,2,2,3,1,1,0,42,38.05000556,-85.896175,12,6,0,2,3,1,0,1,1,0,15,39,15,41,,
210297,21,2020,7,1,4,19,4,111,2090,1,2,2,2,3,2,3,1,1,0,17,38.13206111,-85.77255833,5,0,0,2,3,1,0,1,1,0,19,4,19,9,,
210298,21,2020,7,5,1,21,49,111,2090,1,3,3,3,2,2,3,1,1,0,88,38.18220833,-85.62866111,12,7,0,2,2,1,0,2,10,0,21,51,22,0,22,22
210299,21,2020,7,7,3,6,47,195,0,1,1,1,1,4,1,7,2,0,0,2,37.25746389,-82.48104167,35,0,0,1,1,4,0,2,1,0,7,24,8,7,,
210300,21,2020,7,7,3,22,10,239,0,1,1,1,1,3,1,2,1,1,0,623,37.98477778,-84.81539722,35,0,0,1,1,4,0,2,1,0,21,16,22,25,,
210301,21,2020,7,4,7,21,23,111,2090,1,1,1,1,1,2,1,1,1,0,168,38.13937222,-85.59066667,57,0,0,1,1,3,0,3,1,0,21,23,21,29,,
210302,21,2020,7,6,2,0,19,111,2090,1,4,2,2,5,2,7,1,0,0,1,38.20663333,-85.76688611,12,6,0,2,2,1,0,3,1,0,0,24,0,31,1,3
210303,21,2020,7,6,2,9,40,15,0,1,2,2,2,1,2,1,1,1,0,1750,38.91135833,-84.62823333,25,0,0,1,1,3,0,1,2,0,9,37,9,43,,
210304,21,2020,7,8,4,13,38,213,0,1,1,1,2,3,1,6,1,0,0,15,36.66204167,-86.58792778,38,0,0,1,1,4,0,1,1,0,13,42,13,58,0,0
210305,21,2020,7,8,4,14,18,49,0,1,2,2,2,4,1,7,2,0,0,33,37.96135,-84.12532778,12,6,0,1,1,1,0,1,1,0,14,19,14,28,14,50
210306,21,2020,7,8,4,14,34,101,0,1,2,2,2,2,1,4,1,0,0,82,37.75631389,-87.647,12,2,0,1,1,1,0,1,1,0,15,57,16,13,,
210307,21,2020,7,3,6,17,51,55,0,1,1,1,1,3,1,5,1,0,0,54,37.34970278,-87.98618056,32,0,0,1,1,4,0,1,1,0,17,49,18,1,18,34
210308,21,2020,7,6,2,15,25,93,1000,1,4,4,5,2,2,4,1,0,0,166,37.68116667,-85.87687778,12,8,0,1,1,1,0,1,1,0,15,27,15,32,16,8
210309,21,2020,7,9,5,1,52,199,0,1,1,1,2,3,2,4,1,0,0,19,36.98485556,-84.64126667,91,0,0,1,1,1,0,2,1,0,1,59,2,10,2,55
210310,21,2020,7,9,5,15,1,183,0,1,2,2,4,3,1,3,1,1,0,710,37.35327778,-86.90285278,12,6,0,7,1,1,0,1,1,0,15,9,15,19,16,7
210311,21,2020,7,9,5,15,34,55,0,1,1,1,1,3,1,6,1,0,0,17,37.15883333,-88.18650833,43,0,0,1,1,4,0,1,1,0,15,40,15,58,,
210312,21,2020,7,9,5,21,19,151,0,1,2,2,3,3,1,6,1,0,0,4,37.88090556,-84.33852778,12,6,0,1,1,1,0,2,1,0,21,20,21,31,,
210313,21,2020,7,9,5,21,46,17,0,2,2,2,3,3,1,5,1,0,0,26,38.35199444,-84.16743611,12,6,0,1,1,1,0,2,1,0,21,51,22,0,22,0
210314,21,2020,7,8,4,19,36,183,0,1,1,1,1,3,1,5,1,0,0,52,37.63413056,-86.75426667,59,0,0,1,1,4,0,1,1,0,19,40,19,58,,
210315,21,2020,7,10,6,16,39,183,0,1,2,2,7,1,1,1,1,1,0,542,37.51297778,-86.91681944,12,1,0,1,1,1,0,1,1,0,16,41,16,45,17,39
210316,21,2020,7,10,6,22,5,125,0,1,1,1,1,4,1,7,2,0,0,3,37.15185,-84.04963333,35,0,0,1,1,4,0,6,1,0,22,5,22,13,,
210317,21,2020,7,11,7,16,1,151,0,1,1,1,1,3,1,6,1,0,0,22,37.66283611,-84.32045278,53,0,0,1,1,4,0,1,1,0,16,3,16,11,,
210318,21,2020,7,12,1,4,20,133,0,1,1,1,1,3,1,5,1,0,0,121,37.17292222,-82.92174167,38,0,0,1,1,4,0,2,1,0,4,23,4,40,,
210319,21,2020,7,12,1,22,3,185,0,1,1,1,1,3,2,4,1,0,0,56,38.33650556,-85.43377778,35,0,0,1,1,4,0,2,1,0,22,6,22,13,,
210320,21,2020,7,7,3,18,49,59,2490,1,1,1,1,5,2,7,1,0,0,0,37.76858333,-87.14302222,31,0,0,3,3,4,0,1,1,0,18,50,18,53,19,19
210321,21,2020,7,13,2,0,18,107,0,1,1,1,1,3,1,5,1,0,0,63,37.51893889,-87.390575,42,0,0,1,1,4,0,2,5,0,5,36,5,59,,
210322,21,2020,7,10,6,23,38,59,2490,1,1,1,3,5,2,7,1,0,0,4,37.79200278,-87.17470556,42,0,0,1,1,4,0,2,1,0,23,39,23,46,0,25
210323,21,2020,7,15,4,0,34,111,2090,1,1,1,1,1,2,1,1,1,0,1311,38.19520833,-85.73306944,8,0,0,1,1,1,0,2,1,0,0,41,0,47,1,16
210324,21,2020,7,12,1,19,39,111,2090,1,1,1,2,1,2,1,1,1,0,68,38.25215556,-85.71745833,57,0,0,1,1,3,0,1,1,0,19,43,19,45,20,0
210325,21,2020,7,14,3,6,45,93,1000,1,2,2,2,2,2,4,1,0,0,148,37.67395833,-85.90598333,12,1,0,1,1,1,0,1,1,0,6,48,6,57,,
210326,21,2020,7,16,5,10,54,45,0,1,2,2,2,3,1,5,1,0,0,42,37.29405278,-85.10176389,12,6,0,2,3,1,0,1,1,0,10,40,10,52,10,52
210327,21,2020,7,16,5,14,17,199,3070,1,2,2,2,3,2,3,1,1,0,126,37.09696389,-84.56728333,12,1,0,3,2,1,0,1,1,0,14,19,14,28,,