st_case,state,year,month,day,day_week,hour,minute,county,city,fatals_crash,vehicles_total,vehicles_in_transport,persons_total,route,rural_urban,functional_system,road_owner,nhs,special_jurisdiction,milepoint,latitude,longitude,first_harmful_event,manner_collision,rel_jct_interchange,rel_jct_location,intersection_type,relation_to_road,work_zone,light_condition,weather,school_bus_related,ems_notified_hour,ems_notified_min,ems_arrival_hour,ems_arrival_min,hospital_hour,hospital_min
210642,21,2020,11,6,6,12,11,9,0,1,1,1,2,3,1,6,1,0,0,46,37.04648889,-86.01514722,42,0,0,1,1,4,0,1,1,0,12,15,12,21,12,41
210643,21,2020,11,10,3,16,31,123,0,1,1,1,1,3,1,5,1,0,0,10,37.52018333,-85.86068056,35,0,0,1,1,4,0,1,10,0,16,36,16,50,,
210644,21,2020,11,19,5,17,30,115,897,1,1,1,1,4,1,7,2,0,0,2,37.77548611,-82.86038056,32,0,0,1,1,4,0,5,10,0,17,30,17,46,,
210645,21,2020,11,25,4,6,52,193,1470,1,2,2,2,3,1,3,1,1,0,556,37.25685,-83.26185833,12,1,0,1,1,1,0,2,1,0,6,55,7,4,7,17
210646,21,2020,11,27,6,4,21,121,0,1,1,1,2,3,1,6,1,0,0,104,36.81525556,-83.82855556,11,0,0,1,1,1,0,2,5,0,4,10,4,33,5,22
210647,21,2020,11,22,1,15,44,119,2158,1,1,1,2,4,1,7,2,0,0,13,37.22118889,-82.91431111,42,0,0,1,1,4,0,1,10,0,15,45,15,45,16,32
210648,21,2020,11,25,4,13,11,143,0,1,1,1,1,1,1,1,1,1,0,734,37.10883889,-88.00515833,52,0,0,1,1,4,0,1,2,0,13,27,13,45,14,29
210649,21,2020,5,26,3,0,15,95,840,1,2,1,1,3,1,7,1,0,0,1,36.98001389,-82.98812778,14,0,0,1,1,5,0,2,1,0,1,18,1,21,1,53
210650,21,2020,6,23,3,0,38,47,1620,1,1,1,1,3,2,4,1,0,0,83,36.86233333,-87.53598333,38,0,0,1,1,4,0,3,1,0,0,48,0,55,1,24
210651,21,2020,10,28,4,4,50,83,0,1,1,1,2,3,1,7,1,0,0,3,36.76776667,-88.81048611,23,0,0,1,1,4,0,2,2,0,0,0,0,0,,
210652,21,2020,11,21,7,16,0,131,0,1,1,1,1,3,1,5,1,0,0,0,37.02490278,-83.51765,1,0,0,1,1,4,0,1,1,0,11,31,12,1,12,33
210653,21,2020,11,25,4,12,13,57,0,1,1,1,2,3,1,4,1,0,0,97,36.80626111,-85.42697778,35,0,0,1,1,4,0,1,1,0,11,11,11,11,11,11
210654,21,2020,12,1,3,4,48,125,2420,1,2,2,2,1,2,1,1,1,0,280,36.9646,-84.11380833,12,7,0,1,1,1,0,2,4,0,4,42,5,3,,
210655,21,2020,12,2,4,13,23,205,0,1,2,2,2,1,1,1,1,1,0,1471,38.27598333,-83.35603333,12,6,0,1,1,1,0,1,1,0,13,23,13,37,14,14
210656,21,2020,12,3,5,12,0,109,0,2,1,1,2,2,1,4,1,0,0,183,37.46798333,-84.03789444,35,0,0,1,1,4,0,1,10,0,11,38,11,53,12,4
210657,21,2020,12,3,5,18,46,131,1650,1,2,2,2,3,1,4,1,1,0,2,37.16033056,-83.3854,12,2,0,1,1,1,0,3,1,0,18,29,18,32,19,0
210658,21,2020,12,4,6,8,55,73,0,1,1,1,1,3,1,7,1,0,0,11,38.16198333,-84.85124722,43,0,0,1,1,4,0,1,1,0,8,52,9,1,9,36
210659,21,2020,12,5,7,14,24,213,0,1,1,1,1,3,2,6,1,0,0,5,36.74925833,-86.5825,42,0,0,1,1,4,0,1,1,0,14,28,14,33,15,15
210660,21,2020,12,6,1,18,12,185,2610,1,2,2,3,3,2,4,1,0,0,220,38.32023056,-85.492625,12,2,0,1,1,1,0,3,10,0,18,12,18,17,18,41
210661,21,2020,12,7,2,1,47,29,0,1,1,1,2,3,2,4,1,0,0,137,38.03862778,-85.66980556,42,0,0,1,1,4,0,2,10,0,1,51,1,58,2,16
210662,21,2020,12,5,7,19,16,147,0,1,1,1,1,3,1,6,1,0,0,12,36.62543889,-84.45500833,42,0,0,1,1,4,0,2,1,0,19,11,19,18,,
210663,21,2020,12,9,4,15,10,41,0,1,1,1,1,1,1,1,1,1,0,469,38.65496111,-85.07794444,24,0,0,1,1,3,0,1,1,0,15,7,15,34,,
210664,21,2020,12,10,5,0,4,117,1767,2,3,2,6,1,2,1,1,1,0,1854,39.03993333,-84.58793889,14,0,0,1,1,2,2,3,1,0,0,6,0,15,0,42
210665,21,2020,12,10,5,15,45,199,0,1,1,1,1,3,1,6,1,0,0,7,37.10507222,-84.55396667,24,0,0,1,1,4,0,1,1,0,15,47,15,54,,
210666,21,2020,12,10,5,16,34,3,0,1,2,2,2,2,1,3,1,1,0,11,36.65894167,-86.24616111,12,6,0,1,1,1,0,2,1,0,16,36,16,44,17,24
210667,21,2020,12,10,5,18,14,101,0,1,3,3,3,2,1,4,1,1,0,82,37.797175,-87.65498889,24,0,0,1,1,4,0,2,1,0,18,11,18,18,18,39
210668,21,2020,12,11,6,1,56,225,0,1,1,1,2,3,1,5,1,0,0,120,37.77366389,-87.85789167,38,0,0,1,1,4,0,2,1,0,2,0,2,20,3,34
210669,21,2020,12,11,6,15,1,163,360,1,1,1,1,5,2,7,3,0,0,5,37.96154167,-86.11990556,24,0,0,1,1,4,0,1,1,0,14,55,15,6,,
210670,21,2020,12,11,6,20,16,95,2711,2,1,1,2,3,1,7,1,0,0,60,36.91519444,-83.19663889,35,0,0,1,1,4,0,2,10,0,20,16,20,30,,
210671,21,2020,12,12,7,22,3,47,0,1,1,1,1,3,1,3,1,1,0,171,36.97252222,-87.46506667,8,0,0,1,1,1,0,2,10,0,22,4,22,15,,
210672,21,2020,12,13,1,16,30,103,517,1,2,2,3,2,1,4,1,0,0,241,38.52113611,-85.2351,12,6,0,2,3,1,0,1,10,0,16,36,16,48,17,8
210673,21,2020,12,13,1,19,40,183,0,1,1,1,1,3,1,5,1,0,0,219,37.52698056,-86.80178056,1,0,0,1,1,4,0,2,2,0,19,45,19,55,,
210674,21,2020,12,14,2,15,12,93,0,1,2,2,3,3,1,4,1,0,0,52,37.77995833,-86.00407778,12,2,0,1,1,1,0,1,1,0,15,15,15,29,15,56
210675,21,2020,12,11,6,21,36,27,0,1,1,1,1,3,1,4,1,0,0,141,37.73974167,-86.412875,32,0,0,1,1,4,0,2,1,0,21,37,21,43,22,36
210676,21,2020,12,12,7,18,52,179,170,1,2,2,3,2,2,4,1,0,0,161,37.83713611,-85.46058333,12,6,0,2,3,1,0,3,1,0,18,56,18,58,19,25
210677,21,2020,12,15,3,5,45,83,0,1,1,1,2,3,1,5,1,0,0,28,36.78664444,-88.76984444,32,0,0,1,1,4,0,2,1,0,6,7,6,22,6,51
210678,21,2020,12,15,3,5,45,145,0,1,1,1,1,3,2,3,1,0,0,41,37.04324444,-88.664675,8,0,0,3,3,1,0,2,1,0,5,49,5,51,,
210679,21,2020,12,1,3,2,26,111,2090,1,1,1,1,1,2,1,1,1,0,200,38.15289167,-85.53599444,24,0,0,1,1,3,0,2,10,0,2,26,2,37,3,31
210680,21,2020,12,16,4,21,17,67,1980,1,1,1,3,2,2,3,1,1,0,113,38.01808611,-84.46479167,8,0,0,3,2,1,0,3,10,0,21,17,21,18,21,30
210681,21,2020,12,16,4,21,59,215,0,1,1,1,2,3,1,4,1,0,0,3,38.06148056,-85.48134167,42,0,0,1,1,4,0,2,2,0,22,0,22,16,,
210682,21,2020,12,19,7,11,22,65,0,1,1,1,2,3,1,6,1,0,0,85,37.62688333,-83.99129722,35,0,0,1,1,4,0,1,10,0,11,27,11,34,12,13
210683,21,2020,12,19,7,23,42,111,2090,1,1,1,1,2,2,4,1,1,0,63,38.228266669999996,-85.71700556,42,0,0,1,1,4,0,3,2,0,23,43,23,48,0,26
210684,21,2020,12,20,1,18,26,13,0,1,1,1,1,2,1,3,1,1,0,69,36.67656944,-83.68422778,35,0,0,1,1,4,0,2,10,0,18,42,18,47,,
210685,21,2020,12,1,3,7,12,235,0,1,2,2,2,1,1,1,1,1,0,144,36.778925,-84.17007778,23,0,0,1,1,3,0,2,10,0,6,21,6,44,,
210686,21,2020,12,4,6,21,20,121,770,1,1,1,3,2,2,3,1,1,0,260,36.96280833,-84.07830278,8,0,0,1,1,1,0,2,2,0,21,20,21,24,,
210687,21,2020,12,6,1,2,2,135,0,1,1,1,1,3,1,6,1,0,0,0,38.60696944,-83.19004722,30,0,0,1,1,4,0,2,1,0,2,2,2,3,,
210688,21,2020,12,7,2,13,56,235,0,1,1,1,1,4,1,7,2,0,0,3,36.91995833,-84.25506389,30,0,0,1,1,4,0,1,10,0,13,59,14,11,14,45
210689,21,2020,12,20,1,23,8,111,2090,1,2,2,2,1,2,1,1,1,0,1,38.27537222,-85.80838889,8,0,1,20,1,1,0,2,1,0,23,9,23,14,0,5
210690,21,2020,12,22,3,20,12,99,0,1,1,1,1,2,1,5,1,0,0,81,37.24262778,-85.89251111,35,0,0,1,1,4,0,2,1,0,0,0,0,0,,
210691,21,2020,12,24,5,14,38,11,0,2,2,2,5,3,1,4,1,0,0,6,38.17128333,-83.95310278,12,2,0,1,1,1,0,1,98,0,14,35,14,57,16,22
210692,21,2020,12,26,7,20,12,157,0,1,1,1,1,4,1,7,2,0,0,19,36.86475278,-88.21366389,42,0,0,1,1,4,0,2,1,0,20,26,20,40,,
210693,21,2020,12,27,1,3,8,103,0,1,1,1,2,3,1,5,1,0,0,76,38.47746389,-85.31350556,1,0,0,1,1,4,0,2,1,0,3,10,3,25,4,26
210694,21,2020,12,27,1,19,31,111,2090,1,1,1,1,3,2,4,1,0,0,46,38.14776389,-85.69189167,8,0,0,1,1,1,0,2,10,0,19,33,19,38,20,10
210695,21,2020,12,21,2,9,9,67,1980,1,1,1,1,5,2,7,1,0,0,0,37.96873056,-84.50178611,19,0,0,1,1,5,0,1,10,0,9,11,9,15,10,2
210696,21,2020,12,28,2,18,51,15,1150,1,1,1,1,3,2,3,1,1,0,148,39.00264444,-84.65099167,8,0,0,1,1,1,0,3,1,0,18,51,18,55,19,12
210697,21,2020,12,27,1,3,50,111,2090,1,1,1,1,2,2,3,1,1,0,15,38.22740556,-85.79085278,30,0,0,1,1,4,0,3,1,0,3,51,3,57,,
210698,21,2020,12,29,3,18,20,111,2090,1,2,2,3,1,2,1,1,1,0,330,38.30210556,-85.55600556,8,0,0,1,1,1,0,3,1,0,18,21,18,28,,
210699,21,2020,12,4,6,18,15,111,3010,1,1,1,1,2,2,3,1,1,0,153,38.19203333,-85.80803333,30,0,0,3,7,4,0,1,1,0,18,18,18,18,,
210700,21,2020,12,18,6,4,10,111,3010,1,2,2,2,3,2,4,1,0,0,87,38.19901111,-85.79699722,12,2,0,1,1,1,0,3,10,0,4,10,4,15,4,36
210701,21,2020,12,21,2,18,16,125,0,1,1,1,1,3,2,6,1,0,0,17,36.95609722,-84.09273611,5,0,0,1,1,1,0,2,1,0,18,10,18,20,20,30
210702,21,2020,12,18,6,23,39,161,0,1,3,2,4,3,1,6,1,0,0,44,38.67185556,-83.82151667,12,8,0,1,1,1,0,2,1,0,23,41,23,49,0,24
210703,21,2020,12,29,3,16,23,155,1910,1,1,1,1,5,2,7,1,0,0,0,37.57283889,-85.25275278,8,0,0,3,3,1,0,1,1,0,16,24,16,27,16,40
210704,21,2020,12,30,4,1,54,111,2090,1,1,1,1,5,2,7,3,0,0,110,38.24036944,-85.77778056,8,0,0,3,3,1,0,3,1,0,1,54,2,0,,
210705,21,2020,12,31,5,0,34,183,0,1,1,1,1,2,1,5,1,0,0,152,37.434525,-86.80251944,35,0,0,1,1,4,0,2,2,0,0,37,0,42,,
210706,21,2020,12,11,6,5,21,209,0,1,2,2,2,2,1,4,1,0,0,0,38.129975,-84.62231389,12,2,0,1,1,1,0,2,1,0,0,0,0,0,0,0
210707,21,2020,12,21,2,16,36,75,1270,1,1,1,1,2,1,5,1,0,0,5,36.51014722,-88.89265,53,0,0,1,1,4,0,1,1,0,16,36,16,40,17,10
210708,21,2020,12,31,5,14,28,113,2410,1,3,3,3,2,2,4,1,1,0,110,37.90648056,-84.561775,12,1,0,1,1,1,0,1,10,0,14,30,14,32,15,10
210709,21,2020,12,31,5,23,32,27,0,1,1,1,1,4,1,7,2,0,0,3,37.81345556,-86.61089444,42,0,0,1,1,4,0,2,1,0,23,32,23,52,,
210710,21,2020,12,16,4,19,50,111,2090,1,1,1,1,3,2,4,1,0,0,11,38.19744722,-85.62514444,8,0,0,1,1,1,0,2,2,0,19,50,19,57,20,26
210711,21,2020,12,8,3,14,20,123,0,1,1,1,1,3,1,6,1,0,0,7,37.43336667,-85.73984444,35,0,0,1,1,4,0,1,10,0,14,23,14,35,,
210712,21,2020,12,29,3,13,31,51,0,1,1,1,1,4,1,7,2,0,0,7,37.12828611,-83.79688611,35,0,0,1,1,4,0,1,1,0,13,33,13,38,,
210713,21,2020,11,5,5,7,53,193,1470,1,2,2,3,3,2,3,1,1,0,586,37.28286667,-83.22461667,12,6,0,2,2,1,0,1,1,0,7,53,8,0,8,14
210714,21,2020,11,21,7,21,19,147,3225,2,1,1,2,3,1,6,1,0,0,48,36.62128333,-84.39916944,11,0,0,1,1,1,0,2,1,0,21,19,21,29,21,53
210715,21,2020,10,30,6,11,40,89,2800,1,1,1,1,3,2,6,1,0,0,2,38.52654167,-82.68953611,23,0,0,1,1,4,0,1,10,0,11,40,11,48,13,0
210716,21,2020,12,7,2,7,2,195,2640,1,2,2,2,2,2,3,1,1,0,257,37.49562222,-82.53121389,24,0,0,1,1,4,0,2,10,0,7,4,7,9,,
210717,21,2020,11,10,3,14,29,125,0,1,2,2,2,3,1,4,1,0,0,56,37.21641667,-84.06263611,12,6,0,2,3,1,0,1,1,0,14,29,14,40,15,45
210718,21,2020,12,5,7,2,42,151,0,1,1,1,1,3,1,3,1,1,0,56,37.89967778,-84.27075278,35,0,0,1,1,4,0,2,2,0,2,43,3,0,,
210719,21,2020,12,20,1,18,30,161,0,1,1,1,1,3,1,3,1,1,0,149,38.65051111,-83.87716667,8,0,0,1,1,1,0,2,10,0,18,30,18,41,,
210720,21,2020,11,30,2,22,6,151,2750,1,1,1,1,2,2,4,1,0,0,152,37.73094722,-84.27292778,34,0,0,1,1,4,0,2,4,0,22,8,22,21,,
210721,21,2020,12,4,6,10,37,157,0,1,1,1,1,4,1,7,2,0,0,12,36.85935278,-88.22555,32,0,0,1,1,4,0,1,10,0,10,37,10,49,11,40
210723,21,2020,11,22,1,15,58,227,0,1,1,1,1,3,1,6,1,0,0,10,36.87253611,-86.33716944,53,0,0,1,1,4,0,1,10,0,15,56,16,10,16,48
210724,21,2020,8,8,7,18,37,75,1530,1,1,1,1,3,1,4,1,0,0,132,36.57083611,-89.173325,93,0,0,1,1,4,0,1,1,0,18,40,18,44,,
220001,22,2020,1,1,4,15,14,17,2130,1,2,2,3,6,2,7,4,0,0,,32.49993056,-93.79488611,12,6,0,1,1,1,0,1,10,0,15,13,15,14,15,37
220002,22,2020,1,1,4,20,30,11,,1,1,1,1,3,1,5,1,0,0,147,30.64077778,-93.36855556,34,0,0,3,3,4,0,2,2,0,20,28,20,53,21,55
220003,22,2020,1,3,6,1,15,79,,2,1,1,2,2,1,4,1,0,0,395,30.99171389,-92.219625,30,0,0,1,1,4,0,2,10,0,1,32,1,50,2,14
220004,22,2020,1,4,7,18,53,53,,1,1,1,1,2,1,3,1,1,0,73,30.32327222,-92.94096667,8,0,0,1,1,1,0,2,1,0,18,55,19,15,,
220005,22,2020,1,6,2,23,50,79,,1,1,1,1,3,1,6,1,0,0,5,31.34944167,-92.32491389,30,0,0,1,1,4,0,2,1,0,23,53,0,3,,
220006,22,2020,1,9,5,4,3,19,1250,1,1,1,1,6,2,7,4,0,0,,30.22763333,-93.15418611,8,0,0,1,1,1,0,2,1,0,4,3,4,10,,
220007,22,2020,1,10,6,15,15,33,,1,1,1,1,2,2,3,1,1,0,1746,30.5078,-91.1829,52,0,0,1,1,3,0,1,1,0,15,22,15,27,,
220008,22,2020,1,11,7,17,15,121,,1,1,1,1,3,1,6,1,0,0,46,30.3881,-91.3116,34,0,0,1,1,4,0,1,1,0,17,15,17,24,17,49
220009,22,2020,1,13,2,1,20,117,,1,1,1,1,3,1,6,1,0,0,1030,30.67564444,-90.00461389,31,0,0,1,1,4,0,2,2,0,1,25,1,44,,
220010,22,2020,1,18,7,0,1,63,,1,1,1,1,3,1,5,1,0,0,213,30.26896667,-90.73381389,42,0,0,1,1,4,0,2,1,0,,,,,,
220011,22,2020,1,18,7,19,0,69,,1,1,1,1,3,1,5,1,0,0,82,32.07645278,-93.10348889,32,0,0,1,1,4,0,2,1,0,19,6,19,25,,
220012,22,2020,1,19,1,17,0,111,,1,1,1,2,3,1,5,1,0,0,338,32.88224444,-92.27246667,42,0,0,1,1,4,0,2,1,0,17,2,17,39,18,11
220013,22,2020,1,10,6,23,0,47,960,1,1,1,3,1,2,1,1,1,0,,,,8,0,0,1,1,1,0,2,1,0,23,0,23,9,,
220014,22,2020,1,28,3,23,27,103,,1,1,1,1,3,1,4,1,0,0,111,30.51406944,-90.05326111,8,0,0,1,1,1,0,2,10,0,23,30,23,34,0,0
220015,22,2020,1,30,5,18,5,57,,1,1,1,1,3,1,4,1,0,0,442,29.52293056,-90.3349,8,0,0,3,2,1,0,3,1,0,18,8,18,14,,
220016,22,2020,1,30,5,22,37,73,,1,1,1,1,2,2,3,1,1,0,1193,32.51488611,-92.18100556,33,0,0,1,1,4,0,2,2,0,22,24,22,42,,
220017,22,2020,2,2,1,17,55,33,150,1,1,1,1,6,2,7,4,0,0,,30.44952222,-91.03293889,8,0,0,1,1,1,0,3,1,0,18,1,18,10,,
220018,22,2020,1,23,5,18,56,61,885,1,1,1,1,2,2,4,1,0,0,873,32.50780278,-92.69705,8,0,0,1,1,1,0,2,1,0,18,53,18,56,,
220019,22,2020,1,20,2,23,37,11,590,1,1,1,1,3,2,4,1,1,0,1302,30.81863333,-93.29757222,34,0,0,1,1,4,0,2,1,0,23,40,23,44,,
220020,22,2020,2,3,2,9,30,61,,1,1,1,1,3,1,5,1,0,0,13,32.53260278,-92.756675,7,0,0,1,1,4,0,1,1,0,9,46,9,59,,
220021,22,2020,1,27,2,23,20,41,2450,1,1,1,1,5,2,7,3,0,0,0,32.15453889,-91.72771944,8,0,0,1,1,1,0,2,1,0,23,19,23,28,,
220023,22,2020,2,14,6,22,35,17,2130,1,1,1,1,6,2,7,4,0,0,,32.40751111,-93.8282,42,0,0,1,1,4,0,2,10,0,,,,,,
220024,22,2020,2,16,1,19,12,73,,1,1,1,1,3,2,4,1,0,0,5,32.5448,-92.2377,8,0,0,1,1,1,0,2,1,0,19,9,19,22,,
220025,22,2020,2,18,3,7,45,125,,1,1,1,1,3,1,5,1,0,0,55,30.97331944,-91.511425,34,0,0,1,1,4,0,1,5,0,14,57,15,11,,
220026,22,2020,2,22,7,0,17,111,,1,1,1,1,2,1,3,1,1,0,174,32.779425,-92.655075,35,0,0,1,1,3,0,2,1,0,,,,,,
220027,22,2020,2,6,5,21,23,51,,1,1,1,1,6,2,7,4,0,0,,29.85985556,-90.11001389,8,0,0,2,4,1,0,3,1,0,,,,,,
220028,22,2020,2,14,6,23,7,5,610,1,1,1,2,3,2,3,1,1,0,1175,30.101475,-90.99497778,8,0,0,1,1,1,0,2,1,0,23,15,23,18,23,59
220029,22,2020,2,15,7,20,53,9,1430,1,1,1,1,5,2,7,3,0,0,,31.05666111,-92.05275,8,0,0,1,1,1,0,2,10,0,20,54,21,7,,
220030,22,2020,2,15,7,12,30,17,2130,1,1,1,1,1,2,2,4,1,0,2071,32.49856667,-93.75990278,5,0,0,5,1,1,0,1,10,0,,,,,,
220031,22,2020,2,20,5,16,29,19,1250,1,1,1,1,6,2,7,4,0,0,,30.21021944,-93.20150833,5,0,0,1,1,1,0,1,2,0,16,29,16,39,16,52
220032,22,2020,3,1,1,3,50,41,,1,1,1,1,4,1,7,2,0,0,0,32.19318056,-91.69741111,35,0,0,1,1,8,0,2,1,0,3,20,4,2,,
220033,22,2020,2,29,7,19,9,17,2130,1,1,1,1,6,2,7,4,0,0,0,32.58224444,-93.80308056,8,0,0,1,1,1,0,2,1,0,19,8,19,19,19,30
220034,22,2020,3,2,2,18,46,105,980,1,1,1,1,1,2,1,1,1,0,398,30.47885833,-90.46403056,42,0,0,1,1,4,0,2,1,0,18,46,18,46,19,16
220035,22,2020,1,2,5,17,55,33,150,1,1,1,1,2,2,3,1,1,0,782,30.494675,-91.12564167,8,0,0,1,1,1,0,3,10,0,,,,,,
220036,22,2020,2,15,7,23,7,19,,1,1,1,1,3,1,5,1,0,0,85,30.2804,-93.65166111,34,0,0,1,1,4,0,2,2,0,23,11,23,36,,
220037,22,2020,2,17,2,0,45,69,1650,1,1,1,1,3,2,5,1,0,0,130,31.75171111,-93.05222222,35,0,0,1,1,4,0,2,1,0,0,54,0,57,1,10
220038,22,2020,2,16,1,20,22,51,1190,1,2,2,2,2,2,3,1,1,0,94,29.97985,-90.24477222,12,6,0,2,2,1,0,3,1,0,20,22,20,27,21,5
220039,22,2020,2,22,7,6,29,77,0,2,1,1,2,2,2,3,1,1,0,1407,30.55155556,-91.73138056,1,0,0,1,1,4,0,2,1,0,6,31,6,55,,
220040,22,2020,2,23,1,14,17,5,,1,1,1,1,3,1,5,1,0,0,28,30.24774167,-90.87399167,9,0,0,1,1,1,0,1,10,0,14,26,14,37,,
220041,22,2020,3,8,1,3,43,51,,1,1,1,1,7,1,3,3,0,0,,29.88121389,-90.02396667,33,0,0,1,1,3,0,3,1,0,3,3,3,55,,
220042,22,2020,2,20,5,22,47,27,1020,1,1,1,1,5,2,7,3,0,0,0,32.96156944,-93.12263056,42,0,0,1,1,4,0,2,10,0,22,47,23,7,,
220043,22,2020,3,5,5,19,58,73,1560,1,1,1,1,6,2,7,4,0,0,,32.51226944,-92.07525,8,0,0,1,1,1,0,3,1,0,19,58,20,2,,
220044,22,2020,3,6,6,16,18,33,,1,1,1,3,4,2,7,2,0,0,,30.41482222,-91.00963889,23,0,0,1,1,4,0,1,1,0,16,18,16,20,17,12
220045,22,2020,3,12,5,19,34,55,1230,1,1,1,3,3,2,6,1,0,0,114,30.21703056,-91.99263056,9,0,0,1,1,1,0,3,1,0,19,34,19,37,20,0
220046,22,2020,3,14,7,2,24,67,,1,1,1,1,4,2,7,2,0,0,,32.76849722,-91.85126389,35,0,0,1,1,4,0,2,10,0,2,24,2,31,,
220047,22,2020,3,15,1,23,37,33,150,1,1,1,2,1,2,1,1,1,0,63,30.51603056,-91.15979167,42,0,0,1,1,4,0,3,1,0,,,,,,
220048,22,2020,3,13,6,1,47,19,,1,1,1,1,6,2,7,4,0,0,,30.27161667,-93.24131389,53,0,0,3,4,4,0,2,1,0,1,49,1,58,2,24
220049,22,2020,3,20,6,17,30,83,,1,1,1,3,2,1,5,1,0,0,1557,32.46501111,-91.59408889,42,0,0,1,1,4,0,1,2,0,17,32,17,46,18,7
220050,22,2020,3,5,5,8,20,45,,1,3,3,4,2,1,3,1,1,0,1305,29.96615833,-91.83599722,12,6,1,2,2,1,0,1,1,0,8,22,8,30,9,10
220052,22,2020,1,4,7,13,13,33,150,1,2,2,2,3,2,3,1,1,0,26,30.48986667,-91.07440278,12,2,0,2,98,1,0,1,1,0,13,14,13,21,,
220053,22,2020,1,8,4,2,6,19,1250,1,2,2,3,2,2,3,1,1,0,0,30.23491944,-93.18037222,12,6,0,2,2,1,0,3,1,0,2,6,2,7,2,36
220054,22,2020,1,16,5,16,0,73,,2,2,2,3,2,1,5,1,0,0,1090,32.51252778,-92.34735833,12,2,0,1,1,1,0,1,10,0,16,2,16,14,16,55
220055,22,2020,1,19,1,19,7,17,2130,1,2,2,3,3,2,3,1,1,0,32,32.44343889,-93.71843056,12,6,0,2,2,1,0,3,1,0,19,5,19,7,19,29
220056,22,2020,1,11,7,13,43,99,250,1,1,1,1,5,2,7,3,0,0,,30.26491944,-91.90489722,32,0,0,3,2,4,0,1,1,0,13,43,13,58,,
220057,22,2020,1,17,6,21,47,103,,2,3,3,9,1,2,1,1,1,0,839,30.31036944,-89.77053056,12,1,1,18,1,1,0,2,1,0,21,48,21,58,22,27
220058,22,2020,2,8,7,18,41,99,,1,2,2,4,3,1,4,1,0,0,119,30.17078056,-91.8195,12,2,0,1,1,1,0,2,1,0,18,46,18,51,19,54
220059,22,2020,2,11,3,18,7,9,,1,1,1,1,3,1,6,1,0,0,68,31.20325833,-92.02975556,53,0,0,1,1,4,0,2,10,0,17,59,18,13,19,16
220060,22,2020,2,18,3,16,50,103,0,2,3,3,10,2,2,3,1,1,0,2679,30.30196944,-89.83339722,12,9,0,3,3,1,0,1,1,0,17,16,17,21,19,10
220061,22,2020,2,25,3,16,16,115,,1,2,2,3,4,1,7,2,0,0,,31.05573889,-93.24926944,12,2,0,1,1,1,0,1,1,0,16,44,17,10,17,53
220062,22,2020,1,28,3,3,40,63,,1,2,2,2,3,2,4,1,0,0,60,30.43840833,-90.86004444,12,2,0,1,1,1,0,2,1,0,3,42,3,48,4,28
220063,22,2020,2,24,2,11,50,95,,2,2,2,5,1,1,1,1,1,0,2052,30.10838889,-90.5177,12,7,0,1,1,1,0,1,10,0,11,55,12,29,12,56
220064,22,2020,2,7,6,21,49,7,1809,1,1,1,1,3,1,7,1,0,0,13,29.97858611,-91.06133056,34,0,0,1,1,4,0,2,1,0,21,54,21,58,,
220065,22,2020,2,9,1,20,23,15,,1,1,1,2,2,2,4,1,0,0,321,32.55610278,-93.55901944,8,0,0,1,1,1,0,2,1,0,20,23,20,27,20,47
220066,22,2020,1,19,1,18,14,97,0,1,2,2,2,3,1,6,1,0,0,27,30.40048333,-92.15900833,12,6,0,2,2,1,0,2,1,0,18,40,18,50,19,42
220067,22,2020,2,11,3,17,5,69,,1,2,2,2,3,1,3,1,1,0,,31.70698889,-93.28090833,12,6,0,1,1,1,0,5,2,0,17,8,17,17,18,0
220068,22,2020,1,25,7,17,29,33,150,2,2,2,2,6,2,7,4,0,0,0,30.46758056,-91.11993056,12,7,0,1,1,1,0,1,1,0,,,,,,
220069,22,2020,1,14,3,11,45,17,2130,1,2,2,2,6,2,7,4,0,0,,32.41256389,-93.8146,12,1,1,2,2,1,0,1,1,0,11,46,11,51,12,8
220070,22,2020,1,30,5,12,26,51,1190,1,2,2,2,6,2,7,4,0,0,0,30.01874444,-90.22653889,12,7,0,1,1,1,0,1,1,0,12,32,12,37,13,8
220071,22,2020,2,24,2,11,35,69,,1,2,2,2,3,1,5,1,0,0,283,31.88953333,-93.34731667,12,6,0,1,1,1,0,1,1,0,11,38,12,2,12,38
220072,22,2020,1,1,4,6,35,5,,1,2,2,2,3,2,5,1,0,0,107,30.16756111,-90.91920556,12,1,0,1,1,1,0,4,1,0,6,41,6,53,7,10
220073,22,2020,1,3,6,11,14,57,,1,2,2,2,3,2,4,1,1,0,70,29.4541,-90.31710833,12,6,0,2,2,1,0,1,2,0,11,18,11,21,,
220074,22,2020,1,5,1,12,10,97,,2,2,2,3,3,1,6,1,0,0,32,30.56341944,-92.21118889,12,2,0,1,1,1,0,1,1,0,12,16,12,39,13,53
220075,22,2020,1,7,3,8,32,91,,1,2,2,3,3,1,5,1,0,0,264,30.76244444,-90.6513,12,6,0,2,2,1,0,1,1,0,8,34,8,47,9,36