st_case,state,year,month,day,day_week,hour,minute,county,city,fatals_crash,vehicles_total,vehicles_in_transport,persons_total,route,rural_urban,functional_system,road_owner,nhs,special_jurisdiction,milepoint,latitude,longitude,first_harmful_event,manner_collision,rel_jct_interchange,rel_jct_location,intersection_type,relation_to_road,work_zone,light_condition,weather,school_bus_related,ems_notified_hour,ems_notified_min,ems_arrival_hour,ems_arrival_min,hospital_hour,hospital_min
220714,22,2020,10,2,6,14,0,11,,1,2,2,3,2,1,3,1,1,0,227,30.548525,-93.23234167,12,1,0,1,1,1,0,1,1,0,14,7,14,10,,
220715,22,2020,10,31,7,2,52,63,,1,1,1,2,3,1,5,1,0,0,201,30.60319167,-90.79451944,32,0,0,1,1,4,0,2,1,0,3,0,3,17,,
220716,22,2020,11,2,2,12,35,17,,1,2,2,3,3,1,4,1,0,0,4062,32.68815,-93.93340833,12,6,0,2,4,1,0,1,1,0,12,35,12,40,13,45
220718,22,2020,11,19,5,23,15,57,,1,1,1,2,3,1,5,1,0,0,777,29.44650278,-90.30186389,30,0,0,1,1,4,0,3,1,0,23,14,23,22,23,59
220719,22,2020,12,4,6,16,0,45,,1,2,2,2,3,2,5,1,0,0,53,30.06158611,-91.88173056,12,6,0,2,3,1,0,1,1,1,16,3,16,12,,
220720,22,2020,12,9,4,22,27,33,,1,1,1,1,3,2,3,1,1,0,82,30.33610833,-91.13564722,32,0,0,3,2,4,0,1,1,0,22,32,22,33,,
220721,22,2020,12,18,6,4,0,33,,1,1,1,1,3,2,4,1,0,0,0,30.64670833,-91.23678611,42,0,0,1,1,4,0,2,1,0,4,7,4,20,4,27
220722,22,2020,12,19,7,2,35,63,,1,1,1,1,3,1,5,1,0,0,198,30.60251111,-90.78983611,31,0,0,1,1,4,1,2,10,0,,,,,,
220724,22,2020,12,23,4,18,58,9,,1,2,2,3,3,2,5,1,0,0,379,31.14161667,-92.06448611,12,2,0,2,2,1,0,2,10,0,19,3,19,15,19,25
220725,22,2020,12,28,2,23,30,33,,1,1,1,1,2,2,3,1,1,0,872,30.58160278,-91.21365,1,0,0,1,1,4,0,2,2,0,11,40,11,51,,
220726,22,2020,12,31,5,17,20,127,,1,1,1,1,3,1,5,1,0,0,99,31.76833333,-92.79158333,42,0,0,1,1,4,0,2,2,0,17,24,17,43,,
220727,22,2020,10,11,1,22,36,33,150,1,1,1,1,1,2,1,1,1,0,75,30.44393889,-91.00165833,38,0,0,1,1,4,0,3,1,0,22,36,22,40,,
220728,22,2020,10,11,1,11,6,105,980,1,2,2,7,6,1,7,2,0,0,0,30.53373333,-90.52946389,12,6,0,3,3,1,0,1,1,0,11,8,11,16,11,59
220729,22,2020,11,13,6,22,53,33,,1,1,1,1,3,2,3,1,1,0,26,30.38533056,-91.064175,8,0,0,1,1,1,0,2,1,0,22,54,23,0,,
220730,22,2020,12,31,5,22,55,105,,1,1,1,1,1,2,1,1,1,0,339,30.54011111,-90.5038,8,0,0,1,1,1,0,2,2,0,22,58,23,4,23,50
220731,22,2020,12,11,6,17,40,103,,1,2,2,2,3,1,4,1,0,0,25,30.53163889,-90.12991944,12,6,0,2,3,1,0,2,1,0,17,46,17,55,18,16
220732,22,2020,9,26,7,23,25,71,1690,1,2,2,3,2,2,3,1,1,0,2640,30.00612778,-90.03409722,12,6,0,2,2,1,0,3,1,0,23,25,23,30,23,55
220733,22,2020,12,31,5,10,28,51,2420,1,3,3,5,2,2,3,1,1,0,12,29.90968889,-90.16528889,12,6,0,2,3,1,0,1,1,0,10,30,10,36,,
220735,22,2020,12,29,3,3,36,13,,1,1,1,1,1,1,1,1,1,0,555,32.56204167,-93.150975,24,0,0,1,1,3,0,2,1,0,3,47,3,52,,
220736,22,2020,12,11,6,18,0,79,40,1,1,1,1,1,2,1,1,1,0,850,31.30085833,-92.44563889,8,0,0,1,1,1,0,3,1,0,17,46,17,48,,
220737,22,2020,12,25,6,15,37,45,1680,1,1,1,1,6,2,7,4,0,0,0,29.99560833,-91.82996944,8,0,0,1,1,1,0,1,1,0,15,38,15,44,15,56
220738,22,2020,9,4,6,4,0,71,1690,1,1,1,1,6,2,6,2,0,0,0,30.02147778,-90.00558056,44,0,0,2,3,1,0,3,1,0,3,52,3,58,4,16
220739,22,2020,10,8,5,0,57,19,580,1,1,1,1,6,2,7,4,0,0,0,30.45133611,-93.42721667,42,0,0,1,1,4,0,3,10,0,0,58,1,6,,
220740,22,2020,11,4,4,12,10,31,,2,2,2,2,3,1,5,1,0,0,336,31.9891,-93.63039722,12,2,0,1,1,1,0,1,1,0,12,18,12,27,,
220741,22,2020,11,8,1,15,55,63,0,1,2,2,2,3,1,5,1,0,0,335,30.39250833,-90.76062222,12,6,0,8,1,1,0,1,1,0,15,57,16,16,16,48
220742,22,2020,11,9,2,20,37,63,0,1,1,1,1,3,1,5,1,0,0,116,30.5965,-90.6048,8,0,0,1,1,1,0,2,1,0,20,40,21,0,,
220743,22,2020,12,3,5,10,50,109,9997,1,1,1,2,3,1,4,1,0,0,218,29.55973889,-90.79039167,38,0,0,1,1,4,0,1,1,0,10,53,11,19,11,35
220744,22,2020,12,3,5,16,47,5,1953,1,2,2,2,2,2,3,1,1,0,636,30.32460278,-90.98061111,12,6,0,8,1,1,0,1,1,0,16,59,17,13,,
220745,22,2020,12,22,3,0,28,109,1070,1,1,1,1,3,2,3,1,1,0,222,29.56488889,-90.68198611,8,0,0,1,1,2,0,3,1,0,1,12,1,18,,
220746,22,2020,12,27,1,12,0,17,2130,1,1,1,2,6,2,7,4,0,0,0,32.43700556,-93.76736667,30,0,0,3,2,4,0,1,10,0,12,30,12,35,13,0
220747,22,2020,4,19,1,9,22,109,1070,1,1,1,1,3,1,5,1,0,0,,29.46830278,-90.701725,42,0,0,1,1,4,0,1,98,0,,,,,,
220748,22,2020,9,25,6,12,35,67,0,1,1,1,1,2,1,4,1,0,0,,32.77341389,-91.82368333,34,0,0,1,1,4,0,1,1,0,12,36,12,40,13,30
220749,22,2020,11,15,1,4,7,95,1270,1,4,4,3,1,2,1,1,1,0,2076,30.10009167,-90.4805,12,6,0,1,1,1,0,2,1,0,4,8,4,43,5,42
220750,22,2020,3,4,4,18,45,43,430,1,1,1,2,3,1,5,1,0,0,772,31.52196389,-92.699775,8,0,0,1,1,1,0,6,98,0,,,,,,
220751,22,2020,12,12,7,2,49,57,1320,1,1,1,1,3,2,4,1,0,0,628,29.58960556,-90.44406667,42,0,0,1,1,4,0,2,1,0,2,57,3,7,3,58
220752,22,2020,9,2,4,15,30,41,,1,1,1,1,3,1,6,1,0,0,212,32.35846111,-91.67720833,32,0,0,1,1,4,0,1,1,0,16,3,16,16,17,21
220753,22,2020,12,24,5,19,35,3,,1,3,3,4,2,1,4,1,0,0,753,30.48193611,-92.80693889,12,1,0,1,1,1,0,2,1,0,19,36,19,48,,
220754,22,2020,1,25,7,22,43,117,0,1,1,1,1,4,1,7,2,0,0,0,30.74510833,-90.15837778,42,0,0,1,1,4,0,2,1,0,22,47,22,51,,
220755,22,2020,7,28,3,16,5,105,1200,1,1,1,1,3,1,7,1,0,0,,30.95720833,-90.51669444,53,0,0,1,1,4,0,1,1,0,16,5,16,15,,
220756,22,2020,11,17,3,21,21,33,150,1,1,1,1,6,2,7,4,0,0,0,30.44468333,-91.06937222,42,0,0,1,1,4,0,3,1,0,,,,,,
220757,22,2020,2,2,1,4,43,33,150,1,1,1,1,2,2,3,1,1,0,774,30.48549167,-91.11910556,8,0,0,1,1,1,0,3,1,0,,,,,,
220758,22,2020,10,25,1,23,0,105,1080,1,1,1,1,4,1,7,2,0,0,0,30.65015833,-90.49178611,5,0,0,1,1,4,0,2,1,0,21,58,21,0,,
220759,22,2020,4,21,3,21,2,105,50,2,2,2,3,4,1,7,2,0,0,0,30.77103889,-90.31141944,12,1,0,2,3,1,0,3,1,0,21,3,21,27,22,3
220760,22,2020,12,24,5,13,29,71,1690,1,1,1,1,1,2,1,1,1,0,2395,30.00092778,-90.03993889,24,0,0,1,1,4,0,1,1,0,13,29,13,40,14,0
220761,22,2020,12,9,4,8,4,15,230,1,2,2,2,6,2,7,4,0,0,0,32.47798056,-93.68006389,12,6,0,2,2,1,0,1,1,0,8,6,8,12,8,41
220762,22,2020,12,7,2,9,25,47,1870,1,2,2,2,3,2,4,1,0,0,225,30.26937778,-91.24335833,12,6,0,2,2,1,0,1,10,0,9,25,9,50,,
220763,22,2020,12,4,6,17,45,59,,1,2,2,5,2,1,3,1,1,0,1273,31.86911944,-92.26363889,12,6,0,2,2,1,0,2,1,0,,,,,,
220764,22,2020,11,11,4,13,18,47,2048,1,1,1,2,3,1,5,1,0,0,94,30.44235833,-91.45190833,53,0,0,1,1,4,0,1,1,0,13,18,13,30,,
220765,22,2020,10,10,7,20,5,3,,1,1,1,1,5,1,7,3,0,0,0,30.45633889,-93.03960556,34,0,0,3,3,4,0,2,99,0,20,7,20,22,21,7
220766,22,2020,10,18,1,15,40,33,9997,1,3,3,3,3,2,3,1,1,0,82,30.54724167,-91.05358889,12,6,0,2,4,1,0,1,1,0,15,46,15,59,16,32
220767,22,2020,2,23,1,3,10,71,1690,1,1,1,4,2,2,3,1,1,0,,29.95702778,-90.08005833,8,0,0,1,1,1,0,3,1,0,3,16,3,20,3,39
220768,22,2020,11,15,1,3,20,71,1690,1,1,1,1,3,2,3,1,1,0,5,29.97460278,-90.05746389,8,0,0,3,2,1,0,2,1,0,3,34,3,44,,
220769,22,2020,12,17,5,15,30,5,870,1,2,2,6,2,2,3,1,1,0,535,30.21165556,-90.88164444,12,6,0,2,2,1,0,1,1,0,15,37,15,44,15,59
220770,22,2020,11,3,3,16,54,25,2143,2,1,1,6,2,1,3,1,1,0,290,31.84726667,-91.65604444,43,0,0,1,1,3,0,1,1,0,16,54,17,8,18,2
220771,22,2020,2,18,3,12,0,79,,1,1,1,1,4,1,7,2,0,0,0,31.38683611,-92.12390278,3,0,0,1,1,1,0,9,99,0,,,,,,
220772,22,2020,12,27,1,18,27,29,410,1,1,1,1,2,1,3,1,1,0,168,31.72064167,-91.54350556,8,0,0,1,1,1,0,2,98,0,,,,,,
220773,22,2020,3,6,6,18,38,37,420,1,1,1,1,3,1,5,1,0,0,307,30.85221111,-91.0068,8,0,0,1,1,1,0,6,98,0,,,,,,
220774,22,2020,12,28,2,23,50,83,1990,1,1,1,1,2,1,5,1,0,0,,32.47751389,-91.75369167,18,0,0,1,1,4,0,2,1,0,,,,,,
220775,22,2020,11,20,6,4,30,71,1690,1,1,1,1,4,2,4,2,0,0,0,30.01871667,-90.09504722,42,0,0,1,1,4,0,3,1,0,4,30,4,40,,
220776,22,2020,12,8,3,5,32,33,150,1,1,1,1,1,2,1,1,1,0,0,30.41811667,-91.11749444,34,0,1,19,1,4,0,4,1,0,5,34,5,46,,
220777,22,2020,12,28,2,6,30,61,885,1,2,2,3,1,2,1,1,1,0,813,32.541675,-92.71261111,12,1,1,17,1,1,0,3,1,0,6,30,6,38,,
220778,22,2020,12,7,2,2,10,51,950,1,1,1,2,2,2,2,1,1,0,92,29.91891111,-90.04440278,5,0,0,1,1,1,0,3,1,0,2,,2,,,
220779,22,2020,9,24,5,,,89,1358,1,1,1,0,2,2,3,1,1,0,2369,29.91167778,-90.35255278,8,0,0,1,1,4,0,1,98,0,,,,,,
230001,23,2020,1,14,3,16,59,19,250,1,1,1,1,2,2,3,1,1,0,38,44.7974,-68.77173611,8,0,1,3,3,1,0,3,10,0,17,0,17,6,17,16
230002,23,2020,1,23,5,17,39,19,5920,1,1,1,1,3,1,4,1,0,0,51,44.70543889,-68.82326944,8,0,0,1,1,1,0,2,10,0,17,40,17,50,,
230003,23,2020,1,26,1,17,45,17,1075,1,1,1,1,3,1,6,1,0,0,36,43.94333889,-70.97466111,17,0,0,1,1,4,0,2,1,0,,,,,,
230004,23,2020,1,28,3,16,14,9,5860,1,1,1,2,5,1,7,3,0,0,7,44.55608889,-68.69263889,35,0,0,1,1,4,0,1,1,0,16,15,16,19,,
230005,23,2020,2,28,6,15,27,5,3360,1,2,2,3,3,1,4,1,0,0,558,43.85670556,-70.37904167,12,8,0,1,1,1,0,1,1,0,15,29,15,35,16,9
230006,23,2020,2,6,5,17,34,19,4450,1,1,1,2,3,1,5,1,0,0,1939,45.40531111,-68.48756944,48,0,0,1,1,4,0,2,4,0,,,,,,
230007,23,2020,1,2,5,14,1,25,1310,1,1,1,2,6,1,7,3,0,0,22,44.79461389,-69.57866111,42,0,0,1,1,5,0,1,1,0,14,15,14,27,14,58
230008,23,2020,1,4,7,0,48,11,160,2,1,1,2,2,1,3,1,0,0,1093,44.336225,-69.67696389,35,0,0,1,1,4,0,2,1,0,0,57,1,2,,
230009,23,2020,1,3,6,13,3,29,1756,2,2,2,4,2,1,4,1,0,0,2368,44.63043889,-67.77961944,12,6,0,1,1,1,0,1,10,0,13,14,13,33,14,46
230010,23,2020,1,6,2,16,51,11,160,1,3,3,5,3,1,4,1,0,0,371,44.28752778,-69.70087778,12,1,0,1,1,1,0,2,4,0,17,3,17,15,17,48
230011,23,2020,1,5,1,21,11,29,6120,1,1,1,3,6,1,7,3,0,0,3,44.9587,-67.16088056,42,0,0,1,1,5,0,2,1,0,21,18,21,33,22,17
230012,23,2020,1,15,4,0,50,31,8905,1,1,1,1,5,2,7,3,0,0,0,43.30341389,-70.56903056,1,0,0,1,1,4,0,3,1,0,1,0,1,6,,
230013,23,2020,1,18,7,12,4,11,8901,1,2,2,3,5,1,7,3,0,0,11,44.36821667,-70.06743333,12,2,0,1,1,1,0,1,1,0,12,9,12,22,13,26
230015,23,2020,3,12,5,2,30,27,4380,1,1,1,1,3,1,5,3,0,0,267,44.33286667,-69.349775,8,0,0,1,1,1,0,2,1,0,,,,,,
230016,23,2020,3,30,2,6,42,9,705,1,1,1,1,3,1,5,1,0,0,130,44.45755833,-68.54574722,30,0,0,3,2,4,0,1,10,0,6,44,6,51,,
230017,23,2020,2,9,1,7,13,11,1740,3,1,1,5,3,1,6,1,0,0,14,44.64057778,-69.532388889999993,42,0,0,1,1,4,0,1,1,0,7,14,7,18,8,24
230018,23,2020,3,11,4,13,0,11,6600,1,2,2,3,3,2,5,1,0,0,6,44.23186667,-69.75528889,12,2,0,1,1,1,0,1,1,0,13,6,13,11,13,42
230019,23,2020,2,15,7,1,18,31,6025,1,1,1,1,3,1,4,1,0,0,366,43.80643611,-70.88775556,48,0,0,3,4,5,0,3,10,0,,,,,,
230020,23,2020,3,24,3,19,40,17,1075,1,1,1,1,3,1,5,1,0,0,488,43.91555,-70.8524,17,0,0,1,1,5,0,2,1,0,,,,,,
230021,23,2020,3,31,3,21,27,1,80,1,1,1,1,3,2,3,1,0,0,785,44.14425833,-70.22744167,42,0,0,3,3,5,0,3,1,0,21,33,21,35,21,49
230022,23,2020,3,31,3,8,37,19,4349,1,1,1,1,6,1,5,3,0,0,68,44.90720556,-69.01831667,42,0,0,1,1,4,0,1,10,0,8,39,8,45,9,21
230023,23,2020,4,12,1,16,55,5,9119,2,1,1,2,6,2,5,3,0,0,46,43.76189722,-70.43944722,30,0,0,3,3,4,0,1,1,0,16,59,17,3,17,34
230024,23,2020,4,12,1,17,30,9,2500,1,2,2,3,2,1,3,1,0,0,1877,44.54230278,-68.50718333,12,2,0,2,2,1,0,1,1,0,17,37,17,43,,
230025,23,2020,4,18,7,11,10,19,250,2,3,3,3,3,2,5,1,0,0,236,44.83162778,-68.84015278,12,2,0,2,3,1,0,1,1,0,11,12,11,18,11,36
230026,23,2020,4,22,4,8,5,31,450,1,1,1,2,3,1,4,1,0,0,12,43.27790833,-70.84817222,42,0,0,1,1,5,0,1,1,0,8,12,8,23,8,53
230027,23,2020,4,14,3,23,18,9,8080,1,1,1,2,3,1,6,1,0,0,20,44.52180556,-68.12839444,42,0,0,1,1,5,0,2,1,0,23,19,23,42,0,32
230028,23,2020,4,22,4,5,26,19,3603,1,1,1,1,1,2,1,1,1,0,1776,44.77088611,-68.8674,24,0,0,1,1,4,0,4,1,0,5,30,5,44,,
230029,23,2020,4,27,2,9,54,5,7265,1,1,1,1,3,2,5,1,0,0,501,43.56234722,-70.37164167,52,0,0,1,1,4,0,2,2,0,,,,,,
230030,23,2020,4,27,2,20,45,1,4350,1,1,1,1,1,2,1,1,1,0,2220,44.06723333,-70.14789167,24,0,0,1,1,3,0,2,10,0,20,58,21,33,,
230031,23,2020,5,2,7,12,7,5,9000,1,2,2,2,3,2,3,1,0,0,3,43.67785556,-70.37313333,12,6,0,2,3,1,0,1,1,0,12,12,12,13,,
230032,23,2020,4,28,3,16,15,5,1851,1,2,2,2,1,2,1,1,1,0,375,43.78325556,-70.19304167,12,1,1,5,1,1,0,1,10,0,16,22,16,23,16,57
230033,23,2020,2,2,1,12,57,25,7350,1,1,1,1,5,2,7,3,0,0,0,44.77313056,-69.72583056,5,0,0,1,1,1,0,1,1,0,13,0,13,4,13,20
230034,23,2020,5,9,7,0,45,9,2500,1,1,1,1,6,1,7,3,0,0,16,44.63869722,-68.58875556,58,0,0,1,1,4,0,2,10,0,0,49,1,3,,
230035,23,2020,5,23,7,13,2,19,3802,1,1,1,1,6,1,7,3,0,0,15,44.96999444,-68.91270556,42,0,0,1,1,5,0,1,1,0,13,2,13,20,,
230036,23,2020,5,29,6,2,49,1,8390,1,1,1,3,3,1,3,1,0,0,885,44.2817,-70.27200278,30,0,0,1,1,4,0,2,1,0,3,11,3,25,4,19
230037,23,2020,6,17,4,8,26,5,2700,1,2,2,2,3,1,4,1,0,0,82,43.76638056,-70.30073333,12,2,0,8,1,1,0,1,1,0,8,27,8,36,,
230038,23,2020,6,23,3,21,28,11,9997,1,1,1,1,3,1,6,1,0,0,65,,,42,0,0,1,1,4,0,2,1,0,21,26,21,46,,
230039,23,2020,6,16,3,20,4,19,850,1,2,2,3,3,2,3,1,1,0,49,44.77825833,-68.73771667,12,7,0,1,1,1,0,5,1,0,20,6,20,10,,
230040,23,2020,6,23,3,15,49,17,1970,1,1,1,1,6,1,7,3,0,0,61,43.96491667,-70.75455833,42,0,0,1,1,4,0,1,1,0,15,46,15,47,,
230041,23,2020,6,23,3,11,51,17,500,1,3,3,3,2,1,3,1,1,0,132,44.41174444,-70.79513889,12,1,0,8,1,1,0,1,1,0,12,18,12,32,13,22
230043,23,2020,7,7,3,16,15,27,400,1,3,3,6,3,1,3,1,1,0,431,44.41043611,-69.07798056,12,1,0,1,1,1,4,1,1,0,16,15,16,31,16,58
230044,23,2020,3,3,3,14,30,5,6400,1,1,1,1,6,2,7,3,0,0,6,43.65660833,-70.29695556,35,0,0,1,1,4,0,1,1,0,14,32,14,40,15,5
230045,23,2020,7,4,7,1,42,31,5750,1,1,1,1,3,2,5,1,0,0,23,43.50771944,-70.41003611,33,0,1,2,3,1,0,3,1,0,,,,,,
230046,23,2020,6,19,6,22,17,9,9997,1,2,2,3,3,1,4,1,0,0,2159,44.50374722,-68.00775833,12,2,0,1,1,1,0,2,1,0,22,15,22,40,23,27
230047,23,2020,5,7,5,7,38,5,6400,1,2,2,2,2,2,5,1,0,0,164,43.68565556,-70.25236111,12,6,1,2,2,1,0,1,1,0,7,40,7,48,,
230048,23,2020,5,17,1,19,29,31,2,1,1,1,1,6,1,6,3,0,0,30,43.46879444,-70.9255,1,0,0,1,1,5,0,1,1,0,19,31,19,41,,
230049,23,2020,5,19,3,18,41,13,8500,1,2,2,3,3,1,4,1,0,0,130,44.21290278,-69.26358056,12,6,0,2,2,1,0,1,1,0,18,41,18,51,19,25
230050,23,2020,5,21,5,10,56,17,7100,1,1,1,1,2,1,3,1,0,0,308,44.50931111,-70.58088333,9,0,0,1,1,2,0,1,1,0,10,59,11,8,,
230051,23,2020,5,27,4,11,30,7,8904,1,1,1,1,3,1,5,1,0,0,137,44.69685833,-70.42552778,1,0,0,3,10,1,0,1,1,0,11,28,11,34,,
230052,23,2020,5,27,4,21,55,31,7250,1,1,1,1,3,2,5,1,0,0,153,43.47251389,-70.80963333,30,0,0,1,1,4,0,2,1,0,21,58,22,1,,
230053,23,2020,5,27,4,22,19,31,4405,1,1,1,1,6,1,7,3,0,0,25,43.67426389,-70.72159167,42,0,0,1,1,5,0,2,1,0,22,31,22,37,,
230054,23,2020,5,16,7,13,1,31,1810,1,2,2,3,3,1,4,1,0,0,318,43.80459167,-70.79893611,12,2,0,2,3,1,0,1,1,0,13,11,13,22,14,24
230055,23,2020,5,30,7,19,5,29,8960,1,2,2,6,3,1,3,1,0,0,2573,44.94849444,-67.69580833,12,6,0,4,1,1,0,1,1,0,19,14,20,0,21,28
230056,23,2020,5,21,5,15,2,19,7930,1,2,2,2,3,1,5,1,0,0,110,44.89891667,-69.06653333,12,9,0,2,2,1,0,1,1,0,15,0,15,19,16,18
230057,23,2020,7,19,1,20,20,1,3440,1,1,1,2,2,1,4,1,0,0,840,44.21373611,-70.09753056,11,0,0,1,1,1,0,5,1,0,20,28,20,40,20,59
230058,23,2020,7,28,3,14,13,9,1200,1,1,1,1,3,1,4,1,0,0,434,44.6036,-68.81693056,8,0,0,1,1,2,0,1,10,0,14,18,14,25,15,24
230059,23,2020,7,26,1,17,25,5,6400,1,1,1,2,3,2,4,1,0,0,7,43.65931389,-70.26920833,43,0,0,1,1,6,0,1,1,0,,,,,,
230060,23,2020,6,3,4,19,37,3,5440,1,1,1,1,3,1,5,1,0,0,2612,46.12998056,-68.01161667,49,0,0,1,1,1,0,1,10,0,19,40,19,50,20,10
230061,23,2020,6,8,2,16,19,25,7350,1,2,2,2,5,1,7,3,0,0,2,44.77561667,-69.72424722,12,6,1,2,2,1,0,1,1,0,16,20,16,23,16,38
230062,23,2020,6,13,7,7,34,25,7350,1,1,1,1,5,1,7,3,0,0,3,44.73396667,-69.63148333,42,0,0,1,1,4,0,1,10,0,7,35,7,47,,
230063,23,2020,6,19,6,16,12,1,80,1,2,2,2,6,1,7,3,0,0,40,44.07775278,-70.2918,12,6,1,2,2,1,0,1,1,0,16,12,16,23,,
230065,23,2020,6,3,4,11,8,15,9400,1,2,2,2,3,1,3,1,1,0,932,43.99758611,-69.68183611,12,2,0,1,1,1,0,1,1,0,11,8,11,10,11,54
230066,23,2020,6,5,6,21,52,3,1500,1,2,2,2,2,1,3,1,1,0,4613,46.88796667,-68.01430833,12,6,1,2,2,1,0,3,1,0,21,53,21,56,,
230067,23,2020,6,23,3,16,20,5,3608,1,1,1,1,3,1,6,1,0,0,643,44.07853611,-70.66134722,1,0,0,1,1,4,0,1,1,0,16,29,16,37,,
230068,23,2020,6,22,2,6,38,19,250,1,1,1,1,6,2,7,4,0,0,10,44.81379167,-68.78430556,1,0,0,1,1,5,0,1,1,0,,,,,,
230069,23,2020,7,7,3,18,54,19,4310,1,1,1,2,5,1,7,3,0,0,14,45.20466667,-68.84216667,1,0,0,1,1,4,0,1,1,0,18,51,19,9,21,57
230070,23,2020,7,9,5,6,15,5,7265,1,1,1,1,3,2,5,1,0,0,13,43.81805556,-70.31480833,42,0,0,1,1,4,0,1,5,0,,,,,,
230071,23,2020,7,18,7,16,15,31,9800,1,2,2,2,2,1,4,1,0,0,117,43.20531667,-70.61858333,12,6,1,2,3,1,0,1,1,0,16,15,16,24,17,26
230072,23,2020,7,16,5,20,36,1,4350,1,2,2,2,3,2,3,1,1,0,915,44.09712778,-70.22226389,12,2,0,1,1,1,0,3,1,0,20,44,20,48,21,4
230073,23,2020,7,22,4,14,54,11,160,2,3,3,3,3,1,4,1,0,0,381,44.29634444,-69.72238889,12,2,0,1,1,1,0,1,1,0,,,,,,
230074,23,2020,7,11,7,15,25,9,1959,1,4,4,7,2,1,3,1,1,0,485,44.72053056,-68.6148,12,6,0,2,3,1,0,1,1,0,15,42,16,2,16,55
230075,23,2020,7,31,6,23,17,31,2,1,1,1,2,5,1,7,3,0,0,58,43.58466667,-70.920727780000007,42,0,0,1,1,4,0,2,1,0,23,22,23,28,0,32
230076,23,2020,8,7,6,21,0,29,9997,1,1,1,1,3,1,5,1,0,0,92,44.83850833,-67.57933056,1,0,0,1,1,4,0,2,1,0,,,,,,
230078,23,2020,8,10,2,15,29,3,3825,2,1,1,3,1,1,1,1,1,0,2717,45.97568889,-68.29328056,42,0,0,1,1,4,0,1,1,0,15,31,15,50,16,8
230079,23,2020,8,22,7,16,9,1,8390,1,1,1,1,5,1,7,3,0,0,9,44.23064167,-70.24366111,24,0,0,2,3,1,0,1,10,0,16,10,16,20,,
230080,23,2020,8,19,4,11,8,5,5433,1,1,1,1,3,1,4,1,0,0,638,43.94724722,-70.30271667,32,0,0,8,1,1,0,1,1,0,,,,,,
230081,23,2020,8,14,6,22,25,15,4025,2,2,2,5,3,1,4,1,0,0,26,44.25046389,-69.53751389,12,6,0,1,1,1,0,2,1,0,22,27,22,55,23,54
230082,23,2020,8,22,7,18,41,19,250,1,1,1,3,3,1,5,1,0,0,9,44.80715,-68.77729722,19,0,0,1,1,4,0,1,1,0,18,48,18,51,19,1
230083,23,2020,8,23,1,21,0,11,3150,2,2,2,4,3,2,4,1,0,0,1202,44.23343333,-69.77183333,12,2,0,1,1,1,0,3,1,0,21,0,21,3,22,57
230084,23,2020,8,26,4,5,5,31,7250,1,2,2,2,3,2,5,1,0,0,,,,12,2,0,2,2,1,0,3,10,0,5,11,5,15,,
230085,23,2020,8,21,6,21,16,15,1955,1,1,1,1,3,1,6,1,0,0,15,,,1,0,0,8,1,5,0,3,1,0,21,13,21,17,,
230086,23,2020,8,23,1,22,36,19,4060,1,1,1,1,5,1,7,3,0,0,29,44.90713889,-68.945125,11,0,0,1,1,1,0,2,1,0,22,40,22,51,,
230087,23,2020,8,28,6,17,35,1,7199,1,2,2,3,3,1,5,1,0,0,51,44.07158056,-70.08332778,12,2,0,1,1,1,0,1,1,0,,,,,,
230088,23,2020,8,19,4,9,40,31,4343,1,1,1,1,5,1,7,3,0,0,62,43.37085833,-70.96393056,42,0,0,1,1,4,0,1,1,0,9,40,9,48,,
230089,23,2020,8,15,7,23,37,5,7265,1,1,1,3,2,2,4,1,0,0,406,43.57029444,-70.38819722,5,0,0,1,1,1,0,6,1,0,23,39,23,42,0,8
230090,23,2020,8,5,4,16,7,27,400,1,1,1,1,3,1,3,1,1,0,440,44.41344722,-69.05926667,32,0,0,1,1,4,0,1,1,0,,,,,,
230091,23,2020,9,11,6,13,26,9,1200,1,1,1,1,3,1,6,1,0,0,,44.57748056,-68.79103611,25,0,0,2,3,1,4,1,1,0,13,27,13,29,,
230092,23,2020,9,16,4,23,3,29,9997,1,1,1,1,2,1,4,1,0,0,2760,44.83344722,-67.16419722,24,0,0,1,1,4,0,2,10,0,,,,,,
230093,23,2020,8,5,4,17,14,9,5344,1,3,3,4,3,1,5,1,0,0,62,44.35703333,-68.33743611,12,2,0,1,1,1,0,1,1,0,17,15,17,33,18,11
230094,23,2020,6,21,1,22,6,23,6800,1,1,1,1,1,1,1,1,1,0,471,44.14853056,-69.83925,1,0,0,1,1,2,0,2,5,0,,,,,,
230095,23,2020,8,15,7,9,56,3,5440,1,1,1,1,3,1,6,1,0,0,28,46.10086389,-67.90748056,42,0,0,1,1,4,0,1,1,0,9,55,10,1,,
230096,23,2020,9,24,5,20,15,19,9997,1,2,2,3,3,1,5,1,0,0,338,45.37025833,-68.558,12,6,0,2,2,1,0,3,1,0,,,,,,