st_case,state,year,month,day,day_week,hour,minute,county,city,fatals_crash,vehicles_total,vehicles_in_transport,persons_total,route,rural_urban,functional_system,road_owner,nhs,special_jurisdiction,milepoint,latitude,longitude,first_harmful_event,manner_collision,rel_jct_interchange,rel_jct_location,intersection_type,relation_to_road,work_zone,light_condition,weather,school_bus_related,ems_notified_hour,ems_notified_min,ems_arrival_hour,ems_arrival_min,hospital_hour,hospital_min
230097,23,2020,8,29,7,23,27,31,8905,1,1,1,1,1,1,1,1,1,0,2844,43.31988889,-70.61013889,59,0,0,1,1,4,0,2,2,0,,,,,,
230098,23,2020,8,25,3,2,24,27,9997,1,1,1,1,2,1,3,1,1,0,26,44.56101667,-68.80583056,25,0,1,2,3,1,0,2,5,0,,,,,,
230099,23,2020,9,9,4,19,30,29,4850,1,1,1,1,3,1,5,1,0,0,,44.68615833,-67.39915,9,0,0,1,1,1,0,2,5,0,,,,,,
230100,23,2020,9,11,6,12,19,5,7304,1,1,1,1,3,1,6,1,0,0,,43.88649722,-70.71314722,34,0,0,1,1,4,0,1,1,0,12,20,12,28,12,55
230101,23,2020,9,19,7,23,40,31,4750,1,1,1,1,3,1,6,1,0,0,,43.49083056,-70.63013611,32,0,0,1,1,4,0,2,1,0,,,,,,
230102,23,2020,9,17,5,15,50,27,3047,1,2,2,3,3,1,6,1,0,0,,44.48505833,-69.37720833,12,6,0,2,2,1,0,1,1,0,16,0,16,21,17,30
230103,23,2020,9,24,5,13,20,31,30,2,1,1,2,3,1,5,1,0,0,28,43.39340556,-70.48311667,42,0,0,1,1,4,0,1,1,0,,,,,,
230104,23,2020,9,26,7,12,37,31,9800,1,2,2,5,3,2,5,1,0,0,,43.20746667,-70.59018056,12,2,0,8,1,1,0,1,1,0,,,,,,
230105,23,2020,10,10,7,22,31,31,3710,1,1,1,1,5,1,6,3,0,0,23,43.65190556,-70.64832778,42,0,0,1,1,4,0,2,2,0,22,32,22,36,,
230106,23,2020,10,6,3,13,20,9,300,1,3,3,4,3,1,5,1,0,0,13,44.40594722,-68.34628611,12,11,0,3,3,1,0,1,1,0,15,36,16,2,16,50
230107,23,2020,8,18,3,23,6,27,8830,1,1,1,1,3,1,6,1,0,0,514,44.49128889,-69.09951667,11,0,1,2,2,1,0,2,1,0,23,7,23,24,0,10
230108,23,2020,6,14,1,0,30,19,,1,1,1,1,5,1,7,3,0,0,25,,,35,0,0,1,1,4,0,2,1,0,,,,,,
230109,23,2020,6,2,3,21,30,3,2900,1,1,1,1,5,1,7,3,0,0,12,47.22718056,-68.45676111,34,0,0,1,1,4,0,2,1,0,,,,,,
230110,23,2020,8,6,5,9,30,13,8890,1,4,4,6,2,1,3,1,1,0,1166,44.12018889,-69.28988056,12,6,0,1,1,1,0,1,1,0,9,33,9,40,10,17
230111,23,2020,8,13,5,16,20,3,5850,1,1,1,1,2,1,5,1,0,0,3802,45.79445833,-67.85290833,42,0,0,1,1,6,0,1,1,0,,,,,,
230112,23,2020,10,2,6,15,1,11,7344,1,1,1,1,1,1,1,1,1,0,1149,44.39996667,-69.75275,42,0,0,1,1,3,0,1,2,0,15,5,15,11,,
230113,23,2020,9,26,7,9,22,19,250,1,1,1,1,1,2,1,1,1,0,,44.82954444,-68.74430556,42,0,1,5,1,4,0,1,1,0,9,25,9,30,,
230114,23,2020,10,10,7,15,23,19,1805,1,2,2,3,3,1,4,1,0,0,399,44.90778889,-69.26469722,12,6,0,8,1,1,0,1,1,0,15,19,15,32,,
230115,23,2020,9,5,7,2,13,25,5967,1,1,1,7,3,1,5,1,0,0,7,44.87790833,-69.44354444,42,0,0,1,1,4,0,2,1,0,2,30,2,50,3,28
230116,23,2020,10,10,7,13,35,11,8901,1,2,2,3,3,1,4,1,0,0,90,44.37401111,-70.09643056,12,6,0,2,3,1,0,1,10,0,13,38,14,0,,
230117,23,2020,10,22,5,23,44,31,4750,1,1,1,1,5,1,7,3,0,0,11,43.52175,-70.62549722,42,0,0,1,1,4,0,2,1,0,23,43,23,48,0,20
230118,23,2020,9,30,4,14,50,9,1200,1,2,2,2,3,1,5,1,0,0,94,44.58408611,-68.74864167,1,0,0,1,1,1,0,1,1,0,14,48,15,1,15,29
230119,23,2020,10,15,5,18,55,27,9220,1,1,1,1,3,1,5,1,0,0,281,44.6293,-68.93903056,53,0,0,1,1,4,0,2,1,0,18,58,19,12,,
230120,23,2020,11,7,7,2,40,31,4750,1,1,1,1,3,1,5,1,0,0,117,43.47663611,-70.60385833,1,0,0,1,1,4,0,2,1,0,2,41,2,50,3,2
230121,23,2020,10,6,3,23,51,27,8154,1,1,1,1,3,1,5,1,0,0,62,44.52048333,-68.99816111,19,0,0,1,1,4,0,2,1,0,,,,,,
230122,23,2020,11,2,2,9,12,13,8200,2,4,4,5,2,1,3,1,1,0,1223,44.07723056,-69.20453611,12,11,0,1,1,1,0,1,10,0,9,17,9,23,10,6
230123,23,2020,11,16,2,5,56,29,1833,1,2,2,2,3,1,3,1,1,0,2657,44.99837778,-67.56663056,12,8,0,1,1,1,0,2,10,0,6,0,6,20,,
230124,23,2020,11,17,3,17,18,25,5480,1,2,2,3,3,1,4,1,0,0,580,44.70771944,-69.77503333,12,2,0,1,1,1,0,2,1,0,17,19,17,29,18,11
230125,23,2020,12,5,7,14,42,19,9997,1,1,1,1,5,1,6,3,0,0,85,45.72222222,-68.58896944,1,0,0,1,1,4,0,1,4,0,14,43,15,5,20,45
230126,23,2020,12,10,5,5,47,9,300,1,1,1,1,3,1,5,1,0,0,1055,44.36606667,-68.19748889,8,0,0,8,1,1,0,4,10,0,5,57,6,11,6,26
230127,23,2020,11,25,4,10,26,11,8900,2,1,1,2,1,1,1,1,1,0,1257,44.54513056,-69.67974722,24,0,0,1,1,4,0,1,4,0,,,,,,
230128,23,2020,9,8,3,15,21,5,6400,1,2,2,2,3,2,5,1,0,0,,43.70165,-70.28901944,12,6,0,2,2,1,0,1,1,0,15,22,15,25,15,46
230129,23,2020,8,25,3,17,31,15,11,1,1,1,1,3,1,5,1,0,0,44,44.05758056,-69.62175,18,0,0,1,1,1,1,1,10,0,17,43,17,44,18,12
230130,23,2020,11,16,2,12,9,31,1223,1,3,3,3,2,1,3,1,1,0,348,43.6272,-70.51421667,12,1,0,2,3,1,0,1,10,0,12,17,12,25,13,21
230131,23,2020,12,26,7,15,28,27,4001,1,1,1,2,3,1,5,1,0,0,134,44.58348333,-69.13639444,34,0,0,1,1,4,0,1,1,0,15,31,15,45,16,29
230132,23,2020,10,27,3,18,9,21,9997,1,3,3,5,3,1,5,1,0,0,0,45.5639,-69.69998056,11,0,0,1,1,1,0,2,1,0,,,,,,
230133,23,2020,10,28,4,23,6,31,4100,1,1,1,1,5,6,96,96,9,9,,43.37608889,-70.55468056,42,0,0,1,1,4,0,2,1,0,,,,,,
230134,23,2020,11,3,3,10,9,7,4022,1,1,1,1,3,1,5,1,0,0,216,44.48024444,-70.18703611,42,0,0,1,1,4,0,1,1,0,,,,,,
230136,23,2020,11,25,4,18,35,9,9997,1,2,2,2,2,1,4,1,0,0,2166,44.50741111,-67.99576944,12,2,0,1,1,1,0,2,10,0,18,38,18,52,19,45
230137,23,2020,11,23,2,19,0,9,8787,1,1,1,1,3,1,6,1,0,0,49,44.50810278,-68.776875,42,0,0,1,1,4,0,2,10,0,,,,,,
230138,23,2020,11,30,2,21,25,17,5100,1,1,1,1,5,1,7,3,0,0,0,44.55774722,-70.54588889,8,0,0,3,3,1,0,3,2,0,21,30,21,33,21,53
230139,23,2020,12,3,5,19,47,31,30,1,1,1,1,3,1,3,1,1,0,64,43.47822222,-70.57423056,53,0,0,1,1,4,0,2,1,0,19,46,19,54,,
230140,23,2020,11,25,4,3,16,31,7250,1,1,1,1,3,1,5,1,0,1,10,43.47689444,-70.81261111,30,0,0,1,1,4,0,2,1,0,,,,,,
230141,23,2020,12,4,6,15,57,31,7200,1,2,2,3,3,2,5,1,0,0,15,43.52093056,-70.45728889,12,2,0,1,1,1,0,1,10,0,16,13,16,16,16,36
230142,23,2020,11,13,6,6,59,1,8817,1,1,1,1,3,1,4,1,0,0,1076,44.17066667,-70.01029167,24,0,0,8,1,4,0,1,10,0,,,,,,
230143,23,2020,12,14,2,22,40,11,160,1,1,1,2,3,1,4,1,0,0,386,44.29750833,-69.72711389,30,0,0,1,1,4,0,2,1,0,22,43,22,52,23,10
230144,23,2020,11,4,4,6,52,25,5967,1,1,1,1,3,1,5,1,0,0,29,44.81892778,-69.40896111,42,0,0,1,1,4,0,1,10,0,,,,,,
230145,23,2020,12,17,5,15,33,11,2752,1,1,1,1,5,1,7,3,0,0,8,,,1,0,0,1,1,4,0,1,4,0,15,31,16,3,17,0
230146,23,2020,12,16,4,23,48,13,8890,1,1,1,1,5,1,7,3,0,0,14,44.13554444,-69.26450556,42,0,0,1,1,4,0,2,1,0,,,,,,
230147,23,2020,12,26,7,21,14,3,4900,1,1,1,2,2,1,3,1,1,0,5059,47.35615833,-68.32864722,8,0,0,3,3,1,0,3,4,0,,,,,,
230148,23,2020,12,13,1,10,44,5,3250,1,1,1,1,5,1,7,3,0,0,10,43.71351667,-70.44048056,53,0,0,1,1,4,0,1,10,0,10,47,10,55,,
230149,23,2020,7,3,6,6,8,23,8350,1,2,1,1,1,1,1,1,1,0,343,43.93826667,-69.98280556,8,0,0,1,1,2,0,1,10,0,6,8,6,14,6,53
230150,23,2020,8,20,5,13,53,25,7350,1,1,1,2,3,1,5,1,0,0,295,44.69634167,-69.67595556,42,0,0,1,1,4,0,1,1,0,13,53,13,58,14,27
230151,23,2020,9,15,3,13,16,13,8500,1,1,1,1,3,1,4,1,0,0,156,44.21137222,-69.22331389,34,0,0,1,1,4,0,1,1,0,13,18,13,26,14,10
230152,23,2020,10,4,1,7,19,27,4380,1,1,1,1,3,1,5,1,0,0,284,44.34910833,-69.33903611,42,0,0,3,3,4,0,1,10,0,,,,,,
230153,23,2020,12,19,7,17,30,1,80,1,2,2,4,3,2,4,1,0,0,878,44.08067222,-70.27811944,12,1,0,8,1,1,0,3,1,0,,,,,,
230154,23,2020,12,23,4,12,20,29,4028,1,1,1,1,5,1,6,3,0,0,,44.66286667,-67.55638056,53,0,0,1,1,4,0,1,1,0,12,25,12,40,,
230155,23,2020,11,5,5,14,0,1,80,1,1,1,1,5,1,7,3,0,0,1,44.15973611,-70.28633056,42,0,0,3,3,4,0,1,1,0,14,7,14,13,,
230156,23,2020,7,31,6,0,0,27,9997,1,1,1,1,3,1,5,1,0,0,122,44.51103333,-69.222575,42,0,0,1,1,4,0,9,99,0,,,,,,
240001,24,2020,1,2,5,22,15,13,0,1,1,1,1,3,2,3,1,1,0,8,39.56614167,-76.97660278,8,0,0,1,1,1,0,2,1,0,21,58,22,3,,
240002,24,2020,1,6,2,14,0,27,0,1,1,1,1,4,2,4,2,0,0,2,39.21900556,-76.88039167,8,0,0,2,3,1,0,1,1,0,13,59,14,4,14,19
240003,24,2020,1,9,5,15,44,21,0,1,2,2,2,2,2,3,1,1,0,183,39.486525,-77.39775278,12,6,0,2,2,1,0,1,1,0,15,46,15,54,,
240004,24,2020,1,7,3,7,6,21,0,1,2,2,2,3,1,3,1,0,0,135,39.47710556,-77.17207778,12,6,0,1,1,1,0,4,1,0,7,9,7,19,,
240005,24,2020,1,8,4,22,48,33,0,1,2,2,2,4,2,5,2,0,0,50,38.81651389,-76.94796944,12,2,0,1,1,1,0,3,1,0,22,47,22,54,23,34
240006,24,2020,1,15,4,20,41,31,0,1,1,1,1,3,2,7,1,0,0,71,39.05748333,-77.12030556,8,0,0,3,2,1,0,3,1,0,20,40,20,47,21,7
240007,24,2020,1,14,3,17,32,3,0,1,1,1,1,3,2,4,1,0,0,26,39.15519167,-76.63055278,8,0,0,1,1,1,0,3,2,0,17,30,17,35,,
240008,24,2020,1,18,7,7,55,33,0,1,1,1,1,4,2,7,2,0,0,10,38.81336944,-76.83078889,30,0,0,1,1,4,0,1,1,0,7,54,8,1,,
240009,24,2020,1,16,5,18,33,31,0,1,1,1,2,3,2,3,1,1,0,87,39.07799722,-77.14085278,8,0,0,1,1,1,0,3,6,0,18,31,18,35,,
240010,24,2020,1,14,3,22,5,25,0,1,1,1,1,3,1,5,1,0,0,30,39.61671389,-76.200925,25,0,0,1,1,4,0,6,5,0,18,31,18,35,,
240011,24,2020,1,12,1,17,15,47,0,1,1,1,1,3,1,5,1,0,0,82,38.05530833,-75.4135,9,0,0,1,1,1,0,5,1,0,17,14,17,26,,
240012,24,2020,1,22,4,17,39,3,0,1,1,1,2,3,2,3,1,1,0,406,39.22388611,-76.6136,8,0,0,1,1,1,0,2,1,0,17,40,18,14,18,27
240013,24,2020,2,4,3,1,25,5,0,1,1,1,1,1,2,1,1,1,0,8,39.23599444,-76.70919444,8,0,0,1,1,2,0,3,1,0,1,18,1,33,1,48
240014,24,2020,2,5,4,23,25,33,0,1,1,1,1,3,2,3,1,1,0,4,39.09960833,-76.90349722,8,0,0,3,3,1,0,3,2,0,23,11,23,19,,
240015,24,2020,2,1,7,15,4,43,0,1,2,2,2,4,2,4,2,0,0,12,39.65728333,-77.69071667,12,2,0,1,1,1,0,1,2,0,15,3,15,10,,
240016,24,2020,2,3,2,18,2,21,0,1,2,2,3,2,2,3,1,1,0,53,39.33841944,-77.50843611,12,2,0,2,2,1,0,5,1,0,18,2,18,8,19,4
240017,24,2020,2,1,7,20,48,25,0,1,3,3,3,2,1,3,1,1,0,180,39.65162778,-76.19232222,12,6,0,1,1,1,0,3,2,0,,,,,,
240018,24,2020,2,7,6,21,20,3,0,1,1,1,2,4,2,5,2,0,0,17,38.98138333,-76.56246944,31,0,0,1,1,4,0,3,1,0,21,19,21,31,,
240019,24,2020,2,9,1,6,59,47,0,1,2,2,2,2,2,3,1,1,0,272,38.34860278,-75.21496389,12,6,0,2,2,1,0,4,2,0,6,57,7,3,,
240020,24,2020,2,9,1,1,31,31,0,1,3,2,5,3,2,3,1,1,0,173,39.17180278,-77.23624167,12,2,0,2,2,1,0,3,1,0,1,30,1,39,,
240021,24,2020,2,12,4,19,5,31,0,1,1,1,2,3,2,3,1,1,0,46,39.15924722,-77.19846389,8,0,0,3,3,1,0,3,2,0,,,,,,
240022,24,2020,1,19,1,17,25,5,0,1,4,2,3,4,2,5,2,0,0,12,39.39267778,-76.47616944,14,0,0,1,1,7,0,3,1,0,17,26,17,27,,
240023,24,2020,2,21,6,7,20,15,0,1,2,2,2,3,1,4,1,0,0,133,39.53026389,-75.81359167,12,2,0,1,1,1,0,1,1,0,7,16,7,24,8,1
240024,24,2020,2,9,1,19,46,5,0,1,2,2,4,3,2,4,1,0,0,15,39.25001389,-76.49629167,12,6,0,1,1,1,0,2,10,0,19,40,19,47,21,7
240025,24,2020,2,15,7,4,58,33,0,1,1,1,1,3,2,2,1,1,0,15,38.66156944,-77.02216667,42,0,0,1,1,4,0,2,1,0,,,,,,
240026,24,2020,2,21,6,21,19,31,0,1,1,1,1,3,2,3,1,1,0,132,39.12968333,-77.18669444,8,0,0,1,1,1,0,3,1,0,21,17,21,25,21,54
240027,24,2020,2,22,7,21,11,31,0,1,1,1,1,3,2,3,1,1,0,48,39.03869444,-76.99025278,8,0,0,1,1,1,0,3,1,0,,,,,,
240029,24,2020,2,29,7,19,56,37,0,1,1,1,1,3,1,4,1,0,0,236,38.26198333,-76.60435556,42,0,0,1,1,4,0,2,1,0,,,,,,
240030,24,2020,2,25,3,9,56,23,0,1,2,2,2,2,1,3,1,1,0,292,39.611025,-79.33287222,12,2,0,1,1,1,0,1,2,0,,,,,,
240031,24,2020,2,28,6,11,26,23,0,1,1,1,1,3,1,5,1,0,0,147,39.61611944,-79.21463889,51,0,0,1,1,5,0,1,6,0,,,,,,
240032,24,2020,3,3,3,16,20,3,0,1,1,1,1,3,2,4,1,0,0,27,39.15974722,-76.68446944,34,0,0,1,1,4,0,1,1,0,,,,,,
240033,24,2020,2,5,4,20,23,5,0,1,1,1,1,3,2,3,1,1,0,95,39.34340556,-76.7293,8,0,0,1,1,1,0,3,10,0,,,,,,
240034,24,2020,2,24,2,2,45,33,0,1,1,1,1,1,2,1,1,1,0,285,39.04841944,-76.93212222,42,0,1,5,1,4,0,2,1,0,,,,,,
240035,24,2020,2,29,7,5,19,33,0,1,1,1,1,1,2,1,1,1,0,252,39.01919722,-76.95852778,8,0,0,1,1,1,0,3,1,0,,,,,,
240036,24,2020,3,1,1,1,11,31,0,1,2,2,3,3,2,3,1,1,0,44,39.12047778,-77.03376111,12,6,0,2,2,1,0,3,1,0,,,,,,
240037,24,2020,2,29,7,0,54,31,0,1,1,1,1,4,2,5,2,0,0,9,39.03566389,-77.21761667,42,0,0,1,1,4,0,2,1,0,,,,,,
240038,24,2020,2,25,3,16,13,27,0,1,3,3,4,3,2,4,1,0,0,63,39.23108333,-76.91198333,12,6,0,1,1,1,0,1,5,0,,,,,,
240039,24,2020,1,6,2,18,26,31,0,1,1,1,1,3,2,3,1,1,0,68,39.08098056,-77.07534722,8,0,0,3,2,1,0,3,1,0,,,,,,
240040,24,2020,1,18,7,23,25,13,0,1,3,1,1,6,2,7,3,0,0,4,39.64797222,-76.88486944,53,0,0,1,1,4,0,2,98,0,23,23,23,31,,
240041,24,2020,2,7,6,12,40,19,0,1,2,2,2,3,1,4,1,0,0,233,38.58576944,-75.95969167,12,1,0,8,1,1,0,1,2,0,12,30,12,38,,
240042,24,2020,3,5,5,4,46,47,0,1,2,2,2,3,1,5,1,0,0,85,38.11125833,-75.39149722,1,0,0,1,1,1,0,6,1,0,4,43,4,52,,
240043,24,2020,1,6,2,16,8,5,0,2,1,1,1,3,2,3,1,0,0,51,39.32368889,-76.44888889,8,0,0,2,2,1,0,1,1,0,16,14,16,20,16,43
240044,24,2020,2,13,5,14,56,3,0,1,1,1,1,1,2,1,1,1,0,108,39.11038333,-76.63231944,24,0,0,1,1,3,0,1,10,0,14,54,15,1,15,44
240045,24,2020,3,13,6,4,31,5,0,1,1,1,1,3,2,2,66,1,1,65,39.27799722,-76.47331389,52,0,0,1,1,4,0,3,2,0,4,27,4,38,,
240046,24,2020,3,15,1,2,15,25,0,2,1,1,2,2,1,3,1,1,0,115,39.61955833,-76.30088889,42,0,0,1,1,4,0,2,2,0,1,57,2,10,3,10
240047,24,2020,3,14,7,2,42,33,0,1,2,2,4,3,2,3,1,0,0,108,38.84546944,-76.891772219999993,33,0,0,3,2,3,0,3,1,0,2,42,2,52,3,40
240048,24,2020,3,12,5,11,13,37,0,1,2,2,2,3,2,3,1,1,0,207,38.34596944,-76.57158611,12,1,0,2,2,1,0,1,10,0,11,15,11,24,,
240049,24,2020,3,16,2,15,35,27,0,1,1,1,3,1,2,1,1,1,0,76,39.18743333,-76.77641667,42,0,0,1,1,3,0,1,1,0,,,,,,
240050,24,2020,3,13,6,13,6,33,0,1,2,2,2,3,2,3,1,1,0,40,38.71440278,-76.87818056,12,6,0,2,2,1,0,1,1,0,13,5,13,32,14,1
240051,24,2020,3,22,1,13,55,31,0,1,1,1,1,2,2,3,1,1,0,32,39.02643889,-77.01061944,31,0,0,1,1,4,0,1,1,0,13,54,13,58,,
240052,24,2020,3,19,5,12,26,31,0,1,1,1,1,3,2,3,1,1,0,46,39.03605556,-76.98893333,33,0,0,3,3,4,0,1,1,0,12,24,12,28,12,50
240053,24,2020,3,17,3,22,12,33,0,1,4,3,3,3,2,3,1,1,1,70,38.89090556,-76.82527778,12,1,0,3,2,1,0,2,1,0,22,10,22,29,22,55
240054,24,2020,3,19,5,10,24,35,0,1,1,1,1,3,2,5,2,0,0,21,38.90325556,-76.349525,8,0,0,3,3,1,0,1,10,0,10,22,10,29,11,2
240055,24,2020,3,13,6,10,34,17,0,1,1,1,1,3,2,3,1,0,0,34,38.56594167,-77.09931111,42,0,0,1,1,4,0,1,1,0,10,32,10,40,,
240056,24,2020,3,20,6,22,39,21,0,1,1,1,5,4,1,6,2,0,0,41,39.533325,-77.17792222,5,0,0,1,1,10,0,2,1,0,22,30,22,38,23,1
240057,24,2020,3,26,5,12,42,39,0,1,1,1,1,3,1,5,1,0,0,101,38.05195556,-75.70926389,30,0,0,1,1,4,0,1,1,0,12,36,12,51,,
240058,24,2020,3,27,6,21,44,25,0,1,1,1,1,2,2,3,1,1,0,107,39.48708333,-76.20134444,38,0,0,1,1,4,0,3,1,0,21,37,21,46,22,41
240059,24,2020,3,19,5,1,29,37,0,1,1,1,1,4,2,5,2,0,0,34,38.49091944,-76.72375278,42,0,0,1,1,4,0,2,2,0,1,32,1,48,,
240060,24,2020,3,30,2,15,52,3,0,1,1,1,2,4,2,4,2,0,0,4,39.10932778,-76.71353889,33,0,0,1,1,4,0,1,1,0,15,53,16,1,,
240061,24,2020,3,31,3,5,53,11,0,1,1,1,1,4,1,7,2,0,0,25,39.00540278,-75.80542222,53,0,0,1,1,4,0,2,1,0,5,55,6,3,,
240062,24,2020,3,24,3,9,21,23,700,1,1,1,2,1,2,1,1,1,0,192,39.692225,-79.15064167,24,0,0,1,1,3,0,1,1,0,9,19,9,25,,
240064,24,2020,3,1,1,20,47,33,0,1,2,2,2,3,2,3,1,0,0,91,38.83737778,-76.86187222,8,0,0,3,2,1,0,6,1,0,19,52,20,4,,
240065,24,2020,3,18,4,21,1,45,0,1,1,1,2,2,2,3,1,1,0,140,38.42930833,-75.56427778,8,0,0,3,2,1,0,2,1,0,,,,,,
240066,24,2020,3,22,1,2,36,27,0,2,1,1,3,4,2,4,2,0,0,33,39.20419444,-76.80776389,42,0,0,1,1,3,0,3,1,0,2,35,2,43,,
240067,24,2020,1,30,5,22,51,33,0,1,2,2,2,2,2,3,1,1,0,4,38.6668,-76.87535833,12,1,0,3,2,1,0,3,1,0,,,,,,
240068,24,2020,2,8,7,15,3,1,0,1,1,1,1,1,2,1,1,1,0,218,39.71365278,-78.61481667,42,0,0,1,1,4,0,1,1,0,14,55,15,10,16,27
240069,24,2020,2,17,2,23,28,3,0,1,2,2,3,3,2,3,1,0,0,60,38.92673611,-76.56703056,12,6,0,2,2,1,0,3,1,0,,,,,,
240070,24,2020,2,24,2,18,42,510,50,1,1,1,1,6,2,4,4,0,0,5,39.29744722,-76.594075,42,0,0,1,1,4,0,3,1,0,18,41,18,48,19,5
240071,24,2020,3,18,4,20,40,15,0,1,1,1,1,1,2,1,1,1,0,24,39.58860833,-76.07207222,43,0,0,1,1,1,0,3,10,0,,,,,,
240072,24,2020,3,14,7,13,38,47,0,1,2,1,1,4,2,6,2,0,0,0,38.01599722,-75.44400556,14,0,0,1,1,4,0,1,1,0,13,35,,,,
240073,24,2020,3,15,1,19,22,33,0,1,1,1,1,3,2,5,1,0,0,53,38.68495278,-76.92395556,35,0,0,1,1,4,0,5,1,0,19,21,19,31,19,59
240074,24,2020,3,13,6,8,54,27,0,1,2,2,2,3,2,3,1,1,0,105,39.21413611,-76.95506111,12,1,0,1,1,1,0,1,98,0,8,53,9,5,9,59
240076,24,2020,3,20,6,0,14,33,0,1,1,1,1,4,2,5,2,0,0,5,38.93261389,-76.899325,19,0,0,1,1,4,0,3,1,0,,,,,,
240077,24,2020,3,20,6,19,40,33,0,1,2,2,2,3,2,3,1,1,0,150,38.85111389,-76.95525278,12,6,0,2,2,1,0,3,1,0,19,39,19,45,20,6
240078,24,2020,3,20,6,21,39,3,0,1,1,1,1,4,2,4,2,0,0,11,38.94308056,-76.60101111,35,0,0,1,1,4,0,3,1,0,21,40,21,49,,
240079,24,2020,4,1,4,6,7,33,0,1,1,1,1,1,2,1,1,1,0,3,39.02441111,-76.95271944,42,0,1,5,1,4,0,4,10,0,6,3,6,13,6,39
240080,24,2020,3,26,5,20,34,17,0,1,1,1,1,3,1,6,1,0,0,22,38.53084167,-76.81442222,42,0,0,1,1,4,0,2,1,0,20,28,20,33,21,18
240081,24,2020,3,1,1,5,24,21,580,1,1,1,1,6,8,98,4,9,9,5,39.44617222,-77.443075,33,0,0,1,1,4,0,3,1,0,5,30,5,34,6,25
240082,24,2020,3,8,1,12,34,3,0,1,1,1,1,3,2,7,1,0,0,6,39.02656944,-76.44151667,9,0,0,1,1,1,0,1,1,0,12,35,12,45,,
240083,24,2020,3,12,5,7,0,27,0,1,2,2,2,3,2,4,1,0,0,40,39.21053333,-76.93878889,12,6,0,2,2,1,0,3,1,0,7,0,7,5,7,52
240084,24,2020,4,7,3,2,57,3,0,1,1,1,1,1,2,1,1,1,0,5,39.18838889,-76.68279167,24,0,1,19,1,4,0,3,1,0,2,53,3,8,,
240085,24,2020,3,9,2,10,5,3,0,1,2,2,2,3,2,4,1,0,0,59,39.1136,-76.72690556,12,6,0,2,2,1,4,1,1,0,10,5,,,,
240086,24,2020,4,10,6,1,18,33,0,2,2,2,3,3,2,5,1,0,0,119,38.68914444,-76.81960833,12,6,0,1,1,1,0,2,1,0,,,,,,
240087,24,2020,4,12,1,20,0,33,0,1,1,1,2,4,2,7,2,0,0,0,38.84285556,-76.89828611,8,0,0,1,1,1,0,3,2,0,19,58,20,29,,
240088,24,2020,4,16,5,20,3,47,0,1,1,1,1,3,1,5,1,0,0,69,38.06845833,-75.46356667,42,0,0,1,1,4,0,2,1,0,19,28,20,8,,
240089,24,2020,3,10,3,7,41,510,50,1,2,2,2,1,2,1,1,1,0,41,39.26703056,-76.60339444,12,7,0,1,1,1,0,1,2,0,,,,,,
240090,24,2020,3,24,3,14,51,31,0,1,1,1,1,3,2,2,1,1,0,40,39.13739722,-77.14220833,1,0,0,1,1,1,0,1,1,0,,,,,,
240091,24,2020,4,25,7,20,39,29,0,1,1,1,1,3,2,5,1,0,0,39,39.24322222,-76.02488333,34,0,0,1,1,4,0,2,10,0,,,,,,
240092,24,2020,4,24,6,14,41,25,0,1,2,2,2,3,2,4,1,0,0,24,39.50981944,-76.26904722,12,2,0,1,1,1,0,1,1,0,,,,,,
240093,24,2020,4,26,1,21,11,33,0,1,1,1,1,2,2,3,1,1,0,4,38.66520278,-76.87497778,8,0,0,1,1,1,0,3,2,0,14,33,14,43,,
240094,24,2020,4,14,3,20,6,15,0,1,1,1,1,4,1,7,2,0,0,2,39.71908889,-76.20078889,42,0,0,1,1,4,0,2,10,0,20,3,20,18,,
240095,24,2020,4,19,1,12,40,39,0,1,2,2,3,4,1,5,2,0,0,27,38.25703611,-75.71116111,12,2,0,1,1,1,0,1,1,0,12,22,12,34,13,4
240096,24,2020,4,22,4,23,38,33,0,1,2,2,2,2,2,3,1,1,0,25,38.69046111,-76.87252778,12,1,0,1,1,1,0,2,1,0,23,34,23,48,0,30
240097,24,2020,4,25,7,13,46,17,0,1,1,1,1,4,2,7,2,0,0,2,38.52031111,-76.78353056,34,0,0,1,1,4,0,1,1,0,,,,,,
240098,24,2020,5,3,1,0,39,21,0,1,1,1,1,4,1,7,2,0,0,19,39.60312222,-77.35383889,30,0,0,1,1,4,0,2,1,0,,,,,,
240099,24,2020,4,18,7,21,50,27,0,1,1,1,2,1,2,1,1,1,0,128,39.30336389,-76.91364167,24,0,0,5,1,3,0,2,1,0,21,45,21,53,22,40
240100,24,2020,5,4,2,17,40,33,0,1,2,2,3,3,2,4,1,0,0,2,38.88948056,-76.91001389,12,6,1,2,98,1,0,1,1,0,17,38,17,47,18,9
240101,24,2020,5,9,7,9,41,3,0,1,1,1,1,4,2,5,2,0,0,11,39.02311389,-76.67431389,42,0,0,1,1,4,0,1,1,0,9,42,9,49,,
240102,24,2020,5,10,1,20,20,33,0,1,1,1,1,3,2,5,1,0,0,130,38.6968,-76.84225833,31,0,0,1,1,4,0,5,1,0,20,18,20,25,,
240103,24,2020,5,12,3,4,23,47,0,1,1,1,2,2,1,3,1,0,0,78,38.12793333,-75.44117222,42,0,0,1,1,3,0,2,1,0,5,0,5,13,,
240104,24,2020,5,13,4,14,29,3,0,1,2,2,3,3,2,3,1,1,0,28,39.02708333,-76.68990833,12,6,0,7,1,1,0,1,1,0,14,28,14,33,,