st_case,state,year,month,day,day_week,hour,minute,county,city,fatals_crash,vehicles_total,vehicles_in_transport,persons_total,route,rural_urban,functional_system,road_owner,nhs,special_jurisdiction,milepoint,latitude,longitude,first_harmful_event,manner_collision,rel_jct_interchange,rel_jct_location,intersection_type,relation_to_road,work_zone,light_condition,weather,school_bus_related,ems_notified_hour,ems_notified_min,ems_arrival_hour,ems_arrival_min,hospital_hour,hospital_min
240272,24,2020,8,22,7,2,28,15,0,1,1,1,1,3,2,3,1,0,0,183,39.59989167,-75.82756667,33,0,0,3,2,4,0,3,2,0,2,27,2,33,3,25
240273,24,2020,8,29,7,0,7,47,0,1,1,1,1,3,2,7,1,0,0,8,38.34381944,-75.16125833,8,0,0,1,1,1,0,2,2,0,0,32,0,40,,
240274,24,2020,3,10,3,23,0,510,50,1,1,1,1,2,2,3,1,1,0,23,39.29421111,-76.66809722,8,0,0,1,1,1,4,2,1,0,,,,,,
240275,24,2020,6,8,2,21,9,5,0,1,2,1,1,4,2,5,2,0,0,8,39.373575,-76.35729167,14,0,0,1,1,1,0,3,1,0,21,8,21,13,21,57
240276,24,2020,3,31,3,22,40,510,50,1,1,1,1,6,2,4,4,0,0,4,39.31507778,-76.59949444,8,0,0,1,1,2,0,3,2,0,22,40,22,48,23,4
240277,24,2020,9,5,7,21,59,25,0,1,1,1,1,3,1,5,1,0,0,15,39.59909444,-76.19196389,41,0,0,1,1,4,0,2,1,0,21,50,21,29,,
240278,24,2020,9,6,1,0,11,13,970,1,1,1,1,4,2,3,1,0,0,0,39.699025,-76.90188333,42,0,0,1,1,4,0,2,1,0,0,9,0,16,0,50
240279,24,2020,7,26,1,14,15,23,0,1,1,1,1,2,1,4,1,9,0,21,39.31035278,-79.45625833,1,0,0,1,1,1,0,1,1,0,14,12,14,24,,
240280,24,2020,7,8,4,19,31,5,0,1,2,2,2,4,2,5,2,0,0,20,39.52988056,-76.54563611,12,6,0,2,2,1,0,1,1,0,19,28,19,44,20,22
240281,24,2020,7,28,3,19,56,33,0,1,3,3,6,3,2,3,1,0,0,15,38.90959722,-76.89196667,12,6,0,2,2,1,0,3,10,0,2,27,2,34,2,47
240282,24,2020,7,30,5,20,59,33,0,1,2,2,3,4,2,4,2,0,0,12,38.78303056,-76.88058889,12,2,0,1,1,1,0,3,10,0,21,15,21,27,22,8
240283,24,2020,8,2,1,19,11,43,730,1,2,2,2,6,2,4,4,0,0,17,39.63614444,-77.74938056,12,2,0,1,1,1,0,1,1,0,19,9,19,17,,
240284,24,2020,8,7,6,9,46,33,0,1,2,2,3,3,2,2,1,1,0,127,38.83098333,-76.93432222,12,6,0,2,2,1,0,1,1,0,9,44,9,52,10,9
240285,24,2020,8,15,7,18,1,3,0,1,3,3,5,3,2,4,1,0,0,54,39.14881389,-76.63825278,12,1,0,1,1,1,0,1,1,0,18,7,18,10,18,50
240286,24,2020,7,6,2,23,3,5,0,1,1,1,1,3,2,3,1,0,0,57,39.331175,-76.44091944,8,0,0,1,1,1,0,3,2,0,23,2,23,8,23,43
240287,24,2020,8,22,7,5,29,9,0,1,1,1,1,3,2,3,1,1,0,285,38.67112222,-76.59825833,8,0,0,1,1,1,0,2,2,0,,,,,,
240288,24,2020,8,10,2,13,47,23,0,1,2,2,3,3,2,4,1,0,0,43,39.42394444,-79.33775833,12,6,0,2,2,1,0,1,1,0,13,43,13,59,,
240289,24,2020,9,1,3,11,23,33,0,1,2,2,3,4,2,5,2,0,0,41,38.67431944,-76.885725,12,2,0,3,3,1,0,1,10,0,,,,,,
240290,24,2020,3,29,1,21,42,510,50,1,2,2,6,6,2,3,4,0,0,18,39.29677222,-76.62628333,12,6,0,2,2,1,0,3,1,0,,,,,,
240291,24,2020,6,12,6,2,27,510,50,1,1,1,1,6,2,5,4,0,0,4,39.29373056,-76.65627222,15,0,0,2,2,1,0,3,1,0,,,,,,
240292,24,2020,8,26,4,22,44,3,0,1,2,2,2,3,2,3,1,0,0,81,39.18733056,-76.55220556,12,6,0,2,3,1,0,3,1,0,22,43,22,53,23,39
240293,24,2020,9,8,3,5,3,3,0,1,2,2,2,3,2,2,1,1,0,11,39.16388611,-76.72321944,12,1,0,1,1,1,0,2,1,0,4,56,5,4,,
240294,24,2020,2,28,6,1,34,5,0,1,1,1,1,4,2,5,2,0,0,7,39.41319722,-76.78033611,8,0,0,1,1,1,0,3,1,0,,,,,,
240295,24,2020,5,12,3,17,26,510,50,1,1,1,1,2,2,3,4,1,0,2,39.29366944,-76.6323,8,0,0,1,1,1,0,1,1,0,,,,,,
240296,24,2020,9,6,1,23,3,33,0,1,2,2,2,1,2,1,1,1,0,230,39.01335833,-76.90629722,12,1,0,1,1,1,0,2,1,0,22,50,,,,
240297,24,2020,9,9,4,18,37,31,0,2,5,2,5,4,2,4,2,0,0,28,39.13482778,-77.20571389,12,6,0,2,2,1,0,1,1,0,18,35,18,51,,
240298,24,2020,9,4,6,5,4,11,0,1,1,1,1,3,1,3,1,0,0,133,38.83550833,-75.77644167,8,0,0,1,1,1,0,2,2,0,5,1,5,10,5,45
240299,24,2020,9,7,2,19,39,33,0,1,2,2,3,3,2,3,1,0,0,17,38.85168333,-76.92002778,12,2,0,2,2,1,0,3,1,0,19,38,19,44,20,7
240300,24,2020,9,3,5,22,43,33,0,1,1,1,1,3,2,4,1,0,0,142,38.81967222,-77.00015278,8,0,0,1,1,1,0,3,1,0,22,40,22,47,22,59
240301,24,2020,9,12,7,2,54,33,0,1,2,2,3,3,2,3,1,1,0,145,39.09339722,-76.84330833,12,1,0,3,2,1,0,3,1,0,2,54,3,1,3,27
240302,24,2020,9,9,4,21,43,33,0,1,1,1,3,1,2,1,1,1,0,21,39.01768056,-76.92884444,8,0,0,1,1,2,0,2,2,0,21,38,21,50,22,19
240303,24,2020,9,16,4,7,32,17,0,1,2,2,2,3,2,3,1,0,0,123,38.63547778,-76.87387222,12,6,0,1,1,1,0,1,1,0,,,,,,
240304,24,2020,9,7,2,23,8,33,0,1,1,1,1,3,2,3,1,0,0,15,39.09806111,-76.886875,24,0,0,5,1,4,0,2,1,0,23,13,23,57,0,24
240305,24,2020,9,9,4,12,54,17,0,2,2,2,5,4,1,5,2,0,0,28,38.61553611,-76.82726667,12,2,0,1,1,1,0,1,2,0,12,54,13,5,14,29
240306,24,2020,8,27,5,0,16,37,0,1,1,1,1,3,2,4,1,0,0,288,38.30980556,-76.66510556,31,0,0,1,1,3,0,2,1,0,0,17,0,23,,
240307,24,2020,7,16,5,16,12,510,50,1,5,2,4,6,2,4,4,0,0,0,39.30421667,-76.59657778,12,6,0,2,2,1,0,1,1,0,16,17,16,25,,
240308,24,2020,6,6,7,2,0,510,50,1,1,1,2,3,2,3,4,1,0,10,39.33929167,-76.58801389,33,0,0,1,1,4,0,3,1,0,1,56,2,6,2,35
240309,24,2020,8,31,2,22,41,33,0,1,1,1,3,3,2,4,1,0,0,140,38.81205,-76.99863056,8,0,0,1,1,1,0,2,2,0,22,38,22,47,,
240310,24,2020,8,25,3,21,3,33,0,1,1,1,1,3,2,3,1,1,0,33,38.89038611,-76.85531667,8,0,0,1,1,1,0,3,1,0,,,,,,
240311,24,2020,8,1,7,14,1,5,0,1,2,2,2,1,2,1,1,1,0,79,39.28433056,-76.49136944,12,2,0,1,1,1,0,1,1,0,14,7,14,13,14,35
240312,24,2020,9,17,5,11,2,3,0,1,2,2,2,3,2,5,1,0,0,62,38.84963056,-76.55734444,12,6,0,2,2,1,0,1,10,0,,,,,,
240314,24,2020,9,23,4,15,22,3,0,1,2,2,2,4,2,4,2,0,0,21,38.94997778,-76.58777222,12,6,0,2,2,1,0,1,1,0,15,23,15,26,16,20
240315,24,2020,9,15,3,19,52,27,0,1,1,1,1,4,2,7,2,0,0,6,39.14567778,-76.79399167,33,0,0,3,2,4,0,2,1,0,19,51,15,57,,
240316,24,2020,9,16,4,14,15,27,0,1,2,2,2,4,2,7,2,0,0,5,39.29251389,-76.81735833,12,2,0,1,1,1,0,1,1,0,14,13,14,21,14,47
240317,24,2020,9,24,5,6,43,13,0,1,2,2,3,3,2,4,1,0,0,76,39.46348056,-77.00367222,11,0,0,1,1,1,0,3,1,0,,,,,,
240318,24,2020,9,20,1,0,42,5,0,1,2,2,2,1,2,1,1,1,0,91,39.33099444,-76.74458333,12,6,0,1,1,1,0,2,1,0,0,39,0,47,,
240319,24,2020,5,2,7,16,11,5,0,1,3,3,5,3,2,4,1,0,0,22,39.24242222,-76.45835278,12,8,0,1,1,1,0,1,1,0,,,,,,
240320,24,2020,9,22,3,13,8,39,0,1,2,2,3,3,2,5,1,0,0,113,38.05070556,-75.69998056,12,2,0,1,1,1,0,1,1,0,12,47,13,4,13,49
240321,24,2020,9,5,7,22,37,31,0,1,1,1,1,3,2,3,1,1,0,60,39.00158611,-76.99549167,8,0,0,1,1,1,0,3,1,0,22,35,22,43,23,17
240322,24,2020,8,31,2,21,30,45,1380,1,1,1,1,6,2,5,4,0,0,15,38.38340278,-75.61091667,9,0,0,1,1,1,0,2,1,0,21,26,21,32,21,53
240323,24,2020,9,28,2,19,35,43,0,1,1,1,1,1,1,1,1,1,0,355,39.55861944,-77.61263333,8,0,0,1,1,1,0,3,1,0,19,34,19,44,20,47
240324,24,2020,8,11,3,17,31,5,0,1,3,3,4,4,2,3,2,0,0,9,39.27276111,-76.51931111,12,6,0,2,3,1,0,1,1,0,17,28,17,33,17,43
240325,24,2020,7,19,1,1,29,5,0,1,2,2,2,4,1,5,2,0,0,60,39.68201944,-76.73094444,12,6,0,2,2,1,0,3,1,0,,,,,,
240326,24,2020,8,14,6,20,30,47,1470,2,2,2,3,2,1,4,1,0,0,19,38.16345278,-75.40134722,12,7,0,1,1,1,0,5,1,0,20,38,20,43,,
240327,24,2020,9,22,3,21,28,27,0,1,2,2,2,3,2,3,1,1,0,197,39.31095556,-76.95189722,12,6,0,2,2,1,0,3,1,0,21,28,0,38,,
240328,24,2020,9,26,7,2,3,17,0,1,1,1,1,2,2,3,1,0,0,252,38.64725833,-76.88818333,33,0,0,3,2,3,0,3,2,0,,,,,,
240329,24,2020,7,23,5,15,15,5,0,3,3,1,3,4,2,4,2,0,0,11,39.37331667,-76.41393056,14,0,0,1,1,5,0,1,1,0,5,11,5,20,,
240330,24,2020,8,20,5,18,55,5,0,1,2,2,2,4,2,4,2,1,0,22,39.43858889,-76.63236667,12,2,0,1,1,1,0,1,1,0,18,55,19,3,19,26
240331,24,2020,8,26,4,17,54,13,0,1,2,2,4,4,2,5,2,0,0,9,39.6452,-77.16719167,12,6,0,2,3,1,0,1,1,0,17,50,17,56,18,42
240332,24,2020,9,9,4,16,15,510,50,1,2,2,2,3,2,3,4,1,0,0,39.37110833,-76.60980278,12,2,0,8,1,1,0,1,10,0,16,14,16,15,16,59
240333,24,2020,8,23,1,15,25,35,0,1,2,2,2,4,1,7,2,0,0,7,39.14545833,-75.81923889,12,8,0,2,4,1,0,1,1,0,15,15,15,35,,
240334,24,2020,9,28,2,21,5,33,0,1,1,1,1,2,2,3,1,1,0,121,39.08236111,-76.86354167,8,0,0,3,2,1,0,3,1,0,21,1,21,7,21,30
240335,24,2020,9,12,7,22,53,33,0,1,2,2,3,3,2,3,1,1,0,74,38.90026667,-76.78171667,12,6,0,7,1,1,0,2,1,0,,,,,,
240336,24,2020,9,30,4,19,59,13,0,1,1,1,1,3,2,4,1,0,0,39,39.60958611,-76.87987222,8,0,0,3,2,1,0,2,1,0,19,49,19,54,20,16
240337,24,2020,10,1,5,5,10,25,0,1,2,2,3,2,2,3,1,1,0,107,39.48839167,-76.19767778,12,1,0,3,2,1,0,3,1,0,5,5,5,13,,
240338,24,2020,9,27,1,21,18,27,0,1,2,2,1,1,2,1,1,1,0,83,39.18674167,-76.77812778,8,0,0,1,1,2,0,3,1,0,,,,,,
240339,24,2020,10,3,7,1,22,3,0,1,1,1,1,3,2,2,1,1,0,131,39.21388056,-76.67368611,8,0,0,1,1,1,0,3,1,0,1,19,1,30,,
240340,24,2020,10,4,1,2,20,43,730,1,1,1,1,6,2,4,4,0,0,3,39.63965,-77.71293333,31,0,0,1,1,4,0,3,1,0,2,20,2,28,,
240341,24,2020,10,5,2,6,36,15,0,1,6,6,8,1,2,1,1,1,0,30,39.59902778,-76.04835,12,1,0,1,1,1,0,4,2,0,6,30,6,48,,
240342,24,2020,10,5,2,11,58,15,0,2,2,2,4,2,2,3,1,0,0,49,39.58728611,-76.00493333,12,6,0,2,3,1,0,1,1,0,11,58,12,4,,
240343,24,2020,10,4,1,0,2,5,0,1,2,2,3,1,2,1,1,1,0,10,39.33145278,-76.48709722,12,2,0,1,1,1,0,2,1,0,,,0,0,,
240344,24,2020,10,4,1,17,44,3,0,1,1,1,4,3,2,3,1,0,0,56,39.11323056,-76.50091667,8,0,0,3,3,2,0,1,1,0,17,42,17,48,,
240345,24,2020,10,4,1,19,6,3,0,1,1,1,1,3,2,3,1,0,0,67,39.17527778,-76.53956667,42,0,0,1,1,4,0,3,1,0,19,5,19,21,19,55
240346,24,2020,10,3,7,14,28,15,0,1,3,3,4,3,2,4,1,0,0,18,39.61977778,-75.79223333,12,6,0,2,3,1,0,1,1,0,14,25,14,33,15,34
240347,24,2020,10,8,5,7,20,15,0,1,1,1,1,3,1,7,1,0,0,11,39.44018056,-75.94519722,34,0,0,1,1,4,0,1,1,0,,,,,,
240348,24,2020,10,10,7,23,43,31,0,2,1,1,2,3,2,3,1,1,0,12,39.22119444,-77.23821111,40,0,0,1,1,4,0,2,1,0,23,41,23,50,,
240349,24,2020,10,9,6,11,39,25,0,1,1,1,1,1,2,1,1,1,0,33,39.44954167,-76.32426667,34,0,0,1,1,4,0,1,1,0,11,4,11,53,,
240350,24,2020,10,12,2,17,8,1,0,1,1,1,1,3,2,5,1,0,0,226,39.54093333,-78.50108611,35,0,0,1,1,4,0,1,2,0,,,,,,
240351,24,2020,10,7,4,3,54,17,0,1,1,1,1,2,1,7,1,0,0,254,38.64869167,-76.88670556,8,0,0,1,1,1,0,3,98,0,,,,,,
240352,24,2020,10,9,6,18,9,21,0,1,1,1,3,4,1,7,2,0,0,11,39.54843056,-77.54803889,5,0,0,1,1,4,0,1,1,0,18,8,18,15,,
240353,24,2020,10,7,4,16,58,25,0,1,2,2,2,4,2,5,1,0,0,25,39.52952778,-76.44691111,12,6,0,1,1,1,0,1,1,0,16,58,17,6,,
240354,24,2020,3,4,4,22,59,510,50,1,3,3,5,6,2,3,4,1,0,21,39.317469440000004,-76.55570278,12,7,0,2,2,1,0,3,1,0,22,59,23,21,23,31
240355,24,2020,5,28,5,10,7,510,50,1,1,1,1,6,2,3,4,0,0,22,39.25142778,-76.646775,8,0,0,3,2,1,0,1,10,0,10,8,10,17,,
240356,24,2020,10,5,2,23,38,27,0,1,1,1,1,2,2,2,1,1,0,89,39.23615833,-76.8396,24,0,0,5,1,3,0,2,10,0,23,37,23,52,,
240357,24,2020,9,20,1,0,49,31,0,1,1,1,1,4,2,4,2,0,0,4,38.99879722,-76.99113889,8,0,0,1,1,1,0,3,1,0,0,44,0,55,,
240358,24,2020,10,1,5,22,45,27,0,1,2,2,2,1,2,1,1,1,0,83,39.19747778,-76.76647222,12,6,0,1,1,1,0,3,2,0,,,,,,
240359,24,2020,9,28,2,22,9,3,0,1,2,2,4,3,2,2,1,0,0,119,39.20706389,-76.68755278,12,1,0,1,1,1,0,3,1,0,,,,,,
240360,24,2020,10,1,5,7,19,17,0,1,1,1,1,4,1,7,2,0,0,0,38.49345833,-77.15870278,42,0,0,3,3,4,0,2,1,0,,,,,,
240361,24,2020,10,6,3,19,25,43,0,1,1,1,4,2,1,7,1,0,0,26,39.61085556,-77.78815556,8,0,0,3,2,1,0,2,1,0,19,29,19,35,,
240362,24,2020,7,20,2,4,0,510,50,1,2,2,2,6,2,3,4,0,0,27,39.29983611,-76.56041667,12,6,0,2,2,1,0,3,1,0,4,3,4,12,4,43
240364,24,2020,9,30,4,22,32,33,0,1,1,1,1,4,2,5,2,0,0,29,38.862675,-76.90059722,33,0,0,3,3,3,0,3,1,0,22,32,22,39,,
240365,24,2020,9,26,7,7,14,33,0,1,2,2,2,4,2,4,2,0,0,1,38.895577780000004,-76.90535833,30,0,0,1,1,4,0,1,10,0,,,,,,
240366,24,2020,9,27,1,20,44,9,0,1,1,1,1,3,1,4,1,0,0,56,38.70311111,-76.58110556,24,0,0,1,1,4,0,3,1,0,20,44,20,53,,
240367,24,2020,10,8,5,10,0,15,0,1,2,2,2,3,2,4,1,0,0,150,39.55520556,-75.80397778,12,6,0,2,2,1,0,1,98,0,10,0,10,8,11,0
240368,24,2020,10,9,6,21,44,31,0,1,1,1,2,4,2,4,2,0,0,0,39.16091944,-77.16347222,9,0,0,1,1,1,0,2,1,0,21,43,21,49,22,18
240369,24,2020,10,14,4,19,40,11,0,1,2,2,3,3,2,3,1,1,0,142,38.82824444,-75.76595833,12,6,0,2,2,1,0,2,1,0,18,5,18,18,19,18
240370,24,2020,10,4,1,21,35,33,0,1,1,1,1,3,2,4,1,0,0,141,38.81691389,-76.99885833,8,0,0,3,2,1,0,3,1,0,21,33,21,43,,
240371,24,2020,10,2,6,15,19,17,0,1,2,2,2,3,2,5,1,0,0,46,38.64712222,-77.00412222,12,2,0,2,3,1,0,1,1,0,,,,,,
240372,24,2020,10,6,3,23,29,21,0,1,1,1,1,4,2,5,1,0,0,39,39.45720278,-77.41505,33,0,0,3,2,4,0,3,1,0,23,29,23,35,,
240373,24,2020,2,7,6,17,22,33,0,1,1,1,1,3,2,4,1,0,0,26,38.945175,-76.89833611,8,0,0,3,3,1,0,1,1,0,17,21,17,28,,
240374,24,2020,10,17,7,14,10,45,0,1,1,1,1,4,2,7,2,0,0,11,38.32679167,-75.68438889,1,0,0,1,1,4,0,1,1,0,14,9,14,20,,
240375,24,2020,10,19,2,7,20,35,0,2,2,2,5,2,1,3,1,1,0,249,39.07966944,-75.97678056,12,6,0,2,2,1,0,3,5,0,7,15,7,33,,
240376,24,2020,10,19,2,7,38,3,0,1,1,1,2,4,2,5,1,0,0,17,39.07551111,-76.70899722,9,0,0,2,2,1,0,1,1,0,7,39,7,47,8,35
240377,24,2020,10,11,1,20,13,13,0,1,2,2,3,4,2,4,1,0,0,21,39.66699167,-77.02765278,12,2,0,1,1,1,0,2,1,0,20,21,20,23,20,49
240378,24,2020,10,21,4,21,40,33,120,1,2,1,1,6,2,4,4,0,0,8,38.99403611,-76.90578889,14,0,0,1,1,7,0,3,1,0,21,39,21,43,22,17
240379,24,2020,10,20,3,14,6,43,0,1,2,2,2,3,1,4,1,0,0,68,39.48652222,-77.70347222,12,6,0,2,2,1,0,1,1,0,14,6,14,14,,
240380,24,2020,10,24,7,22,19,33,0,1,1,1,1,4,2,4,2,0,0,23,38.86977778,-76.88988889,8,0,0,1,1,1,0,2,10,0,22,18,22,24,22,49
240381,24,2020,3,31,3,22,37,5,0,1,1,1,1,2,2,3,1,1,0,155,39.32140833,-76.506525,8,0,0,3,2,1,0,3,2,0,22,37,22,45,,
240382,24,2020,10,24,7,20,0,3,0,1,1,1,1,3,2,4,1,0,0,19,39.18142778,-76.612125,8,0,0,1,1,1,0,2,1,0,20,0,20,5,,
240383,24,2020,10,24,7,22,36,3,0,1,1,1,2,3,1,5,1,0,0,23,38.82012778,-76.66603611,30,0,0,1,1,4,0,2,1,0,,,,,,
240384,24,2020,10,19,2,2,42,25,0,1,1,1,1,2,1,3,1,0,0,159,39.64986667,-76.2404,35,0,0,1,1,4,0,2,1,0,2,39,2,45,,
240385,24,2020,10,20,3,22,24,15,0,1,1,1,1,3,2,4,1,0,0,36,39.59707222,-75.96506667,35,0,0,1,1,4,0,2,5,0,22,23,22,29,,
240386,24,2020,10,22,5,14,53,3,0,1,2,2,2,3,2,3,1,0,0,81,39.18762778,-76.55238611,12,6,0,2,3,1,0,1,98,0,14,46,14,52,15,33
240387,24,2020,10,9,6,18,10,33,0,1,4,4,7,3,2,4,1,0,0,1,38.88549167,-76.91780556,12,1,0,1,1,1,0,3,1,0,,,,,,
240388,24,2020,10,23,6,20,32,31,0,1,2,2,3,4,2,3,2,0,0,4,39.11842222,-77.02765556,12,6,0,2,2,1,0,3,1,0,20,18,20,25,21,22
240389,24,2020,7,13,2,4,41,5,0,1,1,1,1,3,2,4,1,0,0,0,39.33227778,-76.39498333,9,0,0,1,1,1,0,2,1,0,4,39,4,44,5,12
240390,24,2020,9,18,6,19,40,23,0,1,2,2,2,3,1,6,1,0,0,6,39.40128889,-79.38575556,12,1,0,1,1,1,0,2,10,0,19,38,19,42,20,1
240391,24,2020,10,30,6,14,32,31,0,1,1,1,1,3,2,3,1,0,0,54,39.17893611,-77.26728611,8,0,0,3,2,1,0,1,1,0,14,31,14,37,14,40
240392,24,2020,10,30,6,21,9,43,0,1,1,1,2,2,2,3,1,0,0,104,39.68889167,-77.72110278,8,0,0,1,1,1,0,2,2,0,21,9,21,19,,
240394,24,2020,11,1,1,1,22,510,50,1,2,2,3,6,2,5,4,0,0,2,39.25557778,-76.63425556,12,2,0,1,1,1,0,3,1,0,1,20,1,29,1,46
240395,24,2020,10,27,3,14,3,23,0,1,2,2,2,3,1,4,1,0,0,131,39.45914444,-79.19985278,12,6,1,2,2,1,0,1,1,0,13,55,14,6,,
240396,24,2020,4,29,4,14,27,45,0,1,2,2,3,4,1,7,2,0,0,11,38.39155,-75.53053889,12,6,0,2,2,1,0,1,1,0,14,26,14,35,15,12
240397,24,2020,9,11,6,22,51,43,0,1,1,1,1,1,2,1,1,1,0,13,39.707675,-78.18368611,24,0,0,5,1,4,0,2,1,0,22,28,22,37,,
240398,24,2020,9,26,7,0,4,33,0,1,1,1,2,3,2,3,1,0,0,24,38.88898333,-76.87220833,33,0,0,1,1,3,0,3,2,0,0,3,0,10,0,26
240399,24,2020,10,5,2,6,6,13,0,1,2,2,2,3,2,3,1,0,0,139,39.53435833,-76.98881389,12,6,0,1,1,1,0,2,10,0,6,5,6,15,6,38
240400,24,2020,10,13,3,15,36,33,0,1,1,1,1,4,2,7,2,0,0,2,38.93528611,-76.71715,42,0,0,1,1,4,0,1,1,0,15,34,15,42,,
240401,24,2020,10,15,5,23,19,33,0,1,1,1,1,4,2,5,2,0,0,10,38.81429722,-76.83535,42,0,0,1,1,4,0,2,10,0,23,18,23,25,,
240402,24,2020,10,17,7,17,42,31,0,1,2,2,2,3,2,2,31,1,0,40,39.13672222,-77.16295,18,0,0,1,1,98,4,5,1,0,17,37,17,52,,
240403,24,2020,8,31,2,20,19,510,50,1,2,2,3,6,2,4,4,0,0,10,39.30891389,-76.58432778,12,6,0,2,2,1,0,3,2,0,20,15,20,24,20,48
240404,24,2020,5,10,1,17,32,5,0,1,1,1,2,4,2,4,2,0,0,18,39.330225,-76.812425,30,0,0,1,1,4,0,1,1,0,17,29,17,41,18,22
240405,24,2020,8,24,2,20,12,9,0,1,3,3,3,3,2,5,1,0,0,20,38.64161667,-76.52883333,12,2,0,1,1,1,0,2,1,0,,,,,,
240406,24,2020,8,22,7,21,25,33,0,1,2,2,2,3,2,4,1,0,0,115,38.77341111,-76.99598333,8,0,0,1,1,1,0,2,1,0,21,25,21,34,21,45
240407,24,2020,6,16,3,10,39,510,50,1,5,5,7,1,2,1,1,1,0,24,39.32285,-76.63224167,12,7,0,1,1,1,0,1,1,0,10,39,10,47,,
240408,24,2020,10,21,4,9,5,5,0,1,1,1,1,4,2,4,2,0,0,42,39.36956111,-76.74854167,33,0,0,1,1,4,0,1,5,0,,,,,,
240409,24,2020,10,19,2,12,48,33,100,1,3,2,4,1,2,1,1,1,0,261,39.02988611,-76.94936667,14,0,1,19,1,2,0,1,1,0,12,41,12,51,13,15
240410,24,2020,10,17,7,15,42,17,0,1,2,2,5,3,2,3,1,1,0,89,38.59169167,-76.86829722,12,6,0,4,1,1,0,1,1,0,15,17,15,27,,
240411,24,2020,10,18,1,19,22,33,0,1,1,1,1,4,2,5,1,0,0,32,38.73239167,-76.97595,8,0,0,1,1,1,0,3,1,0,19,21,19,28,,
240412,24,2020,10,29,5,18,37,3,0,1,1,1,1,3,2,4,1,0,0,47,39.14260556,-76.64897222,8,0,0,2,2,1,0,3,2,0,18,35,18,42,,
240413,24,2020,11,2,2,5,55,31,0,1,2,2,2,4,2,3,2,1,0,53,39.13362222,-77.15820556,8,0,0,3,2,1,0,3,6,0,5,52,,,,
240414,24,2020,10,25,1,16,58,27,0,1,1,1,1,4,2,7,2,0,0,17,39.21869722,-76.96721944,30,0,0,1,1,4,0,5,2,0,16,59,17,4,18,1
240415,24,2020,6,10,4,23,58,510,50,3,2,2,4,6,2,4,4,0,0,14,39.34284722,-76.68929444,12,6,0,2,2,1,0,3,2,0,23,58,0,33,0,45
240416,24,2020,11,8,1,4,27,31,0,1,2,2,3,4,2,5,2,0,0,8,39.06651389,-76.96359167,12,2,0,1,1,1,0,3,1,0,4,24,4,30,5,24
240417,24,2020,11,7,7,1,59,5,0,1,2,2,4,1,2,1,1,1,0,66,39.43176389,-76.81269167,12,2,0,1,1,1,0,3,1,0,,,,,,
240418,24,2020,8,24,2,2,59,510,50,1,1,1,2,2,2,3,4,1,0,70,39.29566944,-76.58196111,59,0,0,1,1,4,0,3,1,0,2,58,3,10,,
240419,24,2020,8,25,3,7,50,510,50,1,1,1,3,6,2,4,4,0,0,20,39.28838889,-76.6435,5,0,0,1,1,4,0,1,1,0,,,,,,
240420,24,2020,11,15,1,15,25,15,0,1,2,2,3,3,2,4,1,0,0,150,39.56036389,-75.807175,12,2,0,1,1,1,0,1,10,0,,,,,,
240421,24,2020,11,10,3,21,15,33,0,1,2,1,1,4,2,4,2,0,0,4,38.78980556,-76.93649722,53,0,0,1,1,4,0,3,1,0,21,15,21,26,21,45
240422,24,2020,11,17,3,4,54,43,0,1,1,1,1,1,1,1,1,1,0,176,39.65336944,-77.91648333,8,0,0,1,1,1,0,2,1,0,4,52,5,4,,
240423,24,2020,10,29,5,20,1,33,0,1,2,2,2,4,2,5,2,0,0,7,38.880375,-76.85172222,12,6,0,4,1,1,0,3,2,0,20,0,20,8,,
240424,24,2020,10,29,5,0,53,27,0,1,2,2,3,4,2,4,1,0,0,24,39.215,-76.88736944,12,6,0,2,2,1,0,3,1,0,,,,,,
240425,24,2020,8,10,2,1,15,510,50,1,3,3,5,6,2,4,4,0,0,14,39.3427,-76.68911944,12,7,0,1,1,1,0,3,1,0,1,12,1,22,1,32
240426,24,2020,10,27,3,16,30,33,0,1,1,1,1,3,2,3,1,0,0,0,38.88976111,-76.9118,9,0,0,1,1,1,0,1,1,0,16,25,16,30,16,49
240427,24,2020,11,18,4,19,12,35,0,1,1,1,1,2,1,2,1,1,0,156,38.96431667,-76.10478611,8,0,0,1,1,1,0,2,1,0,19,9,19,18,,
240428,24,2020,5,16,7,18,53,510,50,1,2,2,5,6,2,5,4,0,0,5,39.30716111,-76.57571944,12,6,0,2,2,1,0,1,1,0,18,53,19,3,19,18
240429,24,2020,11,11,4,16,55,510,50,1,1,1,1,1,2,1,1,1,0,16,39.27034444,-76.64856111,25,0,1,5,1,4,0,3,2,0,16,24,16,37,,
240430,24,2020,10,13,3,8,19,41,0,1,1,1,1,2,2,3,1,1,0,210,38.63279722,-76.05891667,42,0,0,1,1,3,0,1,2,0,8,9,8,16,,
240432,24,2020,10,8,5,10,16,5,0,1,2,2,2,4,2,5,2,0,0,1,39.39309444,-76.52235,33,0,0,1,1,4,0,1,1,0,10,14,10,22,10,48
240433,24,2020,11,16,2,20,6,17,0,1,2,2,2,4,2,4,2,0,0,58,38.60520833,-76.95073333,12,6,0,2,3,1,0,2,1,0,,,,,,
240434,24,2020,11,10,3,16,49,21,0,1,3,2,2,4,1,6,2,0,0,34,39.59075278,-77.52880278,12,7,0,1,1,1,0,1,1,0,16,31,16,43,17,43