st_case,state,year,month,day,day_week,hour,minute,county,city,fatals_crash,vehicles_total,vehicles_in_transport,persons_total,route,rural_urban,functional_system,road_owner,nhs,special_jurisdiction,milepoint,latitude,longitude,first_harmful_event,manner_collision,rel_jct_interchange,rel_jct_location,intersection_type,relation_to_road,work_zone,light_condition,weather,school_bus_related,ems_notified_hour,ems_notified_min,ems_arrival_hour,ems_arrival_min,hospital_hour,hospital_min
240435,24,2020,11,17,3,13,33,37,0,1,1,1,1,3,1,6,1,0,0,18,38.40869722,-76.61719167,52,0,0,1,1,4,0,1,6,0,13,35,13,44,,
240436,24,2020,11,13,6,12,21,1,0,1,1,1,1,3,2,5,1,0,0,10,39.61266944,-78.93955,42,0,0,1,1,4,0,1,1,0,12,17,12,25,,
240437,24,2020,11,20,6,21,45,3,0,1,2,2,3,4,2,4,2,0,0,4,39.11518056,-76.549775,9,0,0,1,1,1,0,2,1,0,21,42,21,50,22,24
240438,24,2020,11,21,7,17,51,3,673,1,1,1,1,3,2,3,1,1,0,370,39.171325,-76.61985833,8,0,0,1,1,1,0,3,1,0,17,49,17,52,,
240440,24,2020,9,16,4,12,36,5,0,1,2,2,5,3,2,3,1,1,0,2,39.28904167,-76.526675,12,6,0,2,3,1,0,1,1,1,12,35,12,41,,
240441,24,2020,11,26,5,17,1,9,0,1,1,1,1,4,1,5,2,0,0,9,38.57039167,-76.53690278,30,0,0,1,1,4,0,2,1,0,,,,,,
240442,24,2020,11,23,2,19,0,3,0,1,2,2,5,3,2,4,1,0,0,3,38.72970833,-76.61648056,12,2,0,1,1,1,0,2,1,0,19,4,19,30,20,9
240443,24,2020,11,25,4,16,29,33,0,1,2,2,2,3,2,3,1,1,0,0,38.97154444,-76.78513889,12,6,0,2,2,1,0,1,1,0,,,,,,
240444,24,2020,2,21,6,20,49,33,0,1,1,1,1,3,2,3,1,0,0,98,38.84133333,-76.87586667,8,0,0,1,1,1,0,3,1,0,20,48,20,57,,
240445,24,2020,11,22,1,0,12,33,830,1,1,1,1,4,2,5,2,0,0,12,38.95682778,-76.96675833,25,0,0,1,1,3,0,3,1,0,0,11,0,20,,
240446,24,2020,11,10,3,5,45,31,0,1,2,2,2,4,2,3,2,1,0,49,39.12958333,-77.16376944,12,6,1,2,2,1,0,3,1,0,5,43,6,11,,
240447,24,2020,11,16,2,5,4,33,0,1,1,1,4,3,2,3,1,1,0,62,38.95565833,-76.82888611,33,0,0,1,1,3,0,2,1,0,5,,5,,,
240448,24,2020,11,14,7,16,7,33,0,1,1,1,1,3,2,5,1,0,0,51,38.84104167,-76.94250833,33,0,0,3,2,4,0,3,1,0,16,11,16,13,,
240449,24,2020,11,23,2,20,59,33,882,1,1,1,1,3,2,3,1,1,0,7,38.98544444,-76.98183611,8,0,0,3,2,1,0,2,1,0,20,59,21,1,,
240450,24,2020,11,24,3,21,15,5,26,1,1,1,1,1,2,1,1,1,0,8,39.23341944,-76.71208611,8,0,1,18,1,1,0,3,1,0,21,10,21,24,21,54
240451,24,2020,11,27,6,6,46,33,0,1,3,3,3,3,2,2,1,1,0,66,38.74991667,-76.87985556,8,0,0,1,1,1,0,6,1,0,,,,,,
240452,24,2020,11,29,1,15,7,3,0,1,1,1,2,4,2,7,2,0,0,9,39.15068333,-76.66254722,1,0,0,1,1,1,0,1,1,0,,,,,,
240453,24,2020,11,16,2,18,33,31,1137,1,1,1,1,3,2,3,1,1,0,161,39.11523611,-77.24538056,59,0,0,1,1,4,0,3,1,0,,,,,,
240454,24,2020,11,22,1,1,8,31,0,1,1,1,1,3,2,3,1,1,0,296,39.120125,-77.04092222,42,0,0,1,1,4,0,3,1,0,1,6,1,15,,
240455,24,2020,9,27,1,8,33,510,50,1,2,2,2,1,2,1,1,1,0,40,39.330525,-76.64153611,12,11,0,1,1,1,0,1,2,0,8,35,8,44,9,31
240456,24,2020,11,27,6,21,1,19,0,1,2,2,2,3,1,4,1,0,0,62,38.63411389,-75.84107778,12,2,0,1,1,1,0,2,1,0,20,59,21,2,,
240457,24,2020,8,8,7,22,3,510,50,1,2,1,1,6,2,3,4,1,0,0,39.309175,-76.66481944,14,0,0,1,1,4,0,3,1,0,21,57,22,6,,
240458,24,2020,11,20,6,5,16,31,1114,1,1,1,1,3,2,3,1,1,0,44,39.02256111,-77.10278333,8,0,0,3,2,1,0,3,1,0,5,7,5,16,,
240459,24,2020,10,11,1,3,40,33,710,1,1,1,2,3,2,2,1,1,1,0,38.99841667,-76.87001944,33,0,0,1,1,4,0,2,1,0,,,,,,
240460,24,2020,2,10,2,5,7,33,320,1,2,2,2,3,2,2,66,1,1,0,38.92327222,-76.93091667,8,0,0,1,1,1,0,3,1,0,,,,,,
240461,24,2020,11,24,3,17,34,43,0,1,1,1,1,2,2,3,1,1,0,372,39.63323056,-77.70291944,8,0,0,1,1,1,0,3,1,0,17,34,17,37,18,6
240462,24,2020,12,8,3,10,30,31,0,1,1,1,1,1,2,1,1,1,0,93,39.12023056,-77.19734444,39,0,0,1,1,3,0,1,1,0,10,29,10,42,,
240463,24,2020,2,14,6,10,3,510,50,1,2,2,1,1,2,1,1,1,0,9,39.21275556,-76.533875,12,1,0,1,1,1,0,1,1,0,10,3,10,28,,
240464,24,2020,11,1,1,1,36,27,381,1,1,1,1,3,2,4,1,0,0,118,39.22595833,-76.81689722,8,0,0,3,2,1,0,3,1,0,1,36,1,42,2,19
240465,24,2020,11,7,7,20,44,510,50,1,2,2,5,1,2,1,31,1,0,15,,,12,2,0,1,1,1,0,3,98,0,,,,,,
240466,24,2020,12,14,2,6,37,13,0,1,1,1,1,1,2,1,1,1,0,16,39.36016111,-77.14402222,8,0,0,1,1,1,0,3,2,0,,,,,,
240467,24,2020,12,7,2,13,18,37,226,1,5,5,7,3,2,3,1,1,0,173,38.30831389,-76.52995278,12,1,0,3,2,1,0,1,1,0,13,17,13,31,14,20
240468,24,2020,12,18,6,6,3,17,1639,1,2,2,2,3,2,3,1,1,0,135,38.65395556,-76.87400556,59,0,0,3,2,3,0,2,1,0,6,1,6,16,,
240469,24,2020,12,19,7,2,58,33,0,1,1,1,1,3,2,3,1,1,0,29,38.85709167,-76.77107222,42,0,0,1,1,4,0,3,1,0,2,53,3,3,,
240470,24,2020,5,23,7,12,28,510,50,1,2,2,4,6,2,4,4,0,0,0,39.31423333,-76.67657778,12,6,0,2,2,1,0,1,1,0,12,28,12,38,12,55
240471,24,2020,12,13,1,19,11,33,0,1,2,2,2,4,2,4,2,0,0,29,38.70649444,-76.97340278,12,6,0,1,1,1,0,2,1,0,19,10,19,18,19,28
240472,24,2020,10,6,3,22,22,5,0,1,1,1,1,4,2,7,1,0,0,0,39.23198611,-76.44175556,42,0,0,1,1,4,0,2,1,0,22,18,22,34,22,59
240473,24,2020,12,20,1,0,24,37,0,1,2,2,2,3,2,3,1,1,0,442,38.48804722,-76.77504722,12,1,0,1,1,1,0,6,10,0,,,,,,
240474,24,2020,12,18,6,21,16,37,0,1,1,1,1,4,1,6,2,0,0,32,38.41633056,-76.69450833,42,0,0,1,1,4,0,2,1,0,21,15,21,34,22,19
240475,24,2020,12,15,3,13,5,15,0,1,2,2,2,2,2,3,1,1,0,40,39.58249444,-76.02199722,12,1,0,2,2,1,0,1,1,0,13,5,13,18,,
240476,24,2020,4,25,7,21,37,510,50,2,2,2,3,2,2,3,4,1,0,0,39.31056111,-76.627975,12,6,0,2,2,1,0,3,10,0,21,37,21,49,22,13
240477,24,2020,9,18,6,14,0,21,0,1,2,2,6,2,2,3,1,1,0,128,39.41663333,-77.441425,12,6,0,2,2,1,0,1,1,0,14,0,14,4,15,8
240478,24,2020,12,22,3,3,58,31,0,1,1,1,1,3,2,3,1,0,0,35,39.04150556,-77.05178333,8,0,0,3,2,1,0,3,1,0,3,56,4,3,4,36
240480,24,2020,12,1,3,17,17,5,0,1,1,1,1,4,2,4,2,0,0,9,39.23621944,-76.44239722,15,0,0,3,2,1,0,3,1,0,17,17,17,21,,
240481,24,2020,12,18,6,21,39,45,0,1,1,1,2,2,2,3,1,1,0,11,38.30176111,-75.63509444,24,0,0,1,1,4,0,3,1,0,21,39,22,2,,
240482,24,2020,12,23,4,16,33,9,0,1,3,3,3,3,2,4,1,0,0,18,38.74313056,-76.63285,12,1,0,1,1,1,0,2,1,0,,,,,,
240483,24,2020,6,4,5,13,18,510,50,1,1,1,1,3,2,4,4,0,0,0,39.3477,-76.59169444,30,0,0,8,1,4,0,1,1,0,13,18,13,27,13,45
240484,24,2020,5,25,2,1,0,510,50,1,2,2,4,3,2,3,4,1,0,0,39.3241,-76.67150278,12,6,0,2,2,1,0,3,1,0,1,0,1,13,1,34
240485,24,2020,10,30,6,19,22,5,0,1,1,1,2,3,2,3,1,0,0,37,39.27292222,-76.50273611,8,0,0,3,3,1,0,2,1,0,19,13,19,25,19,37
240486,24,2020,8,30,1,20,58,5,0,1,2,1,1,4,2,5,2,0,0,13,39.31420556,-76.46589722,14,0,0,1,1,7,0,3,1,0,20,56,20,59,21,14
240487,24,2020,4,19,1,15,4,5,0,1,2,2,4,3,2,3,1,0,0,20,39.39571111,-76.52265,12,6,0,8,1,1,0,1,1,0,15,2,15,11,,
240488,24,2020,11,27,6,17,7,5,455,1,1,1,1,4,2,4,2,0,0,2,39.26739167,-76.49710556,8,0,0,1,1,1,0,3,1,0,17,17,17,21,,
240489,24,2020,11,27,6,22,10,31,0,1,1,1,2,4,2,3,2,0,0,25,39.05341944,-77.13326667,15,0,0,2,3,1,0,3,1,0,22,7,22,18,22,36
240490,24,2020,11,26,5,18,35,11,0,1,3,3,7,3,1,3,1,1,0,7,38.92038333,-75.93581111,12,1,0,3,2,1,0,3,1,0,18,32,18,43,19,33
240491,24,2020,12,16,4,10,23,17,0,1,3,3,3,4,1,6,2,0,0,27,38.44968056,-76.86571667,12,2,0,1,1,1,0,1,2,0,10,26,10,37,,
240492,24,2020,12,16,4,9,0,21,0,1,2,2,3,2,1,2,1,1,0,227,39.57136111,-77.43269722,12,6,0,2,2,1,0,1,1,0,9,0,9,6,9,31
240493,24,2020,12,24,5,17,43,9,0,1,1,1,2,3,2,3,1,1,0,188,38.54141667,-76.58925,8,0,0,3,3,1,0,3,2,0,17,43,17,48,,
240494,24,2020,12,27,1,7,3,25,0,1,1,1,2,2,2,3,1,1,0,137,39.63346111,-76.27156944,42,0,0,1,1,4,0,4,1,0,7,2,7,7,,
240495,24,2020,12,5,7,18,11,33,0,1,1,1,1,3,2,3,1,1,0,5,38.88719722,-76.90322222,8,0,0,1,1,1,0,2,1,0,18,12,18,19,,
240496,24,2020,12,29,3,15,9,25,0,1,3,3,4,3,2,3,2,1,0,21,39.54695,-76.31312222,12,1,0,3,2,1,0,1,1,0,15,8,15,14,16,11
240497,24,2020,12,30,4,18,11,17,0,1,1,1,1,4,2,4,2,0,0,23,38.627075,-76.92019167,8,0,0,1,1,1,0,3,1,0,,,,,,
240498,24,2020,12,18,6,9,33,33,900,1,1,1,1,6,2,7,4,0,0,2,39.09201667,-76.84635,33,0,0,1,1,4,0,1,2,0,9,8,9,14,,
240499,24,2020,12,26,7,17,34,27,0,1,1,1,1,2,2,3,1,1,0,14,39.12208611,-76.82595556,8,0,0,1,1,1,0,2,1,0,17,36,17,41,18,25
240500,24,2020,8,28,6,21,28,5,0,1,1,1,1,2,2,3,1,1,0,155,39.322425,-76.50440556,8,0,0,1,1,1,0,3,2,0,21,27,21,35,22,4
240501,24,2020,6,14,1,21,6,5,0,1,1,1,2,3,2,4,1,0,0,0,39.31236667,-76.74496944,33,0,0,1,1,4,0,3,98,0,21,3,21,9,21,39
240502,24,2020,11,18,4,13,37,21,580,1,1,1,1,6,2,5,4,0,0,10,39.44633056,-77.38358333,33,0,0,1,1,4,0,1,1,0,13,37,13,46,14,32
240503,24,2020,9,25,6,3,40,3,901,1,2,2,2,3,2,3,66,1,1,,39.07431667,-76.826994440000007,12,6,0,1,1,1,0,2,1,0,,,,,,
240504,24,2020,9,20,1,0,15,510,50,2,1,1,4,3,2,3,4,0,0,24,39.35595278,-76.57443333,33,0,0,3,3,3,0,2,1,0,0,14,0,35,,
240505,24,2020,9,14,2,0,14,5,0,1,2,2,4,4,2,3,2,0,0,35,39.3986,-76.54258611,12,7,0,2,2,1,0,3,1,0,0,13,0,18,0,48
240506,24,2020,10,18,1,1,9,31,0,1,2,2,3,2,2,2,1,1,0,62,39.05613611,-76.97115556,12,6,0,2,3,1,0,3,98,0,1,8,1,16,,
240507,24,2020,6,16,3,20,39,5,0,1,3,3,3,4,2,4,2,0,0,12,39.42618611,-76.80953611,12,1,0,2,3,1,0,5,10,0,20,38,20,47,,
240508,24,2020,9,21,2,17,59,510,50,1,2,2,3,2,2,3,1,1,0,0,39.27211667,-76.67667222,12,6,0,4,1,1,0,1,1,0,17,29,18,5,18,22
240509,24,2020,6,20,7,0,15,510,50,1,1,1,1,2,2,3,4,1,0,0,39.31180278,-76.60205278,8,0,0,1,1,1,0,3,1,0,0,15,0,23,0,39
240510,24,2020,2,16,1,22,13,33,320,1,1,1,1,3,2,3,1,1,1,0,38.93534722,-76.9169,8,0,0,1,1,1,0,2,1,0,,,,,,
240511,24,2020,4,20,2,21,23,33,150,1,3,3,5,3,2,3,66,1,1,,38.93499167,-76.91726944,8,0,0,1,1,1,0,2,1,0,,,,,,
240512,24,2020,12,25,6,19,44,45,0,1,1,1,2,2,1,3,1,1,0,249,38.38376389,-75.44115278,42,0,0,1,1,4,0,2,11,0,19,41,20,2,,
240513,24,2020,12,24,5,19,45,33,0,1,2,2,2,2,2,3,1,1,0,232,38.94267222,-76.71778333,12,6,0,2,3,1,0,2,2,0,19,43,19,49,,
240514,24,2020,12,12,7,17,42,13,0,1,2,2,2,3,2,3,1,0,0,94,39.57665833,-77.01183889,12,6,0,1,1,1,0,2,1,0,17,41,17,49,18,39
240515,24,2020,12,24,5,3,40,17,0,1,1,1,1,3,2,5,1,0,0,89,38.36869722,-76.94845556,34,0,0,1,1,4,0,2,1,0,3,37,3,53,,
240516,24,2020,2,5,4,10,30,510,50,1,2,2,4,6,2,4,4,0,0,0,39.33309167,-76.65573056,12,2,0,1,1,1,0,1,10,0,10,30,11,8,11,11
240517,24,2020,10,24,7,1,21,33,100,1,2,2,2,3,2,2,66,1,1,,39.03326944,-76.85202222,12,1,0,1,1,1,0,3,1,0,,,,,,
240518,24,2020,8,20,5,21,4,510,50,1,1,1,2,6,2,3,4,0,0,13,39.28964722,-76.62781667,8,0,0,1,1,1,0,3,1,0,21,4,21,15,21,27
240519,24,2020,8,11,3,0,15,31,0,1,1,1,1,3,2,3,1,1,0,104,39.11482222,-76.9927,33,0,0,1,1,4,0,2,1,0,,,,,,
240520,24,2020,5,3,1,11,47,33,1520,1,3,3,3,8,2,2,66,1,1,0,38.83495,-76.90728889,33,0,0,1,1,3,0,1,2,0,,,,,,
240521,24,2020,8,12,4,2,49,5,0,1,1,1,1,3,2,3,1,0,0,65,39.36141944,-76.77878333,8,0,0,3,2,1,0,3,1,0,2,47,2,58,,
240522,24,2020,10,18,1,3,9,33,710,1,2,1,2,3,2,2,66,1,1,,38.98124722,-76.89373611,8,0,0,1,1,2,0,2,1,0,,,,,,
240523,24,2020,7,20,2,12,53,510,50,2,1,1,3,3,2,4,4,0,0,8,39.33208889,-76.59512778,42,0,0,1,1,3,0,1,1,0,12,53,13,0,13,13
240524,24,2020,11,22,1,4,51,33,710,1,2,2,2,3,2,2,66,1,1,,38.99350556,-76.88330278,12,2,0,1,1,1,0,2,1,0,,,,,,
240525,24,2020,8,21,6,4,13,510,50,1,3,1,2,6,2,3,4,1,0,0,39.36383333,-76.55363889,33,0,0,1,1,4,0,3,1,0,,,,,,
240526,24,2020,7,15,4,23,52,510,50,1,2,2,3,3,2,3,4,1,0,16,39.32769167,-76.68375278,33,0,0,3,3,4,0,3,1,0,23,52,23,57,,
240527,24,2020,12,6,1,7,15,5,0,1,4,4,5,2,2,3,1,1,0,173,39.33743889,-76.48109444,12,1,0,3,2,1,0,1,1,0,7,14,7,18,7,31
240528,24,2020,8,30,1,0,9,510,50,1,1,1,3,3,2,3,1,1,0,1,39.200075,-76.55555278,33,0,0,3,3,3,0,3,1,0,,,,,,
240529,24,2020,12,23,4,9,40,510,50,1,1,1,1,6,2,3,4,1,0,15,39.29886389,-76.58185833,8,0,0,1,1,1,0,1,1,0,,,,,,
240530,24,2020,12,8,3,20,34,5,0,1,3,2,2,4,2,4,2,0,0,1,39.24097778,-76.44565,12,6,0,2,2,1,0,3,1,0,20,33,20,36,21,5
240531,24,2020,8,20,5,7,24,510,50,1,1,1,3,6,2,5,4,0,0,0,39.29395,-76.61974444,74,0,0,3,4,1,0,1,1,0,7,24,7,48,,
240532,24,2020,9,4,6,22,36,5,0,1,1,1,1,2,2,3,1,1,0,149,39.317425,-76.51485,8,0,0,3,2,1,0,3,1,0,22,34,22,46,23,17
240533,24,2020,8,6,5,21,53,510,50,1,1,1,1,3,2,5,4,0,0,41,39.37043056,-76.60980278,8,0,0,3,2,1,0,3,1,0,21,52,22,0,,
240534,24,2020,10,22,5,20,48,510,50,1,1,1,1,6,2,5,4,0,0,0,39.22824167,-76.598925,8,0,0,3,2,1,0,5,1,0,,,,,,
240535,24,2020,5,20,4,22,32,510,50,1,1,1,2,6,2,3,4,0,0,23,39.29959722,-76.56748611,42,0,0,3,2,4,0,3,1,0,22,32,22,43,23,0
240536,24,2020,10,19,2,11,54,33,235,1,1,1,1,8,2,3,66,1,1,0,38.83559167,-76.91980833,42,0,0,1,1,4,0,9,1,0,,,,,,
240537,24,2020,9,23,4,20,59,510,50,1,8,1,2,3,2,4,4,0,0,6,39.22296389,-76.58749444,14,0,0,1,1,7,0,3,1,0,20,59,21,15,21,20
240538,24,2020,12,1,3,22,29,5,0,1,2,2,5,2,2,3,1,1,0,162,39.36136944,-76.523225,12,6,0,2,3,1,0,3,98,0,22,25,22,36,23,3
240539,24,2020,11,4,4,23,30,510,50,1,2,2,2,2,2,3,4,1,0,18,39.27895,-76.65583056,12,7,0,1,1,1,0,3,1,0,,,,,,
240540,24,2020,8,24,2,14,52,510,50,1,1,1,1,6,2,4,4,0,0,13,39.28108056,-76.55442222,31,0,0,3,2,12,0,1,1,0,14,43,15,9,,
240541,24,2020,12,19,7,19,30,510,50,1,1,1,1,2,2,3,4,1,0,68,39.31173056,-76.60396667,9,0,0,3,2,1,0,3,1,0,19,30,19,36,20,36
240543,24,2020,5,31,1,20,53,510,50,1,1,1,1,1,2,1,1,1,0,47,39.35573056,-76.64931667,25,0,0,1,1,3,0,3,1,0,20,48,21,5,21,23
240544,24,2020,6,5,6,11,17,510,50,1,1,1,1,3,2,3,4,1,0,0,39.28737778,-76.54626111,8,0,0,3,2,1,4,1,1,0,11,17,11,29,11,36
240545,24,2020,12,15,3,14,18,5,0,1,1,1,1,4,2,4,2,0,0,0,39.48035833,-76.79584722,42,0,0,1,1,4,0,1,1,0,14,13,14,19,15,10
240546,24,2020,8,11,3,10,9,31,0,1,1,1,1,4,2,4,2,0,0,20,39.09295556,-77.0805,8,0,0,3,3,1,0,1,1,0,10,6,10,14,10,39
240547,24,2020,6,23,3,21,21,33,0,1,1,1,1,8,2,2,66,1,0,0,38.85203056,-76.95580278,8,0,0,1,1,1,0,2,1,0,,,,,,
240548,24,2020,7,4,7,2,10,33,150,1,3,3,8,3,2,2,66,1,0,0,38.94976667,-76.91001944,12,6,0,1,1,1,0,2,1,0,,,,,,
240549,24,2020,11,28,7,6,23,510,50,1,1,1,1,6,2,3,4,1,0,11,39.27236389,-76.53602778,8,0,0,3,3,1,0,3,10,0,6,22,6,34,,
240550,24,2020,11,21,7,12,35,31,1265,1,1,1,3,4,2,4,2,0,1,0,39.00111111,-77.24231389,9,0,0,1,1,1,0,1,10,0,,,,,,
240551,24,2020,11,7,7,12,26,33,1330,1,2,2,2,3,2,2,66,1,1,0,38.96111944,-76.90465278,12,1,0,1,1,1,4,1,98,0,,,,,,
240552,24,2020,2,4,3,18,4,13,0,2,2,2,3,3,2,4,1,0,0,63,39.54963056,-77.05565278,12,6,0,2,2,1,0,2,2,0,18,5,18,11,,
240553,24,2020,11,17,3,20,37,33,240,1,1,1,1,3,2,2,1,1,0,0,38.91290833,-76.93358611,8,0,0,1,1,1,0,2,10,0,20,32,20,34,20,43
240554,24,2020,7,1,4,0,14,25,90,1,1,1,1,6,1,4,4,0,0,3,39.53663889,-76.349525,8,0,0,3,2,1,0,3,1,0,0,14,0,18,0,35
240555,24,2020,11,4,4,1,37,510,50,1,1,1,1,6,2,3,4,0,0,19,39.34458611,-76.65092778,33,0,0,1,1,4,0,3,1,0,1,37,1,56,,
240556,24,2020,10,31,7,14,4,5,0,1,2,2,2,4,2,5,2,0,0,1,39.51151389,-76.64016667,1,0,0,1,1,1,0,1,10,0,14,1,14,17,14,40
240557,24,2020,11,3,3,7,21,5,0,1,2,2,3,3,2,3,1,0,0,67,39.35944444,-76.773625,12,6,0,2,2,1,0,1,1,0,7,18,7,25,7,40
240558,24,2020,3,27,6,7,10,510,50,1,2,2,2,3,2,3,4,1,0,9,39.30139444,-76.54251944,12,1,0,8,1,1,0,1,1,0,7,10,7,28,,
240559,24,2020,8,23,1,0,55,510,0,1,2,2,3,2,2,3,1,1,0,56,39.29470278,-76.60746944,12,2,0,1,1,1,0,3,1,0,0,43,0,53,1,18
240560,24,2020,9,27,1,8,35,510,50,1,1,1,9,2,2,3,4,1,0,0,39.31007778,-76.64201111,8,0,0,1,1,2,0,1,2,0,8,35,8,43,,
240561,24,2020,5,14,5,15,45,510,50,1,1,1,1,2,2,3,1,1,0,48,39.31026944,-76.63826667,8,0,0,3,2,1,0,1,1,0,,,,,,
240562,24,2020,11,26,5,18,5,510,0,1,2,2,2,2,2,3,1,1,0,103,39.33813889,-76.55165833,12,2,0,2,2,1,0,3,1,0,,,,,,
240563,24,2020,6,6,7,8,32,510,0,1,1,1,1,3,2,4,4,0,0,46,39.34898333,-76.67588056,8,0,0,3,2,1,0,1,1,0,8,32,8,38,9,6
240564,24,2020,10,5,2,20,47,510,50,1,2,1,1,8,6,96,96,0,0,0,39.30782778,-76.64154167,8,0,0,1,1,1,0,3,1,0,20,48,20,59,21,20
250001,25,2020,1,2,5,20,59,17,660,1,2,2,3,8,2,7,4,0,0,,42.43118611,-71.056788890000007,12,6,0,2,3,1,0,3,1,0,21,1,21,5,21,25
250002,25,2020,1,13,2,22,40,9,765,1,1,1,2,3,2,4,4,0,0,,42.69809167,-71.23967778,17,0,0,1,1,5,0,3,10,0,22,47,22,50,23,33
250003,25,2020,1,13,2,16,47,9,1114,1,2,2,3,1,2,1,1,1,0,,42.85458889,-70.90183889,12,2,0,1,1,1,0,2,3,0,16,54,17,28,,
250004,25,2020,1,6,2,9,47,21,730,2,2,2,3,3,2,3,1,1,0,,42.15264167,-71.4065,12,1,0,3,2,1,0,1,10,0,9,48,9,54,10,46
250005,25,2020,1,17,6,1,52,27,610,1,1,1,1,3,2,3,1,1,0,419,42.54738611,-71.761325,30,0,1,3,3,3,0,3,1,0,1,59,2,10,2,25
250007,25,2020,1,15,4,20,31,5,320,1,1,1,1,2,2,3,4,1,0,,41.71613056,-71.15246667,8,0,0,1,1,1,0,2,1,0,20,34,20,37,21,0
250008,25,2020,1,19,1,1,24,23,140,2,1,1,2,3,2,3,1,1,0,,42.04604167,-71.01019444,42,0,0,1,1,4,0,3,1,0,1,30,1,33,2,4
250009,25,2020,1,12,1,2,30,17,1490,1,1,1,1,1,2,1,1,1,0,,42.58184167,-71.15516667,24,0,1,19,1,4,0,2,10,0,2,30,2,35,3,2
250010,25,2020,1,23,5,5,39,13,1270,1,1,1,1,1,2,1,1,1,0,20,42.12165278,-72.57586389,1,0,0,1,1,2,0,2,1,0,5,45,5,53,6,10
250011,25,2020,1,29,4,14,57,5,1133,1,1,1,1,1,2,1,1,1,0,22,41.78954167,-71.303475,1,0,0,1,1,5,0,1,1,0,14,2,14,12,,
250012,25,2020,1,23,5,13,25,23,1085,1,2,2,3,3,2,4,1,0,0,,42.11886667,-70.91686667,12,2,0,3,4,1,0,1,1,0,13,26,13,32,14,1
250013,25,2020,2,5,4,15,7,23,1360,1,1,1,1,1,2,1,1,1,0,366,41.73989444,-70.76536389,24,0,0,1,1,4,0,1,1,0,15,,15,,,
250015,25,2020,2,15,7,3,22,1,121,1,1,1,2,8,2,3,1,1,0,,41.74691111,-70.58028056,43,0,0,1,1,4,0,2,1,0,3,23,3,33,3,39
250016,25,2020,2,25,3,18,46,17,1065,1,2,2,2,1,2,1,1,1,0,,42.50614722,-71.12122778,12,1,0,1,1,1,0,5,1,0,18,40,18,49,19,14
250017,25,2020,2,10,2,22,2,23,1360,1,1,1,1,1,2,1,1,1,0,2,41.78532222,-70.73541111,1,0,0,1,1,3,0,2,2,0,22,1,22,9,22,39
250018,25,2020,1,7,3,20,41,25,120,1,1,1,1,8,2,3,4,1,0,,42.33261667,-71.07190278,8,0,0,3,2,1,0,3,1,0,16,17,16,21,16,43
250019,25,2020,2,8,7,2,9,5,251,1,1,1,1,8,2,5,3,0,0,,41.65348056,-71.00030556,42,0,0,1,1,4,0,3,1,0,2,9,2,11,2,42
250020,25,2020,2,2,1,4,30,5,670,1,1,1,1,1,2,1,1,1,0,,42.00858611,-71.28168611,24,0,0,1,1,5,0,6,10,0,4,30,4,38,5,2
250022,25,2020,2,8,7,12,52,5,320,1,1,1,1,8,2,4,4,1,0,0,41.69716667,-71.14336389,8,0,0,1,1,1,0,1,1,0,12,53,12,58,13,19
250023,25,2020,1,14,3,11,30,9,255,1,1,1,1,2,1,3,1,1,0,,42.58575,-70.96671111,59,0,1,19,1,4,0,1,1,0,11,32,11,34,11,46
250024,25,2020,2,4,3,17,33,13,1430,1,2,2,2,2,2,3,1,1,0,,42.15881111,-72.72617778,12,2,0,1,1,1,0,3,1,0,17,35,17,37,,
250025,25,2020,2,3,2,21,23,21,94,1,1,1,1,8,2,4,3,9,0,,42.11331944,-71.44896111,42,0,0,1,1,5,0,1,1,0,10,0,10,6,10,32
250026,25,2020,2,14,6,16,19,27,123,1,2,2,2,3,2,4,1,0,0,,42.36756667,-71.72673333,12,2,0,1,1,1,0,1,1,0,15,58,16,3,16,34
250027,25,2020,2,27,5,14,0,27,55,1,2,2,2,2,2,3,1,1,0,,42.20508056,-71.81296667,12,2,0,1,1,1,0,1,1,0,13,13,13,16,13,49
250028,25,2020,2,16,1,0,14,5,850,1,1,1,1,8,2,4,4,0,0,,41.66933056,-70.927575,43,0,0,3,2,5,0,3,1,0,0,15,0,21,0,50
250029,25,2020,2,24,2,16,0,17,95,1,2,2,2,8,2,4,3,0,0,,42.40782778,-71.19930278,1,0,0,8,1,1,0,1,1,0,16,4,16,8,16,38
250030,25,2020,1,17,6,,,17,740,1,2,2,3,8,2,5,4,0,0,,42.44726667,-71.06183889,12,2,0,1,1,1,0,1,1,0,14,10,14,13,14,52
250031,25,2020,1,12,1,22,8,9,892,1,2,2,3,8,2,4,3,0,0,,42.69061944,-71.13513056,12,2,0,1,1,1,0,1,1,0,22,9,22,14,22,37
250032,25,2020,1,25,7,10,49,27,1390,1,2,2,2,3,2,4,3,0,0,,42.25092222,-71.65796944,12,6,0,2,3,1,0,1,1,0,10,48,10,54,11,23
250033,25,2020,2,4,3,18,30,1,259,1,2,2,3,3,2,3,1,1,0,,41.69684722,-70.15353611,12,1,1,18,1,1,0,1,10,0,13,44,13,49,,
250034,25,2020,1,22,4,4,0,21,125,2,2,2,3,8,2,4,3,1,0,,42.20845278,-71.02111944,12,6,0,1,1,1,0,8,98,0,4,6,4,16,4,37