st_case,state,year,month,day,day_week,hour,minute,county,city,fatals_crash,vehicles_total,vehicles_in_transport,persons_total,route,rural_urban,functional_system,road_owner,nhs,special_jurisdiction,milepoint,latitude,longitude,first_harmful_event,manner_collision,rel_jct_interchange,rel_jct_location,intersection_type,relation_to_road,work_zone,light_condition,weather,school_bus_related,ems_notified_hour,ems_notified_min,ems_arrival_hour,ems_arrival_min,hospital_hour,hospital_min
260017,26,2020,1,14,3,12,19,157,0,1,1,1,2,3,1,4,1,0,0,91,43.45205,-83.51685278,42,0,0,1,1,4,0,1,10,0,12,23,12,30,,
260018,26,2020,1,14,3,18,15,159,3850,1,1,1,1,6,2,5,4,0,0,3,42.21736944,-85.89278611,8,0,0,1,1,1,0,2,1,0,,,,,,
260019,26,2020,1,14,3,4,30,163,1260,1,2,2,2,6,2,3,1,1,0,12,42.34308056,-83.23795,12,7,0,8,1,1,0,4,1,0,,,,,,
260020,26,2020,1,15,4,18,45,99,1009,1,1,1,2,3,2,3,1,1,0,17,42.62521111,-82.86329167,9,0,0,2,3,1,0,2,10,0,,,,,,
260021,26,2020,1,13,2,22,15,159,0,1,1,1,1,6,1,3,4,1,0,12,42.12624167,-85.92625556,8,0,0,1,1,1,0,2,1,0,,,,,,
260022,26,2020,1,17,6,0,24,91,0,1,1,1,1,2,1,3,1,1,0,109,41.94343333,-84.19004444,31,0,0,1,1,4,0,3,1,0,0,22,0,32,,
260023,26,2020,1,15,4,19,3,149,0,1,2,2,4,2,1,3,1,1,0,20,41.82981111,-85.67816944,12,2,0,2,2,1,0,2,2,0,19,7,19,23,,
260024,26,2020,1,18,7,14,32,149,0,1,1,1,2,4,1,7,2,0,0,50,41.86796944,-85.54131389,1,0,0,1,1,4,0,1,10,0,14,34,14,44,,
260025,26,2020,1,19,1,14,24,85,0,1,1,1,1,4,1,5,2,0,0,83,43.93349167,-85.80174167,42,0,0,1,1,4,0,1,1,0,14,24,14,32,,
260026,26,2020,1,22,4,12,40,135,0,2,2,2,3,3,1,4,1,0,0,80,44.64500833,-84.23149167,12,2,0,1,1,1,0,1,1,0,12,41,12,49,,
260027,26,2020,1,17,6,16,48,115,3320,1,1,1,1,3,2,4,1,0,0,184,41.92073889,-83.42323056,8,0,0,3,2,1,0,1,10,0,16,50,16,54,,
260028,26,2020,1,23,5,18,24,37,0,1,1,1,1,4,1,5,2,0,0,25,43.08865278,-84.41613889,8,0,0,1,1,1,0,2,1,0,18,24,18,40,,
260029,26,2020,1,23,5,13,41,43,5125,2,2,2,4,2,1,3,1,1,0,220,45.75262778,-87.72490278,12,2,0,1,1,1,0,1,4,0,,,,,,
260030,26,2020,1,26,1,19,25,109,4110,1,2,2,2,2,1,3,1,1,0,6,45.69401111,-87.50950556,12,2,0,1,1,1,0,2,10,0,19,25,,,,
260031,26,2020,1,23,5,19,0,111,3240,1,2,2,3,6,2,4,4,0,0,11,43.64250278,-84.22684444,12,2,0,1,1,1,0,3,1,0,19,7,19,13,,
260032,26,2020,1,28,3,14,45,15,0,1,2,2,3,3,1,4,1,0,0,98,42.55533056,-85.25795833,12,2,0,1,1,1,0,1,10,0,14,50,14,57,,
260033,26,2020,1,27,2,4,59,147,1369,1,2,2,4,3,2,4,1,0,0,67,42.80637778,-82.48736389,12,2,0,1,1,1,0,3,10,0,5,2,5,3,,
260034,26,2020,1,29,4,19,22,17,0,1,2,2,2,1,1,1,1,1,0,183,43.76750556,-84.02120833,12,2,0,1,1,1,0,2,1,0,19,25,19,42,,
260035,26,2020,1,28,3,20,11,125,3641,1,1,1,1,3,2,3,1,1,0,72,42.4452,-83.18102778,8,0,0,3,2,1,0,3,1,0,20,15,20,18,,
260036,26,2020,1,19,1,2,11,163,4295,1,1,1,1,1,2,1,1,1,0,1,42.22108056,-83.41598056,1,0,1,5,1,4,0,2,1,0,,,,,,
260037,26,2020,1,25,7,21,23,163,1260,1,2,2,4,6,2,4,4,0,0,72,42.35764722,-83.23105278,12,6,0,2,2,1,0,3,2,0,,,,,,
260038,26,2020,1,29,4,17,18,81,0,1,1,1,1,4,1,5,2,0,0,28,42.78291667,-85.72668889,42,0,0,1,1,4,0,5,10,0,17,18,17,30,,
260039,26,2020,1,29,4,4,47,49,1730,1,2,2,3,6,2,3,4,1,0,23,43.07237222,-83.73349444,12,1,0,1,1,1,0,3,10,0,,,,,,
260040,26,2020,1,25,7,22,8,49,0,1,1,1,1,4,1,4,2,0,0,67,42.86965556,-83.76897778,38,0,0,1,1,4,0,2,4,0,,,,,,
260041,26,2020,1,29,4,8,57,155,0,1,1,1,1,1,1,1,1,1,0,172,42.90493611,-84.06423889,57,0,0,1,1,3,0,1,10,0,,,,,,
260042,26,2020,1,15,4,15,41,129,0,1,2,2,2,3,1,4,1,0,0,80,44.276725,-84.06494722,12,6,0,2,2,1,0,1,1,0,,,,,,
260043,26,2020,1,31,6,23,5,107,0,1,1,1,1,4,1,5,2,0,0,39,43.80003889,-85.44324722,31,0,0,3,3,4,0,2,10,0,23,7,23,23,,
260044,26,2020,1,3,6,0,10,49,0,1,2,2,2,4,1,7,2,0,0,166,43.1881,-83.62053333,12,2,0,1,1,1,0,6,1,0,0,11,0,20,,
260045,26,2020,1,14,3,16,15,125,4905,1,4,4,5,6,2,4,4,0,0,82,42.56571667,-83.10835278,12,6,0,1,1,1,0,1,10,0,16,17,16,24,,
260046,26,2020,1,19,1,14,31,139,0,2,3,3,5,6,2,4,4,0,0,82,42.79931111,-86.11990278,12,6,0,1,1,1,0,1,10,0,14,32,14,37,,
260047,26,2020,1,24,6,7,22,139,0,1,3,3,3,4,1,4,2,0,0,77,42.88508889,-86.04092778,12,6,0,2,2,1,0,2,2,0,7,22,7,29,,
260048,26,2020,2,3,2,13,54,121,0,1,1,1,3,4,1,4,2,0,0,122,43.28995556,-86.05235,42,0,0,1,1,4,0,1,1,0,13,54,14,1,,
260049,26,2020,2,1,7,0,15,115,0,1,1,1,1,4,1,7,2,0,0,9,41.97814444,-83.38518611,42,0,0,1,1,5,0,2,10,0,0,20,0,27,,
260050,26,2020,2,9,1,2,0,157,0,1,1,1,2,4,1,7,2,0,0,18,43.34811111,-83.35279167,1,0,0,1,1,4,0,2,1,0,2,3,2,11,,
260051,26,2020,2,7,6,22,40,81,2010,1,3,3,4,2,2,2,1,1,0,112,42.92873056,-85.6817,12,7,0,1,1,1,0,3,4,0,,,,,,
260052,26,2020,1,26,1,4,17,125,4905,2,2,2,2,1,2,1,1,1,0,66,42.538,-83.11636667,12,2,0,1,1,1,0,2,10,0,4,18,4,25,,
260053,26,2020,2,2,1,18,30,155,3910,1,1,1,1,6,1,7,4,0,0,0,42.83230278,-84.21923611,8,0,0,1,1,1,0,3,1,0,,,,,,
260054,26,2020,2,4,3,6,10,105,0,1,3,3,4,4,1,5,2,0,0,127,44.00895833,-86.22061389,12,1,0,1,1,1,0,2,10,0,6,10,6,30,,
260055,26,2020,2,6,5,18,26,133,0,1,3,3,4,3,1,3,1,1,0,74,44.09446389,-85.23904167,12,2,0,1,1,1,0,5,4,0,18,27,18,36,,
260056,26,2020,2,11,3,19,27,163,5176,1,2,2,2,6,2,3,4,1,0,58,42.30029167,-83.34936111,8,0,0,1,1,1,0,3,1,0,,,,,,
260057,26,2020,2,9,1,16,52,81,5319,1,2,2,4,2,2,1,1,1,0,69,42.8674,-85.6799,24,0,1,19,1,8,0,1,4,0,16,52,17,0,,
260058,26,2020,2,7,6,13,31,151,3130,1,1,1,1,6,1,6,4,0,0,22,43.19008889,-82.86183889,34,0,0,1,1,4,0,1,1,0,13,33,13,44,,
260059,26,2020,2,15,7,3,59,81,0,1,1,1,1,2,2,2,1,1,0,209,43.06220833,-85.66244722,1,0,0,1,1,4,0,2,1,0,3,59,,,,
260060,26,2020,2,2,1,12,59,161,0,1,2,2,3,4,2,4,2,0,0,123,42.26246111,-83.67969722,12,2,0,1,1,1,0,1,1,0,13,2,13,7,,
260061,26,2020,2,16,1,13,12,17,0,1,2,2,4,3,1,4,1,0,0,256,43.89628056,-83.96611111,12,6,0,2,2,1,0,1,1,0,13,15,13,26,,
260062,26,2020,2,11,3,0,10,163,4295,1,2,2,2,1,2,1,1,1,0,118,42.24451111,-83.31855556,12,1,0,1,1,1,0,3,10,0,0,10,,,,
260063,26,2020,2,6,5,20,44,145,0,1,1,1,3,4,1,4,2,0,0,100,43.43328889,-84.36988889,1,0,0,1,1,4,0,2,4,0,,,,,,
260064,26,2020,2,17,2,3,24,65,2700,1,1,1,4,6,2,4,4,0,0,10,42.66940556,-84.58574722,30,0,0,1,1,4,0,3,1,0,3,24,3,30,,
260065,26,2020,2,16,1,9,39,107,0,1,2,2,6,4,1,7,2,0,0,74,43.58394167,-85.41320556,8,0,0,1,1,2,0,1,1,0,9,39,9,46,,
260066,26,2020,2,19,4,8,14,81,2010,1,4,4,6,3,2,3,1,1,0,28,42.97165,-85.73047778,12,2,0,1,1,1,0,1,10,0,8,14,8,16,,
260067,26,2020,2,12,4,20,29,163,2850,1,1,1,2,6,2,3,4,1,0,57,42.44100833,-83.35625,8,0,0,1,1,1,0,2,10,0,20,30,20,35,,
260068,26,2020,2,23,1,0,40,121,0,1,1,1,1,4,2,5,2,0,0,28,43.29453889,-86.14665,30,0,0,1,1,4,0,2,1,0,,,,,,
260069,26,2020,2,14,6,14,40,81,5319,1,2,2,2,6,2,4,4,0,0,105,42.92083889,-85.70558056,12,6,0,2,2,1,0,1,4,0,14,40,14,47,,
260070,26,2020,2,18,3,20,4,81,131,1,2,2,2,3,2,3,1,1,0,66,43.07268889,-85.68989167,12,6,0,2,2,1,0,3,10,0,20,4,20,20,,
260071,26,2020,2,22,7,0,23,1,3247,1,1,1,1,4,1,4,2,0,0,1,44.51251667,-83.42182778,34,0,0,1,1,4,0,2,1,0,0,28,0,37,,
260072,26,2020,2,15,7,8,46,159,0,1,1,1,2,4,1,5,2,0,0,62,42.16836389,-86.16644722,30,0,0,1,1,4,0,1,10,0,8,55,9,2,,
260073,26,2020,2,20,5,13,19,149,3625,1,1,1,1,4,1,6,2,0,0,14,41.90451667,-85.52815278,42,0,0,1,1,4,0,1,10,0,13,19,13,38,,
260074,26,2020,2,23,1,2,11,163,1260,1,1,1,1,6,2,3,4,1,0,188,42.41653889,-83.184066670000007,8,0,0,2,3,1,0,3,1,0,,,,,,
260075,26,2020,2,20,5,14,26,75,0,1,2,2,2,4,2,4,2,0,0,14,42.27936944,-84.45477222,12,2,0,1,1,1,0,1,1,0,14,26,14,28,,
260076,26,2020,2,21,6,15,15,75,0,1,2,2,2,3,2,4,1,0,0,96,42.20869167,-84.53888333,12,6,0,8,1,1,0,1,1,0,15,17,15,20,,
260077,26,2020,2,6,5,0,0,117,0,2,1,1,2,4,1,7,2,0,0,35,43.15498056,-85.09366667,42,0,0,1,1,4,0,2,4,0,,,,,,
260078,26,2020,2,13,5,22,0,163,1260,1,1,1,1,6,2,7,4,0,0,5,42.35038333,-83.23809444,8,0,0,1,1,1,0,2,1,0,,,,,,
260079,26,2020,2,15,7,8,18,99,5110,1,2,2,3,6,2,3,4,1,0,20,42.47363889,-83.08423056,12,1,0,1,1,1,0,1,10,0,,,,,,
260080,26,2020,2,27,5,12,15,49,686,1,2,2,3,6,2,4,4,0,0,68,43.04296667,-83.61579722,12,2,0,1,1,1,0,1,10,0,12,14,12,24,,
260081,26,2020,2,19,4,19,25,157,760,1,1,1,3,3,2,4,1,0,0,167,43.49433889,-83.38935833,8,0,0,1,1,1,0,2,1,0,,,,,,
260082,26,2020,2,27,5,17,30,133,0,1,2,2,3,4,1,5,2,0,0,7,43.82534444,-85.50304444,12,2,0,1,1,1,0,1,4,0,,,,,,
260083,26,2020,2,23,1,16,58,163,4166,1,1,1,1,2,2,3,1,1,0,188,42.36170278,-83.27513056,15,0,0,1,1,1,0,1,1,0,16,59,17,2,,
260084,26,2020,2,6,5,14,42,99,4380,1,2,2,3,6,2,3,4,1,0,64,42.53781111,-82.88393889,12,1,0,3,3,1,0,1,4,0,,,,,,
260085,26,2020,2,26,4,11,30,67,0,1,2,2,3,4,1,5,2,0,0,96,42.92918611,-85.028725,12,2,0,1,1,1,0,1,4,0,,,,,,
260086,26,2020,2,29,7,19,12,67,0,3,5,5,9,1,1,1,1,1,0,138,42.87900833,-85.03966111,12,1,1,18,1,1,0,1,1,0,,,,,,
260087,26,2020,2,27,5,7,23,125,2300,1,2,2,2,4,1,4,2,0,0,0,42.799875,-83.66888611,12,6,0,1,1,1,0,1,11,0,,,,,,
260088,26,2020,2,10,2,4,0,147,0,1,1,1,1,4,1,5,2,0,0,25,43.11520833,-82.60024444,42,0,0,1,1,4,0,2,1,0,,,,,,
260089,26,2020,2,10,2,14,39,93,0,1,1,1,1,4,1,7,2,0,0,1,42.48237222,-84.12199167,32,0,0,1,1,4,0,1,10,0,,,,,,
260090,26,2020,2,29,7,22,38,163,5176,1,1,1,1,3,2,3,1,1,0,79,42.3244,-83.39173333,8,0,0,1,1,1,0,3,1,0,22,40,22,45,,
260091,26,2020,2,23,1,12,35,93,0,1,2,2,2,4,1,5,2,0,0,20,42.53189167,-84.06820556,12,6,0,8,1,1,0,1,1,0,12,35,12,44,,
260092,26,2020,1,11,7,21,20,33,0,2,2,1,2,3,2,4,1,0,0,40,46.25931111,-84.43959167,14,0,0,1,1,2,0,2,1,0,21,19,21,23,,
260093,26,2020,1,7,3,13,8,149,0,1,2,2,2,2,1,3,1,1,0,36,41.86523889,-85.6718,12,8,0,1,1,1,0,1,10,0,13,10,,,,
260094,26,2020,2,1,7,20,54,49,1730,1,1,1,1,6,2,4,4,0,0,37,43.04631944,-83.71352222,30,0,0,3,2,4,0,2,1,0,,,,,,
260095,26,2020,3,4,4,10,35,77,0,1,1,1,1,1,2,1,1,1,0,21,42.22806111,-85.72537222,21,0,0,1,1,3,0,1,10,0,10,37,10,42,,
260096,26,2020,2,26,4,18,13,153,0,1,1,1,1,4,1,5,2,0,0,12,45.95452778,-86.44274444,48,0,0,1,1,4,0,1,10,0,,,,,,
260097,26,2020,3,6,6,4,7,147,0,1,2,2,2,4,1,4,2,0,0,43,42.72383611,-82.64524722,12,2,0,1,1,4,0,2,1,0,4,7,4,12,,
260098,26,2020,3,7,7,18,57,125,0,1,1,1,1,3,2,3,1,1,0,32,42.64161667,-83.61766111,8,0,0,3,2,1,0,3,1,0,18,58,19,1,,
260099,26,2020,3,10,3,11,28,149,0,1,1,1,1,2,1,3,1,1,0,111,41.79249722,-85.54899444,42,0,0,1,1,4,0,1,10,0,11,34,11,41,,
260100,26,2020,3,2,2,0,44,99,4521,1,1,1,1,3,2,3,1,1,0,60,42.62784722,-82.97341389,8,0,0,3,2,1,0,2,1,0,0,46,0,51,,
260101,26,2020,3,13,6,12,37,35,0,1,1,1,1,4,1,5,2,0,0,2,44.11963056,-84.88825556,1,0,0,1,1,1,0,1,1,0,12,42,12,46,,
260102,26,2020,3,3,3,19,35,81,5319,1,2,2,3,6,2,4,4,0,0,14,42.90081944,-85.67033333,12,2,0,1,1,1,0,3,1,0,19,38,19,43,,
260103,26,2020,3,16,2,3,2,161,0,1,1,1,1,6,2,3,4,1,0,6,42.23326944,-83.63376111,8,0,0,3,3,1,0,2,1,0,3,3,3,7,,
260104,26,2020,3,2,2,18,56,163,4166,1,2,2,3,4,2,4,2,0,0,9,42.36356944,-83.29463056,12,6,0,2,2,1,0,3,1,0,18,58,19,0,,
260105,26,2020,3,21,7,14,25,161,0,1,1,1,1,4,2,3,2,1,0,5,42.24508889,-83.65097778,9,0,0,3,3,1,0,1,1,0,14,48,14,53,,
260106,26,2020,3,7,7,12,42,49,0,1,2,2,6,4,2,7,2,0,0,30,43.20633889,-83.79406111,12,6,0,2,2,1,0,1,1,0,,,,,,
260107,26,2020,3,7,7,19,17,117,0,1,2,2,3,4,1,4,2,0,0,105,43.29248611,-85.04458889,12,1,0,2,3,1,0,5,1,0,,,,,,
260108,26,2020,3,18,4,20,32,99,1440,1,1,1,1,3,2,3,1,1,0,0,42.45016944,-82.96767778,33,0,0,3,2,3,0,3,2,0,20,36,20,41,,
260109,26,2020,3,7,7,20,48,163,1260,1,1,1,1,6,2,4,4,0,0,11,42.41947778,-83.20805278,8,0,0,1,1,1,0,7,1,0,,,,,,
260110,26,2020,3,20,6,23,15,163,1260,1,2,2,5,6,2,4,4,0,0,22,42.43522222,-83.14705,12,6,0,2,2,1,0,3,1,0,,,,,,
260111,26,2020,3,11,4,0,55,91,0,1,1,1,1,4,1,7,2,0,0,24,42.01359722,-84.29339167,35,0,0,1,1,4,0,2,1,0,0,56,1,0,,
260112,26,2020,3,29,1,16,13,163,1260,1,2,2,2,6,2,4,4,0,0,44,42.44253889,-83.08058889,12,6,0,2,2,1,0,1,1,0,,,,,,
260113,26,2020,3,27,6,17,17,163,1260,1,1,1,1,3,2,2,1,1,0,0,42.4061,-83.16185556,35,0,1,5,1,8,0,1,1,0,17,18,17,25,,
260114,26,2020,3,20,6,20,42,75,3617,1,1,1,1,4,1,7,2,0,0,27,42.17518056,-84.20993611,42,0,0,1,1,4,0,2,1,0,20,45,20,56,,
260115,26,2020,3,29,1,3,46,163,4571,1,1,1,1,6,2,3,4,1,0,106,42.19916111,-83.19954444,8,0,0,3,2,1,0,3,2,0,3,51,3,56,,
260116,26,2020,3,18,4,3,34,163,1260,1,1,1,1,1,2,1,1,1,0,0,42.37819444,-83.211825,25,0,1,5,1,3,0,3,1,0,3,32,3,45,,
260117,26,2020,3,17,3,1,30,163,1260,1,2,1,1,6,2,4,4,0,0,20,42.42993333,-83.08274444,8,0,0,1,1,1,0,3,1,0,,,,,,
260118,26,2020,3,10,3,20,29,73,0,1,1,1,1,4,1,5,2,0,0,25,43.62826944,-84.65705278,53,0,0,1,1,4,0,2,1,0,20,28,20,32,,
260119,26,2020,3,20,6,9,59,55,4880,1,1,1,1,2,2,3,1,1,0,43,44.76416944,-85.60419722,8,0,0,4,1,1,0,1,10,0,9,59,10,3,,
260120,26,2020,3,8,1,7,13,125,4340,1,1,1,1,3,2,3,1,1,0,75,42.51375,-83.18204722,8,0,0,1,1,1,0,3,1,0,,,,,,
260121,26,2020,3,30,2,9,37,123,0,1,2,2,3,4,1,7,2,0,0,4,43.40571667,-85.860775,12,2,0,1,1,1,0,1,2,0,9,37,9,49,,
260122,26,2020,3,12,5,4,15,163,1260,1,2,1,1,6,2,4,4,0,0,23,42.37167222,-83.02841667,14,0,0,1,1,4,0,3,1,0,,,,,,
260123,26,2020,3,28,7,3,20,163,1260,1,2,2,3,2,2,3,1,1,0,231,42.42414722,-83.27736111,12,7,0,1,1,1,0,3,2,0,,,,,,
260124,26,2020,3,20,6,11,33,59,4574,1,2,2,3,2,1,3,1,1,0,228,42.05155278,-84.42101111,12,2,0,1,1,1,0,1,10,0,,,,,,
260125,26,2020,3,23,2,6,10,163,1260,1,1,1,1,3,2,3,1,1,0,15,42.38973611,-83.13090556,8,0,0,3,2,1,0,3,4,0,,,,,,
260126,26,2020,2,21,6,9,4,73,0,1,1,1,1,4,1,5,2,0,0,17,43.7554,-85.05421667,42,0,0,1,1,4,0,1,1,0,9,4,9,16,,
260127,26,2020,2,28,6,20,55,71,2460,1,2,2,4,6,1,5,4,0,0,3,46.09636944,-88.65856389,12,6,0,2,2,1,0,2,1,0,,,,,,
260128,26,2020,1,15,4,21,30,163,1260,1,2,2,5,6,2,3,4,1,0,195,42.43337222,-83.05219722,12,1,0,1,1,1,0,3,10,0,,,,,,
260129,26,2020,3,28,7,16,10,125,4567,1,2,2,4,3,2,2,1,1,0,9,42.45671389,-83.21964444,12,1,1,18,1,1,0,1,10,0,,,,,,
260130,26,2020,3,9,2,9,24,5,0,1,2,2,4,4,1,5,2,0,0,52,42.49356111,-85.64186111,12,6,0,2,2,1,0,1,2,0,,,,,,
260131,26,2020,1,18,7,16,45,163,1260,1,1,1,1,2,2,3,1,1,0,244,42.44238889,-83.27838611,8,0,1,18,1,1,0,1,10,0,,,,,,
260132,26,2020,3,31,3,14,16,115,0,1,2,2,2,4,2,4,2,0,0,70,41.74903333,-83.62953611,12,2,0,1,1,1,0,1,1,0,14,20,14,22,,
260133,26,2020,3,13,6,0,55,121,0,1,1,1,2,4,2,7,2,0,0,32,43.30924722,-86.15688889,42,0,0,1,1,4,0,2,1,0,0,54,1,5,,
260134,26,2020,3,31,3,21,20,163,1260,3,1,1,3,6,2,4,4,0,0,42,42.44096667,-83.03735833,42,0,0,1,1,4,0,2,2,0,,,,,,
260135,26,2020,2,8,7,19,20,163,1260,1,1,1,1,6,2,3,4,1,0,54,42.40830833,-83.15992778,8,0,0,3,2,1,0,2,1,0,,,,,,
260136,26,2020,2,27,5,22,5,33,4345,1,1,1,1,4,1,5,2,0,0,34,46.27785556,-84.59274722,43,0,0,1,1,4,0,2,11,0,22,15,22,28,,
260137,26,2020,3,3,3,19,50,163,1260,1,1,1,1,3,2,3,1,1,0,47,42.39358889,-83.00489167,8,0,0,2,3,1,0,1,1,0,,,,,,
260138,26,2020,3,1,1,12,31,49,1731,1,1,1,1,4,2,7,2,0,0,3,42.96389444,-83.69822778,42,0,0,1,1,4,0,1,1,0,,,,,,
260139,26,2020,3,16,2,18,20,93,2211,1,1,1,2,2,2,2,1,1,0,136,42.61892222,-83.74820278,42,0,0,1,1,5,0,5,1,0,18,28,18,42,,
260140,26,2020,2,29,7,2,15,163,1260,2,2,2,7,6,2,7,4,0,0,3,42.44595,-83.03078056,12,6,0,2,2,1,0,3,1,0,,,,,,
260141,26,2020,3,23,2,16,45,81,0,1,1,1,1,4,2,7,2,0,0,27,43.14662778,-85.73590833,34,0,0,1,1,4,0,1,10,0,16,48,16,53,,
260142,26,2020,3,19,5,22,4,163,5140,1,1,1,1,6,2,5,4,0,0,18,42.27416111,-83.36880833,33,0,0,1,1,4,0,3,1,0,22,7,22,12,,
260143,26,2020,4,5,1,18,42,125,4020,1,2,2,2,6,2,3,4,1,0,12,42.62909167,-83.26857222,12,6,0,2,2,1,0,1,1,0,18,43,18,48,,
260144,26,2020,4,2,5,13,8,33,1178,1,2,2,6,4,1,5,2,0,0,32,46.31542222,-84.46103056,12,6,0,8,1,1,0,1,1,0,13,11,13,18,,
260145,26,2020,4,7,3,18,6,59,0,1,1,1,1,4,1,7,2,0,0,32,42.04563611,-84.67076944,42,0,0,1,1,4,0,1,1,0,18,11,18,24,,
260146,26,2020,4,6,2,22,50,111,0,1,1,1,2,4,1,7,2,0,0,11,43.53933889,-84.43692778,1,0,0,1,1,4,0,2,1,0,22,53,23,8,,
260147,26,2020,4,9,5,16,29,163,4571,1,1,1,1,3,2,3,1,1,0,93,42.19944722,-83.18047778,9,0,0,3,2,1,0,1,10,0,16,29,16,35,,
260148,26,2020,4,3,6,1,56,163,1260,1,1,1,1,3,2,3,1,1,0,104,42.34714444,-83.08550278,30,0,0,3,2,4,0,2,1,0,,,,,,
260149,26,2020,4,5,1,15,0,81,0,1,1,1,2,4,1,5,2,0,0,173,43.04348889,-85.39375556,9,0,0,1,1,1,0,1,1,0,15,1,,,,
260150,26,2020,4,14,3,15,8,163,1260,1,2,1,2,6,2,3,4,1,0,69,42.40636111,-83.23767778,42,0,0,1,1,5,0,1,1,0,,,,,,
260151,26,2020,4,5,1,20,17,29,0,1,1,1,1,3,1,4,1,0,0,68,45.20880278,-85.16740278,42,0,0,1,1,4,0,2,10,0,20,17,20,20,,
260152,26,2020,4,18,7,3,31,163,1260,1,2,2,2,6,2,4,4,0,0,97,42.35845,-83.18215556,12,1,0,3,3,1,0,3,1,0,,,,,,
260153,26,2020,4,18,7,9,41,101,0,1,1,1,2,4,1,6,2,0,0,100,44.49241389,-86.0392,1,0,0,1,1,4,0,1,1,0,9,41,9,50,,
260154,26,2020,4,13,2,18,50,163,1260,1,2,2,3,6,2,7,4,0,0,11,42.35991111,-83.01583056,12,6,0,2,2,1,0,1,1,0,,,,,,
260155,26,2020,4,19,1,17,10,163,1260,2,3,3,5,6,2,5,4,0,0,4,42.39308056,-83.25647778,12,6,0,2,2,1,0,1,1,0,,,,,,
260156,26,2020,4,19,1,23,29,163,1260,1,1,1,1,6,2,4,4,0,0,15,42.37760556,-82.99802222,42,0,0,1,1,4,0,3,1,0,,,,,,
260157,26,2020,4,18,7,17,3,37,0,1,2,2,4,4,1,5,2,0,0,66,42.85651944,-84.52312222,12,6,0,2,2,1,0,1,1,0,17,6,17,18,,
260158,26,2020,4,20,2,1,51,163,0,1,2,1,2,1,2,1,1,1,0,195,42.35406389,-83.43646389,14,0,0,1,1,2,0,2,1,0,1,51,1,58,,
260159,26,2020,4,16,5,12,50,145,0,1,2,2,2,3,1,4,1,0,0,47,43.35828056,-84.13306667,12,99,0,1,1,1,0,1,10,0,,,,,,
260160,26,2020,4,20,2,17,20,127,0,2,2,2,3,4,1,5,2,0,0,33,43.75105833,-86.11973889,12,2,0,1,1,1,0,1,10,0,17,20,17,35,,
260161,26,2020,4,25,7,20,9,163,1260,1,2,2,4,6,2,7,4,0,0,12,42.40376111,-82.95313333,12,6,0,2,2,1,0,1,1,0,,,,,,
260162,26,2020,2,1,7,21,53,161,150,1,1,1,1,6,2,7,4,0,0,2,42.276075,-83.74320278,8,0,0,1,1,1,0,3,1,0,,,,,,
260163,26,2020,3,5,5,4,7,125,1652,1,2,2,1,1,2,1,1,1,0,36,42.44618333,-83.43105556,8,0,1,18,1,1,0,2,1,0,,,,,,
260164,26,2020,4,21,3,20,0,163,1260,1,2,2,2,3,2,3,1,0,0,150,42.27614167,-83.15516111,12,6,0,2,2,1,0,1,1,0,,,,,,
260165,26,2020,2,21,6,10,47,163,1260,1,4,1,2,6,2,3,4,1,0,190,42.41661111,-83.17844167,14,0,0,1,1,7,0,1,1,0,,,,,,
260166,26,2020,4,26,1,11,39,163,1260,2,2,2,3,6,2,7,4,0,0,1,42.40783889,-83.12383889,12,6,0,2,2,1,0,1,1,0,,,,,,
260167,26,2020,4,29,4,23,0,163,1260,2,1,1,6,6,2,7,4,0,0,25,42.43800833,-83.20760833,42,0,0,1,1,4,0,3,1,0,,,,,,
260168,26,2020,4,30,5,22,59,163,1260,1,1,1,1,6,2,3,4,1,0,137,42.41438333,-83.28246111,8,0,0,3,2,1,0,2,2,0,,,,,,
260169,26,2020,4,17,6,22,53,73,0,1,1,1,1,4,2,7,2,0,0,7,43.61874722,-84.73268611,1,0,0,1,1,4,0,2,10,0,22,53,,,,
260170,26,2020,1,9,5,18,32,99,4731,1,1,1,1,6,2,4,4,0,0,80,42.56291389,-83.06986944,8,0,0,1,1,1,0,3,10,0,18,32,18,35,,
260171,26,2020,5,2,7,4,6,163,1260,1,2,2,2,6,2,3,4,0,0,112,42.43019722,-83.21290556,12,1,0,1,1,1,0,3,1,0,,,,,,
260172,26,2020,5,2,7,17,58,139,4807,1,1,1,1,4,2,7,2,0,0,4,42.98718889,-85.85396667,1,0,0,1,1,1,0,1,1,0,17,58,18,2,,
260173,26,2020,3,18,4,20,25,99,4731,1,3,3,3,6,2,3,4,1,0,50,42.53810556,-82.98078889,12,8,0,1,1,1,0,3,2,0,20,25,20,31,,
260174,26,2020,3,23,2,7,37,49,686,1,3,3,3,1,2,1,1,1,0,43,42.98095556,-83.68213056,12,1,0,1,1,1,0,1,4,0,7,40,7,50,,
260175,26,2020,4,14,3,2,38,25,60,1,1,1,1,6,2,7,4,0,0,0,42.24446111,-84.75003889,42,0,0,1,1,4,0,3,1,0,2,38,2,44,,
260176,26,2020,4,27,2,21,42,77,2520,1,1,1,1,6,2,7,4,0,0,1,42.29852222,-85.59154722,8,0,0,1,1,1,0,2,10,0,,,,,,