st_case,state,year,month,day,day_week,hour,minute,county,city,fatals_crash,vehicles_total,vehicles_in_transport,persons_total,route,rural_urban,functional_system,road_owner,nhs,special_jurisdiction,milepoint,latitude,longitude,first_harmful_event,manner_collision,rel_jct_interchange,rel_jct_location,intersection_type,relation_to_road,work_zone,light_condition,weather,school_bus_related,ems_notified_hour,ems_notified_min,ems_arrival_hour,ems_arrival_min,hospital_hour,hospital_min
260337,26,2020,6,28,1,0,19,125,0,1,1,1,1,4,2,4,2,0,0,44,42.5095,-83.6059,59,0,0,1,1,4,0,2,1,0,,,,,,
260338,26,2020,7,12,1,5,48,163,1260,1,1,1,1,1,2,1,1,1,0,2,42.37902778,-83.21091667,39,0,0,5,1,4,0,4,1,0,,,,,,
260339,26,2020,7,8,4,19,22,57,0,1,2,2,3,3,1,4,1,0,0,8,43.17670833,-84.82151944,12,1,0,8,1,1,0,1,1,0,19,22,19,35,,
260340,26,2020,7,14,3,18,15,49,0,1,1,1,1,1,2,1,1,1,0,164,43.05792778,-83.76206667,42,0,0,1,1,4,0,1,1,0,,,,,,
260341,26,2020,6,27,7,16,0,163,1260,1,1,1,1,1,2,1,1,1,0,0,42.38515278,-83.17141111,25,0,1,5,1,4,0,1,1,0,15,57,,,,
260342,26,2020,6,24,4,10,0,27,0,1,3,3,3,4,2,4,2,0,0,17,41.7682,-86.20012222,1,0,0,2,3,1,0,1,1,0,10,5,10,10,,
260343,26,2020,7,16,5,18,20,69,0,1,1,1,1,4,1,7,2,0,0,11,44.45750556,-83.69971667,53,0,0,1,1,4,0,1,1,0,18,20,19,5,,
260344,26,2020,7,15,4,18,22,163,1260,1,2,2,2,6,2,7,4,0,0,10,42.36541667,-83.19501944,12,6,0,2,2,1,0,1,1,0,,,,,,
260345,26,2020,6,16,3,22,8,161,0,1,1,1,1,1,2,1,1,1,0,325,42.21772778,-83.55811389,1,0,1,19,1,8,0,2,1,0,,,,,,
260346,26,2020,7,19,1,3,0,163,1260,1,3,2,6,6,2,7,4,0,0,3,42.38873889,-83.23332778,12,6,0,2,2,1,0,3,1,0,,,,,,
260347,26,2020,7,6,2,16,46,163,1260,1,2,2,2,6,2,4,4,0,0,2,42.36431667,-83.06655,12,6,0,2,2,1,0,1,1,0,,,,,,
260348,26,2020,7,11,7,15,44,123,0,2,2,2,3,4,1,7,2,0,0,56,43.45364444,-85.56812778,12,8,0,1,1,1,0,1,1,0,15,45,15,55,,
260349,26,2020,6,20,7,21,45,163,0,1,3,3,4,4,2,5,2,0,0,46,42.17605278,-83.45211389,11,0,0,1,1,1,0,2,1,0,,,,,,
260350,26,2020,6,20,7,19,46,161,0,1,4,4,4,2,1,2,1,1,0,23,42.11676389,-83.68279167,18,0,0,1,1,1,0,1,10,0,,,,,,
260351,26,2020,6,27,7,12,48,139,0,1,2,2,4,3,1,3,1,1,0,90,42.97188611,-86.043575,12,6,0,2,2,1,0,1,1,0,12,50,12,53,,
260352,26,2020,1,2,5,6,57,125,4567,1,1,1,1,6,2,5,4,0,0,23,42.47516667,-83.27920556,8,0,0,1,1,1,0,2,10,0,,,,,,
260353,26,2020,5,24,1,0,6,25,0,1,2,2,9,1,1,1,1,1,0,174,42.315075,-84.99353889,12,1,0,1,1,1,0,2,1,0,0,8,0,12,,
260354,26,2020,7,1,4,2,21,163,2820,1,1,1,1,3,2,3,1,1,0,125,42.24519722,-83.17960556,1,0,0,1,1,1,0,3,1,0,2,0,2,5,,
260355,26,2020,5,29,6,22,23,161,0,1,1,1,1,2,2,2,2,1,0,122,42.25893056,-83.68403333,8,0,0,1,1,1,0,2,1,0,,,,,,
260356,26,2020,5,20,4,21,23,163,1260,1,2,2,2,6,2,4,4,0,0,37,42.40577778,-82.960769440000007,12,2,0,2,2,1,0,3,1,0,,,,,,
260357,26,2020,5,25,2,22,13,125,4567,1,2,2,2,6,2,3,4,1,0,30,42.48838056,-83.20239167,12,6,0,2,2,1,0,3,1,0,,,,,,
260358,26,2020,6,14,1,17,8,63,0,1,2,2,7,4,1,5,2,0,0,40,43.72748333,-83.35573333,12,6,0,2,2,1,0,1,1,0,17,9,17,21,,
260359,26,2020,7,4,7,18,45,21,0,1,2,2,2,4,1,4,2,0,0,69,41.82155833,-86.70008889,12,6,0,8,1,1,0,1,1,0,18,47,18,57,,
260360,26,2020,7,5,1,12,57,111,0,1,2,2,3,4,2,7,2,0,0,39,43.68353056,-84.18738056,12,6,0,2,2,1,0,1,1,0,12,58,13,4,,
260361,26,2020,7,2,5,0,16,163,1260,1,2,2,2,6,2,4,4,0,0,86,42.35806944,-83.20313056,12,6,0,2,2,1,0,3,1,0,,,,,,
260362,26,2020,7,5,1,4,57,163,4295,1,1,1,1,1,2,1,1,1,0,112,42.24196389,-83.328975,25,0,0,1,1,4,0,3,10,0,,,,,,
260363,26,2020,7,4,7,20,15,163,1260,1,1,1,1,3,2,2,1,1,0,0,42.39891667,-83.11109722,25,0,1,5,1,8,0,1,1,0,,,,,,
260364,26,2020,7,10,6,18,47,93,0,1,1,1,2,4,2,4,2,0,0,18,42.64738611,-83.93515278,1,0,0,1,1,4,0,5,2,0,18,48,18,57,,
260365,26,2020,7,10,6,17,15,73,0,1,2,2,7,4,1,5,2,0,0,101,43.68408056,-84.80767222,12,6,0,2,2,1,0,1,10,0,17,8,17,12,,
260366,26,2020,7,11,7,23,53,113,0,1,1,1,1,4,1,7,2,0,0,47,44.29412778,-85.07948889,42,0,0,1,1,4,0,2,10,0,1,1,1,11,,
260367,26,2020,4,14,3,20,53,125,4567,1,1,1,3,3,2,3,1,1,0,31,42.44354167,-83.25999444,8,0,0,1,1,1,0,2,1,0,,,,,,
260368,26,2020,7,13,2,9,42,113,0,1,2,2,3,3,1,4,1,0,0,70,44.26648333,-85.21511667,12,6,0,2,3,1,0,1,1,0,9,46,9,53,,
260369,26,2020,7,14,3,1,19,163,1260,1,2,2,2,1,2,1,1,1,0,80,42.43275556,-83.09493611,12,1,0,1,1,1,0,2,1,0,1,20,1,25,,
260370,26,2020,7,14,3,20,12,163,1260,1,2,2,5,6,2,3,4,1,0,155,42.37176667,-83.25055278,12,6,0,2,3,1,0,1,1,0,,,,,,
260371,26,2020,5,19,3,7,37,5,0,1,2,2,3,3,1,3,1,1,0,140,42.68627778,-86.01486944,12,6,0,2,2,1,0,1,10,0,,,,,,
260372,26,2020,5,21,5,23,27,25,0,1,1,1,1,1,1,1,1,1,0,4,42.29768889,-85.00167222,1,0,1,5,1,4,0,2,1,0,23,27,23,35,,
260373,26,2020,6,9,3,4,2,163,1260,1,1,1,2,6,2,4,4,0,0,101,42.35860833,-83.17479167,30,0,0,1,1,4,0,3,1,0,,,,,,
260374,26,2020,6,3,4,21,1,143,0,1,1,1,1,4,1,7,2,0,0,4,44.36613056,-84.42044167,42,0,0,1,1,4,0,5,1,0,,,,,,
260375,26,2020,6,11,5,13,45,77,1084,1,2,2,3,4,1,4,2,0,0,9,42.25254722,-85.41369167,12,6,0,2,2,1,0,1,1,0,13,46,13,56,,
260376,26,2020,6,15,2,1,33,163,5140,1,1,1,1,2,2,3,1,1,0,78,42.28085556,-83.40131389,33,0,0,1,1,4,0,3,1,0,1,36,1,41,,
260377,26,2020,6,26,6,11,40,149,0,1,3,3,3,4,1,4,2,0,0,8,42.05410833,-85.52884167,72,0,0,1,1,1,0,1,1,0,11,42,11,58,,
260378,26,2020,6,1,2,20,50,163,1260,1,1,1,1,6,2,3,4,1,0,224,42.43471944,-82.99493056,8,0,0,1,1,1,0,5,1,0,,,,,,
260379,26,2020,7,5,1,22,44,121,3450,1,1,1,2,6,2,7,4,0,0,0,43.22683333,-86.25045556,42,0,0,3,4,4,0,3,1,0,22,45,22,50,,
260380,26,2020,7,5,1,2,28,163,1260,1,2,2,2,6,2,4,4,0,0,46,42.425825,-83.17050278,12,6,0,2,2,1,0,3,99,0,,,,,,
260381,26,2020,8,21,6,8,10,81,0,1,2,2,2,4,1,4,2,0,0,13,42.89880833,-85.3711,12,6,0,2,2,1,0,1,1,0,8,13,8,27,,
260382,26,2020,6,26,6,1,6,77,47,2,1,1,3,2,1,2,1,1,0,164,42.35277778,-85.65755278,42,0,0,1,1,4,0,2,1,0,1,7,1,18,,
260383,26,2020,7,1,4,3,49,49,1730,3,1,1,4,1,2,1,1,1,0,62,43.00509167,-83.67740278,25,0,0,1,1,3,0,3,1,0,3,54,4,6,,
260384,26,2020,7,3,6,23,42,93,0,1,1,1,1,1,1,1,1,1,0,49,42.64668333,-84.05291667,1,0,0,1,1,3,0,2,1,0,23,40,23,48,,
260385,26,2020,7,12,1,16,8,147,0,1,2,2,4,4,1,4,2,0,0,58,42.86104167,-82.55698056,12,6,0,2,2,1,0,1,1,0,16,11,16,15,,
260386,26,2020,7,11,7,17,48,5,2290,1,2,2,5,6,2,3,4,1,0,17,42.76164167,-86.11663056,12,6,0,2,2,1,0,1,1,0,17,48,17,50,,
260387,26,2020,7,16,5,16,0,91,0,1,2,2,7,4,2,5,2,0,0,45,41.87413056,-84.0821,12,6,0,2,2,1,0,1,1,0,16,0,16,1,,
260388,26,2020,7,14,3,20,30,23,0,1,1,1,1,4,1,5,2,0,0,110,41.91828611,-84.88390833,1,0,0,1,1,1,0,1,1,0,,,,,,
260389,26,2020,6,3,4,12,9,125,512,1,1,1,1,4,2,7,2,0,0,7,42.55468056,-83.27515833,8,0,0,3,3,1,0,1,1,0,12,9,12,14,,
260390,26,2020,6,19,6,3,29,75,0,1,2,2,2,1,2,1,1,1,0,140,42.26906944,-84.44814167,8,0,1,18,1,1,4,2,1,0,3,29,,,,
260391,26,2020,6,19,6,9,58,163,0,1,6,6,6,3,2,2,1,1,0,65,42.38575556,-83.43425278,12,1,0,1,1,1,0,1,1,0,,,,,,
260392,26,2020,7,18,7,4,12,65,2700,1,1,1,2,3,2,3,1,1,0,7,42.72805556,-84.56915278,59,0,0,1,1,4,0,2,1,0,4,11,4,21,,
260393,26,2020,6,20,7,0,2,49,1730,1,1,1,1,3,2,3,1,1,0,120,43.06870556,-83.67406111,30,0,0,1,1,4,0,3,1,0,,,,,,
260394,26,2020,7,18,7,12,30,125,4020,1,1,1,2,6,2,7,4,0,0,5,42.62892222,-83.279175,9,0,0,2,2,1,0,1,1,0,12,32,12,38,,
260395,26,2020,7,19,1,14,50,21,0,1,1,1,1,4,1,7,2,0,0,32,41.84391389,-86.53303889,52,0,0,1,1,4,0,1,2,0,14,59,15,8,,
260396,26,2020,6,26,6,5,35,147,0,1,2,2,2,4,1,5,2,0,0,16,42.95228889,-82.97507778,12,2,0,1,1,1,0,3,1,0,5,36,5,47,,
260397,26,2020,6,27,7,10,2,125,0,2,2,2,4,3,2,3,1,1,0,58,42.80434722,-83.42326111,12,8,0,1,1,1,0,1,1,0,10,2,10,10,,
260398,26,2020,6,29,2,18,17,133,0,1,2,2,2,4,1,5,2,0,0,77,43.85721111,-85.14798333,12,6,0,2,2,1,0,1,10,0,18,19,18,28,,
260400,26,2020,7,2,5,17,41,133,0,1,1,1,1,3,1,3,1,1,0,181,43.98592222,-85.08994167,23,0,0,1,1,4,0,1,1,0,17,45,17,55,,
260401,26,2020,7,22,4,19,57,121,0,1,2,2,2,3,2,4,1,0,0,60,43.23476944,-86.12963333,12,6,0,8,1,1,0,1,1,0,19,57,20,6,,
260402,26,2020,5,25,2,23,29,145,0,1,1,1,1,4,1,5,2,0,0,66,43.22795833,-83.98641667,35,0,0,1,1,4,0,2,1,0,,,,,,
260403,26,2020,7,20,2,15,36,49,0,1,3,3,3,2,2,1,1,1,0,96,42.914175,-83.72589722,12,1,1,18,1,1,0,1,1,0,15,36,,,,
260404,26,2020,7,24,6,20,0,65,2700,1,2,2,2,3,2,3,1,1,0,5,42.72553611,-84.56979444,12,6,0,2,2,1,0,1,1,0,19,54,19,57,,
260405,26,2020,5,23,7,0,30,163,1260,1,1,1,2,6,2,3,4,1,0,16,42.42803333,-82.93755556,30,0,0,1,1,4,0,3,1,0,,,,,,
260406,26,2020,5,23,7,22,15,157,0,1,1,1,1,4,1,5,2,0,0,1,43.33066667,-83.30171389,34,0,0,1,1,4,0,2,1,0,14,6,14,12,,
260407,26,2020,5,22,6,8,20,99,4380,1,1,1,3,1,2,1,1,1,0,7,42.45858611,-82.92409167,25,0,0,1,1,3,0,1,10,0,,,,,,
260408,26,2020,5,13,4,19,55,163,1260,1,1,1,1,6,2,7,4,0,0,13,42.44348056,-83.15074722,8,0,0,1,1,1,0,1,1,0,,,,,,
260409,26,2020,5,8,6,17,38,163,4166,1,3,3,4,6,2,3,4,1,0,230,42.44005278,-83.31673889,12,6,0,2,2,1,0,1,1,0,17,38,17,45,,
260410,26,2020,6,7,1,0,14,17,0,1,1,1,1,4,1,6,2,0,0,167,43.98101667,-84.10440556,1,0,0,1,1,1,0,2,1,0,,,,,,
260411,26,2020,7,23,5,19,0,163,738,1,2,2,3,1,2,1,1,1,0,139,42.27420278,-83.44098056,12,1,0,1,1,1,0,1,1,0,19,0,19,5,,
260412,26,2020,6,19,6,1,25,163,1260,1,1,1,2,6,2,4,4,0,0,27,42.42057778,-83.06489444,8,0,0,1,1,1,0,3,1,0,,,,,,
260413,26,2020,7,24,6,12,10,33,0,1,1,1,1,4,1,5,2,0,0,111,46.47746667,-84.69853611,1,0,0,1,1,1,0,1,1,0,12,11,12,32,,
260414,26,2020,7,24,6,16,51,139,0,1,1,1,1,4,2,7,2,0,0,5,42.87445278,-85.80676389,42,0,0,1,1,5,0,1,1,0,16,51,16,55,,
260415,26,2020,7,25,7,14,55,97,0,1,2,2,5,2,1,3,1,1,0,183,46.09873333,-85.48345833,12,2,0,1,1,1,0,1,1,0,14,56,15,24,,
260416,26,2020,6,23,3,19,52,163,1260,1,2,2,4,6,2,3,4,1,0,195,42.43340278,-83.05123611,12,6,0,2,2,1,0,1,1,0,,,,,,
260417,26,2020,6,25,5,15,30,159,0,1,1,1,1,4,1,5,2,0,0,13,42.10588333,-85.94509444,42,0,0,1,1,4,0,1,1,0,15,32,15,42,,
260418,26,2020,6,27,7,1,35,163,1260,1,1,1,1,6,2,3,4,1,0,66,42.36989444,-83.17785833,30,0,0,1,1,4,0,3,2,0,,,,,,
260419,26,2020,6,26,6,16,3,115,0,2,1,1,1,4,1,4,2,0,0,23,42.08401389,-83.63728056,9,0,0,1,1,4,0,1,2,0,,,,,,
260420,26,2020,6,26,6,22,40,115,1586,3,1,1,3,1,1,1,1,1,0,18,41.75806389,-83.48166667,25,0,1,19,1,4,1,2,10,0,22,43,22,57,,
260421,26,2020,6,27,7,21,0,163,1260,3,1,1,4,6,2,3,4,1,0,183,42.28864722,-83.12053333,38,0,0,1,1,4,0,5,1,0,,,,,,
260422,26,2020,6,15,2,0,25,25,310,1,2,2,3,6,2,4,4,0,0,2,42.32136667,-85.17931389,12,7,0,3,3,1,0,3,1,0,,,,,,
260423,26,2020,7,6,2,18,30,163,1260,1,3,3,3,1,2,1,1,1,0,39,42.34505278,-83.09604722,12,1,0,1,1,1,0,1,1,0,18,33,18,35,,
260424,26,2020,7,17,6,14,21,61,0,1,1,1,2,2,2,3,1,1,0,132,47.10403056,-88.51761667,9,0,0,8,1,1,0,1,1,0,14,25,14,33,,
260425,26,2020,7,17,6,15,23,65,2700,2,2,2,4,6,2,7,4,0,0,4,42.71198056,-84.56525833,1,0,0,2,2,1,0,1,1,0,15,23,15,30,,
260426,26,2020,6,6,7,21,49,11,0,1,1,1,3,1,1,1,1,1,0,88,44.02754167,-84.05368889,1,0,0,1,1,1,0,2,1,0,21,50,22,4,,
260427,26,2020,6,29,2,14,40,45,0,1,2,2,2,3,1,4,1,0,0,117,42.58192778,-84.62193889,12,6,0,2,2,1,0,1,1,0,14,40,14,48,,
260428,26,2020,7,19,1,1,9,21,0,1,2,2,2,1,2,1,1,1,0,194,41.98076667,-86.54341389,12,1,0,1,1,1,0,2,1,0,1,9,1,20,,
260430,26,2020,7,17,6,14,44,91,0,1,2,2,3,2,1,3,1,1,0,45,42.04855556,-84.27655278,12,6,0,2,2,1,0,1,1,0,15,35,15,44,,
260431,26,2020,6,30,3,10,12,91,4214,1,2,2,2,2,1,3,1,1,0,45,41.81164167,-83.80322222,12,2,0,1,1,1,0,1,1,0,,,,,,
260432,26,2020,5,7,5,11,5,163,1260,1,1,1,1,6,2,7,4,0,0,5,42.417075,-83.14615278,9,0,0,1,1,1,0,1,1,0,,,,,,
260433,26,2020,7,23,5,18,49,73,0,1,1,1,2,4,1,7,2,0,0,105,43.49488333,-84.79659167,30,0,0,1,1,4,0,1,1,0,18,49,19,4,,
260434,26,2020,2,21,6,4,1,9,0,1,1,1,1,4,1,5,2,0,0,5,44.91035833,-85.38317222,42,0,0,1,1,4,0,2,1,0,4,4,4,11,,
260435,26,2020,7,24,6,15,45,49,1730,1,2,2,3,6,2,5,4,0,0,5,43.06126944,-83.684475,12,6,0,2,2,1,0,1,1,0,,,,,,
260436,26,2020,7,24,6,17,11,47,762,1,1,1,1,4,1,7,2,0,0,24,45.69875833,-84.74521389,1,0,0,1,1,4,0,1,1,0,17,14,17,22,,
260437,26,2020,7,24,6,21,29,5,0,1,1,1,1,4,1,6,2,0,0,171,42.75378056,-85.63316667,49,0,0,1,1,1,0,5,1,0,21,33,21,44,,
260438,26,2020,7,23,5,13,44,121,0,1,3,3,8,3,2,4,1,0,0,41,43.30509167,-86.19019722,12,1,0,1,1,1,0,1,1,0,13,45,13,51,,
260439,26,2020,7,11,7,16,10,77,0,1,2,2,2,4,2,7,2,0,0,3,42.33653333,-85.56350278,12,6,0,8,1,1,0,1,1,0,,,,,,
260440,26,2020,7,26,1,12,5,117,0,1,3,3,11,3,1,4,1,0,0,72,43.22432222,-85.07351944,12,1,0,1,1,1,0,1,1,0,12,8,12,12,,
260441,26,2020,7,22,4,11,15,163,1260,1,1,1,1,3,2,3,1,1,0,4,42.44058611,-83.12073056,8,0,0,1,1,1,0,1,1,0,,,,,,
260442,26,2020,7,22,4,23,9,163,1260,1,5,2,4,6,2,7,4,0,0,8,42.36061111,-83.19387778,12,6,0,2,2,1,0,3,1,0,,,,,,
260443,26,2020,7,26,1,22,7,81,5319,1,1,1,2,6,2,3,4,1,0,92,42.89381111,-85.66512222,8,0,0,1,1,1,0,2,10,0,22,9,22,12,,
260444,26,2020,7,26,1,3,28,125,0,1,2,2,2,1,2,1,1,1,0,443,42.84428611,-83.585125,12,1,0,1,1,1,0,3,1,0,,,,,,
260445,26,2020,7,22,4,3,0,21,0,1,2,2,2,2,1,2,1,1,0,91,41.88898889,-86.31761111,12,2,0,1,1,1,0,2,10,0,2,59,3,20,,
260446,26,2020,7,15,4,1,31,123,0,1,1,1,2,4,1,7,2,0,0,14,43.50354167,-86.02939167,11,0,0,1,1,1,0,2,1,0,1,34,1,46,,
260447,26,2020,7,28,3,10,56,49,0,1,2,2,2,4,2,3,2,1,0,101,42.94446667,-83.65885833,12,1,0,1,1,1,0,1,1,0,10,56,10,57,,
260448,26,2020,7,29,4,14,55,115,0,2,4,4,10,4,2,4,2,0,0,74,41.74921389,-83.62041944,12,2,0,1,1,1,0,1,1,0,15,4,15,11,,
260449,26,2020,7,28,3,18,49,31,0,1,2,2,3,2,1,3,1,1,0,85,45.72262222,-84.61134167,12,2,0,1,1,1,0,1,2,0,18,48,18,58,,
260450,26,2020,7,25,7,15,23,81,1390,1,2,2,3,6,2,3,4,1,0,19,42.91501944,-85.74877778,12,6,0,2,3,1,0,1,10,0,,,,,,
260451,26,2020,7,4,7,3,49,101,1711,1,1,1,2,4,2,4,2,0,0,16,44.2275,-86.31863611,1,0,0,1,1,4,0,3,1,0,,,,,,
260452,26,2020,7,11,7,22,57,125,0,1,1,1,1,4,2,7,2,0,0,10,42.83290833,-83.25936944,33,0,0,3,3,4,0,3,1,0,22,59,23,3,,
260453,26,2020,7,26,1,1,20,163,1260,1,1,1,4,3,2,2,1,1,0,76,42.38219722,-83.09393889,25,0,0,1,1,4,0,3,1,0,,,,,,
260454,26,2020,7,17,6,23,29,163,1260,2,1,1,2,1,2,1,1,1,0,12,42.36655,-83.13705278,39,0,0,1,1,4,0,2,1,0,23,29,23,31,,
260455,26,2020,7,24,6,19,10,93,0,1,1,1,1,4,1,4,2,0,0,61,42.65876667,-84.03110833,1,0,0,1,1,4,0,1,1,0,19,11,19,19,,
260456,26,2020,7,28,3,18,58,163,1260,1,1,1,1,6,2,5,4,0,0,1,42.38268611,-83.17833611,9,0,1,3,2,1,0,1,1,0,,,,,,
260457,26,2020,7,24,6,18,21,161,0,2,1,1,2,4,1,5,2,0,0,106,42.20540833,-83.89659444,59,0,0,1,1,4,0,1,1,0,,,,,,
260458,26,2020,7,31,6,14,23,163,1260,1,2,2,5,4,2,4,2,0,0,39,42.371625,-83.26086667,12,6,0,2,2,1,0,1,10,0,,,,,,
260459,26,2020,7,31,6,18,11,101,0,1,1,1,1,4,1,5,2,0,0,53,44.31410833,-86.09766667,38,0,0,1,1,4,0,1,1,0,,,,,,
260460,26,2020,7,10,6,23,48,163,1260,1,2,2,4,1,2,1,1,1,0,12,42.36710556,-83.13853611,1,0,0,1,1,1,0,3,2,0,,,,,,
260461,26,2020,7,21,3,18,40,93,0,1,1,1,1,4,2,5,2,0,0,8,42.60463056,-83.89381389,1,0,0,1,1,4,0,1,1,0,,,,,,
260462,26,2020,7,31,6,9,29,57,0,1,2,2,2,4,1,7,2,0,0,50,43.36491111,-84.44925556,12,6,0,2,2,1,0,1,1,0,9,29,9,33,,
260463,26,2020,7,28,3,14,28,65,2700,1,2,2,4,3,2,3,1,1,0,40,42.70154722,-84.56738889,12,6,0,2,2,1,0,1,1,0,14,28,14,33,,
260464,26,2020,7,10,6,21,53,67,0,1,2,2,2,4,1,5,2,0,0,31,42.88613333,-85.24958333,12,2,0,1,1,1,0,2,1,0,21,53,21,53,,
260465,26,2020,7,25,7,11,57,105,0,1,1,1,1,2,1,3,1,1,0,123,44.13089167,-86.27978611,1,0,0,1,1,1,0,1,10,0,,,,,,
260466,26,2020,7,10,6,21,54,161,150,1,3,1,2,1,2,1,1,1,0,236,42.23733056,-83.72125,14,0,0,1,1,2,0,2,2,0,,,,,,
260467,26,2020,7,20,2,12,36,125,440,1,1,1,3,6,2,4,4,0,0,33,42.49414167,-83.18356944,8,0,0,8,1,1,0,1,1,0,,,,,,
260468,26,2020,7,31,6,15,25,81,0,1,2,2,3,4,1,5,2,0,0,190,43.14030833,-85.35239722,12,6,0,2,3,1,0,1,1,0,15,26,15,32,,
260469,26,2020,7,28,3,2,45,163,2430,1,1,1,3,6,2,7,4,0,0,1,42.30020278,-83.31676944,42,0,0,1,1,4,0,6,1,0,,,,,,
260470,26,2020,7,25,7,11,5,163,0,1,2,2,3,4,2,4,2,0,0,59,42.16650556,-83.54183611,12,6,0,2,3,1,0,1,1,0,,,,,,
260472,26,2020,8,1,7,16,47,163,1260,1,3,3,6,6,2,4,4,0,0,41,42.42705,-82.97505833,12,6,0,2,2,1,0,1,2,0,,,,,,
260473,26,2020,8,3,2,8,45,75,0,1,1,1,1,4,1,7,2,0,0,42,42.18620278,-84.57390833,9,0,0,16,1,1,0,1,1,0,8,45,8,53,,
260474,26,2020,8,4,3,8,15,163,1260,1,2,2,3,6,2,3,4,1,0,20,42.3644,-83.04432778,12,6,0,2,2,1,0,1,1,0,,,,,,
260475,26,2020,7,4,7,14,25,163,1260,1,1,1,3,6,2,3,4,1,0,58,42.38170556,-83.13924444,8,0,0,1,1,1,0,1,1,0,,,,,,
260476,26,2020,7,16,5,16,56,73,0,1,4,4,6,4,2,7,2,0,0,95,43.6043,-84.72763056,12,6,0,2,2,1,0,1,1,0,,,,,,
260477,26,2020,7,15,4,9,23,81,0,1,2,2,2,1,1,1,1,1,0,268,42.8788,-85.37861111,12,1,0,1,1,1,0,1,1,0,9,21,9,32,,
260478,26,2020,7,22,4,4,48,121,0,1,1,1,1,4,1,7,2,0,0,0,43.38058333,-86.03999444,42,0,0,1,1,4,0,2,1,0,,,,,,
260479,26,2020,7,31,6,16,10,13,280,1,2,2,4,2,1,3,1,1,0,360,46.79663056,-88.47394167,12,6,0,8,1,1,0,1,1,0,16,9,16,13,,
260480,26,2020,7,10,6,23,25,129,0,1,1,1,1,4,1,5,2,0,0,9,44.19085556,-83.98719167,42,0,0,1,1,4,0,2,1,0,23,26,,,,
260481,26,2020,7,17,6,4,5,87,2420,1,1,1,1,3,1,3,1,1,0,90,43.01435556,-83.07181389,8,0,0,3,2,1,0,2,1,0,,,,,,
260482,26,2020,7,18,7,0,57,163,1260,2,2,2,3,6,2,3,4,1,0,108,42.42321944,-83.19958056,12,6,0,3,2,1,0,3,1,0,,,,,,
260483,26,2020,8,6,5,19,6,47,0,1,2,2,3,2,1,3,1,1,0,193,45.56534167,-84.78396667,12,6,0,2,3,1,0,1,1,0,19,6,19,21,,
260484,26,2020,8,7,6,19,39,163,1260,1,1,1,1,6,2,3,4,1,0,63,42.35813056,-83.19696667,8,0,0,3,2,1,0,5,1,0,,,,,,
260485,26,2020,8,10,2,4,50,163,1260,1,2,2,3,3,2,3,1,1,0,61,42.37756944,-83.16084167,12,2,0,3,2,1,0,3,1,0,,,,,,
260486,26,2020,8,5,4,17,45,73,0,1,1,1,1,4,1,5,2,0,0,0,43.46650556,-84.64708056,35,0,0,1,1,4,0,1,1,0,18,30,,,,
260487,26,2020,8,14,6,18,5,35,0,2,2,2,3,4,1,5,2,0,0,30,43.89940833,-85.00851389,12,2,0,1,1,1,0,1,1,0,18,7,18,25,,
260488,26,2020,8,16,1,13,2,89,0,1,1,1,1,4,1,5,2,0,0,57,45.19050278,-85.5449,1,0,0,1,1,4,0,1,1,0,13,2,13,10,,
260489,26,2020,8,10,2,12,7,59,0,1,1,1,1,4,2,7,2,0,0,51,41.899025,-84.61723611,1,0,0,1,1,4,0,1,1,0,,,,,,
260490,26,2020,8,18,3,15,14,163,90,1,5,5,6,3,2,3,1,1,0,16,42.259,-83.20543889,12,1,0,2,2,1,0,1,1,0,15,14,15,18,,
260491,26,2020,8,1,7,21,50,133,0,1,1,1,2,4,1,5,2,0,0,23,44.10308056,-85.516025,42,0,0,1,1,4,0,2,1,0,21,52,22,7,,
260492,26,2020,8,3,2,21,33,21,0,1,2,2,2,4,2,4,2,0,0,30,42.04353333,-86.46737778,12,6,0,2,3,1,0,2,10,0,21,35,21,41,,
260493,26,2020,8,5,4,19,21,21,0,1,3,3,3,1,1,1,1,1,0,133,41.90210556,-86.58764444,12,2,0,1,1,1,0,1,1,0,19,22,19,27,,
260494,26,2020,8,14,6,14,33,5,0,1,1,1,1,4,1,7,2,0,0,2,42.49185278,-85.77906111,5,0,0,1,1,5,0,1,1,0,,,,,,
260495,26,2020,8,4,3,20,9,115,3320,1,1,1,1,6,2,5,4,0,0,227,41.89200833,-83.351125,31,0,0,1,1,4,0,3,1,0,20,15,20,22,,
260496,26,2020,8,4,3,23,34,163,1260,1,1,1,1,6,2,6,4,0,0,20,42.42581667,-83.06971667,8,0,0,1,1,1,0,3,1,0,,,,,,
260497,26,2020,8,9,1,0,5,25,0,1,1,1,1,3,2,3,1,1,0,55,42.29963333,-85.17259167,8,0,0,1,1,1,0,2,1,0,,,,,,
260498,26,2020,8,14,6,12,13,75,0,1,2,2,5,1,2,1,1,1,0,135,42.26893056,-84.45545833,12,1,1,18,1,1,1,1,10,0,12,13,12,15,,
260499,26,2020,8,14,6,19,16,75,0,2,2,2,4,4,1,5,2,0,0,22,42.21813889,-84.63728056,12,6,0,2,2,1,0,1,10,0,19,16,19,21,,
260500,26,2020,8,16,1,10,35,111,0,1,1,1,1,4,1,7,2,0,0,32,43.567875,-84.46270278,34,0,0,1,1,4,0,1,1,0,10,41,10,55,,