st_case,state,year,month,day,day_week,hour,minute,county,city,fatals_crash,vehicles_total,vehicles_in_transport,persons_total,route,rural_urban,functional_system,road_owner,nhs,special_jurisdiction,milepoint,latitude,longitude,first_harmful_event,manner_collision,rel_jct_interchange,rel_jct_location,intersection_type,relation_to_road,work_zone,light_condition,weather,school_bus_related,ems_notified_hour,ems_notified_min,ems_arrival_hour,ems_arrival_min,hospital_hour,hospital_min
260501,26,2020,8,13,5,22,0,77,2520,1,1,1,1,3,2,3,1,1,0,65,42.29626111,-85.63818889,15,0,0,1,1,1,0,2,1,0,,,,,,
260502,26,2020,8,11,3,13,42,163,1260,1,1,1,1,6,2,3,4,1,0,44,42.37161389,-83.23620833,31,0,0,1,1,4,0,1,1,0,,,,,,
260503,26,2020,8,20,5,23,39,163,1260,1,1,1,2,3,2,3,1,1,0,68,42.41711667,-82.98949167,9,0,0,2,2,1,0,3,1,0,,,,,,
260504,26,2020,6,16,3,4,23,163,5176,1,2,2,2,6,2,4,4,0,0,49,42.267825,-83.32936667,12,1,0,8,1,1,0,3,1,0,4,26,4,29,,
260505,26,2020,7,8,4,20,11,125,5210,1,2,2,3,4,2,4,2,0,0,5,42.61406944,-83.5021,12,6,0,1,1,1,0,1,1,0,,,,,,
260506,26,2020,7,12,1,4,25,157,1939,1,1,1,1,3,1,5,1,0,0,56,43.52319722,-83.58748889,42,0,0,1,1,4,0,2,1,0,,,,,,
260507,26,2020,7,9,5,1,53,163,1260,1,2,2,2,6,2,3,4,1,0,179,42.37249167,-83.20470833,12,1,0,1,1,1,0,9,1,0,,,,,,
260508,26,2020,7,29,4,17,45,123,0,1,2,2,9,4,1,5,2,0,0,10,43.51075833,-86.01948333,12,6,0,2,2,1,0,1,1,0,17,45,,,,
260509,26,2020,7,23,5,0,40,103,0,1,1,1,0,3,1,3,1,1,0,197,46.49641389,-87.91988056,8,0,0,1,1,1,0,2,1,0,0,41,0,50,,
260510,26,2020,7,18,7,13,24,105,0,1,2,2,3,4,1,7,4,0,0,5,43.96374722,-86.37034444,12,6,0,2,2,1,0,1,1,0,,,,,,
260511,26,2020,6,14,1,1,16,163,4571,1,1,1,1,4,2,3,2,1,0,35,42.20944167,-83.19876944,8,0,0,3,2,1,0,2,1,0,1,16,1,20,,
260512,26,2020,7,5,1,0,40,163,1210,1,1,1,1,2,2,3,1,1,0,139,42.29776667,-83.28568056,15,0,0,3,2,1,0,3,1,0,,,,,,
260513,26,2020,8,12,4,20,55,149,0,1,2,2,3,4,1,5,2,0,0,127,41.85400278,-85.42872778,12,6,0,2,3,1,0,5,1,0,21,0,21,13,,
260514,26,2020,8,9,1,12,50,163,1260,1,3,3,3,6,2,7,4,0,0,15,42.37041944,-83.18765833,12,6,0,2,2,1,0,1,1,0,,,,,,
260515,26,2020,8,13,5,8,6,139,4807,1,2,2,3,3,2,7,1,0,0,3,42.97435,-85.86983333,12,6,0,2,2,1,0,1,10,0,8,7,8,19,,
260516,26,2020,8,19,4,14,13,49,3400,1,1,1,1,6,2,4,4,0,0,21,43.07512222,-83.73163056,8,0,0,1,1,1,0,1,1,0,,,,,,
260517,26,2020,7,1,4,9,10,163,1260,1,1,1,1,6,2,5,4,0,0,26,42.36805,-83.04233056,9,0,0,1,1,1,0,1,1,0,,,,,,
260518,26,2020,8,22,7,6,15,163,1260,1,1,1,1,3,2,3,1,1,0,23,42.44014167,-83.00488056,8,0,0,3,2,1,0,3,1,0,,,,,,
260519,26,2020,8,6,5,12,59,157,0,1,3,3,6,4,1,5,2,0,0,54,43.30148056,-83.37374444,12,6,0,8,1,1,0,1,1,0,13,2,13,16,,
260520,26,2020,8,6,5,16,1,103,0,1,3,3,3,4,1,5,2,0,0,31,46.59189722,-87.45063889,12,2,0,1,1,1,0,1,1,0,16,2,16,10,,
260521,26,2020,8,28,6,13,24,35,0,1,2,2,3,2,1,2,1,1,0,158,44.03263611,-84.77841667,12,6,0,98,1,1,0,1,10,0,,,,,,
260522,26,2020,8,9,1,19,58,49,0,1,2,2,2,4,1,5,2,0,0,55,43.15326667,-83.65858611,12,6,0,8,1,1,0,1,1,0,19,58,20,3,,
260523,26,2020,8,10,2,9,35,115,0,1,2,2,3,1,2,1,1,1,0,32,41.86376111,-83.40605833,12,1,0,1,1,1,0,1,1,0,9,44,9,56,,
260524,26,2020,6,11,5,19,5,49,1730,1,1,1,2,6,2,7,4,0,0,5,43.04162778,-83.701675,42,0,0,1,1,4,0,1,1,0,,,,,,
260525,26,2020,8,7,6,22,21,157,0,1,1,1,1,3,1,4,2,0,0,13,43.33719167,-83.32881111,1,0,0,1,1,4,0,2,1,0,22,24,22,29,,
260526,26,2020,6,15,2,23,55,49,1730,1,1,1,2,3,2,3,1,1,0,80,43.01911667,-83.65472778,59,0,0,1,1,4,0,3,1,0,,,,,,
260527,26,2020,8,12,4,19,25,161,0,1,1,1,1,4,2,7,2,0,0,3,42.21740556,-83.56074722,9,0,0,1,1,1,0,1,1,0,19,33,19,43,,
260528,26,2020,7,3,6,14,39,163,2850,1,2,2,2,6,2,4,4,0,0,76,42.38910833,-83.41236389,12,6,0,2,2,1,0,1,1,0,14,41,14,45,,
260529,26,2020,8,15,7,2,20,55,0,1,1,1,3,4,1,7,2,0,0,29,44.62802778,-85.56312778,42,0,0,1,1,4,0,2,1,0,2,29,2,42,,
260530,26,2020,7,22,4,2,45,49,1730,1,2,2,3,3,2,3,1,1,0,99,43.04614444,-83.65935556,12,6,0,8,1,1,0,3,1,0,,,,,,
260531,26,2020,7,20,2,7,10,99,4731,1,2,2,4,6,2,3,4,1,0,73,42.5532,-83.04828611,12,7,0,7,1,1,0,1,1,0,7,11,7,18,,
260532,26,2020,8,16,1,15,45,55,0,1,1,1,3,4,1,5,2,0,0,41,44.64779722,-85.55758889,8,0,0,1,1,1,0,1,1,0,15,45,15,53,,
260533,26,2020,8,1,7,0,55,163,1260,1,2,2,2,1,2,1,1,1,0,140,42.38300833,-83.17906667,12,2,0,1,1,1,0,2,1,0,,,,,,
260534,26,2020,7,18,7,6,46,49,1730,1,1,1,1,6,2,7,4,0,0,3,43.03738611,-83.65036111,33,0,0,1,1,4,0,1,1,0,,,,,,
260535,26,2020,8,6,5,8,4,147,0,1,1,1,3,4,1,5,2,0,0,152,43.10353056,-82.93230833,35,0,0,1,1,4,0,1,1,0,8,7,8,20,,
260536,26,2020,8,8,7,1,50,125,490,1,1,1,1,3,2,3,1,1,0,49,42.54554444,-83.21058333,8,0,0,1,1,1,0,3,1,0,2,33,2,34,,
260537,26,2020,8,19,4,0,11,91,3817,1,2,2,3,4,1,5,2,0,0,90,41.82458056,-84.00289167,12,6,0,2,2,1,0,2,1,0,0,13,0,19,,
260538,26,2020,8,15,7,11,25,149,0,1,2,2,2,4,1,5,2,0,0,61,41.849125,-85.42868611,12,1,0,1,1,1,0,1,1,0,11,27,11,35,,
260539,26,2020,8,14,6,22,8,163,4166,1,1,1,5,2,2,3,1,1,0,143,42.39680278,-83.27679167,1,0,0,1,1,3,0,3,1,0,22,8,22,14,,
260540,26,2020,8,16,1,2,52,117,0,1,1,1,1,3,1,3,1,1,0,201,43.40803889,-85.08906111,8,0,0,1,1,1,0,2,1,0,2,52,3,0,,
260541,26,2020,8,10,2,11,22,117,0,1,2,2,2,3,1,4,1,0,0,76,43.22697778,-85.25231111,12,1,0,1,1,1,0,1,1,0,,,,,,
260542,26,2020,8,22,7,12,47,81,0,1,2,2,6,3,1,4,1,0,0,21,42.84824167,-85.37028611,12,6,0,8,1,1,0,1,1,0,12,50,13,5,,
260543,26,2020,8,11,3,,,125,0,1,2,2,2,4,1,5,2,0,0,63,42.86742222,-83.33607222,12,6,0,2,2,1,0,2,1,0,23,23,23,27,,
260544,26,2020,8,13,5,8,20,163,5176,1,1,1,1,6,2,3,4,1,0,84,42.30995,-83.38866944,9,0,0,2,2,1,0,1,1,0,8,20,8,26,,
260545,26,2020,8,14,6,20,22,93,0,2,2,2,3,4,1,5,2,0,0,62,42.70589444,-83.81918889,12,2,0,1,1,1,0,1,1,0,,,,,,
260546,26,2020,8,23,1,9,50,81,5319,1,3,3,4,3,2,3,1,1,0,107,42.91335833,-85.68563889,12,6,0,2,2,1,0,1,10,0,9,54,9,58,,
260547,26,2020,8,15,7,20,56,153,0,1,1,1,1,6,6,96,96,0,1,2,46.24608056,-86.44447778,42,0,0,1,1,4,0,5,10,0,,,,,,
260548,26,2020,8,23,1,17,38,87,0,1,1,1,1,4,1,7,2,0,0,8,42.99780556,-83.28170556,1,0,0,1,1,4,0,1,1,0,,,,,,
260549,26,2020,8,18,3,14,5,45,0,1,2,2,3,3,1,4,1,0,0,83,42.521075,-84.685275,12,2,0,1,1,1,0,1,1,0,14,7,14,17,,
260550,26,2020,8,15,7,12,40,163,5176,1,1,1,1,6,2,4,4,0,0,66,42.33294167,-83.41926111,9,0,0,1,1,1,0,1,1,0,12,41,12,45,,
260551,26,2020,8,19,4,18,2,125,4000,1,4,4,5,6,2,5,4,0,0,116,42.474775,-83.14738889,12,1,0,3,2,1,0,1,1,0,18,4,18,12,,
260552,26,2020,8,23,1,20,5,155,0,1,1,1,1,4,1,5,2,0,0,32,42.86781389,-84.34303889,42,0,0,1,1,4,0,1,1,0,20,5,20,9,,
260553,26,2020,8,26,4,7,26,65,0,1,1,1,1,2,2,2,1,1,0,31,42.76707778,-84.51168056,8,0,0,1,1,1,0,1,2,0,7,28,7,32,,
260554,26,2020,8,18,3,21,9,163,1260,1,2,2,2,6,2,7,4,0,0,7,42.39433889,-83.12628056,12,6,0,2,2,1,0,3,1,0,,,,,,
260555,26,2020,8,26,4,23,0,163,1260,1,2,2,2,3,2,2,1,1,0,43,42.40836111,-83.08080278,12,1,1,18,1,1,0,3,1,0,22,23,22,37,,
260556,26,2020,8,21,6,12,30,125,0,1,2,2,4,3,2,3,1,1,0,150,42.66010278,-83.39828333,12,6,0,8,1,1,0,1,1,0,12,31,12,33,,
260557,26,2020,8,24,2,7,30,163,1260,1,2,2,4,1,2,1,1,1,0,52,42.38540278,-83.15269444,12,7,0,1,1,1,0,1,1,0,,,,,,
260558,26,2020,8,25,3,23,30,163,1260,1,3,3,6,6,2,5,4,0,0,15,42.44094444,-83.03426389,12,6,0,2,2,1,0,2,1,0,,,,,,
260559,26,2020,8,24,2,16,58,23,0,1,2,2,2,2,1,3,1,1,0,50,41.86843611,-85.21384167,12,2,0,3,3,1,0,1,1,0,16,58,17,4,,
260560,26,2020,8,25,3,20,48,123,0,1,1,1,1,4,1,5,2,0,0,15,43.460675,-85.672525,1,0,0,3,3,1,0,1,1,0,20,48,20,48,,
260561,26,2020,8,25,3,16,32,137,0,1,1,1,1,3,1,3,1,1,0,3,45.06308056,-84.85479722,24,0,0,1,1,4,0,1,1,0,,,,,,
260562,26,2020,8,19,4,10,20,27,0,1,2,2,4,2,2,3,1,1,0,5,41.806325,-86.21975,12,6,0,2,3,1,0,1,1,0,,,,,,
260563,26,2020,8,24,2,15,24,63,0,1,3,2,2,3,1,4,1,0,0,181,43.80579722,-82.88114722,12,6,0,2,2,1,0,1,1,0,15,22,15,32,,
260564,26,2020,8,25,3,21,29,25,4649,1,1,1,3,3,2,3,1,1,0,24,42.32303333,-85.2608,9,0,0,1,1,1,0,3,1,0,21,34,21,45,,
260565,26,2020,8,27,5,7,40,163,1260,1,2,2,3,6,2,3,4,1,0,35,42.43883056,-83.141772219999993,12,2,0,3,2,1,0,1,1,0,,,,,,
260566,26,2020,8,22,7,14,0,163,4815,1,2,2,2,1,2,1,1,1,0,145,42.26488889,-83.27422778,1,0,0,1,1,3,0,1,1,0,,,,,,
260567,26,2020,8,31,2,7,9,161,0,1,2,2,2,4,2,3,2,1,0,9,42.23071111,-83.68116667,12,2,0,1,1,1,0,1,1,0,7,11,7,19,,
260568,26,2020,8,29,7,21,58,25,310,1,2,2,3,6,2,4,4,0,0,24,42.33171111,-85.14321389,12,1,0,1,1,1,0,3,1,0,,,,,,
260569,26,2020,8,30,1,16,18,121,3450,1,1,1,1,2,2,3,1,1,0,16,43.24065,-86.24164167,18,0,0,1,1,3,1,1,1,0,,,,,,
260570,26,2020,8,23,1,2,57,49,0,1,3,3,3,3,2,3,1,1,0,219,43.16486389,-83.70505556,12,1,0,1,1,1,0,2,1,0,,,,,,
260571,26,2020,8,31,2,17,25,145,0,1,1,1,1,4,1,7,2,0,0,51,43.31042778,-83.75459722,32,0,0,1,1,4,0,1,1,0,,,,,,
260572,26,2020,4,29,4,21,29,163,5176,1,1,1,1,6,2,4,4,0,0,48,42.26771667,-83.33365556,9,0,0,1,1,1,0,3,1,0,21,30,21,36,,
260573,26,2020,8,25,3,17,46,81,0,1,2,2,4,4,1,4,2,0,0,21,42.90697778,-85.361575,12,2,0,1,1,1,0,1,1,0,17,49,18,5,,
260574,26,2020,7,11,7,10,39,25,0,1,2,2,2,4,2,4,2,0,0,21,42.27570833,-85.15373056,12,6,0,2,3,1,0,1,1,0,10,41,10,45,,
260575,26,2020,8,25,3,23,30,15,0,1,1,1,2,4,1,4,2,0,0,54,42.72250833,-85.29068056,35,0,0,1,1,4,0,2,10,0,,,,,,
260576,26,2020,8,19,4,20,18,63,0,1,1,1,1,4,1,7,2,0,0,26,43.70663889,-83.39519444,31,0,0,8,1,4,0,1,1,0,,,,,,
260577,26,2020,8,29,7,3,45,49,686,1,1,1,1,6,2,3,4,1,0,50,43.00158333,-83.63436667,42,0,0,1,1,4,0,3,1,0,3,45,3,50,,
260578,26,2020,8,12,4,18,28,3,0,1,2,2,4,3,1,3,1,1,0,145,46.34680833,-86.386075,12,6,0,3,3,1,0,1,1,0,,,,,,
260579,26,2020,8,16,1,22,0,81,0,1,2,2,6,3,1,4,1,0,0,82,43.21945833,-85.62652222,12,2,0,1,1,1,0,2,1,0,22,0,22,5,,
260580,26,2020,8,31,2,13,25,139,0,1,2,2,3,4,2,4,2,0,0,40,42.82663056,-86.07816111,12,6,0,2,2,1,0,1,10,0,13,26,13,35,,
260581,26,2020,8,23,1,19,13,163,1260,1,2,2,3,6,2,4,4,0,0,100,42.38596944,-83.25643889,12,6,0,2,2,1,0,1,1,0,,,,,,
260582,26,2020,8,25,3,8,59,121,2307,1,2,1,3,4,1,5,2,0,0,5,43.40996944,-86.07411111,45,0,0,1,1,1,2,1,1,0,8,59,9,10,,
260583,26,2020,8,29,7,12,38,121,0,1,7,7,13,2,2,2,1,1,0,76,43.22819444,-86.20469722,12,1,0,1,1,1,0,1,1,0,12,38,12,38,,
260584,26,2020,8,28,6,8,50,129,0,1,2,2,3,3,1,3,1,1,0,102,44.31010556,-84.12573889,12,6,0,8,1,1,0,1,10,0,8,49,8,54,,
260585,26,2020,8,1,7,1,0,39,0,1,2,2,2,4,1,5,2,0,0,78,44.80558333,-84.46955,12,1,0,1,1,1,0,2,1,0,,,,,,
260586,26,2020,8,28,6,13,10,3,0,1,2,2,2,3,1,4,1,0,0,114,46.31848611,-86.92865,12,6,0,2,2,1,0,1,2,0,,,,,,
260587,26,2020,8,27,5,15,5,17,0,1,2,2,2,4,2,4,2,0,0,29,43.56557778,-83.84453056,12,6,0,2,2,1,0,1,1,0,15,6,15,9,,
260588,26,2020,8,31,2,23,51,27,0,1,1,1,4,4,1,5,2,0,0,44,41.88286667,-85.98967778,1,0,0,1,1,4,0,2,1,0,,,,,,
260589,26,2020,8,31,2,18,8,125,0,1,1,1,2,4,2,3,2,1,0,26,42.65230556,-83.44369167,16,0,0,1,1,1,0,1,1,0,,,,,,
260590,26,2020,9,2,4,17,0,163,1260,1,1,1,1,6,2,4,4,0,0,28,42.40945,-83.17400278,19,0,0,1,1,5,0,1,1,0,,,,,,
260591,26,2020,9,3,5,21,41,125,2935,1,1,1,1,1,2,1,1,1,0,51,42.47705,-83.10140278,25,0,0,1,1,3,4,2,1,0,,,,,,
260592,26,2020,9,5,7,2,20,163,1260,1,4,4,5,1,2,1,1,1,0,280,42.36476944,-83.06679444,12,2,0,1,1,1,0,3,1,0,,,,,,
260593,26,2020,9,7,2,0,21,163,1210,1,2,1,1,6,2,5,4,0,0,33,42.31273333,-83.28638333,33,0,0,1,1,4,0,3,10,0,0,21,0,24,,
260594,26,2020,2,14,6,20,44,125,0,1,2,2,5,3,2,3,1,1,0,82,42.44596111,-83.16150556,12,6,0,2,2,1,0,3,1,0,20,44,20,48,,
260595,26,2020,8,8,7,4,46,163,1260,1,3,1,2,3,2,3,1,1,0,65,42.37472222,-83.15377778,14,0,0,1,1,4,0,3,1,0,,,,,,
260596,26,2020,6,8,2,22,51,99,4521,1,2,2,2,4,2,3,2,1,0,40,42.64654167,-82.99373889,12,6,0,2,3,1,0,2,1,0,22,53,22,57,,
260597,26,2020,8,20,5,21,57,81,2010,1,1,1,2,6,2,3,4,1,0,34,42.98798333,-85.63988889,8,0,0,1,1,1,0,2,1,0,21,59,22,2,,
260598,26,2020,8,31,2,15,31,69,1450,1,1,1,1,6,1,5,4,0,0,2,44.28195278,-83.47435556,9,0,0,3,3,1,0,1,1,0,15,41,15,48,,
260599,26,2020,8,16,1,15,40,163,1260,1,2,1,1,6,2,7,4,0,0,3,42.36454167,-82.95541389,14,0,0,1,1,7,0,1,1,0,,,,,,
260600,26,2020,8,18,3,14,5,123,0,1,2,2,2,3,1,4,1,0,0,91,43.77353056,-85.85034167,12,6,0,8,1,1,0,1,1,0,14,5,14,15,,
260601,26,2020,8,20,5,1,50,163,1260,1,2,1,1,6,2,4,4,0,0,18,42.43331944,-82.96056389,14,0,0,1,1,4,0,3,1,0,,,,,,
260602,26,2020,8,23,1,22,25,163,1260,1,1,1,1,6,2,4,4,0,0,73,42.40220833,-83.17052778,8,0,0,1,1,1,0,2,1,0,,,,,,
260603,26,2020,8,20,5,19,43,123,0,2,2,2,7,4,1,4,2,0,0,80,43.40956944,-86.03921944,12,6,0,2,2,1,0,1,1,0,19,43,19,45,,
260604,26,2020,8,22,7,3,25,163,1260,1,1,1,1,3,2,3,1,1,0,51,42.393125,-83.00520278,9,0,0,2,2,1,0,3,1,0,,,,,,
260605,26,2020,8,27,5,21,22,99,2934,1,1,1,1,3,2,3,1,1,0,118,42.63076944,-82.85956667,8,0,0,3,2,1,0,2,1,0,,,,,,
260606,26,2020,9,1,3,21,58,117,0,1,1,1,1,4,1,6,2,0,0,26,43.32357222,-85.40586944,35,0,0,1,1,4,0,2,1,0,21,58,22,14,,
260607,26,2020,9,4,6,1,6,115,0,1,1,1,1,4,2,7,2,0,0,44,41.76508333,-83.54625833,53,0,0,1,1,4,0,2,1,0,1,11,1,19,,
260608,26,2020,9,5,7,3,30,25,0,1,1,1,1,4,1,7,2,0,0,37,42.35621944,-84.82900833,1,0,0,1,1,1,0,2,1,0,3,30,3,40,,
260609,26,2020,9,4,6,13,50,163,1260,1,2,2,5,3,2,3,1,1,0,84,42.44578056,-83.156,12,6,0,2,2,1,0,1,1,0,,,,,,
260610,26,2020,9,5,7,20,44,163,1260,1,2,2,2,6,2,4,4,0,0,9,42.36011111,-83.01040833,12,6,0,2,2,1,0,5,10,0,,,,,,
260611,26,2020,9,3,5,23,38,163,0,1,1,1,1,4,2,3,2,1,0,41,42.40426389,-83.48196667,15,0,0,1,1,1,0,2,1,0,,,,,,
260612,26,2020,9,5,7,6,1,93,0,1,1,1,1,1,1,1,1,1,0,59,42.64049722,-84.03531667,8,0,0,1,1,1,0,2,1,0,6,10,6,10,,
260613,26,2020,9,5,7,13,30,77,2520,1,2,2,3,3,2,3,1,1,0,102,42.29163611,-85.58476389,1,0,0,3,2,1,0,1,1,0,,,,,,
260614,26,2020,9,6,1,21,41,123,0,1,1,1,3,3,1,4,1,0,0,68,43.38920278,-85.80080278,8,0,0,1,1,1,0,2,2,0,21,41,21,51,,
260615,26,2020,9,8,3,2,42,5,0,1,1,1,1,1,1,1,1,1,0,205,42.69730833,-86.17051667,1,0,0,1,1,4,0,2,2,0,2,45,2,55,,
260616,26,2020,9,10,5,2,9,75,2500,1,2,2,2,6,2,4,4,0,0,18,42.24009722,-84.42333056,12,6,0,2,2,1,0,2,1,0,2,11,2,19,,
260617,26,2020,9,3,5,17,12,163,1260,1,1,1,1,1,2,1,1,1,0,340,42.40320833,-82.96605833,1,0,0,1,1,1,0,1,1,0,,,,,,
260618,26,2020,9,8,3,10,48,17,271,1,1,1,1,3,2,2,1,1,0,10,43.59657778,-83.92771944,31,0,0,1,1,4,0,1,2,0,10,48,10,55,,
260619,26,2020,9,7,2,21,38,163,1260,1,2,2,5,6,2,5,4,0,0,4,42.37226667,-83.21708889,12,6,0,2,2,1,0,3,1,0,,,,,,
260620,26,2020,9,10,5,4,55,125,5113,1,1,1,1,3,2,3,1,1,0,176,42.64126111,-83.35479722,8,0,0,1,1,1,0,3,10,0,4,55,4,58,,
260621,26,2020,9,6,1,17,3,11,3660,1,1,1,1,6,1,7,4,0,0,16,44.04740278,-83.86065556,1,0,0,1,1,4,0,1,1,0,17,7,17,17,,
260622,26,2020,9,6,1,18,39,147,4060,1,1,1,1,6,2,4,4,0,0,0,42.99915278,-82.42743611,33,0,0,1,1,4,0,1,10,0,18,39,18,39,,
260623,26,2020,9,12,7,2,7,77,2520,1,1,1,1,6,2,4,4,0,0,3,42.27701944,-85.64065278,8,0,0,3,2,1,0,3,1,0,,,,,,
260624,26,2020,9,12,7,18,57,99,4330,1,1,1,1,3,2,3,1,1,0,28,42.48673056,-82.94371667,33,0,0,1,1,4,0,1,1,0,18,57,19,5,,
260625,26,2020,9,16,4,23,50,137,0,1,1,1,2,4,1,7,2,0,0,40,45.11303333,-84.60189167,42,0,0,1,1,4,0,2,1,0,0,10,0,15,,
260626,26,2020,9,10,5,21,30,163,4815,1,1,1,1,1,2,1,1,1,0,146,42.26463333,-83.27241944,8,0,1,18,1,1,0,3,1,0,21,30,21,30,,
260627,26,2020,9,13,1,7,11,121,0,1,1,1,1,3,1,4,1,0,0,56,43.3217,-86.16800556,33,0,0,1,1,4,0,3,99,0,7,11,7,22,,
260628,26,2020,9,2,4,16,29,35,0,1,1,1,1,4,1,7,2,0,0,27,43.85272222,-85.08801944,1,0,0,1,1,4,0,1,1,0,,,,,,
260629,26,2020,9,18,6,4,5,163,1260,1,2,2,2,6,2,3,4,1,0,234,42.43513889,-82.97526667,12,6,0,2,3,1,0,3,1,0,,,,,,
260630,26,2020,9,8,3,21,19,163,5140,1,2,2,2,2,2,3,1,1,0,94,42.28208611,-83.37185278,12,2,0,1,1,1,0,2,1,0,21,21,21,23,,
260631,26,2020,9,15,3,11,55,73,0,1,2,2,2,4,1,7,2,0,0,10,43.79919722,-84.88881667,12,6,0,2,3,1,0,1,1,0,,,,,,
260632,26,2020,9,7,2,16,53,121,0,1,1,1,1,4,2,7,2,0,0,51,43.37190556,-86.336125,42,0,0,1,1,4,0,1,1,0,16,58,17,8,,
260633,26,2020,9,18,6,19,4,163,5176,2,2,2,4,4,2,4,2,0,0,85,42.31005833,-83.37889167,12,6,0,2,2,1,0,1,1,0,19,3,19,11,,
260634,26,2020,9,20,1,6,23,87,0,1,5,1,1,3,1,3,1,1,0,32,42.93419167,-83.05541389,59,0,0,1,1,4,0,3,1,0,6,23,6,28,,
260636,26,2020,9,19,7,20,30,81,0,1,1,1,1,3,2,3,1,1,0,50,43.04863056,-85.68960278,8,0,0,1,1,1,0,2,1,0,20,29,20,33,,
260637,26,2020,9,13,1,23,56,163,1260,1,1,1,1,1,2,1,1,1,0,1,42.36948611,-83.05750278,30,0,1,5,1,4,0,3,1,0,,,,,,
260638,26,2020,9,17,5,14,10,163,1260,1,4,1,1,3,2,3,1,1,0,93,42.44616389,-83.13841944,14,0,0,1,1,7,0,1,1,0,,,,,,
260639,26,2020,9,22,3,18,54,5,0,1,2,2,2,2,1,2,1,1,0,85,42.54322778,-85.66114444,12,1,0,1,1,1,0,1,1,0,18,56,19,15,,
260640,26,2020,9,6,1,16,58,163,2260,1,1,1,1,1,2,1,1,1,0,2,42.40700278,-83.08443611,25,0,1,5,1,4,0,1,1,0,,,,,,
260641,26,2020,9,19,7,1,50,163,1260,1,1,1,1,6,2,3,4,1,0,19,42.26461944,-83.16899444,19,0,0,1,1,5,0,3,1,0,,,,,,
260642,26,2020,9,24,5,13,58,45,0,1,1,1,1,4,1,7,2,0,0,24,42.45038056,-84.94771667,8,0,0,1,1,1,4,1,1,0,13,58,14,7,,
260643,26,2020,9,18,6,19,30,37,0,1,2,2,2,3,1,4,1,0,0,126,43.00144722,-84.58823056,12,6,0,1,1,1,0,1,1,0,,,,,,
260644,26,2020,9,29,3,22,44,161,3582,1,1,1,2,4,2,7,2,0,0,11,42.4297,-83.70463056,43,0,0,1,1,4,0,2,1,0,22,46,22,58,,
260645,26,2020,9,19,7,13,53,159,1143,1,4,4,9,3,1,5,1,0,0,49,42.31566667,-86.26256944,12,6,0,2,2,1,0,1,1,0,,,,,,
260646,26,2020,9,25,6,0,57,81,2020,1,2,1,3,3,2,3,1,1,0,80,42.91363056,-85.74219167,33,0,0,1,1,4,0,3,10,0,0,57,0,57,,
260647,26,2020,9,26,7,13,52,63,0,1,1,1,1,4,1,7,2,0,0,93,43.91812222,-83.21328056,9,0,0,1,1,1,0,1,10,0,13,41,13,48,,
260648,26,2020,9,28,2,7,36,159,0,1,1,1,1,3,1,4,1,0,0,13,42.08420556,-85.83971667,42,0,0,1,1,4,0,4,2,0,7,36,7,45,,
260649,26,2020,9,20,1,0,27,163,0,1,1,1,2,4,1,5,2,0,0,66,42.11709444,-83.41169167,59,0,0,1,1,4,0,2,1,0,0,30,0,39,,
260650,26,2020,9,28,2,11,35,163,1260,1,2,1,2,1,2,1,1,1,0,331,42.39878333,-82.98283056,14,0,0,1,1,4,0,1,10,0,11,35,11,40,,
260651,26,2020,9,21,2,14,57,99,4380,1,1,1,1,1,2,1,1,1,0,11,42.46510833,-82.92128333,8,0,0,1,1,2,2,1,1,0,,,,,,
260652,26,2020,9,27,1,23,45,163,1260,1,2,2,3,6,2,5,4,0,0,1,42.33358056,-83.04307778,12,1,0,3,2,1,0,3,1,0,,,,,,
260653,26,2020,9,20,1,22,55,31,0,2,1,1,2,1,1,1,1,1,0,392,45.71335833,-84.72737778,1,0,0,1,1,4,0,2,1,0,22,57,23,5,,
260654,26,2020,9,17,5,21,21,125,1652,1,1,1,1,4,2,4,2,0,0,6,42.451325,-83.33676111,9,0,0,1,1,1,0,2,10,0,21,23,21,25,,
260655,26,2020,9,21,2,12,39,49,0,1,1,1,1,3,2,4,1,0,0,134,43.06131389,-83.51809444,52,0,0,1,1,4,0,1,1,0,12,41,12,45,,
260656,26,2020,9,30,4,6,44,81,2553,1,1,1,1,6,2,3,4,1,0,83,42.8809,-85.66463333,8,0,0,1,1,1,0,3,10,0,6,45,6,51,,
260657,26,2020,9,20,1,10,35,163,1260,1,2,1,2,1,2,1,1,1,0,22,42.35631389,-83.05149722,14,0,0,1,1,3,0,1,1,0,,,,,,
260658,26,2020,9,6,1,23,24,105,0,1,2,2,3,4,2,4,2,0,0,10,43.965,-86.41918889,12,6,0,8,1,1,0,2,2,0,,,,,,
260659,26,2020,9,9,4,2,22,125,1690,1,1,1,1,3,2,3,1,1,0,94,42.44648333,-83.13665833,59,0,0,1,1,3,0,3,99,0,2,22,2,25,,
260660,26,2020,9,18,6,18,39,49,1730,1,2,2,2,1,2,1,1,1,0,4,43.00830278,-83.68483056,1,0,1,5,1,4,0,1,1,0,,,,,,
260661,26,2020,9,11,6,15,42,143,0,1,1,1,1,3,1,4,1,0,0,7,44.16735,-84.62001667,1,0,0,1,1,4,0,1,1,0,,,,,,
260662,26,2020,9,16,4,12,21,137,0,1,1,1,1,3,1,3,1,1,0,33,45.059975,-84.79344444,34,0,0,1,1,4,0,1,1,0,,,,,,