st_case,state,year,month,day,day_week,hour,minute,county,city,fatals_crash,vehicles_total,vehicles_in_transport,persons_total,route,rural_urban,functional_system,road_owner,nhs,special_jurisdiction,milepoint,latitude,longitude,first_harmful_event,manner_collision,rel_jct_interchange,rel_jct_location,intersection_type,relation_to_road,work_zone,light_condition,weather,school_bus_related,ems_notified_hour,ems_notified_min,ems_arrival_hour,ems_arrival_min,hospital_hour,hospital_min
280586,28,2020,11,21,7,10,20,109,0,1,2,2,3,3,1,4,1,0,0,,30.63278889,-89.77349722,12,2,0,1,1,1,0,1,1,0,,,,,,
280588,28,2020,11,3,3,18,18,49,2560,1,1,1,1,7,2,3,1,0,0,,32.11573889,-90.29488056,8,0,0,1,1,1,0,2,1,0,,,,,,
280589,28,2020,11,6,6,18,16,89,0,1,1,1,1,6,2,3,2,1,0,,32.51697778,-90.11278889,8,0,0,1,1,1,0,2,1,0,18,22,18,23,18,52
280590,28,2020,11,7,7,1,41,59,0,1,1,1,1,1,2,1,1,1,0,,30.45413889,-88.87295278,59,0,0,1,1,3,0,3,1,0,,,,,,
280591,28,2020,11,8,1,17,55,57,0,1,2,2,3,3,1,5,1,0,0,,34.25451667,-88.45969722,12,2,0,1,1,1,0,2,1,0,17,54,18,0,18,44
280592,28,2020,11,9,2,11,20,105,0,1,2,2,2,2,1,3,1,1,0,,33.50285833,-88.99620556,12,6,0,8,1,1,0,1,1,0,11,32,11,33,12,0
280593,28,2020,11,10,3,6,2,33,0,1,4,4,4,1,1,1,1,1,0,,34.74208889,-89.96333333,12,1,0,1,1,1,0,3,1,0,6,18,6,25,6,26
280594,28,2020,11,21,7,2,6,151,0,1,2,2,2,2,1,3,1,1,0,,33.40086944,-90.97638889,12,7,0,1,1,1,0,2,1,0,,,,,,
280595,28,2020,11,21,7,18,33,33,0,1,1,1,1,2,2,2,1,1,0,,34.97274722,-90.14205556,8,0,0,1,1,1,0,2,1,0,,,,,,
280596,28,2020,11,21,7,20,16,105,0,1,1,1,1,4,1,7,2,0,0,,33.50304722,-88.94613611,8,0,0,1,1,1,0,2,1,0,,,,,,
280597,28,2020,11,21,7,20,53,137,0,1,1,1,1,3,1,4,1,0,0,,34.61176389,-89.89358611,42,0,0,1,1,4,0,2,1,0,20,53,20,58,21,0
280598,28,2020,11,22,1,23,49,59,1680,1,1,1,1,1,1,1,1,1,0,,30.43881111,-88.54809722,8,0,1,5,1,1,0,2,1,0,,,,,,
280599,28,2020,11,23,2,17,26,71,1860,1,2,2,2,3,1,3,1,1,0,,34.39828611,-89.49531389,12,2,0,1,1,1,0,2,1,0,,,,,,
280600,28,2020,11,24,3,7,12,89,0,1,1,1,1,3,2,5,1,0,0,,32.58237778,-90.06625278,42,0,0,1,1,4,0,1,1,0,,,,,,
280601,28,2020,11,24,3,7,22,49,1220,1,1,1,1,6,2,4,4,0,0,,32.25281389,-90.223575,8,0,0,1,1,1,0,1,1,0,7,24,7,30,,
280602,28,2020,11,24,3,19,49,47,230,1,2,2,2,2,2,3,1,1,0,,30.39263056,-88.85787778,12,1,0,1,1,1,0,3,1,0,,,,,,
280603,28,2020,11,25,4,11,10,35,0,1,1,1,2,4,1,5,2,0,0,,31.01525278,-89.25522222,1,0,0,1,1,4,0,1,10,0,,,,,,
280604,28,2020,12,1,3,11,27,49,1220,1,2,2,2,6,2,3,4,1,0,,32.35568056,-90.16535,12,6,0,2,3,1,0,1,1,0,,,,,,
280605,28,2020,12,1,3,15,26,59,0,1,2,2,2,4,1,4,2,0,0,,30.47387778,-88.69436389,12,6,0,8,1,1,0,1,1,0,,,,,,
280606,28,2020,12,2,4,16,25,49,1220,1,1,1,3,1,2,1,1,1,0,,32.37969167,-90.14735556,8,0,0,1,1,1,0,1,1,0,,,,,,
280607,28,2020,12,2,4,20,26,107,0,1,2,2,3,1,1,1,1,1,0,,34.50888333,-89.92165556,12,1,0,1,1,1,0,2,1,0,20,28,20,33,20,35
280608,28,2020,11,25,4,22,39,75,1590,1,1,1,2,6,2,7,4,0,0,,32.37722222,-88.71134722,8,0,0,1,1,1,0,3,1,0,,,,,,
280609,28,2020,12,3,5,10,51,157,0,1,1,1,1,3,1,5,1,0,0,,31.22810833,-91.20924444,42,0,0,1,1,4,0,1,2,0,,,,,,
280610,28,2020,12,4,6,12,58,41,0,1,2,2,4,3,1,3,1,1,0,,31.08942778,-88.53073333,12,1,0,1,1,1,0,1,10,0,,,,,,
280611,28,2020,12,5,7,23,0,49,1220,1,2,2,4,6,2,3,4,1,0,,32.35896944,-90.17319722,12,2,0,1,1,1,0,6,1,0,,,,,,
280612,28,2020,11,27,6,3,54,91,0,1,1,1,2,2,2,3,1,1,0,,31.23902778,-89.852825,8,0,0,1,1,1,0,2,5,0,,,,,,
280613,28,2020,11,27,6,7,16,45,0,1,1,1,2,1,1,1,1,1,0,,30.31959167,-89.58671944,42,0,0,1,1,4,0,1,5,0,9,1,9,2,9,13
280614,28,2020,12,6,1,2,42,115,0,1,1,1,1,3,1,4,3,0,0,,34.23535,-88.82610833,42,0,0,1,1,4,0,2,1,0,2,46,2,52,,
280615,28,2020,12,6,1,10,58,109,0,1,1,1,1,4,1,5,2,0,0,,30.98076667,-89.45903333,8,0,0,1,1,1,0,1,1,0,,,,,,
280616,28,2020,12,7,2,8,39,59,0,1,2,2,3,2,2,3,1,1,0,,30.41103889,-88.77190556,12,6,0,7,1,1,0,1,1,0,8,43,8,44,8,56
280617,28,2020,12,7,2,11,36,49,1220,1,1,1,1,6,2,3,4,1,0,,32.33414444,-90.27235833,8,0,0,1,1,1,0,1,1,0,11,50,11,51,12,16
280618,28,2020,12,9,4,10,33,65,0,1,2,2,2,3,1,4,1,0,0,,31.46960833,-89.89243056,12,6,0,2,2,1,0,1,1,0,10,33,10,36,10,38
280619,28,2020,12,9,4,13,50,107,0,3,2,1,2,1,1,1,1,1,0,,34.48975833,-89.91458889,14,0,0,1,1,2,0,1,1,0,14,3,14,4,,
280620,28,2020,12,9,4,14,9,13,2670,1,1,1,1,3,1,4,1,0,0,,33.87597778,-89.18713889,8,0,0,1,1,1,0,1,1,0,,,,,,
280621,28,2020,12,11,6,15,50,87,0,1,2,2,4,3,1,5,1,0,0,,33.52871389,-88.32129444,12,8,0,1,1,1,0,1,1,0,,,,,,
280622,28,2020,12,11,6,23,37,71,0,1,1,1,1,4,1,5,2,0,0,,34.20241111,-89.63726111,42,0,0,1,1,4,0,2,2,0,23,26,0,5,,
280623,28,2020,12,12,7,0,37,41,0,2,1,1,3,6,1,7,4,0,0,,31.14704167,-88.55642222,8,0,0,1,1,1,0,2,1,0,,,,,,
280624,28,2020,12,13,1,23,52,47,680,1,1,1,2,1,2,1,1,1,0,,30.45100278,-88.902375,8,0,0,1,1,1,0,3,10,0,,,,,,
280625,28,2020,12,14,2,10,17,47,0,1,1,1,2,1,2,1,1,1,0,,30.40342222,-89.25679722,21,0,0,1,1,4,0,1,10,0,10,17,10,25,11,14
280626,28,2020,12,14,2,13,38,109,0,1,2,2,2,1,1,1,1,1,0,,30.78329444,-89.52063889,12,1,0,1,1,1,0,1,1,0,,,,,,
280627,28,2020,12,15,3,14,17,59,0,1,2,2,2,3,2,3,1,1,0,,30.43441389,-88.830125,12,2,0,1,1,1,0,1,10,0,14,17,14,18,14,36
280628,28,2020,12,16,4,6,0,45,0,1,1,1,1,2,2,3,1,1,0,,30.29974722,-89.44695556,9,0,0,1,1,1,0,2,2,0,,,,,,
280629,28,2020,12,17,5,22,29,17,0,2,2,2,4,3,1,4,1,0,0,,33.84331389,-88.93818333,12,6,0,8,1,1,0,2,1,0,,,,,,
280630,28,2020,11,27,6,15,18,75,0,3,2,2,6,1,1,1,1,1,0,,32.41108611,-88.48123889,12,1,0,1,1,1,0,1,2,0,,,,,,
280631,28,2020,11,28,7,15,30,31,0,1,1,1,1,2,1,3,1,1,0,,31.77487222,-89.67876667,34,0,0,1,1,3,0,1,1,0,,,,,,
280632,28,2020,11,29,1,17,21,121,0,1,1,1,1,4,1,6,2,0,0,,32.18095,-90.05634722,1,0,0,1,1,4,0,2,2,0,17,26,17,37,18,18
280633,28,2020,11,29,1,18,28,25,0,1,2,2,2,3,1,4,1,0,0,,33.58753611,-88.49775833,12,2,0,2,2,1,0,2,2,0,,,,,,
280634,28,2020,2,20,5,10,5,5,0,1,1,1,1,3,1,4,1,0,0,,31.22385278,-91.01175278,35,0,0,1,1,4,0,1,2,0,,,,,,
280635,28,2020,4,26,1,21,58,127,0,1,1,1,1,3,1,4,1,0,0,,31.88228889,-90.08005833,8,0,0,1,1,1,0,2,1,0,,,,,,
280636,28,2020,11,30,2,15,33,85,320,1,2,2,4,2,2,3,1,1,0,,31.54605,-90.44075278,12,6,0,2,2,1,0,1,1,0,15,34,15,40,15,41
280637,28,2020,10,23,6,16,57,109,0,1,1,1,4,4,1,5,2,0,0,,30.93381111,-89.55214444,35,0,0,1,1,4,0,1,2,0,,,,,,
280638,28,2020,11,4,4,15,19,151,990,1,2,2,6,2,2,3,1,1,0,,33.39943056,-91.05346667,12,6,0,2,2,1,0,1,1,0,,,,,,
280639,28,2020,11,29,1,8,22,35,0,1,1,1,2,2,1,3,1,1,0,,31.00757222,-89.20203611,35,0,0,1,1,4,0,1,2,0,,,,,,
280640,28,2020,10,28,4,6,25,49,1220,1,1,1,1,2,2,3,1,1,0,,32.30638056,-90.25876389,8,0,0,1,1,1,0,4,1,0,,,,,,
280641,28,2020,7,26,1,0,15,49,1220,1,1,1,2,6,2,3,4,1,0,,32.29110833,-90.22781944,5,0,0,1,1,1,0,3,1,0,0,16,0,24,,
280642,28,2020,12,18,6,18,5,27,470,4,2,2,14,2,1,3,1,1,0,,34.23091667,-90.53146111,12,6,0,2,3,1,0,2,1,0,,,,,,
280643,28,2020,12,18,6,20,0,83,0,1,2,2,2,2,1,3,1,1,0,,33.52714167,-90.30753889,12,2,0,1,1,1,0,2,10,0,,,,,,
280644,28,2020,12,19,7,10,41,33,1830,1,2,2,2,2,2,2,1,1,0,,34.93274167,-89.80725556,12,1,0,1,1,1,0,1,2,0,,,,,,
280645,28,2020,12,20,1,11,57,71,0,1,2,2,2,4,1,5,2,0,0,,34.30118056,-89.66635833,12,6,0,1,1,1,0,1,1,0,,,,,,
280646,28,2020,12,21,2,17,51,135,0,1,2,2,3,4,1,5,2,0,0,,33.77226944,-90.17585556,12,2,0,1,1,1,0,3,1,0,,,,,,
280647,28,2020,12,23,4,19,39,47,0,1,2,2,4,6,2,4,2,0,0,,30.36590833,-89.26976389,12,2,0,1,1,1,0,2,1,0,,,,,,
280648,28,2020,12,24,5,23,6,47,1020,1,1,1,1,2,2,3,1,1,0,,30.38363611,-89.09305278,8,0,0,1,1,1,0,3,1,0,,,,,,
280649,28,2020,12,25,6,2,9,101,0,1,1,1,1,2,1,5,1,0,0,,32.32470833,-89.20780833,42,0,0,1,1,4,0,2,1,0,2,9,2,15,,
280650,28,2020,12,26,7,18,5,35,1050,2,1,1,3,6,2,7,4,0,0,,31.31223056,-89.30446944,10,0,0,6,1,1,0,2,1,0,,,,,,
280651,28,2020,12,27,1,23,7,23,0,1,1,1,4,2,1,3,1,1,0,,31.99219167,-88.70300556,1,0,0,1,1,4,0,2,1,0,,,,,,
280652,28,2020,12,25,6,3,0,45,0,2,2,2,3,3,1,4,1,0,0,,30.59964167,-89.41391944,12,2,0,1,1,1,0,2,1,0,,,,,,
280653,28,2020,12,29,3,10,44,85,0,1,2,2,2,3,1,5,1,0,0,,31.5094,-90.39645556,12,2,0,1,1,1,0,1,1,0,10,44,10,45,,
280654,28,2020,12,29,3,17,30,39,0,1,1,1,1,4,1,5,2,0,0,,30.77028611,-88.64058056,8,0,0,1,1,1,0,5,1,0,,,,,,
280655,28,2020,12,30,4,23,10,27,0,1,1,1,1,2,1,3,1,1,0,,34.24910833,-90.52594444,8,0,0,1,1,1,0,2,2,0,,,,,,
280656,28,2020,12,30,4,23,57,49,1220,1,2,2,3,2,2,3,1,1,0,,32.28412778,-90.19297778,12,6,0,2,2,1,0,3,1,0,0,1,1,11,,
280657,28,2020,12,31,5,8,35,59,0,1,2,2,2,3,1,5,1,0,0,,30.54177222,-88.50404444,12,2,0,1,1,1,0,1,2,0,,,,,,
280658,28,2020,12,31,5,13,12,111,0,1,1,1,1,3,1,5,1,0,0,,31.41249444,-89.08146667,35,0,0,1,1,4,0,1,1,0,,,,,,
280659,28,2020,12,31,5,15,4,63,0,1,1,1,1,3,1,4,1,0,0,,31.68582778,-90.90453056,35,0,0,1,1,4,0,1,1,0,,,,,,
280660,28,2020,1,24,6,23,41,83,0,1,1,1,1,4,1,5,2,0,0,,,,42,0,0,1,1,4,0,6,98,0,,,,,,
280662,28,2020,5,3,1,11,6,27,0,1,1,1,2,4,1,5,2,0,0,,,,42,0,0,1,1,4,0,1,1,0,,,,,,
280663,28,2020,5,29,6,20,55,95,0,1,1,1,1,4,1,6,2,0,0,,,,42,0,0,1,1,4,0,6,98,0,17,28,17,37,17,46
280664,28,2020,6,10,4,18,1,83,0,1,1,1,3,4,1,6,2,0,0,,,,1,0,0,3,3,4,0,8,98,0,,,,,,
280665,28,2020,6,20,7,21,49,79,0,1,1,1,1,4,1,6,2,0,0,,,,42,0,0,1,1,4,0,6,98,0,,,,,,
280666,28,2020,6,21,1,23,8,149,0,1,1,1,1,4,1,6,2,0,0,,,,1,0,0,1,1,4,0,6,98,0,,,,,,
280667,28,2020,6,28,1,3,18,151,1340,1,2,2,3,2,1,3,1,1,0,,,,12,1,0,7,1,1,0,2,1,0,,,,,,
280668,28,2020,7,6,2,16,0,49,2650,1,2,2,3,3,1,4,1,0,0,,32.10553333,-90.6134,12,6,0,2,2,1,0,1,2,0,,,,,,
280669,28,2020,2,1,7,18,14,47,1380,1,1,1,2,6,2,7,4,0,0,,30.35791111,-89.12885278,5,0,0,1,1,1,0,3,1,0,,,,,,
280670,28,2020,5,5,3,12,5,103,330,1,1,1,1,3,1,5,1,0,0,,,,1,0,0,5,1,4,0,1,98,0,,,,,,
280671,28,2020,7,13,2,9,45,47,1020,1,1,1,2,6,2,7,4,0,0,,,,5,0,0,1,1,1,0,1,98,0,,,,,,
280672,28,2020,7,30,5,16,18,49,0,1,1,1,1,4,1,6,2,0,0,,,,30,0,0,1,1,4,0,1,98,0,,,,,,
280673,28,2020,8,4,3,20,43,157,2860,1,1,1,1,2,1,3,1,1,0,,,,8,0,0,1,1,1,0,6,98,0,,,,,,
280674,28,2020,8,1,7,19,26,151,1340,1,1,1,1,2,1,3,1,1,0,,33.398025,-90.904125,30,0,0,3,2,4,0,1,1,0,,,,,,
280675,28,2020,8,15,7,0,45,93,0,1,1,1,1,4,1,6,2,0,0,,,,1,0,0,1,1,1,0,6,98,0,,,,,,
280676,28,2020,8,25,3,0,32,93,0,1,1,1,1,4,1,5,2,0,0,,34.86220833,-89.61822222,38,0,0,1,1,4,0,6,98,0,,,,,,
280677,28,2020,8,31,2,18,15,59,0,1,1,1,3,4,1,6,2,0,0,,,,34,0,0,1,1,4,0,1,10,0,,,,,,
280678,28,2020,9,8,3,16,40,51,1360,1,1,1,1,6,1,7,4,0,0,,,,8,0,0,1,1,1,0,1,98,0,,,,,,
280679,28,2020,9,11,6,1,30,51,2550,1,1,1,1,6,1,7,4,0,0,,,,1,0,0,1,1,4,0,6,98,0,,,,,,
280680,28,2020,9,13,1,4,34,49,0,1,1,1,1,7,2,3,1,0,0,,,,8,0,0,1,1,1,0,8,98,0,,,,,,
280681,28,2020,10,2,6,22,2,157,0,1,1,1,1,4,1,6,2,0,0,,,,8,0,0,1,1,1,0,8,98,0,,,,,,
280682,28,2020,10,4,1,3,0,91,0,1,1,1,1,4,1,6,2,0,0,,,,34,0,0,1,1,4,0,6,98,0,,,,,,
280683,28,2020,10,6,3,21,36,79,0,1,1,1,1,4,1,6,2,0,0,,,,1,0,0,1,1,1,0,6,98,0,,,,,,
280684,28,2020,10,9,6,6,32,49,0,1,2,2,2,4,1,6,2,0,0,,,,12,98,0,1,1,1,0,1,1,0,,,,,,
280685,28,2020,10,16,6,19,56,161,0,1,1,1,1,4,1,6,2,0,0,,,,34,0,0,3,3,4,0,6,98,0,,,,,,
280686,28,2020,10,24,7,6,42,93,0,3,3,3,5,4,1,6,2,0,0,,,,12,6,0,8,1,1,0,8,98,0,,,,,,
280687,28,2020,11,4,4,17,39,83,0,1,1,1,2,3,1,5,1,0,0,,33.64084722,-90.43164722,1,0,0,1,1,4,0,2,10,0,,,,,,
280688,28,2020,12,23,4,5,0,109,0,1,1,1,1,4,1,5,2,0,0,,30.60804167,-89.63353333,42,0,0,1,1,4,0,2,1,0,,,,,,
280689,28,2020,12,28,2,11,1,151,990,1,3,3,4,2,2,3,1,1,0,,33.400141669999996,-91.01178056,12,2,0,8,1,1,0,1,1,0,,,,,,
280690,28,2020,11,5,5,17,16,49,1220,1,2,2,2,6,2,7,4,0,0,0,32.32855833,-90.21166667,12,6,0,8,1,1,0,5,1,0,,,,,,
280691,28,2020,1,26,1,12,48,61,0,1,1,1,1,4,1,6,2,0,0,,31.82243333,-89.13165833,34,0,0,1,1,4,0,1,10,0,,,,,,
280692,28,2020,2,3,2,23,19,1,0,1,1,1,1,4,2,6,2,0,0,,31.57388333,-91.34722222,8,0,0,1,1,1,0,8,98,0,,,,,,
280693,28,2020,8,28,6,14,0,11,0,1,1,1,1,3,1,4,1,0,0,,33.94322778,-90.94233333,30,0,0,1,1,4,0,8,98,0,,,,,,
280694,28,2020,10,6,3,21,11,65,0,1,1,1,1,4,1,6,2,0,0,,,,8,0,0,1,1,1,0,8,98,0,21,11,21,16,21,50
280695,28,2020,11,4,4,9,8,151,0,1,1,1,1,4,1,6,2,0,0,,33.21786944,-90.87187778,42,0,0,1,1,4,0,1,1,0,9,8,9,10,9,22
280696,28,2020,11,29,1,3,57,151,0,1,1,1,1,4,2,6,2,0,0,,33.42291389,-90.987925,34,0,0,1,1,4,0,2,10,0,,,,,,
280697,28,2020,12,18,6,4,58,59,0,1,1,1,1,4,1,6,2,0,0,,30.47944444,-88.86083333,8,0,0,1,1,1,0,2,1,0,,,,,,
280698,28,2020,12,18,6,22,15,149,0,1,2,2,4,4,1,6,2,0,0,,32.28326389,-90.798475,12,2,0,1,1,1,0,2,10,0,,,,,,
280699,28,2020,7,25,7,15,58,71,0,1,1,1,1,4,1,98,2,0,0,,34.19921667,-89.57988889,42,0,0,1,1,4,0,1,1,0,,,,,,
280700,28,2020,7,28,3,13,15,21,2030,2,2,2,6,3,1,5,1,0,0,,31.94436111,-90.97950833,12,6,0,2,2,1,0,1,1,0,13,44,13,44,13,54
280701,28,2020,10,8,5,18,22,153,0,1,1,1,3,4,1,5,2,0,0,,31.70904444,-88.82315278,42,0,0,1,1,4,0,3,2,0,,,,,,
280702,28,2020,11,8,1,5,29,107,0,1,1,1,1,4,1,98,2,0,0,,34.40143056,-89.95103889,42,0,0,1,1,4,0,6,1,0,,,,,,
280703,28,2020,12,22,3,13,0,19,0,1,1,1,2,4,8,98,2,0,0,,,,42,0,0,1,1,4,0,1,1,0,,,,,,
280704,28,2020,12,23,4,19,49,81,0,1,2,2,4,4,8,98,2,0,0,,34.48026111,-88.60044444,12,2,0,1,1,1,0,2,2,0,,,,,,
280705,28,2020,11,3,3,17,38,111,0,1,1,1,1,4,8,98,2,0,0,,31.2765,-89.14274722,1,0,0,1,1,4,0,5,1,0,,,,,,
290001,29,2020,1,1,4,3,9,510,7080,1,3,1,1,6,2,4,1,0,0,20,38.65783333,-90.25463889,14,0,0,1,1,7,0,3,1,0,3,16,3,29,,
290002,29,2020,1,2,5,17,30,189,7060,1,2,2,2,3,2,3,4,1,0,50,38.71335833,-90.35519167,12,6,0,2,3,1,0,3,1,0,17,41,17,45,18,11
290003,29,2020,1,2,5,17,45,47,3114,2,3,3,3,6,2,5,4,0,0,10,39.20971111,-94.54118056,12,8,0,1,1,1,0,3,1,0,17,47,17,50,18,22
290004,29,2020,1,3,6,13,35,183,8280,1,1,1,1,1,2,1,1,1,0,230,38.80444167,-90.89291667,1,0,0,1,1,4,0,1,10,0,13,33,13,40,,
290005,29,2020,1,4,7,14,50,43,0,1,1,1,1,4,1,7,2,0,0,40,37.01655556,-93.50074722,1,0,0,1,1,4,0,1,1,0,15,17,15,31,16,19
290006,29,2020,1,4,7,15,58,95,3280,1,1,1,1,1,2,1,1,1,0,40,38.90158056,-94.52415556,8,0,0,1,1,1,0,1,1,0,15,58,16,0,16,16
290007,29,2020,1,5,1,3,56,95,4120,1,1,1,2,6,2,4,4,0,0,20,39.09058333,-94.54496111,30,0,0,1,1,4,0,3,1,0,3,58,4,11,4,27
290008,29,2020,1,5,1,6,50,157,0,1,1,1,1,3,1,4,1,0,0,170,37.68274722,-89.91785833,58,0,0,1,1,4,0,2,1,0,,,,,,
290010,29,2020,1,5,1,19,18,25,0,2,1,1,5,4,1,7,2,0,0,60,39.52530556,-94.05321944,38,0,0,1,1,4,0,2,10,0,19,33,20,5,20,54
290011,29,2020,1,6,2,13,15,181,0,1,2,2,3,3,1,4,1,0,0,140,36.60252778,-90.89736111,12,2,0,1,1,1,0,1,1,0,13,25,13,30,13,51
290012,29,2020,1,7,3,15,31,95,3382,1,2,1,1,6,2,4,4,0,0,20,38.983525,-94.48330278,14,0,0,1,1,4,4,1,1,0,,,,,,
290013,29,2020,1,7,3,16,45,225,2810,1,2,2,2,2,1,2,1,1,0,170,37.15105556,-92.94944444,12,6,0,1,1,1,0,1,10,0,16,49,17,2,17,24
290014,29,2020,1,8,4,21,48,29,0,1,1,1,2,3,1,5,1,0,0,40,38.13552778,-93.00405556,8,0,0,1,1,1,0,2,1,0,,,,,,
290015,29,2020,1,9,5,6,54,113,7810,1,1,1,1,6,2,7,4,0,0,0,38.96519167,-90.96960833,8,0,0,1,1,1,0,1,1,0,,,,,,
290016,29,2020,1,10,6,15,53,81,0,1,1,1,1,1,1,1,1,1,0,160,40.35361111,-94.00844444,1,0,0,1,1,4,0,1,3,0,15,59,16,15,,
290017,29,2020,1,10,6,22,30,113,2520,1,1,1,2,6,1,7,4,0,0,0,39.16133333,-90.78452778,3,0,0,1,1,4,0,3,2,0,,,,,,
290018,29,2020,1,11,7,21,55,43,6020,1,1,1,1,2,2,2,1,1,0,0,37.08973889,-93.23118889,39,0,0,1,1,4,0,2,4,0,,,,,,
290019,29,2020,1,12,1,15,0,221,0,1,1,1,1,3,1,5,2,0,0,50,37.98144444,-90.81277778,42,0,0,1,1,4,0,1,10,0,,,,,,
290020,29,2020,1,13,2,8,0,105,0,2,2,2,2,3,1,5,1,0,0,30,37.76588889,-92.56566667,12,2,0,1,1,1,0,1,10,0,,,,,,
290021,29,2020,1,14,3,6,15,91,0,2,2,2,2,2,1,4,1,0,0,100,36.63438611,-91.95091667,12,2,0,1,1,1,0,2,5,0,6,24,6,39,,
290022,29,2020,1,14,3,10,0,131,0,1,2,2,2,3,1,4,1,0,0,240,38.10713611,-92.25880556,12,6,0,2,3,1,0,1,10,0,,,,,,
290023,29,2020,1,14,3,10,25,97,0,1,1,1,1,1,1,1,1,1,0,40,37.07455556,-94.38780556,1,0,0,1,1,1,0,1,1,0,,,,,,
290024,29,2020,1,14,3,13,40,27,0,1,2,2,2,2,1,2,1,1,0,40,39.00249722,-91.89341667,12,1,0,1,1,1,0,1,1,0,13,40,13,52,,
290025,29,2020,1,15,4,15,2,71,0,1,2,2,3,3,1,7,1,0,0,10,38.38746944,-90.94625,12,2,0,1,1,1,0,1,10,0,15,4,15,10,,
290026,29,2020,1,15,4,15,50,225,0,1,2,2,2,3,1,5,1,0,0,130,37.35194167,-92.96285833,12,2,0,1,1,1,0,1,10,0,16,1,16,21,16,47
290028,29,2020,1,18,7,3,0,71,7630,1,1,1,3,1,2,1,1,1,0,0,38.21441667,-91.16888333,42,0,1,5,1,4,0,3,99,0,,,,,,
290029,29,2020,1,19,1,9,17,145,0,1,1,1,1,1,1,1,1,1,0,0,36.92658056,-94.43044167,1,0,1,5,1,4,0,9,98,0,,,,,,
290030,29,2020,1,19,1,22,52,95,4120,1,1,1,4,6,2,3,4,1,0,110,38.99805556,-94.55480556,8,0,0,3,2,1,0,2,1,0,22,52,23,1,,
290031,29,2020,1,20,2,7,35,219,0,1,2,2,2,3,1,4,1,0,0,20,38.62658056,-90.97952778,12,2,0,1,1,1,0,1,10,0,7,42,7,52,,
290032,29,2020,1,20,2,15,35,209,0,1,2,2,2,6,1,5,4,0,0,0,36.70683333,-93.37316667,12,2,0,1,1,1,0,1,1,0,,,,,,
290033,29,2020,1,20,2,19,8,91,8330,1,2,2,3,2,2,3,1,1,0,140,36.74272778,-91.87695833,12,6,0,2,2,1,0,3,4,0,19,11,19,16,19,36
290034,29,2020,1,21,3,6,3,510,7080,1,1,1,1,6,2,5,4,0,0,10,38.594775,-90.28276944,8,0,0,3,98,1,0,3,1,0,6,3,6,11,6,55
290035,29,2020,1,21,3,16,0,189,0,1,2,2,3,4,2,3,2,1,0,40,38.71838056,-90.31769167,12,1,0,3,3,1,0,1,1,0,16,3,16,6,16,35
290036,29,2020,1,21,3,21,15,189,0,1,1,1,1,6,2,3,2,1,0,10,38.77567222,-90.28031111,8,0,0,1,1,1,0,2,1,0,21,27,21,31,21,53
290037,29,2020,1,22,4,17,24,27,2960,1,2,2,2,6,2,3,4,1,0,30,38.85561389,-91.94411667,12,2,0,1,1,1,0,3,2,0,17,28,17,30,17,47
290038,29,2020,1,25,7,19,45,15,0,1,1,1,1,2,1,3,1,1,0,250,38.20838889,-93.33119444,35,0,0,1,1,4,0,2,10,0,,,,,,
290039,29,2020,1,26,1,17,34,510,7080,1,2,2,2,6,2,4,4,0,0,20,38.69936667,-90.26485278,33,0,0,1,1,12,0,1,1,0,17,36,17,47,18,3
290040,29,2020,1,28,3,1,5,77,7460,2,1,1,2,6,2,5,4,0,0,10,37.17469722,-93.27823611,19,0,0,1,1,5,0,3,10,0,1,5,1,9,1,38
290041,29,2020,1,28,3,6,20,43,3680,1,1,1,1,2,1,3,1,1,0,100,36.95336111,-93.28375,42,0,0,1,1,5,0,2,1,0,,,,,,
290042,29,2020,1,29,4,6,0,177,0,1,2,2,2,3,1,5,1,0,0,30,39.22241667,-94.15858333,12,6,0,1,1,1,0,2,10,0,6,7,6,21,7,10
290043,29,2020,1,29,4,8,24,165,0,1,2,2,3,3,1,6,1,0,0,200,39.31223889,-94.85105278,12,2,0,1,1,1,0,1,4,0,8,26,8,47,9,32
290044,29,2020,1,31,6,18,51,189,0,1,1,1,1,1,1,1,1,1,0,130,38.53386111,-90.51980556,1,0,0,1,1,1,0,2,1,0,18,52,18,57,19,18
290045,29,2020,2,1,7,1,27,510,7080,1,1,1,1,6,2,4,4,0,0,20,38.64138611,-90.19510833,8,0,0,2,2,1,0,3,1,0,1,26,1,39,2,6
290046,29,2020,2,1,7,6,25,95,4120,1,2,2,3,1,2,1,1,1,0,0,39.09795,-94.57306944,12,2,1,20,1,1,0,3,10,0,6,7,6,21,6,37
290047,29,2020,2,1,7,12,11,99,0,1,2,2,2,2,2,4,1,0,0,90,38.34322222,-90.38955556,1,0,0,8,1,1,0,1,1,0,12,18,12,21,12,38
290048,29,2020,2,1,7,23,35,95,4120,1,1,1,3,6,2,7,4,0,0,10,39.07956111,-94.52765556,42,0,0,1,1,4,0,3,1,0,23,11,23,17,23,31
290049,29,2020,2,2,1,21,53,187,0,1,1,1,1,3,1,5,1,0,0,70,37.81338889,-90.418,8,0,0,1,1,1,0,2,1,0,,,,,,
290050,29,2020,2,2,1,4,0,143,0,2,1,1,2,2,1,5,1,0,0,260,36.52563889,-89.61094444,35,0,0,1,1,4,0,2,1,0,4,8,4,19,,
290051,29,2020,2,2,1,12,58,171,0,1,2,2,3,3,1,5,1,0,0,120,40.41141667,-92.74602778,12,7,0,1,1,1,0,1,1,0,13,13,13,43,14,6
290052,29,2020,2,2,1,19,21,77,7460,1,2,2,4,6,2,3,1,1,0,10,37.18100833,-93.24695833,12,6,0,2,3,1,0,3,1,0,19,23,19,29,19,48
290053,29,2020,2,2,1,22,4,29,0,1,1,1,6,4,1,7,2,0,0,20,37.96733333,-92.83313889,1,0,0,1,1,1,0,2,1,0,,,,,,