st_case,state,year,month,day,day_week,hour,minute,county,city,fatals_crash,vehicles_total,vehicles_in_transport,persons_total,route,rural_urban,functional_system,road_owner,nhs,special_jurisdiction,milepoint,latitude,longitude,first_harmful_event,manner_collision,rel_jct_interchange,rel_jct_location,intersection_type,relation_to_road,work_zone,light_condition,weather,school_bus_related,ems_notified_hour,ems_notified_min,ems_arrival_hour,ems_arrival_min,hospital_hour,hospital_min
290054,29,2020,2,3,2,14,53,93,3970,1,1,1,1,3,1,4,1,0,0,120,37.61200833,-90.63203889,59,0,0,1,1,4,0,1,1,0,14,59,15,40,16,57
290055,29,2020,2,3,2,14,54,213,0,1,2,2,2,2,1,3,1,1,0,210,36.5315,-93.24588889,12,6,0,2,2,1,0,1,1,0,14,54,15,4,15,52
290056,29,2020,2,4,3,18,21,47,2600,1,1,1,1,6,2,3,4,1,0,0,39.33491111,-94.25745,38,0,0,1,1,5,0,3,1,0,18,25,18,28,18,52
290057,29,2020,2,4,3,9,10,95,4120,2,3,3,4,6,2,4,4,0,0,10,39.09100556,-94.55641111,12,6,0,2,2,1,0,1,10,0,9,12,9,18,9,54
290058,29,2020,2,4,3,10,15,53,0,1,1,1,1,3,1,4,1,0,0,130,38.83073333,-92.84490556,42,0,0,1,1,4,0,1,98,0,10,18,10,31,11,24
290059,29,2020,2,5,4,18,40,19,1800,1,2,2,2,1,2,1,1,1,0,120,38.96863333,-92.325525,12,1,1,18,1,1,0,2,4,0,18,42,18,49,19,20
290060,29,2020,2,6,5,12,26,101,8110,1,2,2,2,3,2,7,4,0,0,30,38.77913889,-93.73725,12,6,0,2,2,1,0,1,1,0,12,23,12,24,13,48
290061,29,2020,2,6,5,15,15,37,6160,1,1,1,1,4,2,5,4,0,0,60,38.73791667,-94.47647222,38,0,0,1,1,5,0,1,1,0,,,,,,
290062,29,2020,2,6,5,17,0,61,0,1,2,2,2,3,1,3,1,1,0,250,39.98863889,-93.79808333,12,2,0,1,1,1,0,1,1,0,17,3,17,15,17,45
290063,29,2020,2,7,6,16,20,121,0,1,1,1,1,2,1,2,1,1,0,10,40.03052778,-92.48561111,1,0,0,1,1,3,0,1,4,0,16,22,16,43,,
290064,29,2020,2,7,6,20,5,77,0,1,2,2,2,2,1,2,1,1,0,140,37.28233333,-93.20025,8,0,0,1,1,2,0,2,1,0,,,,,,
290065,29,2020,1,26,1,0,4,95,4490,1,3,3,4,3,2,3,1,1,0,190,38.93201111,-94.36011389,12,1,0,3,2,1,0,3,10,0,0,5,0,11,0,29
290066,29,2020,2,5,4,7,30,33,0,1,1,1,1,3,1,5,1,0,0,50,39.60097222,-93.38455556,38,0,0,1,1,5,0,1,10,0,,,,,,
290067,29,2020,2,8,7,1,55,47,4120,1,1,1,1,2,2,2,1,1,0,220,39.137775,-94.58721389,24,0,0,1,1,4,0,2,1,0,,,,,,
290068,29,2020,2,8,7,15,5,215,0,1,1,1,1,3,1,4,1,0,0,50,37.51133333,-92.16433333,53,0,0,1,1,4,0,1,1,0,15,9,15,30,16,50
290069,29,2020,2,9,1,0,14,95,4120,1,1,1,2,6,2,4,4,0,0,30,38.96884167,-94.49679722,42,0,0,1,1,4,0,3,1,0,0,14,0,22,0,49
290070,29,2020,2,9,1,14,20,510,7080,1,2,2,5,6,2,3,4,1,0,20,38.67633056,-90.25173333,12,6,0,2,2,1,0,1,10,0,14,21,14,32,15,14
290071,29,2020,2,9,1,19,2,189,0,1,1,1,1,3,2,3,1,1,0,90,38.43375,-90.33463889,8,0,0,1,1,1,0,2,2,0,19,4,19,8,19,34
290072,29,2020,2,9,1,19,45,13,0,1,1,1,1,4,1,7,2,0,0,0,38.23813889,-94.495,38,0,0,1,1,5,0,2,1,0,,,,,,
290073,29,2020,2,11,3,7,25,187,0,1,2,2,2,3,1,4,1,0,0,40,37.79788889,-90.60725,12,2,0,1,1,1,0,1,10,0,7,33,7,44,9,0
290074,29,2020,2,11,3,16,30,510,7080,1,1,1,1,6,2,3,4,1,0,10,38.66088333,-90.27178056,8,0,0,3,98,1,0,1,1,0,16,30,16,39,16,59
290075,29,2020,2,12,4,5,14,189,0,1,1,1,1,1,2,1,1,1,0,100,38.53961111,-90.48644444,8,0,1,18,1,1,0,2,1,0,,,,,,
290076,29,2020,2,12,4,13,40,119,0,1,2,2,3,3,1,5,1,0,0,20,36.73733333,-94.60580556,12,6,0,2,2,1,0,1,2,0,13,39,14,2,15,4
290077,29,2020,2,12,4,16,10,125,0,1,1,1,1,3,1,5,1,0,0,20,38.29091667,-91.78716667,34,0,0,1,1,4,0,1,2,0,16,16,16,25,,
290078,29,2020,2,14,6,18,18,189,2700,2,1,1,4,6,2,7,4,0,0,0,38.73786389,-90.27096111,42,0,0,1,1,4,1,3,1,0,18,14,18,18,18,56
290079,29,2020,2,14,6,10,38,183,4328,4,3,3,7,1,2,1,1,1,0,40,38.76997222,-90.77663889,57,0,0,1,1,3,0,1,1,0,10,42,10,54,,
290080,29,2020,2,22,7,2,5,43,0,1,1,1,1,2,1,3,1,1,0,180,36.85066667,-93.31958333,1,0,0,1,1,4,0,2,1,0,2,27,2,54,3,37
290081,29,2020,2,22,7,5,33,183,7010,1,2,2,2,6,2,3,4,1,0,10,38.79841389,-90.55861667,12,6,0,2,3,1,0,3,1,0,,,,,,
290082,29,2020,2,22,7,7,15,97,0,1,1,1,2,3,2,2,1,1,0,120,37.17883333,-94.34691667,42,0,0,1,1,4,0,1,1,0,,,,,,
290083,29,2020,2,22,7,22,6,510,7080,1,4,2,6,3,2,3,4,1,0,10,38.57566667,-90.27748056,12,6,0,1,1,1,0,3,1,0,22,17,22,32,23,3
290084,29,2020,2,23,1,10,48,77,7460,1,2,1,2,6,2,4,4,0,0,30,37.22623333,-93.30629444,33,0,0,1,1,4,0,1,10,0,10,49,10,56,11,15
290085,29,2020,2,24,2,12,44,1,4230,1,2,2,2,2,2,3,1,1,0,130,40.16808889,-92.55152778,12,2,0,2,2,1,0,1,2,0,,,,,,
290086,29,2020,2,24,2,13,33,69,4870,1,1,1,1,3,1,4,1,0,0,110,36.56399722,-89.97945833,34,0,0,1,1,4,0,1,2,0,,,,,,
290087,29,2020,2,25,3,15,45,37,0,2,2,2,3,3,1,4,1,0,0,260,38.75833333,-94.14977778,12,6,0,1,1,4,0,1,10,0,15,47,16,16,17,20
290088,29,2020,2,25,3,20,0,5,0,1,2,2,3,2,1,4,1,0,0,150,40.37163889,-95.397,12,2,0,1,1,1,0,2,1,0,20,6,20,16,20,34
290089,29,2020,2,26,4,6,30,53,0,1,2,2,1,1,1,1,1,1,0,0,38.95869444,-92.54686111,12,6,0,1,1,1,0,1,10,0,,,,,,
290090,29,2020,2,28,6,,,165,0,1,1,1,1,4,1,7,2,0,0,20,39.527875,-94.73932778,32,0,0,1,1,4,0,9,1,0,,,,,,
290091,29,2020,2,26,4,13,49,510,7080,1,3,3,3,3,2,3,1,1,0,10,38.75873611,-90.18603333,12,2,0,1,1,1,4,1,10,0,,,,,,
290092,29,2020,2,27,5,11,39,161,0,1,1,1,4,4,1,7,2,0,0,10,37.95322222,-91.80322222,1,0,0,1,1,4,0,1,10,0,11,54,12,1,12,19
290093,29,2020,2,27,5,12,28,59,0,1,1,1,1,2,1,3,1,1,0,130,37.59727778,-93.12338889,8,0,0,2,2,1,0,1,10,0,,,,,,
290094,29,2020,2,27,5,12,30,99,0,1,1,1,1,2,2,4,1,0,0,120,38.31094444,-90.39944444,1,0,0,1,1,1,0,1,10,0,12,32,12,36,13,15
290095,29,2020,2,27,5,13,26,95,4120,1,1,1,2,6,2,4,4,0,0,40,39.040375,-94.54053611,33,0,0,1,1,4,0,1,10,0,13,26,13,30,13,48
290096,29,2020,2,28,6,19,26,187,0,1,1,1,1,3,1,5,1,0,0,100,37.67202778,-90.28972222,38,0,0,1,1,4,0,3,10,0,19,12,19,28,20,11
290097,29,2020,2,28,6,1,50,189,2690,1,1,1,1,3,2,2,1,1,0,90,38.51094444,-90.45077778,8,0,0,1,1,1,0,2,10,0,,,,,,
290098,29,2020,2,29,7,0,52,31,1390,1,1,1,2,2,2,2,1,1,0,220,37.34186389,-89.59023333,35,0,0,1,1,3,0,3,10,0,1,3,1,5,1,19
290099,29,2020,2,29,7,21,15,201,7310,1,2,2,5,6,2,7,4,0,0,30,36.89558333,-89.58805556,12,2,0,2,3,1,0,3,1,0,21,21,21,24,21,37
290100,29,2020,1,6,2,1,16,183,0,1,1,1,1,4,1,6,2,0,0,10,38.88390278,-90.47299444,1,0,0,1,1,4,0,6,1,0,,,,,,
290101,29,2020,2,15,7,12,25,105,0,1,1,1,4,4,1,7,2,0,0,10,37.63888889,-92.59502778,38,0,0,1,1,5,0,1,1,0,12,46,13,14,14,24
290102,29,2020,2,17,2,15,50,153,0,1,2,2,2,3,1,4,1,0,0,240,36.54097222,-92.48591667,12,2,0,1,1,1,0,1,10,0,15,53,16,0,16,46
290103,29,2020,2,18,3,9,25,109,0,1,2,2,3,3,1,4,1,0,0,200,37.18977778,-93.68686111,24,0,0,1,1,4,0,1,10,0,9,26,9,47,10,29
290104,29,2020,2,19,4,16,22,9,6540,1,1,1,3,6,1,7,4,0,0,0,36.81744444,-93.92191667,10,0,0,6,1,1,0,1,1,0,16,42,17,10,17,40
290105,29,2020,2,19,4,18,14,95,4120,1,3,3,4,6,2,4,4,0,0,20,39.03441944,-94.47367778,12,1,0,3,3,1,0,1,10,0,18,15,18,24,18,42
290106,29,2020,2,19,4,22,24,109,420,2,2,2,2,2,1,3,1,1,0,100,36.96859444,-93.67773333,24,0,0,1,1,4,0,2,1,0,,,,,,
290107,29,2020,2,19,4,13,20,201,0,1,2,2,1,1,2,1,1,1,0,10,36.87947222,-89.51611111,12,1,0,1,1,1,0,1,1,0,13,34,13,34,14,19
290108,29,2020,2,20,5,20,47,510,7080,1,2,2,4,6,2,4,4,0,0,10,38.65390833,-90.28463333,33,0,0,3,98,3,0,3,1,0,20,46,20,54,,
290109,29,2020,2,21,6,21,0,189,1970,1,1,1,2,1,2,1,1,1,0,220,38.64722222,-90.44905556,8,0,0,1,1,1,0,3,1,0,,,,,,
290110,29,2020,2,27,5,21,28,139,0,1,1,1,1,1,1,1,1,1,0,130,38.88588889,-91.40847222,1,0,0,1,1,1,0,2,1,0,21,28,21,36,22,31
290111,29,2020,3,1,1,20,26,159,7210,1,4,4,4,2,2,3,1,1,0,180,38.68385833,-93.25130556,12,6,0,2,2,1,0,3,10,0,20,26,20,33,21,15
290112,29,2020,3,1,1,16,18,151,8320,1,1,1,2,2,1,3,1,1,0,40,38.44441667,-92.00458333,31,0,0,1,1,4,0,1,10,0,,,,,,
290113,29,2020,3,1,1,1,15,99,335,1,1,1,1,3,2,2,1,1,0,10,38.45877778,-90.41883333,52,0,0,1,1,3,0,3,1,0,1,17,1,26,1,52
290114,29,2020,3,1,1,20,50,510,7080,1,1,1,1,6,2,7,4,0,0,0,38.66489722,-90.27974444,43,0,0,3,98,4,0,3,2,0,,,,,,
290115,29,2020,3,1,1,2,0,77,0,1,1,1,1,3,1,2,1,1,0,190,37.34877778,-93.32933333,58,0,0,1,1,4,0,2,1,0,,,,,,
290116,29,2020,3,2,2,5,6,161,0,1,2,2,3,2,1,3,1,1,0,30,38.01075,-91.77522222,12,6,0,1,1,2,0,2,5,0,5,9,5,24,6,1
290117,29,2020,3,3,3,16,30,3,0,1,1,1,1,3,1,5,1,0,0,50,40.02469444,-94.88908333,35,0,0,1,1,4,0,1,1,0,,,,,,
290118,29,2020,3,4,4,17,50,69,4150,3,3,3,5,2,2,3,1,1,0,240,36.23669444,-90.03341667,12,6,0,2,2,1,0,1,1,0,17,54,18,1,,
290119,29,2020,3,4,4,18,11,510,7080,1,1,1,1,6,2,3,1,1,0,10,38.67937778,-90.25847778,8,0,0,1,1,1,0,1,1,0,18,11,18,18,18,30
290120,29,2020,3,5,5,15,50,25,0,1,1,1,1,3,1,6,1,0,0,0,39.55488889,-93.80202778,58,0,0,1,1,4,0,1,1,0,16,14,16,30,17,6
290121,29,2020,3,5,5,15,44,510,7080,1,7,5,9,6,2,3,4,1,0,10,38.66500556,-90.21401389,12,8,0,3,98,1,0,1,1,0,15,33,15,48,16,14
290122,29,2020,3,7,7,17,54,510,7080,2,2,2,6,3,2,3,1,1,0,30,38.73423889,-90.21271111,12,6,0,2,3,1,4,2,10,0,17,55,18,10,18,39
290123,29,2020,3,7,7,13,30,57,0,2,2,2,3,3,1,5,1,0,0,80,37.46333333,-94.02338889,12,2,0,1,1,1,0,1,1,0,,,,,,
290124,29,2020,3,8,1,21,14,99,0,1,2,2,2,3,2,3,1,1,0,110,38.37808333,-90.61975,12,6,0,2,2,1,0,3,10,0,21,21,21,23,21,36
290125,29,2020,3,8,1,9,28,95,9997,1,1,1,1,3,2,2,1,1,0,0,39.18058333,-94.39436111,59,0,0,5,1,4,0,1,1,0,11,22,11,31,,
290126,29,2020,3,8,1,9,22,21,7070,1,3,3,3,6,2,3,4,1,0,80,39.71495278,-94.86987222,12,6,0,2,3,1,0,1,1,0,9,24,9,26,9,45
290127,29,2020,3,9,2,10,51,95,4120,1,1,1,1,1,2,1,1,1,0,130,38.97329167,-94.51585833,58,0,0,1,1,4,0,1,2,0,,,,,,
290128,29,2020,3,10,3,12,50,95,840,2,2,2,3,2,2,4,1,0,0,230,39.01376111,-94.24004444,12,6,0,2,3,1,0,1,1,0,12,55,12,55,13,15
290129,29,2020,3,12,5,11,0,29,0,2,2,2,3,3,1,3,1,1,0,260,37.89938889,-92.70133333,12,2,0,1,1,1,0,1,10,0,11,2,11,21,11,45
290130,29,2020,3,14,7,16,6,189,650,1,2,2,3,1,2,1,1,1,0,80,38.73322222,-90.33119444,12,7,1,18,1,1,0,2,2,0,16,5,16,13,16,34
290131,29,2020,3,13,6,21,17,97,4100,1,1,1,2,6,2,4,4,0,0,10,37.06923056,-94.49141111,33,0,0,1,1,4,0,3,2,0,,,,,,
290132,29,2020,3,14,7,2,0,43,0,1,1,1,1,2,1,2,1,1,0,180,36.84319444,-93.21908333,35,0,0,1,1,3,0,2,10,0,,,,,,
290133,29,2020,3,15,1,15,13,29,0,1,3,3,4,3,1,3,1,1,0,120,38.06763889,-92.79852778,12,2,0,1,1,1,0,1,10,0,15,27,15,45,16,53
290134,29,2020,3,16,2,14,35,15,0,1,1,1,3,3,1,5,1,0,0,90,38.31477778,-93.22719444,35,0,0,1,1,4,0,1,10,0,14,46,15,3,15,52
290135,29,2020,3,16,2,13,16,51,4040,1,1,1,1,2,2,2,1,1,0,20,38.56507222,-92.18418333,25,0,1,19,1,3,0,1,10,0,13,16,13,23,13,57
290136,29,2020,3,17,3,20,55,37,0,1,2,2,2,3,1,4,1,0,0,80,38.71886111,-94.28705556,12,7,0,8,1,1,0,2,1,0,21,15,21,22,21,54
290137,29,2020,3,17,3,13,50,95,4120,1,1,1,1,6,2,3,4,1,0,50,39.03175556,-94.60531944,42,0,0,1,1,3,0,1,1,0,13,50,13,55,,
290138,29,2020,3,18,4,7,10,47,2600,1,1,1,1,2,2,3,1,1,0,90,39.33105556,-94.26855556,8,0,0,1,1,1,0,2,2,0,,,,,,
290139,29,2020,3,19,5,14,48,31,3980,1,2,2,2,2,2,3,1,1,0,210,37.35385833,-89.61230833,12,6,0,1,1,1,0,1,2,0,,,,,,
290140,29,2020,1,19,1,21,15,183,7100,1,1,1,0,6,2,7,4,0,0,0,38.79208889,-90.65728056,8,0,0,4,1,1,0,3,1,0,,,,,,
290141,29,2020,3,13,6,1,30,71,0,1,1,1,1,3,1,3,1,0,0,30,38.33327778,-90.94530556,35,0,0,1,1,4,0,2,1,0,1,38,1,45,2,7
290142,29,2020,3,20,6,0,20,23,0,1,1,1,1,2,1,4,1,0,0,40,36.66388889,-90.52008333,8,0,0,2,2,1,0,2,10,0,,,,,,
290143,29,2020,3,20,6,5,51,189,5035,1,3,3,3,1,2,1,1,1,0,190,38.69383333,-90.45061111,12,6,0,1,1,1,0,3,10,0,5,58,6,5,6,20
290144,29,2020,3,21,7,9,12,177,0,1,1,1,5,3,1,3,1,1,0,210,39.27952778,-93.86786111,1,0,0,1,1,4,0,1,1,0,9,31,9,45,10,22
290145,29,2020,3,23,2,11,51,37,3510,1,2,2,5,6,2,4,4,0,0,10,38.64344444,-94.35216667,12,2,0,1,1,1,0,1,1,0,11,51,11,52,12,25
290146,29,2020,3,23,2,8,18,225,0,2,2,2,2,3,1,5,1,0,0,50,37.26966667,-92.89572222,12,2,0,1,1,1,0,1,10,0,,,,,,
290147,29,2020,3,23,2,7,19,159,7210,1,1,1,1,6,2,7,4,0,0,0,38.71071944,-93.22756944,8,0,0,3,2,1,0,1,10,0,,,,,,
290148,29,2020,3,23,2,19,4,183,0,1,1,1,1,3,1,4,1,0,0,40,38.58347222,-90.90319444,35,0,0,1,1,4,0,1,10,0,,,,,,
290149,29,2020,3,24,3,7,10,183,4328,1,2,1,2,1,2,1,1,1,0,90,38.77419444,-90.78319444,14,0,0,1,1,4,0,1,10,0,,,,,,
290150,29,2020,3,25,4,15,43,95,3940,1,3,3,6,6,2,3,4,1,0,70,39.047475,-94.34083333,12,6,0,2,2,1,0,1,1,0,15,47,15,57,16,17
290151,29,2020,3,26,5,3,50,97,0,1,1,1,1,1,1,1,1,1,0,140,37.08197222,-94.313638889999993,1,0,1,18,1,1,0,3,10,0,,,,,,
290152,29,2020,3,28,7,17,38,510,7080,1,2,2,3,6,2,3,4,1,0,50,38.60434167,-90.22435278,12,2,0,2,2,1,0,1,10,0,17,39,17,43,18,20
290153,29,2020,3,28,7,17,30,221,0,1,1,1,2,8,1,7,26,0,0,10,38.11475,-91.07405556,42,0,0,1,1,4,0,1,1,0,,,,,,
290154,29,2020,3,28,7,14,59,219,0,1,1,1,2,8,1,7,26,0,0,30,38.65075,-91.12469444,32,0,0,1,1,4,0,1,2,0,12,6,12,15,12,38
290155,29,2020,3,28,7,15,35,11,0,1,1,1,2,2,1,4,1,0,0,30,37.47125,-94.56786111,1,0,0,1,1,1,0,1,1,0,,,,,,
290156,29,2020,3,30,2,15,59,89,0,1,1,1,1,3,1,4,1,0,0,190,39.08944444,-92.74333333,1,0,0,1,1,1,0,1,10,0,,,,,,
290157,29,2020,4,1,4,20,22,31,0,1,1,1,4,5,1,7,1,0,0,10,37.46602778,-89.65791667,57,0,0,1,1,10,0,2,1,0,20,30,20,42,,
290158,29,2020,4,1,4,13,56,77,7460,1,2,2,3,6,2,3,4,1,0,40,37.24080278,-93.30201667,12,6,0,2,2,1,0,1,1,0,,,,,,
290159,29,2020,4,5,1,21,25,145,0,1,1,1,1,1,1,1,1,1,0,130,36.95113889,-94.42977778,9,0,0,1,1,1,0,2,10,0,,,,,,
290160,29,2020,4,6,2,17,30,183,8280,3,1,1,4,2,2,2,1,1,0,70,38.80789167,-90.84014722,24,0,0,1,1,4,0,1,1,0,,,,,,
290161,29,2020,4,7,3,21,38,95,3382,1,2,2,3,6,2,4,4,0,0,10,39.05152778,-94.47466667,12,6,0,2,2,1,0,3,1,0,21,39,21,47,22,17
290162,29,2020,4,7,3,16,23,173,0,1,2,2,2,2,1,3,1,0,0,40,39.67491667,-91.65908056,12,6,0,2,2,1,0,1,1,0,,,,,,
290163,29,2020,4,7,3,14,18,51,0,1,1,1,4,4,1,7,2,0,0,0,38.52294444,-92.34683333,1,0,0,1,1,1,0,1,1,0,,,,,,
290164,29,2020,4,8,4,0,5,13,0,1,1,1,1,1,1,1,1,1,0,260,38.41994167,-94.34344167,35,0,0,1,1,4,0,2,1,0,,,,,,
290165,29,2020,4,8,4,21,30,215,0,1,1,1,1,2,1,3,1,1,0,160,37.38671944,-91.90280556,35,0,0,1,1,4,0,2,10,0,21,36,21,44,22,15
290166,29,2020,4,9,5,20,35,113,7810,1,1,1,1,2,2,2,1,1,0,190,38.96466667,-90.95413611,8,0,0,1,1,1,0,3,1,0,,,,,,
290167,29,2020,4,9,5,22,57,510,7080,1,1,1,2,1,2,1,1,1,0,10,38.69083056,-90.25668611,38,0,0,1,1,4,0,3,1,0,22,57,23,6,23,24
290168,29,2020,4,10,6,10,34,95,3940,1,1,1,1,6,2,4,4,0,0,120,39.09155556,-94.34881389,24,0,0,1,1,4,0,1,1,0,10,34,10,37,11,21
290169,29,2020,4,11,7,1,0,43,0,1,1,1,1,3,1,5,1,0,0,260,36.82783056,-92.98652778,42,0,0,1,1,4,0,2,10,0,,,,,,
290170,29,2020,4,13,2,21,27,165,4120,1,2,2,3,6,2,7,4,0,0,0,39.33749167,-94.73085,12,2,0,1,1,1,0,2,1,0,21,27,21,48,22,15
290171,29,2020,4,14,3,11,26,15,0,1,1,1,1,4,1,7,2,0,0,10,38.26825,-93.347166669999993,34,0,0,1,1,4,0,1,1,0,11,58,12,24,13,18
290172,29,2020,4,14,3,23,16,510,7080,1,1,1,1,6,2,4,4,0,0,70,38.58102778,-90.24421944,8,0,0,3,98,1,0,3,1,0,23,8,23,20,,
290173,29,2020,4,15,4,16,26,95,4120,1,1,1,1,6,2,7,4,0,0,0,38.95063889,-94.59613056,8,0,0,2,2,1,0,1,1,0,16,28,16,34,16,55
290174,29,2020,4,16,5,22,9,95,4120,1,2,2,4,1,2,1,1,1,0,90,39.02399444,-94.50097778,12,1,0,1,1,1,0,3,10,0,22,11,22,20,22,36
290175,29,2020,4,17,6,11,4,31,0,2,2,2,3,3,1,4,1,0,0,30,37.23647222,-89.60380556,12,2,0,1,1,1,0,1,10,0,11,10,11,34,11,58
290176,29,2020,4,17,6,18,15,147,0,1,1,1,1,3,1,5,1,0,0,20,40.47430556,-94.80021944,58,0,0,1,1,4,0,1,1,0,18,38,18,53,19,24
290177,29,2020,4,19,1,17,15,155,1450,1,1,1,2,6,2,4,4,0,0,10,36.18447222,-89.64872222,33,0,0,1,1,4,0,1,10,0,17,26,17,52,18,43
290178,29,2020,4,19,1,,,229,0,1,1,1,1,3,1,5,1,0,0,10,37.37966667,-92.67469444,34,0,0,1,1,4,0,2,2,0,,,,,,
290179,29,2020,4,20,2,23,1,47,4120,1,1,1,1,3,2,2,1,1,0,50,39.24261111,-94.51708056,57,0,1,19,1,3,0,2,1,0,23,1,23,10,23,23
290180,29,2020,4,21,3,5,16,225,2810,1,2,2,5,2,1,2,1,1,0,90,37.16130556,-92.92722222,12,2,0,1,1,1,0,2,1,0,5,19,5,39,6,15
290181,29,2020,4,23,5,,,109,0,1,1,1,1,4,1,7,2,0,0,60,37.04694444,-94.04119444,17,0,0,1,1,4,0,1,10,0,15,52,16,10,,
290182,29,2020,4,24,6,7,18,95,4120,1,1,1,2,2,2,3,1,1,0,110,38.99800833,-94.55482778,46,0,0,3,2,12,0,1,2,0,7,19,7,23,7,39
290183,29,2020,4,24,6,1,9,165,4120,1,1,1,2,1,2,1,1,1,0,230,39.243375,-94.65855,59,0,0,1,1,4,0,3,10,0,1,8,1,15,1,49
290184,29,2020,4,26,1,0,19,510,7080,1,1,1,1,6,2,3,1,1,0,80,38.76266389,-90.18371667,1,0,0,1,1,4,0,3,1,0,0,18,0,26,,
290185,29,2020,3,15,1,4,47,31,1390,1,1,1,1,6,2,7,4,0,0,0,37.33756667,-89.57734167,33,0,0,1,1,4,0,3,10,0,,,,,,
290186,29,2020,4,10,6,14,20,85,0,1,1,1,2,2,1,3,1,1,0,130,37.90246944,-93.18602778,31,0,0,1,1,4,0,1,1,0,14,51,15,10,15,44
290187,29,2020,4,11,7,21,56,510,7080,1,1,1,1,6,2,4,4,0,0,20,38.67429167,-90.26171667,8,0,0,2,2,1,0,3,10,0,21,55,22,2,22,18
290188,29,2020,4,17,6,14,48,55,0,1,3,3,5,3,1,4,3,0,0,130,38.03469167,-91.38863611,12,2,0,1,1,1,0,1,10,0,14,50,14,57,15,41
290189,29,2020,4,17,6,14,15,119,0,1,2,2,3,2,2,3,1,1,0,220,36.50355556,-94.27674722,12,6,0,2,2,1,0,1,10,0,,,,,,
290190,29,2020,4,18,7,2,40,101,0,1,1,1,4,3,1,5,1,0,0,40,38.63258056,-94.05116667,35,0,0,1,1,4,0,2,1,0,,,,,,
290191,29,2020,4,19,1,15,1,29,0,1,2,2,3,3,1,3,1,1,0,100,38.09127778,-92.81194167,12,2,0,1,1,1,0,1,1,0,15,4,15,10,15,38
290192,29,2020,4,21,3,21,58,1,4230,1,2,2,2,6,2,7,4,0,0,0,40.24580556,-92.57313611,12,2,0,1,1,1,0,2,1,0,21,58,22,8,22,59
290194,29,2020,4,26,1,21,10,207,0,1,1,1,1,3,1,5,1,0,0,120,36.65927778,-89.80988611,34,0,0,1,1,4,0,2,1,0,21,20,21,42,,
290195,29,2020,4,24,6,4,20,83,0,1,1,1,1,3,1,3,1,1,0,280,38.43321944,-93.93116667,8,0,0,1,1,1,0,3,10,0,,,,,,
290196,29,2020,4,27,2,4,50,219,8530,1,1,1,4,1,2,1,1,1,0,120,38.82588611,-91.06269167,57,0,0,1,1,3,0,1,1,0,5,0,5,8,,
290197,29,2020,4,30,5,13,24,85,0,1,1,1,2,3,1,5,1,0,0,10,37.89466667,-93.39166667,7,0,0,1,1,1,0,1,1,0,13,34,14,2,14,53
290198,29,2020,4,30,5,0,45,189,0,1,1,1,1,3,2,3,1,1,0,30,38.77320278,-90.26984167,42,0,0,1,1,4,0,3,10,0,0,49,0,54,,
290199,29,2020,2,28,6,3,21,19,1800,1,1,1,2,3,2,4,1,0,0,80,39.00860556,-92.27373889,8,0,0,1,1,1,0,2,1,0,,,,,,
290200,29,2020,4,6,2,5,43,189,7890,1,2,1,1,6,2,7,4,0,0,0,38.66926944,-90.30590556,14,0,0,1,1,4,0,3,1,0,5,51,5,56,,
290201,29,2020,4,9,5,16,20,69,0,1,1,1,4,3,1,5,1,0,0,130,36.03574167,-89.95936111,30,0,0,1,1,4,0,1,1,0,,,,,,
290202,29,2020,4,12,1,1,28,510,7080,1,2,2,5,6,2,4,4,0,0,80,38.57336667,-90.25030833,12,1,0,1,1,1,0,3,10,0,1,28,1,37,1,56
290203,29,2020,4,28,3,17,19,510,7080,1,2,2,3,6,2,7,4,0,0,0,38.58948889,-90.23910556,1,0,0,2,2,1,0,1,1,0,17,18,17,29,,
290204,29,2020,4,28,3,22,24,31,1390,1,1,1,1,2,2,2,1,1,0,220,37.34516111,-89.59499722,30,0,0,1,1,4,4,3,10,0,22,32,22,38,22,52
290205,29,2020,4,29,4,10,15,71,7020,1,4,4,4,1,2,1,1,1,0,190,38.35027778,-90.98910833,24,0,0,1,1,3,0,1,2,0,10,14,10,19,,
290206,29,2020,4,29,4,2,5,9,0,1,1,1,1,4,1,7,2,0,0,10,36.78083056,-94.00446944,35,0,0,1,1,4,0,2,10,0,,,,,,
290207,29,2020,4,30,5,6,45,125,0,1,1,1,1,4,1,7,2,0,0,30,38.02560833,-92.05371944,42,0,0,1,1,4,0,1,1,0,,,,,,
290208,29,2020,4,30,5,15,36,510,7080,2,3,3,8,6,2,7,4,0,0,0,38.70671667,-90.24936944,12,6,0,2,2,1,0,1,1,0,15,36,15,47,16,11
290210,29,2020,5,2,7,18,45,37,0,1,3,2,5,1,1,1,1,1,0,150,38.66402778,-94.39188889,12,1,0,1,1,1,0,1,10,0,18,51,18,54,19,27
290211,29,2020,5,2,7,21,24,77,7460,1,1,1,1,2,2,2,1,1,0,80,37.21049167,-93.22585556,8,0,1,19,1,2,0,3,1,0,,,,,,