st_case,state,year,month,day,day_week,hour,minute,county,city,fatals_crash,vehicles_total,vehicles_in_transport,persons_total,route,rural_urban,functional_system,road_owner,nhs,special_jurisdiction,milepoint,latitude,longitude,first_harmful_event,manner_collision,rel_jct_interchange,rel_jct_location,intersection_type,relation_to_road,work_zone,light_condition,weather,school_bus_related,ems_notified_hour,ems_notified_min,ems_arrival_hour,ems_arrival_min,hospital_hour,hospital_min
300079,30,2020,7,13,2,16,5,63,0,1,1,1,2,3,1,4,1,0,0,164,47.19776944,-113.50273056,11,0,0,2,3,1,0,1,1,0,16,7,16,11,17,50
300080,30,2020,7,9,5,22,50,1,0,1,1,1,1,4,1,5,1,0,0,0,45.77133056,-112.96746111,1,0,0,1,1,4,0,2,1,0,22,52,23,56,,
300081,30,2020,7,14,3,8,10,87,0,1,1,1,2,1,1,1,1,1,0,1003,46.26641667,-106.55539444,1,0,0,1,1,3,0,1,10,0,8,13,8,17,8,51
300082,30,2020,7,15,4,21,25,95,0,1,1,1,2,1,1,1,1,1,0,4073,45.65580556,-109.27748056,1,0,0,1,1,4,0,2,1,0,21,29,21,34,22,11
300083,30,2020,7,16,5,21,13,47,0,1,1,1,1,3,1,4,1,0,0,279,48.01946111,-113.9993,11,0,0,1,1,1,0,1,1,0,21,10,,,,
300084,30,2020,7,18,7,12,57,35,0,2,2,2,3,2,1,3,1,1,3,2129,48.46748611,-113.15406667,31,0,0,1,1,4,0,1,1,0,13,0,13,11,,
300085,30,2020,7,18,7,19,30,29,0,1,2,2,3,3,1,4,1,0,0,56,48.09235556,-114.11572222,12,2,0,1,1,1,0,1,1,0,19,30,19,42,20,11
300086,30,2020,7,19,1,16,47,9,0,1,1,1,1,2,1,4,1,0,0,55,45.07581389,-109.03558889,24,0,0,1,1,4,0,1,10,0,16,58,0,,,
300087,30,2020,7,20,2,20,45,111,0,1,2,2,2,1,2,1,1,1,0,9,45.83391667,-108.38693056,12,7,0,1,1,1,0,5,1,0,20,50,20,55,,
300088,30,2020,7,20,2,21,35,111,0,1,2,2,3,6,2,5,2,0,0,0,45.69713611,-108.69931389,12,1,0,2,2,1,0,2,1,0,21,40,21,48,22,14
300089,30,2020,7,22,4,2,0,5,0,1,1,1,1,2,1,3,1,1,0,3969,48.59170556,-109.39161389,1,0,0,1,1,5,4,2,1,0,2,18,2,35,3,9
300090,30,2020,7,24,6,7,5,3,0,1,1,1,1,3,1,5,1,0,3,386,45.33298056,-107.86587778,1,0,0,1,1,1,0,1,1,0,7,4,7,40,,
300091,30,2020,7,25,7,0,45,85,0,1,1,1,1,2,1,3,1,1,0,6472,48.151325,-104.47106667,1,0,0,1,1,5,0,2,1,0,0,55,1,4,,
300092,30,2020,7,25,7,16,30,47,0,1,1,1,1,8,1,7,11,0,0,0,47.97916667,-113.97773333,42,0,0,1,1,4,0,1,1,0,16,40,17,6,,
300093,30,2020,7,31,6,3,0,29,0,1,1,1,1,2,1,3,1,1,0,1529,48.62736667,-114.67996944,1,0,0,1,1,4,0,2,1,0,3,31,3,52,,
300094,30,2020,8,1,7,2,44,13,0,2,2,2,2,3,1,3,1,1,0,1232,47.44247778,-111.98884444,12,2,0,1,1,1,0,2,1,0,2,51,3,18,,
300095,30,2020,8,5,4,11,30,97,0,1,1,1,4,1,1,1,1,1,0,3731,45.81625833,-109.86925833,31,0,0,1,1,3,0,1,1,0,11,38,11,46,12,33
300096,30,2020,8,5,4,21,40,111,0,1,1,1,2,1,1,1,1,1,0,101,45.91190833,-108.24124444,11,0,0,1,1,1,0,2,10,0,21,42,22,3,22,30
300097,30,2020,8,6,5,5,18,111,0,1,1,1,1,1,1,1,1,1,0,4600,45.81107222,-108.33185833,11,0,0,1,1,1,0,2,1,0,5,19,5,30,,
300098,30,2020,8,8,7,21,55,63,0,1,2,2,4,4,1,5,1,0,0,0,47.02801944,-114.29360833,12,6,0,2,2,1,0,2,1,0,22,0,22,10,,
300099,30,2020,8,10,2,16,19,63,0,1,2,2,2,4,1,5,2,0,0,0,47.00606944,-114.20765833,12,6,0,4,1,1,0,1,1,0,16,19,16,25,16,49
300100,30,2020,8,10,2,15,20,105,0,1,2,2,3,3,1,4,1,0,0,661,48.06798056,-106.59001111,12,11,0,1,1,1,0,1,1,0,,,,,,
300101,30,2020,8,11,3,10,35,49,0,1,2,2,2,3,1,3,1,1,0,1043,47.24009167,-112.22556667,54,11,0,1,1,1,0,1,10,0,10,44,11,21,,
300102,30,2020,8,10,2,20,18,13,530,1,2,2,4,2,2,3,1,1,0,,47.51785556,-111.26266944,12,2,0,1,1,1,0,1,1,0,20,20,20,28,20,48
300103,30,2020,8,9,1,20,48,29,0,1,1,1,1,4,2,4,2,0,0,0,48.20371667,-114.28550833,34,0,0,1,1,4,0,1,1,0,20,50,20,56,21,13
300104,30,2020,8,15,7,23,0,29,0,1,1,1,2,8,1,7,64,0,0,444,48.03583333,-113.59557778,1,0,0,1,1,5,0,2,1,0,1,42,2,40,5,59
300105,30,2020,7,9,5,15,45,27,0,1,2,2,2,2,1,3,1,1,0,,46.99027222,-109.67107222,12,1,0,3,2,1,0,1,1,0,15,59,16,6,16,57
300106,30,2020,8,16,1,11,20,9,0,1,2,2,2,2,1,4,1,0,0,929,45.47077778,-109.01640278,12,6,0,4,1,1,0,1,1,0,11,35,11,55,12,43
300107,30,2020,8,17,2,3,52,111,100,1,1,1,2,6,2,7,2,0,0,0,45.75532778,-108.55634722,38,0,0,1,1,5,0,3,1,0,3,52,5,2,,
300108,30,2020,8,21,6,11,54,77,0,1,1,1,1,1,1,1,1,1,0,1880,46.37318056,-112.73908056,24,0,0,1,1,3,0,1,5,0,11,55,12,16,,
300109,30,2020,8,21,6,,,77,0,1,1,1,1,4,1,7,2,0,0,0,47.16906667,-113.196025,1,0,0,1,1,5,0,9,99,0,,,,,,
300110,30,2020,8,21,6,15,0,37,0,1,1,1,1,3,1,5,1,0,0,371,46.68783333,-109.16290556,1,0,0,1,1,4,0,1,1,0,16,23,17,14,,
300111,30,2020,8,23,1,15,25,77,0,1,1,1,1,2,1,3,1,1,0,72,46.56141944,-112.679425,24,0,0,1,1,4,0,1,1,0,15,36,15,47,16,16
300112,30,2020,8,26,4,1,0,87,0,2,1,1,4,4,1,5,2,0,0,0,45.59516944,-106.64931944,11,0,0,1,1,1,0,2,1,0,1,10,,,,
300113,30,2020,8,28,6,21,27,23,0,1,1,1,1,4,1,5,2,0,0,0,45.95748889,-113.03336944,1,0,0,1,1,1,0,2,1,0,21,49,22,9,,
300114,30,2020,8,29,7,13,28,31,0,2,2,2,6,1,1,1,1,1,0,2838,45.88125556,-111.42564722,1,0,0,1,1,3,0,1,1,0,13,30,13,41,14,22
300115,30,2020,8,30,1,2,0,105,0,1,1,1,1,3,1,4,1,0,0,723,48.15656944,-106.592725,1,0,0,1,1,1,0,2,10,0,,,,,,
300116,30,2020,9,2,4,18,25,49,0,1,1,1,1,1,1,1,1,1,0,2040,46.75801944,-112.01901389,24,0,0,1,1,4,0,1,1,0,18,29,18,45,,
300117,30,2020,9,3,5,0,30,85,0,1,1,1,1,4,1,7,50,0,3,,48.10364722,-105.18758333,35,0,0,8,1,5,0,2,10,0,6,53,7,5,,
300118,30,2020,8,28,6,13,35,31,0,1,1,1,2,3,1,4,1,0,0,137,45.78978889,-110.88310556,1,0,0,1,1,5,0,1,1,0,13,51,14,7,14,48
300119,30,2020,9,5,7,20,5,67,0,1,1,1,1,2,1,3,1,1,0,387,45.44633611,-110.63223611,1,0,0,1,1,5,0,5,10,0,20,9,20,15,20,53
300120,30,2020,9,8,3,23,34,63,0,1,1,1,1,3,1,7,1,0,0,49,47.02265556,-114.40618611,8,0,0,1,1,1,0,2,1,0,23,36,23,37,0,29
300121,30,2020,9,6,1,19,16,61,0,1,1,1,1,4,1,7,2,0,0,,47.39228889,-115.4131,1,0,0,1,1,1,0,5,5,0,19,16,19,59,21,44
300122,30,2020,9,9,4,0,30,87,0,1,1,1,5,3,1,5,1,0,3,,45.59041667,-106.64180833,11,0,0,1,1,1,0,2,1,0,0,28,0,44,,
300123,30,2020,9,10,5,17,22,67,0,1,1,1,2,1,1,1,1,1,0,3274,45.66222778,-110.67789722,38,0,0,1,1,5,0,1,1,0,17,25,17,35,18,16
300124,30,2020,9,12,7,22,10,5,0,1,1,1,3,4,1,7,2,0,0,,48.61179722,-109.31044167,1,0,0,1,1,5,0,2,1,0,22,16,22,30,,
300125,30,2020,9,15,3,7,0,29,0,1,1,1,1,2,1,3,1,1,0,1013,48.10338056,-114.63363056,1,0,0,1,1,5,0,1,5,0,7,10,7,22,,
300126,30,2020,9,18,6,18,55,29,0,1,3,3,5,2,1,3,1,1,0,1392,48.47400556,-114.50413889,12,6,0,2,3,1,0,1,5,0,18,59,19,13,19,58
300127,30,2020,9,19,7,2,6,9,0,1,1,1,2,2,1,4,1,0,0,971,45.49458611,-108.94943333,31,0,0,1,1,5,0,2,10,0,2,36,2,37,3,47
300128,30,2020,9,22,3,10,14,23,0,1,1,1,3,1,1,1,1,1,0,1980,46.23091667,-112.76791667,1,0,0,1,1,5,0,1,1,0,10,14,10,28,11,2
300129,30,2020,9,23,4,13,0,89,0,1,1,1,1,3,1,4,1,0,3,215,47.6474,-114.62629167,38,0,0,1,1,5,0,1,10,0,13,6,13,12,13,52
300130,30,2020,9,26,7,20,31,29,0,1,1,1,4,2,1,3,1,1,0,1426,48.385725,-114.06845556,8,0,0,3,3,1,0,3,10,0,20,34,20,53,,
300131,30,2020,10,1,5,7,47,29,0,1,2,2,2,2,1,3,1,1,0,1247,48.36685833,-114.33556389,12,1,0,1,1,1,0,1,10,1,7,47,7,53,8,22
300132,30,2020,9,22,3,5,0,13,0,2,1,1,2,3,1,3,1,1,0,1322,47.49520278,-111.84716389,1,0,0,1,1,5,0,2,1,0,5,55,6,6,,
300133,30,2020,9,11,6,19,41,47,0,1,2,2,3,2,1,3,1,1,3,265,47.26675556,-114.17488611,12,2,0,1,1,1,0,1,1,0,17,44,17,54,19,2
300134,30,2020,10,3,7,0,50,43,0,1,1,1,1,1,1,1,1,1,0,2422,45.90098889,-112.21567222,31,0,0,1,1,5,0,2,1,0,0,54,1,11,,
300135,30,2020,9,30,4,9,41,47,0,1,2,2,2,2,1,3,1,1,3,524,47.60222222,-114.11300556,12,6,0,2,2,1,0,1,1,0,9,39,9,40,10,0
300136,30,2020,10,6,3,20,58,31,60,1,1,1,2,3,2,3,1,1,0,66,45.766925,-111.18513056,33,0,1,3,3,3,0,3,1,0,20,58,21,4,21,38
300137,30,2020,10,8,5,,,81,0,1,1,1,1,2,1,3,1,1,0,140,45.84454167,-114.00265833,18,0,0,1,1,5,0,2,1,0,,,,,,
300138,30,2020,10,8,5,16,50,39,0,1,1,1,1,4,1,5,2,0,0,,46.27615278,-113.51558889,1,0,0,1,1,1,0,1,1,0,16,59,,,,
300139,30,2020,10,3,7,0,19,29,0,1,1,1,1,6,1,7,2,0,0,,48.32373056,-114.33301667,11,0,0,1,1,1,0,2,1,0,0,19,0,27,0,48
300140,30,2020,10,5,2,10,16,29,680,1,2,2,2,2,2,3,1,1,0,1102,48.17718889,-114.30023056,12,6,0,2,2,1,0,1,1,0,10,16,,,,
300141,30,2020,10,17,7,16,45,39,0,1,1,1,1,4,1,7,2,0,0,62,46.71101944,-113.25799167,35,0,0,1,1,4,0,1,2,0,16,44,16,55,,
300142,30,2020,10,17,7,15,0,47,0,1,1,1,1,4,1,7,60,0,0,,47.94355,-113.92264444,1,0,0,1,1,4,0,1,10,0,15,24,15,55,,
300143,30,2020,10,9,6,0,15,27,0,1,1,1,1,2,1,3,1,1,0,273,47.32511667,-109.12358889,1,0,0,1,1,1,0,2,1,0,0,33,0,54,,
300144,30,2020,6,29,2,14,57,93,180,1,2,2,4,3,2,3,1,1,0,893,46.005875,-112.53917778,12,11,0,1,1,1,0,1,10,0,14,58,15,7,15,8
300145,30,2020,8,25,3,16,13,93,180,1,1,1,1,6,2,3,1,1,0,3,45.99936389,-112.53178889,8,0,0,2,3,1,0,1,2,0,16,14,16,15,16,35
300146,30,2020,10,16,6,2,31,111,100,1,1,1,1,8,2,3,1,1,0,,45.75323889,-108.57606667,8,0,8,98,98,1,0,3,1,0,2,31,2,37,3,15
300147,30,2020,10,18,1,15,20,67,0,1,3,3,4,2,1,3,1,1,0,475,45.56883889,-110.58997778,12,6,0,1,1,1,0,1,3,0,15,21,15,32,15,51
300148,30,2020,10,18,1,20,0,49,0,1,2,1,1,2,2,3,1,1,0,481,46.591,-111.94797778,24,0,0,1,1,4,0,3,10,0,19,58,20,17,,
300149,30,2020,10,19,2,21,53,111,100,1,2,2,7,2,2,3,1,1,0,9,45.79576111,-108.47583611,33,0,0,1,1,4,1,3,2,0,21,51,21,55,22,15
300150,30,2020,11,2,2,14,22,63,830,1,1,1,1,6,2,7,4,0,0,,46.87156944,-114.00569167,33,0,0,1,1,4,0,1,98,0,14,22,14,28,,
300151,30,2020,11,2,2,17,50,13,0,1,1,1,1,1,2,1,1,1,0,2792,47.4883,-111.34375,31,0,1,5,1,4,0,3,1,0,17,52,17,58,,
300152,30,2020,11,2,2,23,40,29,0,1,1,1,1,3,1,3,1,1,0,32,48.37080833,-114.26886111,8,0,0,1,1,1,0,2,1,0,23,40,23,42,0,42
300153,30,2020,10,21,4,16,0,49,0,1,1,1,1,4,1,7,2,0,0,,47.01975833,-112.76752778,42,0,0,1,1,5,0,1,99,0,10,38,11,5,,
300154,30,2020,10,22,5,6,35,29,0,1,2,2,2,3,1,4,1,0,0,398,48.18011111,-114.10890278,12,2,0,1,1,1,0,2,10,0,6,36,6,42,7,26
300155,30,2020,10,25,1,6,18,95,0,2,3,2,3,1,1,1,1,1,0,4165,45.61065278,-109.17111111,12,7,0,1,1,1,0,2,4,0,6,26,6,39,,
300156,30,2020,11,6,6,15,13,79,0,1,1,1,1,1,1,1,1,1,0,1774,46.79271111,-105.28701667,31,0,0,1,1,4,0,1,10,0,,,,,,
300157,30,2020,11,7,7,13,27,43,0,1,2,2,3,1,1,1,1,1,0,2364,45.91066667,-112.35006944,12,1,0,1,1,1,0,1,10,0,13,23,13,28,14,25
300158,30,2020,11,8,1,13,40,63,0,2,2,2,4,3,1,3,1,1,0,41,46.892525,-113.804325,12,2,0,1,1,1,0,1,4,0,13,45,14,0,14,37
300159,30,2020,11,8,1,18,5,23,0,1,1,1,1,3,1,4,1,0,0,172,46.16302778,-113.12312222,8,0,0,2,2,1,0,2,10,0,18,20,18,39,,
300160,30,2020,11,11,4,15,3,13,530,1,2,2,3,5,2,7,1,0,0,,47.50786111,-111.33596111,12,6,0,2,2,1,0,1,1,0,15,5,15,9,15,36
300161,30,2020,11,14,7,19,53,63,0,2,1,1,3,1,2,1,1,1,0,1093,46.87863333,-113.908775,24,0,0,1,1,4,2,2,10,0,19,56,20,11,22,38
300162,30,2020,11,14,7,21,46,111,100,1,1,1,1,6,2,7,2,0,0,,45.75904167,-108.53570833,1,0,0,1,1,1,0,2,1,0,21,47,21,53,22,11
300163,30,2020,11,23,2,19,37,63,830,1,1,1,1,6,2,7,2,0,0,,46.88484722,-114.03820278,8,0,0,1,1,1,0,3,98,0,19,38,19,43,,
300164,30,2020,11,22,1,21,2,3,0,1,1,1,1,2,1,3,1,1,3,233,45.52906944,-106.99561111,11,0,0,1,1,1,0,2,1,0,21,6,21,30,,
300165,30,2020,11,23,2,0,1,63,0,1,1,1,1,2,1,3,1,1,0,5,47.03099167,-114.09666667,24,0,0,1,1,4,0,2,1,0,0,2,0,12,0,44
300166,30,2020,11,23,2,8,12,29,0,1,2,2,4,3,1,4,1,0,0,49,48.09260556,-114.13621944,12,6,0,1,1,1,0,1,4,0,8,13,8,24,9,5
300167,30,2020,11,23,2,4,28,43,0,1,2,1,1,1,1,1,1,1,0,2534,45.87545,-112.01441389,18,0,0,1,1,1,1,2,1,0,4,28,4,51,,
300168,30,2020,11,24,3,17,41,3,0,1,1,1,1,3,1,5,1,0,3,73,45.42942222,-107.397225,10,0,0,1,1,5,0,2,10,0,17,48,18,17,,
300169,30,2020,11,25,4,3,16,67,0,1,1,1,2,1,1,1,1,1,0,3287,45.65975278,-110.65599722,1,0,0,1,1,4,0,2,6,0,3,6,3,17,4,9
300170,30,2020,11,27,6,16,51,75,0,1,1,1,1,2,1,3,1,1,0,805,45.55195556,-105.91374167,1,0,0,1,1,5,0,5,1,0,16,50,17,13,,
300171,30,2020,11,28,7,17,5,41,0,1,2,2,2,2,1,3,1,1,0,3878,48.5669,-109.99210278,12,2,0,1,1,1,0,5,10,0,17,7,17,24,,
300172,30,2020,11,29,1,22,53,3,0,1,1,1,1,4,1,7,50,0,3,,45.66563056,-107.48466111,8,0,0,1,1,1,0,2,1,0,22,55,23,5,,
300173,30,2020,12,4,6,22,23,95,0,1,1,1,2,3,1,5,1,0,0,24,45.46299444,-109.49265833,1,0,0,1,1,5,0,2,10,0,22,21,22,31,23,16
300174,30,2020,12,4,6,16,10,111,0,1,2,2,3,2,2,3,1,1,0,531,45.65017222,-108.7567,12,6,0,2,3,1,0,5,1,0,16,12,16,16,16,55
300175,30,2020,12,11,6,19,30,3,0,1,1,1,2,1,1,1,1,1,3,5185,45.48419444,-107.37793611,35,0,0,1,1,4,0,2,4,0,19,40,19,50,20,23
300176,30,2020,12,14,2,14,45,3,0,2,2,2,4,2,1,3,1,1,3,327,45.59245833,-106.84200556,12,2,0,1,1,1,0,1,10,0,14,47,14,58,15,43
300177,30,2020,12,15,3,4,10,83,0,1,1,1,1,4,1,6,2,0,0,,47.99032222,-104.12018889,1,0,0,1,1,4,0,2,1,0,5,12,5,33,6,10
300178,30,2020,12,18,6,0,30,87,0,1,1,1,1,2,1,3,1,1,0,2416,46.48873889,-107.17711944,1,0,0,1,1,1,0,2,1,0,0,41,1,15,,
300179,30,2020,12,18,6,20,35,29,0,1,1,1,1,4,1,7,2,0,0,,48.28384167,-114.15396944,42,0,0,3,3,5,0,2,10,0,20,45,21,1,,
300180,30,2020,12,19,7,0,0,33,0,1,1,1,1,3,1,3,1,1,0,2036,47.26818333,-107.07365833,1,0,0,1,1,5,0,2,1,0,,,,,,
300181,30,2020,12,20,1,17,55,111,0,3,1,1,3,4,1,5,2,0,3,32,45.46503056,-108.49413056,24,0,0,1,1,4,0,2,1,0,18,1,18,35,,
300182,30,2020,12,21,2,3,50,63,0,1,1,1,1,4,1,5,2,0,0,18,46.70250556,-113.67209444,31,0,0,1,1,5,0,2,2,0,4,1,4,24,,
300183,30,2020,12,22,3,15,30,31,0,1,2,2,6,2,1,3,1,1,0,646,45.45177222,-111.23897778,12,2,0,1,1,1,0,1,4,0,15,50,16,18,18,40
300184,30,2020,12,26,7,16,12,29,0,1,2,2,3,2,2,3,1,1,0,1334,48.36306389,-114.24092778,12,6,0,1,1,1,0,1,10,0,16,13,16,19,16,55
300185,30,2020,12,28,2,0,5,1,0,1,1,1,1,3,1,5,1,0,0,26,45.18221667,-112.678,23,0,0,1,1,4,0,2,1,0,0,14,0,19,,
300186,30,2020,3,1,1,16,45,29,680,1,1,1,1,8,6,96,96,0,0,,48.23239722,-114.32708333,8,0,0,3,3,1,0,1,1,0,16,45,16,47,17,9
300187,30,2020,12,30,4,18,15,13,0,1,1,1,1,4,1,6,2,0,0,,47.43651944,-111.35555833,58,0,0,1,1,5,0,2,10,0,18,18,18,28,18,59
300188,30,2020,10,16,6,22,0,29,0,1,1,1,1,4,1,5,2,0,0,,48.29637778,-114.41741111,31,0,0,1,1,4,0,2,10,0,8,48,8,54,9,41
300189,30,2020,8,27,5,14,15,3,0,1,1,1,2,3,1,5,2,0,3,54,45.66896111,-107.62191944,31,0,0,1,1,5,0,1,1,0,14,49,14,57,15,23
300190,30,2020,12,31,5,22,30,55,0,1,1,1,1,3,1,4,1,0,0,51,47.48549722,-105.53572222,34,0,0,1,1,5,0,2,1,0,22,45,22,59,,
310001,31,2020,1,2,5,,,179,0,1,1,1,1,3,1,4,1,1,0,330,42.23538333,-96.93994444,1,0,0,1,1,4,0,2,1,0,,,,,,
310002,31,2020,1,12,1,13,15,1,0,1,1,1,1,2,1,3,1,1,0,1995,40.56777222,-98.61036389,1,0,0,1,1,4,0,1,3,0,,,,,,
310003,31,2020,1,12,1,2,0,67,390,1,2,1,2,2,2,3,1,1,0,1769,40.26586944,-96.7534,45,0,0,1,1,1,2,3,1,0,2,6,2,8,2,43
310004,31,2020,1,17,6,,,151,0,1,1,1,1,3,1,4,1,0,0,90,40.62171944,-96.99984444,34,0,0,1,1,4,0,2,12,0,22,25,22,34,23,27
310005,31,2020,1,23,5,22,40,109,0,1,1,1,1,1,1,1,1,1,0,3950,40.81968056,-96.80547222,8,0,0,1,1,2,0,2,12,0,,,,,,
310006,31,2020,1,24,6,,,49,0,1,1,1,1,4,1,5,2,0,0,0,41.20449167,-102.47623611,1,0,0,1,1,4,0,2,1,0,,,,,,
310007,31,2020,1,17,6,11,30,111,0,1,2,2,2,1,1,1,1,1,0,1640,41.13772778,-101.01196111,12,6,0,1,1,1,0,1,3,0,,,,,,
310008,31,2020,1,2,5,16,10,69,0,1,2,2,2,2,1,3,1,1,0,1050,41.40579722,-102.35825833,12,2,0,1,1,1,0,1,1,0,,,,,,
310009,31,2020,1,9,5,20,13,55,3620,1,1,1,1,6,2,4,4,0,0,0,41.30658889,-96.13893611,42,0,0,1,1,4,0,3,1,0,20,15,20,17,20,38
310010,31,2020,1,5,1,19,32,79,0,1,2,2,3,1,1,1,1,1,0,3080,40.8087,-98.455025,12,6,0,1,1,1,0,1,1,0,19,50,20,2,20,40
310011,31,2020,1,21,3,21,9,109,0,1,3,3,3,3,1,5,1,0,0,10,40.89618611,-96.795736110000007,12,2,0,1,1,1,0,2,12,0,,,,,,
310012,31,2020,1,27,2,18,0,13,0,1,2,2,2,2,1,3,1,1,0,1115,42.13723889,-102.91580833,12,2,0,1,1,1,0,2,1,0,18,2,18,9,18,47
310013,31,2020,2,11,3,11,17,55,3620,1,1,1,1,1,2,1,1,1,0,29,41.264875,-96.078375,24,0,0,1,1,4,0,1,1,0,11,18,11,12,,
310014,31,2020,2,13,5,1,48,37,0,1,1,1,1,2,1,2,1,1,0,3886,41.44988056,-97.2116,1,0,0,1,1,4,0,2,1,0,,,,,,
310015,31,2020,2,18,3,1,25,55,3620,1,1,1,2,6,2,7,4,0,0,0,41.29764167,-95.93733333,1,0,0,1,1,4,0,3,1,0,1,30,1,34,1,56
310016,31,2020,2,20,5,6,37,21,0,1,2,2,2,2,1,3,1,1,0,1402,41.79227222,-96.48505833,12,6,0,1,1,1,0,2,1,0,,,,,,
310017,31,2020,2,23,1,13,52,55,0,1,1,1,1,4,1,5,2,0,0,0,41.22129167,-96.33025833,11,0,0,1,1,1,0,1,1,0,14,1,14,26,15,4
310018,31,2020,2,19,4,6,33,147,0,1,2,2,2,2,1,3,1,1,0,180,40.25447778,-95.84136667,12,2,0,1,1,1,0,4,1,0,,,,,,
310019,31,2020,2,18,3,2,11,55,3620,2,2,2,2,2,2,2,1,1,0,868,41.21675833,-95.95334444,12,2,0,1,1,1,0,3,1,0,,,,,,
310020,31,2020,2,1,7,17,44,55,3620,1,2,2,4,6,2,5,4,0,0,0,41.31035556,-95.99983056,12,6,0,2,2,1,0,3,1,0,17,48,17,52,18,20
310021,31,2020,2,13,5,15,42,159,0,1,1,1,2,1,1,1,1,1,0,3860,40.82247222,-97.17099444,8,0,0,1,1,1,0,1,1,0,,,,,,
310022,31,2020,2,15,7,23,34,109,0,1,2,2,2,3,1,4,1,0,0,60,40.552375,-96.50154444,12,2,0,1,1,1,0,2,1,0,23,25,23,50,0,47
310023,31,2020,2,3,2,9,25,155,0,1,2,2,4,4,1,7,2,0,0,0,41.32156667,-96.77544167,12,6,0,2,2,1,0,1,10,0,,,,,,
310024,31,2020,2,5,4,7,47,109,0,1,2,2,2,2,1,2,1,1,0,507,40.66093611,-96.70525833,12,2,0,1,1,1,0,1,4,0,7,48,8,2,9,13
310025,31,2020,2,13,5,10,47,169,0,1,2,2,2,2,1,3,1,1,0,10,40.01678056,-97.61238333,12,6,0,2,2,1,0,1,1,0,10,52,10,58,11,16
310026,31,2020,2,9,1,20,14,153,0,1,2,2,6,1,2,1,1,1,0,4390,41.14175556,-96.16348611,12,1,0,1,1,1,0,3,1,0,20,14,20,21,21,0
310027,31,2020,2,28,6,11,55,21,0,1,1,1,4,2,1,4,1,0,0,1500,42.02266667,-96.26036667,42,0,0,1,1,4,0,1,10,0,12,4,12,16,,
310028,31,2020,2,16,1,15,53,1,0,1,2,2,4,2,1,3,1,1,0,2025,40.56792778,-98.55419722,12,6,0,2,3,1,0,1,1,0,,,,,,
310029,31,2020,2,29,7,20,14,55,3620,1,3,3,7,6,2,4,4,0,0,0,41.20531111,-96.15816944,12,6,0,2,2,1,0,3,10,0,20,15,20,19,20,41
310030,31,2020,3,3,3,5,50,53,0,1,2,2,3,3,1,4,1,0,0,1921,41.70636944,-96.73616944,12,6,0,1,1,2,0,4,1,0,,,,,,
310031,31,2020,3,4,4,19,9,109,2830,1,2,2,2,3,2,3,1,1,0,4541,40.781025,-96.70629444,12,6,0,2,2,1,0,1,1,0,19,9,19,13,19,29
310032,31,2020,3,12,5,10,44,33,0,1,1,1,1,1,1,1,1,1,0,741,41.113175,-102.67964444,1,0,0,1,1,1,0,1,1,0,,,,,,
310033,31,2020,3,13,6,23,23,95,0,1,2,2,6,3,1,4,1,0,0,1381,40.30619722,-97.09583056,12,2,0,1,1,1,0,2,4,0,23,44,0,5,0,42
310034,31,2020,3,14,7,,,109,2830,1,1,1,1,6,2,4,4,0,0,0,40.69738056,-96.69019722,34,0,0,1,1,4,0,2,1,0,,,,,,
310035,31,2020,3,23,2,10,13,117,0,1,2,2,2,3,1,5,1,0,0,0,41.42634722,-100.86161111,12,6,0,1,1,1,0,1,5,0,,,,,,
310036,31,2020,3,23,2,7,7,49,0,2,2,2,5,1,1,1,1,1,0,1030,41.02785278,-102.16201667,12,6,0,1,1,1,4,1,5,0,,,,,,
310037,31,2020,3,24,3,0,12,23,0,1,1,1,1,3,1,5,1,0,0,490,41.07544722,-97.06305278,32,0,0,1,1,4,0,2,1,0,0,14,0,28,0,57
310038,31,2020,3,28,7,,,109,2830,1,1,1,2,6,2,4,4,0,0,0,40.82802778,-96.66630556,8,0,0,1,1,1,0,3,10,0,,,,,,
310039,31,2020,4,5,1,16,20,153,0,1,1,1,1,3,1,4,1,0,0,26,41.01162778,-96.20506667,1,0,0,1,1,4,0,1,1,0,,,,,,
310040,31,2020,4,7,3,7,59,79,0,1,1,1,2,1,1,1,1,1,0,2980,40.72154167,-98.71088611,1,0,0,1,1,4,0,1,1,0,8,1,8,15,8,38
310041,31,2020,4,10,6,,,109,2830,1,1,1,1,6,2,7,4,0,0,0,40.82074444,-96.68231667,26,0,0,3,2,4,0,3,10,0,3,10,3,14,,
310042,31,2020,4,19,1,,,159,0,1,1,1,1,2,1,4,1,0,0,2889,40.77076944,-97.1143,31,0,0,3,4,4,0,2,1,0,0,27,0,41,0,58
310043,31,2020,4,19,1,19,27,141,1100,1,1,1,1,6,2,7,4,0,0,0,41.41691111,-97.38397222,1,0,0,1,1,4,0,1,1,0,19,27,19,33,19,49
310045,31,2020,4,10,6,11,50,67,0,1,2,2,4,2,1,3,1,1,0,308,40.38917222,-96.74269167,12,1,0,1,1,1,0,1,1,0,11,53,11,58,12,45