st_case,state,year,month,day,day_week,hour,minute,county,city,fatals_crash,vehicles_total,vehicles_in_transport,persons_total,route,rural_urban,functional_system,road_owner,nhs,special_jurisdiction,milepoint,latitude,longitude,first_harmful_event,manner_collision,rel_jct_interchange,rel_jct_location,intersection_type,relation_to_road,work_zone,light_condition,weather,school_bus_related,ems_notified_hour,ems_notified_min,ems_arrival_hour,ems_arrival_min,hospital_hour,hospital_min
340043,34,2020,1,19,1,22,40,7,598,1,1,1,2,3,2,3,1,1,0,31,39.93897778,-75.023325,8,0,0,3,2,1,0,3,1,0,,,,,,
340044,34,2020,1,25,7,7,25,39,860,1,2,2,2,2,2,2,1,1,0,462,40.67985278,-74.19403889,12,2,0,1,1,1,0,1,98,0,,,,,,
340045,34,2020,1,13,2,7,26,15,3569,1,1,1,1,8,2,2,31,1,0,203,39.81607222,-75.1633,42,0,0,1,1,5,0,2,1,0,,,,,,
340046,34,2020,3,24,3,13,2,35,425,1,2,2,2,3,2,3,1,1,0,55,40.56945,-74.575875,8,0,0,3,2,1,0,1,1,0,13,3,13,8,,
340048,34,2020,3,6,6,1,30,7,2545,1,1,1,1,2,2,3,1,1,0,320,39.94550556,-75.06901389,8,0,0,3,2,1,0,2,1,0,1,32,1,37,,
340049,34,2020,2,12,4,18,9,7,0,1,1,1,2,8,2,2,31,1,0,428,39.74425,-75.01969167,8,0,0,1,1,1,0,2,2,0,18,14,18,21,,
340050,34,2020,2,4,3,5,0,31,3610,1,1,1,1,6,2,5,4,0,0,1,40.88878889,-74.20346667,42,0,0,3,3,5,0,3,2,0,5,50,6,0,6,17
340051,34,2020,1,27,2,23,6,13,2130,1,1,1,1,1,2,1,1,1,0,574,40.70905278,-74.15937778,33,0,1,5,1,3,0,2,1,0,22,53,23,1,,
340052,34,2020,1,13,2,20,36,15,0,1,2,2,2,3,2,4,1,0,0,675,39.77347778,-75.10484444,12,2,0,1,1,1,0,2,1,0,20,39,20,43,21,18
340053,34,2020,1,22,4,13,55,31,2510,1,1,1,1,6,2,3,2,1,0,64,40.90326111,-74.16752222,8,0,0,3,2,1,0,1,1,0,13,59,14,4,14,10
340054,34,2020,1,28,3,16,34,29,1801,1,2,2,4,6,2,5,2,0,0,7,40.00109167,-74.26824722,12,6,0,2,2,1,0,1,1,0,16,36,16,43,17,24
340055,34,2020,3,11,4,22,19,17,1520,1,2,2,2,2,2,3,1,1,0,553,40.75556389,-74.05528889,12,1,0,8,1,1,0,3,1,0,22,18,22,28,,
340056,34,2020,3,16,2,16,28,1,2640,1,1,1,1,8,2,2,31,1,0,59,39.40573611,-74.53219444,25,0,0,1,1,3,0,1,1,0,16,29,16,33,17,0
340057,34,2020,2,7,6,19,7,31,660,1,1,1,1,4,2,4,2,0,0,9,40.83786111,-74.16262778,8,0,0,2,3,1,0,1,1,0,19,10,19,17,19,57
340058,34,2020,1,26,1,17,52,29,0,1,2,2,5,3,2,2,31,1,0,645,39.71478333,-74.27790278,12,7,0,1,1,1,0,5,1,0,17,53,18,8,18,31
340059,34,2020,2,4,3,18,40,31,3522,1,1,1,3,4,2,3,2,1,0,1,40.96225556,-74.25001389,8,0,0,1,1,1,0,1,1,0,18,42,18,48,19,17
340060,34,2020,2,1,7,23,51,17,3040,1,1,1,1,1,2,1,31,1,0,649,40.758175,-74.08489444,8,0,0,1,1,2,0,3,2,0,,,,,,
340061,34,2020,3,28,7,19,9,3,3470,1,1,1,3,3,2,2,1,1,0,193,41.01563056,-74.10771944,33,0,0,1,1,3,0,3,2,0,19,11,19,20,20,0
340062,34,2020,4,12,1,16,38,15,747,1,1,1,1,3,2,2,1,1,0,589,39.82633611,-75.10404722,1,0,1,18,1,1,0,1,1,0,16,40,16,49,17,12
340063,34,2020,3,5,5,20,48,13,2130,1,1,1,1,1,2,1,1,1,0,570,40.71028056,-74.18271667,8,0,0,1,1,1,0,2,1,0,20,50,21,2,,
340064,34,2020,2,20,5,11,11,1,1105,1,2,2,4,2,2,4,1,0,0,471,39.47117778,-74.46083889,12,2,0,2,3,1,0,1,10,0,11,14,11,18,12,18
340065,34,2020,3,26,5,6,31,3,2740,1,3,2,6,3,2,2,1,1,0,226,41.05665278,-74.12113611,12,1,0,1,1,2,0,4,1,0,,,,,,
340066,34,2020,1,15,4,14,14,25,1798,1,2,2,2,2,2,3,1,1,0,1172,40.29973333,-74.303025,33,0,0,1,1,3,0,1,1,0,14,20,14,27,14,54
340067,34,2020,1,5,1,17,32,15,3620,1,1,1,1,2,2,3,1,1,0,245,39.86688611,-75.13875278,9,0,0,1,1,1,0,2,1,0,17,34,17,40,,
340068,34,2020,2,28,6,14,33,29,3360,1,3,3,4,3,2,5,1,0,0,493,40.042725,-74.23228333,12,6,0,2,2,1,0,1,1,0,14,33,14,40,15,2
340069,34,2020,2,22,7,22,53,25,2110,1,1,1,2,3,2,3,1,1,0,403,40.20660278,-74.04714444,8,0,0,1,1,1,0,3,1,0,22,54,22,57,23,9
340070,34,2020,1,13,2,17,51,29,416,1,1,1,1,4,2,4,2,0,0,28,40.10617222,-74.10699167,8,0,0,1,1,1,0,3,1,0,,,,,,
340071,34,2020,2,1,7,6,43,15,1082,1,1,1,1,6,1,7,4,0,0,,39.58792222,-74.92775,43,0,0,3,3,5,0,4,2,0,6,45,6,56,,
340072,34,2020,2,2,1,18,15,15,0,1,1,1,1,4,2,5,2,0,0,115,39.77773611,-75.21858889,42,0,0,3,3,5,0,3,1,0,18,17,18,27,,
340073,34,2020,2,28,6,19,46,7,598,1,1,1,1,3,2,4,1,0,0,110,39.917125,-75.00686111,8,0,0,1,1,1,0,2,1,0,19,49,19,50,20,8
340074,34,2020,3,11,4,14,54,15,747,1,4,4,4,3,2,4,1,0,0,702,39.80253611,-75.12278611,12,1,0,3,3,1,0,1,10,0,14,9,14,28,14,51
340076,34,2020,3,16,2,15,42,7,1190,1,1,1,1,3,2,3,1,1,0,40,39.82471667,-75.06769167,8,0,0,1,1,2,0,1,1,0,15,45,15,47,16,7
340077,34,2020,4,2,5,17,38,17,2205,1,1,1,1,3,2,2,1,1,0,104,40.77938611,-74.04578611,25,0,0,5,1,8,1,1,1,0,17,12,17,18,17,53
340078,34,2020,4,11,7,1,23,17,1310,1,1,1,1,1,2,1,1,1,0,154,40.74246667,-74.14808056,8,0,0,1,1,1,0,2,1,0,1,49,2,0,,
340079,34,2020,2,1,7,17,4,23,3705,1,2,1,2,8,2,2,31,1,0,1290,40.527075,-74.29935,14,0,1,5,1,2,0,3,2,0,,,,,,
340080,34,2020,2,7,6,13,32,1,1264,1,2,2,2,8,1,2,31,1,0,163,39.50153611,-74.66978889,12,7,0,1,1,1,0,1,10,0,13,35,13,45,,
340081,34,2020,3,9,2,13,33,29,0,1,2,2,4,2,2,3,1,1,0,885,39.92588611,-74.17095278,9,0,0,1,1,2,0,1,1,0,13,31,13,44,,
340082,34,2020,3,2,2,14,29,11,0,1,2,2,4,3,2,6,4,0,0,31,39.46542222,-75.20630556,12,6,0,2,2,1,0,1,10,0,14,28,14,37,15,8
340083,34,2020,3,11,4,5,53,3,3511,1,2,2,2,8,2,2,31,1,0,1659,40.97803611,-74.07086944,12,6,0,1,1,1,0,2,1,0,,,,,,
340084,34,2020,3,28,7,7,10,7,520,1,1,1,1,2,2,3,1,1,0,320,39.94743333,-75.06744167,30,0,0,1,1,4,0,1,2,0,7,10,7,14,,
340085,34,2020,4,11,7,5,4,5,0,1,2,2,5,1,2,1,31,1,0,81,40.12705556,-74.69645833,12,1,0,1,1,4,0,3,1,0,5,8,5,20,5,59
340086,34,2020,1,3,6,8,17,23,1920,2,1,1,2,8,2,5,4,0,0,15,40.56704167,-74.50007778,10,0,0,6,1,1,0,1,1,0,8,16,8,23,,
340087,34,2020,1,14,3,17,29,23,1380,1,1,1,1,4,2,3,2,1,0,261,40.50095833,-74.42106389,8,0,0,3,3,1,0,3,2,0,17,32,17,32,17,48
340088,34,2020,1,14,3,17,31,15,1311,1,1,1,1,2,2,3,1,1,0,157,39.71590833,-75.14230556,8,0,0,1,1,1,0,2,2,0,17,33,17,35,,
340089,34,2020,1,18,7,21,36,23,2582,1,1,1,2,1,2,1,1,1,0,60,40.556325,-74.43822778,8,0,0,1,1,1,0,2,1,0,21,43,21,55,22,21
340090,34,2020,2,22,7,4,18,23,844,1,3,2,2,1,2,1,31,1,0,397,40.49685833,-74.3863,12,1,0,1,1,1,0,2,1,0,4,36,4,58,,
340091,34,2020,3,27,6,18,30,23,2570,3,2,2,6,3,2,3,1,1,0,536,40.53397778,-74.27887778,12,6,0,2,3,1,0,1,1,0,18,32,18,38,18,53
340092,34,2020,2,28,6,20,22,3,2000,1,1,1,1,4,2,4,2,0,0,53,41.07005,-74.06803333,8,0,0,1,1,1,0,2,1,0,20,26,20,44,21,10
340093,34,2020,4,25,7,7,47,27,0,1,1,1,2,4,2,5,2,0,0,33,40.97047778,-74.55573333,42,0,0,1,1,5,0,1,10,0,8,1,,,,
340094,34,2020,5,13,4,22,12,5,2081,1,1,1,1,3,2,3,1,1,0,97,39.96739722,-74.90836389,8,0,0,1,1,1,0,2,1,0,21,33,21,35,,
340095,34,2020,5,21,5,13,28,13,3150,1,1,1,2,4,2,4,2,0,0,245,40.74563889,-74.25809167,8,0,0,3,2,1,0,1,1,0,13,31,13,37,,
340096,34,2020,2,12,4,19,21,25,1798,1,2,2,5,3,2,3,1,1,0,226,40.25380278,-74.36818333,8,0,0,3,2,1,0,3,12,0,,,,,,
340098,34,2020,5,8,6,20,19,3,1210,1,2,2,6,4,2,3,2,1,0,51,40.87919167,-74.04130556,8,0,0,3,2,4,0,3,2,0,20,19,20,20,20,36
340099,34,2020,5,11,2,17,16,31,2510,1,1,1,1,1,2,1,1,1,0,596,40.90077778,-74.14753611,25,0,0,1,1,3,0,1,10,0,17,35,17,50,,
340100,34,2020,5,24,1,21,48,13,800,1,1,1,1,4,2,3,2,1,0,83,40.75799167,-74.21950278,8,0,0,3,3,1,0,3,1,0,,,,,,
340101,34,2020,5,20,4,16,30,1,1270,1,1,1,1,8,2,2,31,1,0,278,39.61759444,-74.83308333,24,0,0,1,1,4,0,1,1,0,,,,,,
340102,34,2020,3,25,4,17,31,29,0,1,1,1,2,5,9,7,12,0,0,22,39.69346944,-74.22193611,42,0,0,1,1,5,0,1,10,0,,,,,,
340103,34,2020,1,10,6,10,48,5,0,1,2,2,3,1,2,1,31,1,0,85,40.12836389,-74.69447222,12,7,0,1,1,1,0,1,1,0,10,48,10,59,11,43
340104,34,2020,2,5,4,19,24,23,2417,1,1,1,1,3,2,3,1,1,0,262,40.43164167,-74.29723889,8,0,0,1,1,1,0,2,1,0,19,26,19,38,19,59
340105,34,2020,1,3,6,10,45,23,844,1,1,1,1,3,2,3,1,1,0,205,40.53080278,-74.38079722,9,0,0,1,1,1,0,1,10,0,10,46,10,48,,
340106,34,2020,2,12,4,9,47,31,3582,1,2,2,2,3,2,3,1,1,0,232,41.05571389,-74.46304167,12,6,0,2,2,1,0,1,1,0,10,1,10,20,10,40
340107,34,2020,2,26,4,19,5,21,3380,1,1,1,1,4,2,4,2,0,0,40,40.23985278,-74.75153333,8,0,0,1,1,1,0,3,2,0,19,7,19,9,,
340108,34,2020,2,13,5,20,8,23,2632,1,1,1,1,3,2,3,1,1,0,478,40.46488611,-74.26563333,8,0,0,1,1,1,0,3,1,0,,,,,,
340109,34,2020,3,2,2,9,0,23,1910,1,1,1,1,3,2,3,1,1,0,226,40.54924444,-74.35474167,8,0,0,3,2,1,0,1,1,0,9,4,9,12,9,38
340110,34,2020,3,13,6,18,32,17,1540,1,3,3,4,4,2,4,2,0,0,149,40.74713056,-74.15224167,12,2,0,1,1,1,0,1,1,0,18,43,18,55,19,18
340111,34,2020,3,20,6,11,42,23,3705,1,3,3,4,6,2,4,4,0,0,0,40.57833056,-74.28030556,12,2,0,2,3,1,0,1,1,0,11,43,11,47,12,24
340112,34,2020,3,7,7,20,18,11,0,1,1,1,1,4,1,5,2,0,0,8,39.47966389,-75.30108889,1,0,0,1,1,1,0,2,1,0,20,16,20,29,21,17
340113,34,2020,3,15,1,6,39,39,705,1,1,1,1,3,2,2,31,1,0,1389,40.66053056,-74.28689444,59,0,0,5,1,8,0,4,1,0,6,44,6,56,,
340114,34,2020,3,27,6,20,17,23,2417,1,1,1,3,2,2,3,1,1,0,1231,40.38331944,-74.30833056,8,0,0,1,1,1,0,2,1,0,20,19,20,25,21,4
340115,34,2020,3,26,5,20,58,5,3537,1,1,1,1,6,9,7,4,0,0,0,40.01384444,-74.85123333,8,0,0,1,1,1,0,2,1,0,21,8,21,16,21,51
340117,34,2020,4,5,1,5,13,15,0,1,1,1,2,4,2,4,2,0,0,85,39.80044167,-75.07603333,8,0,0,1,1,1,0,2,5,0,5,17,5,28,5,59
340118,34,2020,3,8,1,20,12,21,3380,1,2,2,2,4,2,4,2,0,0,29,40.22675556,-74.73971944,8,0,0,3,2,1,0,3,1,0,20,13,20,17,20,26
340119,34,2020,4,19,1,7,59,1,1105,1,1,1,1,4,2,4,2,0,0,32,39.49535833,-74.46947222,59,0,0,1,1,3,0,1,1,0,8,2,8,6,9,3
340120,34,2020,4,20,2,7,58,1,1105,1,3,3,3,6,2,5,4,0,0,6,39.48325833,-74.50913333,12,1,0,1,1,1,0,1,10,0,8,0,8,2,8,40
340121,34,2020,4,21,3,6,58,1,1264,1,3,3,3,2,2,3,1,1,0,475,39.45024167,-74.71738056,12,1,0,2,3,1,0,1,1,0,,,,,,
340122,34,2020,4,27,2,10,52,23,2417,1,1,1,1,2,2,3,1,1,0,1239,40.39614167,-74.30749167,8,0,0,1,1,1,0,1,1,0,,,,,,
340123,34,2020,5,19,3,3,13,3,1860,1,1,1,1,4,2,4,2,0,0,16,40.91076389,-74.05833056,33,0,0,1,1,4,0,3,1,0,3,15,3,21,,
340124,34,2020,5,5,3,4,51,39,2630,1,2,2,3,6,2,5,4,0,0,6,40.59916667,-74.44095,12,6,0,2,2,1,0,3,1,0,4,55,5,0,5,39
340125,34,2020,3,2,2,18,42,27,2745,1,1,1,1,6,2,4,4,0,0,4,40.88020556,-74.53346944,8,0,0,1,1,1,0,2,10,0,18,41,18,49,19,29
340126,34,2020,3,23,2,10,43,3,950,1,2,2,2,4,2,4,2,0,0,7,40.93759167,-74.12666667,12,1,0,3,2,1,0,1,3,0,,,,,,
340127,34,2020,5,5,3,11,8,9,0,1,1,1,3,8,2,2,31,1,0,106,39.09398333,-74.81008056,24,0,0,1,1,3,0,1,1,0,11,7,11,13,12,4
340128,34,2020,5,27,4,17,18,31,3522,1,1,1,3,4,2,4,2,0,0,21,40.94270556,-74.20763056,33,0,0,1,1,4,0,1,1,0,17,21,17,31,18,11
340129,34,2020,3,16,2,19,41,35,398,1,1,1,1,2,2,3,1,1,0,211,40.56507222,-74.69115278,8,0,0,1,1,1,0,2,1,0,19,44,19,45,20,30
340130,34,2020,5,7,5,11,52,7,520,1,2,2,3,1,2,1,1,1,0,22,39.92860278,-75.11534444,12,1,0,1,1,1,1,1,1,0,11,51,11,59,12,17
340131,34,2020,4,19,1,13,22,23,2140,2,3,3,3,1,2,1,31,1,0,388,40.48848056,-74.39649167,12,1,0,1,1,1,0,1,1,0,,,,,,
340132,34,2020,4,14,3,16,38,3,2820,1,1,1,1,4,2,3,2,1,0,54,40.91276667,-74.0344,10,0,0,6,1,1,0,1,1,0,,,,,,
340133,34,2020,5,9,7,2,42,25,830,1,1,1,1,3,2,3,1,1,0,17,40.29107222,-74.04696389,8,0,0,1,1,1,0,2,10,0,2,40,2,50,,
340134,34,2020,5,15,6,14,41,13,2890,1,1,1,1,1,2,1,1,1,0,54,40.81050833,-74.29579444,1,0,0,1,1,1,0,1,1,0,,,,,,
340135,34,2020,5,13,4,18,55,41,0,1,2,2,2,3,2,3,1,1,0,104,40.75708333,-74.98573056,12,11,0,1,1,1,0,1,1,0,18,58,19,7,19,49
340136,34,2020,5,9,7,19,27,39,860,1,1,1,1,6,2,4,4,0,0,5,40.66556667,-74.20534167,8,0,0,1,1,1,0,1,1,0,,,,,,
340137,34,2020,5,22,6,6,10,37,1070,1,2,2,2,3,2,3,1,1,0,343,41.13657778,-74.57224167,12,6,0,4,1,1,0,1,1,0,6,9,6,9,,
340138,34,2020,5,18,2,21,36,35,425,1,1,1,1,6,2,4,4,0,0,,40.59700278,-74.64641667,33,0,0,1,1,4,0,2,1,0,21,40,21,51,,
340139,34,2020,5,22,6,18,2,1,0,1,2,2,2,3,1,4,1,0,0,11,39.52778056,-74.91689444,12,6,0,2,2,1,0,1,1,0,18,5,18,13,,
340140,34,2020,5,17,1,16,52,35,3520,1,1,1,1,4,2,4,2,0,0,10,40.66331111,-74.40211667,33,0,0,1,1,4,0,1,1,0,,,,,,
340141,34,2020,3,30,2,20,48,1,851,1,1,1,1,2,2,3,1,1,0,614,39.37872222,-74.49060833,8,0,0,1,1,1,0,3,1,0,20,50,20,58,21,30
340142,34,2020,4,30,5,16,44,19,1280,1,2,2,2,3,2,3,1,1,0,389,40.70975556,-74.96212778,12,2,0,1,1,1,0,1,2,0,16,43,16,45,17,24
340143,34,2020,2,24,2,6,55,21,935,1,1,1,1,3,2,2,1,1,0,91,40.261275,-74.846,8,0,0,1,1,1,1,1,1,0,6,56,7,5,7,25
340144,34,2020,4,26,1,6,46,29,0,1,4,1,1,4,2,7,2,0,0,21,39.74061667,-74.28281389,14,0,0,1,1,2,0,3,2,0,,,,,,
340145,34,2020,3,27,6,10,18,3,1060,1,1,1,1,3,2,3,4,1,0,14,40.85365278,-73.96846667,8,0,0,3,2,1,0,1,1,0,10,19,10,25,,
340146,34,2020,2,7,6,18,7,19,0,1,1,1,2,3,2,3,1,1,0,224,40.64467778,-74.81906944,8,0,0,1,1,1,0,2,1,0,18,7,18,12,,
340147,34,2020,3,18,4,1,36,17,1520,1,1,1,2,6,2,4,4,0,0,5,40.73660278,-74.049025,8,0,0,3,3,1,0,3,1,0,1,39,1,41,1,51
340148,34,2020,3,12,5,6,21,35,1081,1,1,1,2,3,2,3,1,1,0,82,40.42737222,-74.56269167,8,0,0,1,1,1,0,3,10,0,6,23,6,35,7,2
340149,34,2020,1,25,7,3,34,13,2130,2,1,1,5,6,2,5,4,0,0,12,40.73561667,-74.19348056,31,0,0,3,4,4,0,3,1,0,3,37,3,49,4,6
340150,34,2020,3,28,7,21,54,35,2250,1,1,1,1,2,2,3,1,1,0,438,40.61771944,-74.45200556,8,0,0,2,2,1,0,3,2,0,21,53,21,58,,
340151,34,2020,6,10,4,6,46,3,960,1,1,1,1,4,2,4,2,0,0,0,40.81006944,-74.00071944,8,0,0,2,2,1,0,1,1,0,,,,,,
340152,34,2020,6,19,6,23,7,1,1270,1,2,2,4,2,2,3,1,1,0,323,39.61504722,-74.77169444,12,2,0,3,2,1,0,3,1,0,23,12,23,30,0,10
340153,34,2020,3,27,6,2,7,25,1090,1,1,1,1,4,2,3,4,1,0,522,40.25993056,-74.27441944,8,0,0,3,3,1,0,3,1,0,,,,,,
340154,34,2020,4,22,4,11,10,15,747,1,1,1,1,6,2,4,4,0,0,0,39.82815556,-75.10044167,9,0,0,3,2,1,0,1,1,0,11,12,11,18,,
340155,34,2020,4,20,2,10,39,15,3710,1,1,1,1,3,2,3,1,1,0,253,39.83036944,-75.15828056,15,0,0,3,2,1,0,1,1,0,10,41,10,44,11,24
340156,34,2020,4,21,3,10,12,33,2565,1,2,1,1,6,9,7,4,0,0,0,39.63758333,-75.51385556,14,0,0,1,1,2,0,1,1,0,10,13,10,18,,
340157,34,2020,4,17,6,8,39,11,1970,1,1,1,1,4,2,4,2,0,0,27,39.41016389,-75.07983889,42,0,0,1,1,5,0,1,1,0,8,38,8,53,,
340158,34,2020,4,26,1,2,38,7,520,1,1,1,1,4,2,4,2,0,0,5,39.93843056,-75.09354167,8,0,0,1,1,99,0,2,1,0,2,36,2,40,,
340159,34,2020,4,27,2,16,48,7,0,1,1,1,3,3,2,3,1,1,0,37,39.82111389,-75.067875,8,0,0,8,1,2,0,1,1,0,16,48,16,53,17,24
340160,34,2020,4,6,2,10,24,25,3475,1,2,2,2,8,2,2,31,1,0,999,40.19423056,-74.099125,12,1,0,1,1,1,0,1,1,0,10,25,10,31,10,56
340161,34,2020,4,8,4,20,59,37,3448,1,1,1,1,4,2,5,2,0,0,115,41.19375278,-74.56860833,17,0,0,1,1,5,0,2,1,0,21,9,21,24,21,42
340162,34,2020,4,11,7,7,7,11,0,1,3,3,5,3,1,4,1,0,0,74,39.52229444,-75.23560556,12,1,0,3,4,1,0,1,1,0,7,4,7,15,7,39
340163,34,2020,4,22,4,12,23,31,3582,1,2,2,2,3,2,3,1,1,0,259,41.08083056,-74.49313333,12,6,0,2,2,1,0,1,1,0,12,30,12,47,,
340164,34,2020,3,29,1,17,17,3,1060,1,2,2,3,4,2,3,2,1,0,77,40.85546389,-73.96281667,12,6,0,1,1,1,0,1,2,0,17,22,17,27,17,55
340165,34,2020,5,29,6,13,33,11,0,1,1,1,1,4,1,4,2,0,0,125,39.34126389,-75.20393056,30,0,0,1,1,4,0,1,1,0,13,48,14,1,15,7
340166,34,2020,5,30,7,1,7,7,598,1,2,2,4,8,2,2,31,1,0,314,39.89705278,-74.99,12,7,0,1,1,2,0,2,1,0,1,12,1,28,1,54
340167,34,2020,5,2,7,23,11,23,1986,1,1,1,3,6,2,7,4,0,0,0,40.37415,-74.40513889,5,0,0,1,1,1,0,3,1,0,23,16,23,23,,
340168,34,2020,5,29,6,5,36,27,0,1,1,1,1,2,2,3,1,1,0,314,40.89103611,-74.68050278,8,0,0,3,4,1,0,2,2,0,5,38,5,48,6,24
340169,34,2020,5,26,3,15,54,5,0,1,1,1,2,6,9,7,4,0,0,0,40.11971667,-74.72425278,33,0,0,1,1,4,0,1,1,0,15,58,16,3,16,59
340170,34,2020,5,2,7,21,3,23,2970,1,1,1,1,8,2,2,31,1,0,1230,40.45633611,-74.27568333,8,0,0,1,1,1,0,2,1,0,21,4,21,18,22,9
340171,34,2020,5,11,2,21,21,5,2081,1,2,1,3,8,2,2,31,1,0,407,39.98971944,-74.87495,14,0,0,1,1,2,0,2,1,0,21,24,21,34,,
340172,34,2020,5,16,7,12,12,23,2632,1,1,1,1,6,2,4,4,0,0,0,40.32755833,-74.56891944,8,0,0,3,3,1,0,1,1,0,12,9,12,14,,
340173,34,2020,5,28,5,14,47,7,520,1,1,1,1,2,2,3,1,1,0,13,39.94586389,-75.11308889,33,0,0,1,1,4,0,1,2,0,14,47,14,49,15,4
340174,34,2020,5,17,1,22,43,3,2940,5,2,1,5,3,2,2,1,1,0,63,40.81289167,-74.10551389,45,0,0,1,1,1,1,3,1,0,22,52,23,0,23,30
340175,34,2020,5,30,7,17,26,27,0,1,1,1,1,4,2,4,2,0,0,24,40.81706389,-74.52218889,9,0,0,2,3,1,0,1,1,0,,,,,,
340176,34,2020,5,29,6,12,6,5,1774,1,1,1,1,3,2,3,1,1,0,180,39.97628889,-74.75750556,30,0,0,1,1,4,0,1,1,0,12,10,12,21,,
340177,34,2020,5,2,7,4,11,11,3460,1,1,1,1,3,2,4,1,0,0,80,39.48830556,-75.07115278,8,0,0,1,1,1,0,2,1,0,4,16,4,19,,
340178,34,2020,5,30,7,0,32,5,2015,3,2,2,6,3,2,3,1,1,0,70,39.95104167,-74.95336944,12,6,0,2,2,1,0,3,1,0,0,38,0,42,1,19
340179,34,2020,5,11,2,15,37,29,0,1,1,1,1,8,1,2,31,0,0,589,39.65520833,-74.34357222,31,0,1,5,1,8,0,1,1,0,15,37,15,43,16,33
340180,34,2020,5,14,5,17,42,9,0,1,1,1,2,8,2,2,31,1,0,120,39.11055278,-74.79458611,42,0,0,1,1,5,0,1,1,0,17,45,17,50,18,28
340181,34,2020,5,25,2,7,37,23,3144,2,3,3,3,2,2,3,1,1,0,761,40.37346667,-74.50045278,33,0,0,1,1,3,0,1,2,0,7,43,7,48,,
340182,34,2020,5,26,3,8,25,5,613,1,2,2,2,2,2,3,1,1,0,365,39.99238056,-75.00184167,12,1,0,1,1,1,0,1,1,0,8,29,8,32,,
340183,34,2020,5,11,2,18,47,15,1751,1,1,1,1,1,2,1,1,1,0,143,39.80431944,-75.31025556,35,0,0,1,1,4,0,1,1,0,18,47,18,53,19,19
340184,34,2020,5,31,1,2,10,17,3526,1,1,1,1,3,2,2,1,1,0,,,,25,0,0,1,1,3,0,3,1,0,,,,,,
340185,34,2020,4,12,1,14,20,37,3448,1,2,2,3,6,1,7,4,0,0,0,41.19045278,-74.44619167,12,2,0,1,1,1,0,1,1,0,14,26,14,28,,
340186,34,2020,5,28,5,20,40,3,1210,1,1,1,1,4,2,3,2,1,0,39,40.86298056,-74.03638889,8,0,0,1,1,1,0,3,1,0,20,47,20,52,21,7
340187,34,2020,6,16,3,7,58,9,0,1,1,1,1,3,2,4,1,0,0,4,39.04331389,-74.84596111,50,0,0,1,1,1,0,1,1,0,7,57,8,0,,
340188,34,2020,6,17,4,21,21,7,0,1,1,1,1,8,2,2,31,1,0,426,39.75325833,-75.03071111,42,0,0,1,1,5,0,2,1,0,21,24,21,32,,
340189,34,2020,6,28,1,12,24,5,0,1,3,3,3,2,2,3,1,1,0,354,40.13954167,-74.70325278,1,0,0,1,1,1,0,1,1,0,12,29,12,41,13,3
340190,34,2020,6,4,5,0,48,23,2208,1,1,1,1,2,2,3,1,1,0,803,40.42960278,-74.49214444,8,0,0,1,1,1,0,3,1,0,,,,,,
340191,34,2020,6,28,1,9,35,15,1082,1,1,1,1,3,2,2,1,1,0,406,39.59754722,-75.07431389,59,0,0,1,1,3,0,1,1,0,9,38,9,52,,
340192,34,2020,6,26,6,22,52,23,704,1,2,2,5,1,2,1,31,1,0,236,40.28361667,-74.50318333,12,1,0,1,1,1,0,2,1,0,22,58,23,11,23,53
340193,34,2020,5,21,5,12,56,15,3710,1,2,2,3,3,2,3,1,1,0,250,39.82613056,-75.15988056,12,6,0,8,1,1,0,1,1,0,12,58,13,2,13,25
340194,34,2020,6,5,6,15,24,29,1505,1,1,1,1,1,2,1,1,1,0,218,40.15508611,-74.33160278,31,0,0,1,1,3,0,1,2,0,15,29,15,47,,
340195,34,2020,6,28,1,15,47,31,3522,1,2,2,2,4,2,5,2,0,0,1,40.92913333,-74.20707222,12,6,0,8,1,1,0,1,1,0,15,49,16,0,16,24
340196,34,2020,5,30,7,16,12,33,567,2,3,1,1,1,2,1,1,1,0,24,39.688925,-75.47454722,14,0,0,1,1,2,0,1,1,0,16,12,16,17,,
340197,34,2020,6,20,7,20,49,5,0,1,1,1,1,6,1,7,4,0,0,0,40.11606944,-74.60330556,33,0,0,1,1,4,0,2,5,0,20,51,21,6,21,43
340198,34,2020,6,25,5,14,28,13,230,1,2,2,2,3,2,4,1,0,0,78,40.80396944,-74.14581944,12,6,0,8,1,1,0,1,1,0,14,33,14,38,15,7
340199,34,2020,6,19,6,10,47,23,3144,1,3,3,6,2,2,3,1,1,0,219,40.42336944,-74.52604444,12,6,0,2,2,1,0,1,1,0,10,53,10,58,11,49
340200,34,2020,6,12,6,11,8,23,3705,1,2,2,3,3,2,3,1,1,0,577,40.59021667,-74.29047222,12,6,0,2,3,1,0,1,1,0,11,9,11,10,11,39
340201,34,2020,6,13,7,10,52,41,0,1,3,3,5,6,2,4,4,0,0,0,40.82655833,-74.83698333,12,6,0,8,1,1,0,1,1,0,10,54,11,0,11,55
340202,34,2020,6,27,7,10,44,41,0,1,2,2,2,4,1,6,2,0,0,1,40.69566667,-75.01031667,12,6,0,2,3,1,0,1,1,0,10,44,10,52,11,39