st_case,state,year,month,day,day_week,hour,minute,county,city,fatals_crash,vehicles_total,vehicles_in_transport,persons_total,route,rural_urban,functional_system,road_owner,nhs,special_jurisdiction,milepoint,latitude,longitude,first_harmful_event,manner_collision,rel_jct_interchange,rel_jct_location,intersection_type,relation_to_road,work_zone,light_condition,weather,school_bus_related,ems_notified_hour,ems_notified_min,ems_arrival_hour,ems_arrival_min,hospital_hour,hospital_min
340203,34,2020,6,27,7,3,46,39,1412,1,1,1,1,8,2,2,31,1,0,1428,40.70987778,-74.24520556,24,0,1,5,1,4,0,3,1,0,3,53,4,19,,
340204,34,2020,6,14,1,23,32,29,0,1,1,1,3,4,2,5,2,0,0,24,39.66118889,-74.310225,1,0,0,1,1,1,0,2,1,0,23,34,23,49,0,50
340205,34,2020,6,19,6,10,59,15,620,1,3,3,4,3,2,4,1,0,0,588,39.649275,-75.08939722,12,1,0,8,1,1,0,1,1,0,11,3,11,4,11,49
340206,34,2020,6,19,6,21,4,23,2140,1,1,1,3,3,2,3,1,1,0,145,40.48463333,-74.47554722,8,0,0,3,3,1,0,2,1,0,21,9,21,12,21,27
340207,34,2020,6,11,5,3,35,23,2582,1,1,1,4,1,2,1,1,1,0,69,40.55600278,-74.45584722,42,0,0,1,1,5,0,2,1,0,3,39,3,53,4,34
340208,34,2020,6,4,5,20,13,11,1845,1,1,1,1,3,1,4,1,0,0,281,39.23808889,-74.96688056,24,0,0,1,1,4,0,5,1,0,20,14,20,22,,
340209,34,2020,6,14,1,21,5,39,860,1,1,1,2,2,2,3,1,1,0,443,40.66243056,-74.20683333,8,0,0,3,2,1,0,3,1,0,21,9,21,14,21,32
340210,34,2020,6,5,6,12,50,39,3570,1,1,1,2,3,2,3,1,1,0,189,40.64646944,-74.36398889,8,0,0,3,2,1,0,1,1,0,12,53,13,2,13,42
340211,34,2020,6,13,7,3,23,7,520,2,1,1,3,6,2,5,4,0,0,0,39.95745833,-75.09836111,38,0,0,1,1,4,0,3,1,0,3,22,3,27,3,41
340212,34,2020,6,4,5,18,43,35,1081,1,2,2,2,4,2,3,2,1,0,485,40.5078,-74.47459167,12,6,0,2,3,1,0,1,1,0,18,45,18,56,19,20
340213,34,2020,6,7,1,17,13,29,0,1,1,1,1,8,2,2,31,1,0,700,39.78921667,-74.23897778,1,0,0,1,1,1,0,1,1,0,17,22,17,27,17,46
340214,34,2020,6,7,1,15,27,17,190,1,1,1,1,6,2,4,4,0,0,0,40.67774444,-74.10984167,15,0,0,1,1,1,0,1,1,0,15,29,15,34,15,52
340215,34,2020,6,3,4,22,25,3,1060,1,2,2,1,1,2,1,31,1,0,761,40.86441944,-73.97406944,12,7,0,1,1,1,0,3,10,0,22,41,22,48,,
340216,34,2020,6,30,3,16,20,37,0,1,2,2,3,4,1,4,2,0,0,9,41.09201667,-74.51425833,1,0,0,1,1,1,0,1,1,0,16,30,16,54,,
340217,34,2020,6,2,3,23,3,17,3040,1,1,1,1,3,2,2,1,1,0,85,40.79999722,-74.06603889,25,0,0,1,1,4,0,3,1,0,23,7,23,22,,
340218,34,2020,7,19,1,12,10,7,2930,1,2,1,1,6,2,7,4,0,0,0,39.84948889,-75.08739167,14,0,0,1,1,4,0,1,1,0,12,12,12,19,13,7
340219,34,2020,7,26,1,23,29,7,450,1,1,1,1,2,2,3,1,1,0,254,39.874575,-75.12646667,33,0,0,1,1,4,1,2,1,0,23,31,23,39,23,59
340220,34,2020,7,6,2,8,12,7,3521,1,1,1,1,2,2,3,1,1,0,210,39.74841944,-74.87993056,24,0,0,1,1,4,0,1,1,0,8,13,8,16,,
340221,34,2020,7,2,5,1,12,7,520,1,2,1,1,6,2,7,4,0,0,0,39.93398333,-75.1064,8,0,0,1,1,1,0,3,1,0,1,12,1,15,1,21
340222,34,2020,7,22,4,6,45,25,0,1,2,2,2,1,1,1,1,1,0,134,40.17363333,-74.48211944,12,6,0,1,1,1,0,1,1,0,6,46,6,52,7,20
340223,34,2020,7,28,3,2,26,5,0,1,1,1,1,3,2,3,1,1,0,226,39.87333333,-74.92185278,8,0,0,1,1,1,0,2,1,0,2,28,2,34,2,53
340224,34,2020,7,28,3,11,50,13,2130,1,3,2,3,6,2,4,4,0,0,0,40.72328611,-74.19944167,12,1,0,2,2,1,0,1,1,0,,,,,,
340225,34,2020,6,25,5,8,40,25,1832,1,3,3,3,2,2,3,1,1,0,1210,40.35324167,-74.30710833,12,6,0,2,2,1,0,1,1,0,8,45,8,58,9,19
340226,34,2020,7,24,6,19,23,3,960,1,1,1,1,3,2,3,1,1,0,1,40.81825278,-74.00138611,8,0,0,3,3,1,0,1,1,0,,,,,,
340227,34,2020,6,9,3,23,11,13,2130,3,1,1,5,2,2,3,1,1,0,585,40.70157778,-74.207925,24,0,0,1,1,4,0,3,1,0,22,58,23,11,23,37
340228,34,2020,7,5,1,0,23,33,2617,2,2,2,3,3,2,4,1,0,0,67,39.48909167,-75.08933056,12,6,0,2,2,1,0,3,1,0,0,32,0,41,,
340229,34,2020,5,24,1,4,12,23,2208,1,3,3,3,2,2,3,1,1,0,241,40.46011111,-74.46509167,12,6,0,2,2,1,0,3,1,0,4,16,4,22,5,0
340230,34,2020,7,25,7,19,5,39,860,1,2,2,3,1,2,1,31,1,0,545,40.64125556,-74.21037778,25,0,1,5,1,4,0,1,1,0,,,,,,
340231,34,2020,6,7,1,16,5,25,1832,1,2,2,2,4,2,4,2,0,0,85,40.37752778,-74.25295833,12,6,0,8,1,1,0,1,1,0,16,8,16,22,17,14
340232,34,2020,7,14,3,11,38,21,1265,1,1,1,2,8,6,96,96,0,0,0,40.20715556,-74.69606667,8,0,0,1,1,1,0,1,1,0,11,39,11,44,12,16
340233,34,2020,7,19,1,2,15,1,1270,1,2,2,4,8,2,2,31,1,0,277,39.61263333,-74.82595833,12,1,1,18,1,1,0,3,1,0,2,19,2,29,3,26
340234,34,2020,7,12,1,1,13,5,0,1,2,2,2,4,2,3,2,1,0,58,39.96651944,-74.63543056,12,2,0,1,1,1,0,3,1,0,1,16,1,36,2,45
340235,34,2020,7,8,4,17,15,15,1751,2,2,2,2,6,1,7,4,0,0,0,39.75800833,-75.38201111,12,2,0,1,1,1,0,1,1,0,17,18,17,24,,
340236,34,2020,7,30,5,11,18,5,2470,1,1,1,2,4,2,3,2,1,0,63,40.00417778,-75.02185,8,0,0,3,2,1,0,1,1,0,11,21,11,30,11,48
340237,34,2020,7,10,6,23,42,1,1720,1,1,1,2,2,2,3,1,1,0,366,39.35649444,-74.57168056,33,0,0,1,1,4,0,3,1,0,23,41,23,47,0,44
340238,34,2020,7,2,5,22,18,3,60,1,1,1,1,8,2,2,21,1,0,103,41.00314722,-73.91810278,8,0,0,1,1,1,0,2,1,0,,,,,,
340239,34,2020,7,12,1,5,12,3,3335,1,2,2,3,3,2,2,1,1,0,65,40.89824722,-74.02420278,12,6,0,3,3,1,0,6,1,0,5,20,5,31,,
340240,34,2020,7,29,4,9,44,3,950,1,2,2,2,4,2,4,2,0,0,4,40.93621944,-74.13156944,8,0,0,3,3,1,0,1,1,0,9,44,9,53,10,18
340241,34,2020,7,30,5,20,50,3,820,1,1,1,1,4,2,4,2,0,0,8,40.846175,-74.11038333,8,0,0,1,1,1,0,3,1,0,20,52,21,6,21,37
340242,34,2020,7,25,7,22,1,25,2760,1,1,1,1,4,2,4,2,0,0,4,40.34775278,-74.05800556,31,0,0,1,1,4,0,2,1,0,,,,,,
340243,34,2020,7,13,2,21,6,9,0,1,1,1,1,3,2,4,1,0,0,32,39.01046111,-74.86921944,8,0,0,1,1,1,0,2,1,0,21,5,21,6,21,41
340244,34,2020,7,26,1,16,31,1,0,1,1,1,1,4,1,6,2,0,0,20,39.61861111,-74.62995556,31,0,0,1,1,4,0,1,1,0,16,35,16,55,,
340245,34,2020,7,26,1,7,11,17,1520,1,1,1,1,6,2,4,4,0,0,0,40.69564167,-74.08615,8,0,0,1,1,1,0,1,1,0,,,,,,
340246,34,2020,7,4,7,3,56,17,1520,1,3,1,1,6,2,7,4,0,0,0,40.73829167,-74.05851389,14,0,0,3,2,2,0,6,1,0,3,56,3,58,4,16
340247,34,2020,7,6,2,19,38,17,3040,1,1,1,1,3,2,2,1,1,0,100,40.78188056,-74.04718889,33,0,0,1,1,3,0,1,1,0,19,38,19,40,19,56
340248,34,2020,7,5,1,2,2,1,90,1,2,2,2,2,1,3,1,1,0,552,39.38863611,-74.47859167,12,6,0,1,1,1,0,3,1,0,2,4,2,12,,
340249,34,2020,7,4,7,20,56,1,3090,1,1,1,1,2,2,3,1,1,0,340,39.32618333,-74.59910556,8,0,0,1,1,1,0,3,1,0,21,0,21,4,21,50
340250,34,2020,7,26,1,2,10,27,750,1,1,1,1,3,2,99,1,9,0,,40.89578889,-74.56633889,31,0,0,3,2,4,0,3,1,0,2,12,2,16,,
340251,34,2020,7,11,7,22,18,27,0,1,1,1,3,1,2,1,1,1,0,344,40.91036944,-74.56482778,30,0,0,1,1,4,0,3,1,0,21,21,21,28,23,4
340252,34,2020,6,19,6,17,14,1,851,1,2,2,2,2,2,3,1,1,0,534,39.43723889,-74.614725,12,6,0,2,3,1,0,1,1,0,17,20,17,28,,
340253,34,2020,7,2,5,16,57,9,0,1,2,2,5,3,2,4,1,0,0,15,39.23123611,-74.707175,9,0,0,1,1,1,0,1,1,0,,,,,,
340254,34,2020,7,30,5,20,1,5,3149,1,2,2,3,4,2,7,2,0,0,27,39.92224722,-74.75465833,12,6,0,2,2,1,0,5,1,0,20,2,20,12,20,22
340255,34,2020,7,12,1,15,11,1,1264,3,1,1,4,8,1,2,31,1,0,232,39.56944444,-74.76211111,42,0,0,1,1,5,0,1,1,0,15,18,15,28,16,8
340256,34,2020,7,12,1,23,16,19,0,1,2,2,3,1,1,1,1,1,0,96,40.65258333,-75.03656944,12,6,0,1,1,1,0,2,2,0,23,15,23,21,0,22
340257,34,2020,7,21,3,10,12,1,1105,1,1,1,1,8,2,2,31,1,0,397,39.44710278,-74.538675,2,0,0,1,1,1,0,1,1,0,,,,,,
340258,34,2020,7,6,2,2,24,17,1540,1,2,2,3,1,2,1,31,1,0,640,40.76448889,-74.11141111,12,1,0,1,1,1,0,2,1,0,,,,,,
340259,34,2020,7,13,2,22,4,27,1295,1,1,1,3,1,2,1,1,1,0,403,40.84183333,-74.43201389,42,0,0,1,1,5,0,2,1,0,22,11,22,19,22,42
340260,34,2020,7,29,4,14,3,13,800,1,2,2,2,6,2,4,4,0,0,0,40.76492222,-74.21985833,9,0,0,2,2,1,0,1,1,0,14,10,14,24,,
340261,34,2020,7,16,5,23,54,23,2417,1,1,1,2,3,2,3,1,1,0,460,40.45123333,-74.23984722,1,0,0,1,1,1,0,3,1,0,,,,,,
340262,34,2020,7,15,4,22,58,23,2417,1,2,2,2,3,2,3,1,1,0,317,40.38151389,-74.32579444,12,6,0,2,3,1,0,3,1,0,23,1,23,7,23,20
340263,34,2020,7,26,1,4,38,1,2640,1,1,1,1,2,2,3,1,1,0,588,39.39303056,-74.53660556,8,0,0,1,1,1,0,2,1,0,4,42,4,44,,
340264,34,2020,7,15,4,1,3,1,2640,1,2,2,2,2,2,3,1,1,0,594,39.39078333,-74.5259,8,0,0,3,2,1,0,3,1,0,,,,,,
340265,34,2020,6,2,3,3,53,11,3460,1,1,1,1,6,2,5,4,0,0,0,39.49394722,-75.01587222,8,0,0,3,3,1,0,3,1,0,3,53,3,57,,
340266,34,2020,7,20,2,12,56,25,830,1,1,1,1,3,2,2,1,1,0,138,40.29083333,-74.07125,24,0,1,5,1,4,0,1,1,0,,,,,,
340267,34,2020,7,21,3,22,7,25,3475,1,1,1,1,3,2,2,1,1,0,32,40.17356667,-74.04640278,24,0,0,1,1,3,0,3,1,0,22,9,22,15,,
340268,34,2020,6,19,6,23,30,17,1520,1,1,1,1,4,2,4,2,0,0,12,40.746625,-74.04074722,39,0,0,1,1,5,0,3,1,0,23,12,23,21,,
340269,34,2020,7,13,2,18,40,35,3504,1,3,3,6,1,2,1,1,1,0,364,40.64640556,-74.543925,12,1,0,1,1,1,0,1,1,0,,,,,,
340270,34,2020,6,24,4,19,35,3,2480,1,1,1,1,3,2,2,1,1,0,162,40.97431389,-74.08121111,33,0,0,1,1,4,0,1,1,0,,,,,,
340271,34,2020,6,17,4,19,0,23,3705,1,2,2,2,3,2,3,1,1,0,572,40.58159167,-74.29355556,12,1,0,3,3,1,0,1,1,0,19,0,19,9,19,27
340272,34,2020,7,11,7,8,40,1,851,1,2,2,2,4,2,4,2,0,0,55,39.39281944,-74.64165833,12,6,0,2,2,1,0,1,1,0,8,40,8,48,,
340273,34,2020,6,4,5,11,53,21,935,1,2,2,3,4,2,4,2,0,0,12,40.25331944,-74.80506389,12,2,0,1,1,1,0,1,1,0,11,56,12,0,12,45
340274,34,2020,7,22,4,15,20,9,0,2,2,2,2,4,1,4,2,0,0,14,38.957075,-74.88383056,12,2,0,1,1,1,0,1,1,0,15,36,15,40,,
340275,34,2020,7,6,2,22,17,23,1920,1,1,1,3,3,2,3,1,1,0,142,40.48330278,-74.47935833,8,0,0,2,2,1,0,3,2,0,,,,,,
340276,34,2020,8,11,3,14,29,7,0,1,1,1,1,3,2,3,1,1,0,183,39.81072222,-74.93059167,8,0,0,3,2,1,0,1,1,0,14,31,14,35,15,17
340277,34,2020,8,25,3,1,38,1,1270,1,1,1,1,6,2,7,4,0,0,0,39.60957778,-74.79600833,41,0,0,1,1,4,0,3,1,0,1,45,1,53,,
340278,34,2020,8,22,7,22,8,15,747,1,2,2,3,4,2,4,2,0,0,25,39.80588611,-75.12633333,12,1,0,1,1,1,0,2,1,0,22,9,22,16,22,41
340279,34,2020,8,1,7,18,43,27,0,1,1,1,1,4,2,4,2,0,0,27,40.79750833,-74.43461111,33,0,0,3,3,4,0,1,1,0,,,,,,
340280,34,2020,8,18,3,17,0,29,3360,1,1,1,1,4,2,4,2,0,0,44,39.99493889,-74.22185278,30,0,0,1,1,4,0,1,1,0,17,4,17,13,17,44
340281,34,2020,8,25,3,10,7,31,660,1,4,4,5,3,2,2,1,1,0,13,40.856425,-74.17886667,12,1,1,3,2,1,0,1,1,0,10,9,10,15,10,27
340282,34,2020,7,11,7,11,23,21,2845,1,2,2,2,2,2,3,1,1,0,637,40.22631944,-74.60413889,12,1,0,7,1,1,0,1,1,0,11,23,11,24,11,56
340283,34,2020,7,28,3,2,1,21,935,1,1,1,1,6,2,6,4,0,0,0,40.26898611,-74.79165278,33,0,0,1,1,4,0,3,1,0,,,,,,
340284,34,2020,8,17,2,11,59,15,1082,1,1,1,2,3,2,2,1,1,0,431,39.63258056,-75.09385833,42,0,0,1,1,3,0,1,1,0,11,58,12,9,12,52
340285,34,2020,6,6,7,22,41,23,3705,1,3,3,3,8,2,2,31,1,0,1314,40.56010278,-74.32162222,12,1,1,17,1,1,0,3,1,0,22,42,22,53,23,22
340286,34,2020,7,29,4,3,4,39,3395,1,2,2,3,1,2,1,1,1,0,526,40.70720278,-74.25594167,12,1,0,1,1,1,0,2,1,0,3,7,3,14,4,10
340287,34,2020,8,3,2,21,54,23,2140,1,1,1,3,3,2,4,1,0,0,4,40.48396389,-74.434675,33,0,0,1,1,4,0,3,2,0,21,58,22,1,22,24
340289,34,2020,7,19,1,11,50,23,779,1,1,1,1,6,2,6,4,0,0,0,40.43898333,-74.40375,9,0,0,2,3,1,0,1,1,0,11,52,11,55,12,23
340290,34,2020,8,14,6,5,47,5,481,1,1,1,1,4,2,3,2,1,0,224,40.05375556,-74.84349722,8,0,0,1,1,1,0,3,5,0,5,50,5,52,,
340291,34,2020,8,9,1,3,15,1,90,1,1,1,1,6,2,3,4,1,0,0,39.3588,-74.43623333,8,0,0,1,1,1,0,3,1,0,3,16,3,18,4,2
340292,34,2020,8,31,2,23,8,21,3633,1,3,3,3,2,2,3,1,1,0,90,40.30759167,-74.66689167,8,0,0,1,1,1,0,2,1,0,23,15,23,19,,
340293,34,2020,8,27,5,9,25,3,1060,2,2,2,3,1,2,1,31,1,0,,40.85300278,-73.95906389,12,1,0,1,1,1,0,1,1,0,9,26,9,32,9,52
340294,34,2020,8,15,7,23,26,1,440,1,2,1,1,6,2,7,4,0,0,0,39.41888889,-74.36680278,33,0,0,1,1,4,0,3,1,0,23,26,23,31,0,13
340295,34,2020,8,17,2,8,45,23,844,1,1,1,1,3,2,3,1,1,0,239,40.56156667,-74.33705556,30,0,0,1,1,4,0,1,1,0,8,50,9,2,,
340296,34,2020,8,29,7,15,9,19,0,1,1,1,1,4,1,5,2,0,0,26,40.69369444,-74.77138333,18,0,0,1,1,1,0,1,1,0,15,10,16,16,,
340297,34,2020,8,22,7,18,30,5,1880,1,1,1,1,6,9,7,4,0,0,0,39.89796944,-74.810625,9,0,0,1,1,1,0,2,1,0,,,,,,
340298,34,2020,8,21,6,23,38,5,1880,1,1,1,2,4,2,4,2,0,0,118,39.92214167,-74.82813056,31,0,0,1,1,4,0,3,1,0,23,43,23,53,0,20
340299,34,2020,8,22,7,21,35,17,1520,1,2,2,6,4,2,3,2,1,0,297,40.72353056,-74.074700000000007,12,6,0,2,2,1,0,3,1,0,21,36,21,37,21,55
340300,34,2020,8,19,4,17,28,17,2205,1,2,2,3,4,2,4,2,1,0,3,40.75921944,-74.04953056,12,2,0,3,3,1,0,1,1,0,17,28,17,33,18,1
340301,34,2020,8,5,4,13,49,25,8,1,2,2,2,6,9,7,4,0,0,0,40.39012778,-74.23081111,12,6,0,2,3,1,0,1,1,0,14,1,14,11,14,55
340302,34,2020,8,31,2,23,53,11,1970,1,1,1,4,6,2,5,4,0,0,0,39.38578889,-75.01838056,33,0,0,1,1,4,0,3,2,0,23,54,0,5,0,39
340303,34,2020,8,30,1,18,58,13,2130,3,3,3,12,6,2,3,4,1,0,17,40.74159167,-74.16903889,12,2,0,1,1,1,0,1,1,0,19,2,19,6,19,42
340304,34,2020,8,11,3,20,49,13,2130,1,2,2,3,4,2,3,2,1,0,27,40.73230833,-74.20013333,12,6,0,2,2,1,0,3,1,0,20,54,21,0,21,15
340305,34,2020,6,22,2,14,42,13,1480,1,3,3,3,6,2,4,4,0,0,0,40.72944722,-74.22318056,12,1,0,3,2,1,0,1,1,0,14,49,14,52,14,58
340306,34,2020,8,1,7,22,55,25,0,1,1,1,1,6,2,5,4,0,0,0,40.18496667,-74.40631667,42,0,0,3,4,5,0,2,1,0,22,57,23,13,,
340307,34,2020,8,21,6,4,11,25,3357,1,1,1,1,8,2,2,31,1,0,1056,40.27361944,-74.07939722,42,0,0,1,1,3,1,2,1,0,,,,,,
340308,34,2020,8,14,6,22,36,33,567,1,2,2,3,8,1,2,31,1,0,33,39.68879444,-75.42878611,12,6,0,1,1,1,0,2,1,0,,,,,,
340309,34,2020,8,9,1,23,5,41,0,1,2,2,6,2,1,4,1,0,0,136,40.83783056,-74.95369444,12,2,0,1,1,1,0,2,1,0,23,5,23,18,0,7
340310,34,2020,7,20,2,1,42,23,3705,1,2,2,2,2,2,3,1,1,0,368,40.57654722,-74.28807778,8,0,0,3,2,1,0,3,1,0,1,44,1,55,2,16
340311,34,2020,8,12,4,19,55,21,1265,1,1,1,1,1,2,1,1,1,0,596,40.17865278,-74.72208333,2,0,0,1,1,1,0,5,1,0,20,4,20,10,,
340312,34,2020,8,31,2,5,51,23,3705,1,2,2,4,1,2,1,31,1,0,493,40.57895833,-74.245275,12,1,0,1,1,1,0,2,1,0,5,56,6,8,6,36
340313,34,2020,8,23,1,16,47,33,2617,1,3,3,5,2,2,3,1,1,0,243,39.588375,-75.09339444,12,6,0,2,2,1,0,1,2,0,16,48,16,53,17,40
340314,34,2020,8,16,1,1,13,39,616,1,2,2,2,8,2,2,31,1,0,1356,40.61884444,-74.31052778,12,7,0,1,1,1,0,2,1,0,1,16,1,27,,
340315,34,2020,8,6,5,16,29,13,2130,1,1,1,1,1,2,1,31,1,0,596,40.70734444,-74.15101944,5,0,0,1,1,1,0,1,1,0,,,,,,
340316,34,2020,8,3,2,3,28,1,2640,1,1,1,1,8,2,2,1,1,0,52,39.39995556,-74.52025,8,0,0,1,1,1,0,3,1,0,3,30,3,38,,
340317,34,2020,8,29,7,11,30,7,598,1,1,1,1,4,2,3,2,1,0,432,39.87623611,-75.00476389,33,0,0,1,1,4,0,1,2,0,11,29,11,32,,
340318,34,2020,8,16,1,1,36,23,3705,1,2,2,4,4,2,4,2,0,0,374,40.58976944,-74.26600556,12,7,0,1,1,1,0,3,1,0,1,40,1,43,2,19
340319,34,2020,8,13,5,18,39,21,1265,1,1,1,3,1,2,1,1,1,0,34,40.19885278,-74.66431389,42,0,0,1,1,5,0,1,1,0,18,39,18,48,19,15
340320,34,2020,8,27,5,19,27,33,0,1,1,1,1,1,1,1,1,1,0,89,39.74780556,-75.37986667,24,0,0,1,1,4,0,1,1,0,,,,,,
340321,34,2020,8,26,4,18,45,5,3149,1,7,7,14,2,2,3,1,1,0,215,39.94648056,-74.74395833,12,7,0,1,1,1,0,1,1,0,,,,,,
340322,34,2020,8,29,7,15,28,15,0,1,1,1,1,4,2,5,2,0,0,71,39.66998056,-74.99710833,38,0,0,1,1,5,0,1,10,0,15,31,15,44,,
340323,34,2020,8,9,1,21,55,31,2510,1,2,2,2,6,2,7,4,0,0,0,40.92627222,-74.14651111,12,6,0,2,2,1,0,3,1,0,22,2,22,12,,
340324,34,2020,7,9,5,22,15,25,830,1,2,2,2,3,2,3,1,1,0,308,40.30818056,-74.06356111,12,1,0,1,1,1,0,2,1,0,,,,,,
340325,34,2020,9,14,2,0,43,7,0,1,1,1,1,3,2,3,1,1,0,42,39.82720556,-75.06756667,8,0,0,1,1,1,0,2,1,0,0,42,0,46,,
340326,34,2020,6,27,7,2,19,23,844,1,2,2,2,2,2,3,1,1,0,335,40.54274722,-74.33474167,12,1,0,1,1,1,0,3,1,0,2,23,2,34,3,0
340327,34,2020,7,3,6,23,40,11,420,1,1,1,1,6,2,7,2,0,0,0,39.42886111,-75.23220556,8,0,0,3,3,1,0,3,2,0,23,38,23,46,0,38
340328,34,2020,8,31,2,21,10,23,3144,1,1,1,1,6,9,7,4,0,0,0,40.36605,-74.49151944,18,0,0,1,1,4,0,2,1,0,21,15,21,27,,
340329,34,2020,8,15,7,23,32,3,820,1,2,2,3,3,2,2,1,1,0,75,40.81016389,-74.08356667,8,0,0,1,1,1,0,3,1,0,23,33,23,41,,
340330,34,2020,9,17,5,5,59,5,3537,1,1,1,1,4,2,4,2,0,0,56,40.02160278,-74.84200833,15,0,0,1,1,1,0,2,1,0,6,1,6,6,,
340331,34,2020,9,5,7,16,2,5,611,1,2,2,5,4,2,4,2,0,0,292,40.06370833,-74.61845833,12,6,0,2,2,1,0,1,1,0,16,5,16,14,16,45
340332,34,2020,9,10,5,11,52,31,660,1,2,2,4,2,2,3,1,1,0,613,40.87586111,-74.16727222,12,1,0,1,1,1,0,1,10,0,11,58,12,7,12,34
340333,34,2020,9,25,6,19,52,37,0,1,2,2,3,2,2,3,1,1,0,1054,41.00914444,-74.75936667,8,0,0,1,1,1,0,2,1,0,19,54,19,55,,
340334,34,2020,9,5,7,16,39,29,1505,1,1,1,1,6,2,7,2,0,0,0,40.11268056,-74.38072778,53,0,0,1,1,4,0,1,1,0,16,41,17,1,17,41
340335,34,2020,9,18,6,17,30,21,3380,1,1,1,1,6,2,7,4,0,0,0,40.22988889,-74.77089444,30,0,0,1,1,4,0,1,1,0,,,,,,
340336,34,2020,9,22,3,17,31,19,0,1,1,1,1,4,1,5,2,0,0,82,40.51368889,-75.00765556,30,0,0,1,1,4,0,1,1,0,17,30,17,35,,
340337,34,2020,9,11,6,20,9,19,0,1,2,2,2,1,1,1,1,1,0,96,40.65269167,-75.03699167,12,7,0,1,1,1,0,2,1,0,20,8,20,22,,
340338,34,2020,9,24,5,12,45,1,2640,1,2,2,3,4,2,4,2,0,0,66,39.39862778,-74.4986,12,2,0,1,1,1,0,1,10,0,12,52,12,59,13,26
340339,34,2020,9,20,1,16,23,17,1520,1,1,1,1,1,2,1,31,1,0,,40.73085278,-74.05019444,25,0,1,5,1,3,0,1,1,0,,,,,,
340340,34,2020,9,4,6,19,18,19,2757,1,1,1,2,1,1,1,1,1,0,264,40.64635556,-74.72781944,42,0,0,1,1,4,0,1,1,0,19,22,19,43,,
340341,34,2020,9,12,7,23,35,15,1751,1,1,1,3,1,2,1,1,1,0,90,39.74942778,-75.37733889,1,0,0,1,1,3,0,2,1,0,,,,,,
340342,34,2020,9,30,4,21,48,27,2003,1,1,1,2,2,2,3,1,1,0,509,40.85861389,-74.33830278,8,0,0,1,1,1,0,3,1,0,21,50,21,55,22,41
340343,34,2020,9,5,7,21,15,21,1265,1,1,1,1,3,2,3,1,1,0,63,40.22322222,-74.64700833,8,0,0,1,1,1,0,2,1,0,,,,,,
340344,34,2020,9,1,3,21,32,13,2130,1,2,2,5,3,2,3,1,1,0,15,40.72633333,-74.17294167,12,6,0,2,2,1,0,3,1,0,21,35,21,39,22,2
340345,34,2020,9,23,4,19,42,11,1970,1,1,1,3,4,2,5,2,0,0,81,39.39679167,-75.06780833,8,0,0,1,1,1,0,2,1,0,19,38,19,44,,
340346,34,2020,9,10,5,4,28,23,1960,1,2,2,2,1,2,1,31,1,0,350,40.43899722,-74.42973056,12,1,0,1,1,1,0,2,2,0,4,37,4,44,5,33
340347,34,2020,8,20,5,13,31,23,844,1,5,5,5,2,2,3,1,1,0,331,40.53928611,-74.33944722,12,7,0,1,1,1,0,1,1,0,13,35,13,54,14,23
340348,34,2020,9,5,7,23,15,29,3360,1,1,1,1,8,2,2,31,1,0,860,40.01037778,-74.19023611,8,0,0,1,1,2,0,2,1,0,23,18,23,35,,
340349,34,2020,9,26,7,22,3,23,2208,1,1,1,1,6,2,7,4,1,0,0,40.45918889,-74.48594444,5,0,0,1,1,1,0,3,1,0,,,,,,
340350,34,2020,9,14,2,11,36,23,2417,1,2,2,2,4,2,4,2,0,0,40,40.40470833,-74.288025,12,6,0,8,1,1,0,1,1,0,,,,,,
340351,34,2020,9,16,4,8,50,29,0,1,2,2,3,3,2,3,1,1,0,206,39.72395833,-74.28914167,12,6,0,2,2,1,0,1,1,0,9,9,9,13,10,8
340352,34,2020,9,18,6,22,48,29,416,1,1,1,1,4,2,4,2,0,0,357,40.05148333,-74.12620278,8,0,0,1,1,1,0,3,1,0,22,50,22,54,23,22
340353,34,2020,9,18,6,15,33,35,0,1,1,1,1,4,2,4,2,0,0,83,40.5613,-74.64680278,8,0,0,3,3,1,0,1,1,0,15,35,15,44,16,12
340354,34,2020,9,28,2,16,31,7,690,1,1,1,2,2,2,3,1,1,0,293,39.91591667,-75.09013889,33,0,0,3,2,4,0,1,1,0,16,32,16,37,17,12
340355,34,2020,9,10,5,13,42,15,0,1,3,3,4,2,2,3,1,1,0,248,39.68460556,-74.98821111,12,6,0,2,2,1,0,1,1,0,13,45,14,0,14,37
340356,34,2020,9,7,2,2,22,15,0,1,1,1,1,2,2,3,1,1,0,14,39.70614167,-75.00968889,8,0,0,1,1,1,0,3,1,0,2,25,2,36,,
340357,34,2020,9,11,6,20,26,17,1540,1,1,1,1,3,2,3,1,1,0,6,,,9,0,0,20,1,1,0,3,1,0,20,28,20,37,,
340358,34,2020,9,3,5,6,31,3,2480,1,1,1,1,4,2,3,2,1,0,55,40.96471667,-74.04916389,8,0,0,1,1,1,0,4,1,0,6,32,6,35,7,4