st_case,state,year,month,day,day_week,hour,minute,county,city,fatals_crash,vehicles_total,vehicles_in_transport,persons_total,route,rural_urban,functional_system,road_owner,nhs,special_jurisdiction,milepoint,latitude,longitude,first_harmful_event,manner_collision,rel_jct_interchange,rel_jct_location,intersection_type,relation_to_road,work_zone,light_condition,weather,school_bus_related,ems_notified_hour,ems_notified_min,ems_arrival_hour,ems_arrival_min,hospital_hour,hospital_min
360093,36,2020,2,10,2,11,13,7,1510,1,2,2,2,3,1,5,1,0,0,,42.05400833,-75.49618056,12,1,0,1,1,1,0,1,10,0,11,13,11,31,,
360094,36,2020,2,10,2,7,4,1,1495,1,1,1,1,1,2,1,1,1,0,,42.54025556,-73.78319722,31,0,0,1,1,4,0,2,98,0,7,2,7,12,,
360095,36,2020,2,9,1,20,5,59,4090,1,1,1,1,5,2,7,3,0,0,0,40.79677778,-73.69943611,8,0,0,3,2,1,0,3,10,0,20,5,20,8,20,18
360096,36,2020,2,11,3,14,34,109,3146,1,2,2,2,6,2,4,4,0,0,,42.49570556,-76.49020833,12,2,0,1,1,1,0,1,1,0,14,34,14,35,,
360097,36,2020,2,15,7,7,55,119,6040,1,1,1,1,5,2,7,3,0,0,0,41.01876111,-73.79818056,8,0,0,1,1,1,0,1,1,0,7,56,7,59,8,29
360098,36,2020,2,12,4,0,38,71,1370,1,1,1,1,3,2,3,1,1,0,,41.41921111,-74.00061389,42,0,0,1,1,4,0,2,1,0,0,39,0,44,,
360099,36,2020,2,16,1,5,29,85,4170,1,3,3,4,3,2,2,1,1,0,,40.61007222,-74.18153889,12,2,0,1,1,1,0,3,1,0,,,,,,
360100,36,2020,2,12,4,22,41,29,1117,1,2,2,2,3,2,3,1,1,0,,42.93704444,-78.70837778,12,2,0,1,1,1,0,3,4,0,22,42,22,46,23,24
360101,36,2020,2,18,3,6,25,29,156,1,1,1,1,3,2,3,1,1,0,,42.96595278,-78.725775,8,0,0,1,1,1,0,1,2,0,6,25,6,30,7,5
360102,36,2020,2,18,3,7,21,71,3830,1,2,2,2,8,2,5,3,0,0,0,41.30035278,-74.23053611,12,2,0,1,1,1,0,1,10,0,7,21,7,25,,
360103,36,2020,2,20,5,20,32,55,5230,1,2,2,5,6,2,3,4,1,0,18,43.22065556,-77.628416669999993,12,6,0,2,3,1,0,3,10,0,20,33,20,36,20,57
360104,36,2020,2,20,5,16,19,83,4768,2,1,1,2,3,1,5,1,0,0,,42.82098611,-73.31285556,42,0,0,1,1,4,0,1,1,0,16,19,16,25,,
360105,36,2020,2,13,5,16,26,13,1232,1,2,2,2,4,1,6,2,0,0,,42.05560278,-79.53910833,12,2,0,1,1,1,0,1,1,0,16,26,16,33,17,0
360106,36,2020,2,14,6,20,53,27,2870,1,2,2,4,4,2,5,2,0,0,,41.78950833,-73.87848333,12,2,0,1,1,1,0,2,1,0,20,54,20,57,21,21
360107,36,2020,2,14,6,22,53,29,6090,2,6,6,7,3,2,3,1,1,0,,42.98098889,-78.88535556,12,6,0,2,2,1,0,3,1,0,22,53,22,55,,
360108,36,2020,2,14,6,15,17,65,6626,2,2,2,3,4,1,7,2,0,0,,43.161975,-75.43548889,12,6,0,2,2,1,0,1,1,0,15,18,15,21,,
360109,36,2020,2,15,7,23,20,5,4170,1,2,2,4,1,2,1,1,1,0,,40.82342778,-73.87913333,12,7,0,1,1,1,0,3,1,0,,,,,,
360110,36,2020,2,21,6,18,9,103,360,1,1,1,1,6,2,5,4,0,0,,40.69367222,-73.36388889,8,0,0,3,2,1,0,3,1,0,18,9,18,24,,
360112,36,2020,2,21,6,11,16,81,4170,1,1,1,1,6,2,7,4,0,0,,40.73238333,-73.87651389,8,0,0,3,2,1,0,1,1,0,11,16,11,20,,
360113,36,2020,2,21,6,6,55,59,2600,1,2,2,2,8,2,3,2,1,0,16,40.64142778,-73.710375,12,7,0,1,1,1,0,1,1,0,6,57,7,0,,
360114,36,2020,2,21,6,6,21,105,1954,1,2,2,2,3,2,4,1,0,0,,41.71947222,-74.61151389,12,2,0,1,1,1,0,1,10,0,6,21,6,36,8,0
360115,36,2020,2,10,2,23,0,61,4170,1,1,1,2,6,2,3,4,1,0,,40.80783889,-73.94571667,8,0,0,3,2,1,0,3,10,0,,,,,,
360116,36,2020,2,23,1,7,2,47,4170,1,1,1,1,6,2,7,4,0,0,,40.60573056,-74.00073611,8,0,0,1,1,1,0,4,1,0,7,25,7,45,7,52
360117,36,2020,2,23,1,13,34,81,4170,1,1,1,1,6,2,3,4,1,0,,40.75555556,-73.76719444,8,0,0,3,2,1,0,1,1,0,,,,,,
360118,36,2020,2,24,2,19,8,5,4170,1,1,1,1,6,2,4,4,0,0,,40.82054722,-73.81818056,8,0,0,3,2,1,0,3,1,0,19,8,19,8,19,30
360119,36,2020,2,24,2,16,0,13,2150,1,3,3,4,3,2,3,1,1,0,,42.43409167,-79.30657778,12,1,0,1,1,1,0,1,10,0,16,1,16,9,16,29
360120,36,2020,2,26,4,10,0,9,110,1,1,1,1,1,2,1,1,1,0,,42.10219722,-78.50956389,24,0,1,5,1,4,0,1,10,0,10,8,10,15,,
360121,36,2020,2,25,3,16,13,121,930,1,2,2,4,3,1,4,1,0,0,,42.68841389,-78.01813889,12,6,0,2,3,1,0,1,5,0,16,13,16,26,,
360122,36,2020,3,2,2,20,39,63,3340,1,1,1,1,3,2,3,1,1,0,,43.13791944,-78.69688611,8,0,0,1,1,1,0,2,10,0,20,39,20,43,21,15
360123,36,2020,3,2,2,19,49,83,6807,1,3,3,4,2,2,3,1,1,0,,42.65956111,-73.69258611,8,0,0,1,1,1,0,3,10,0,19,48,19,51,20,13
360124,36,2020,2,25,3,6,45,47,4170,1,1,1,1,6,2,5,4,0,0,,40.66391944,-73.86704444,8,0,0,2,2,1,0,1,1,1,,,,,,
360125,36,2020,2,25,3,19,43,15,2800,1,1,1,1,6,2,4,4,0,0,,42.16676944,-76.82030278,8,0,0,1,1,1,0,3,2,0,19,45,19,51,,
360126,36,2020,3,3,3,19,15,59,4600,1,2,2,3,3,2,3,1,1,0,,40.68266944,-73.42976667,8,0,0,1,1,1,0,3,2,0,19,22,19,26,,
360127,36,2020,3,3,3,5,45,59,4600,1,1,1,1,5,2,7,3,0,0,0,40.76643333,-73.54109167,8,0,0,3,3,1,0,4,10,0,5,49,5,53,,
360128,36,2020,3,4,4,13,50,11,5633,1,1,1,1,4,1,5,2,0,0,,43.00108611,-76.53571667,42,0,0,1,1,4,0,1,10,0,13,50,,,,
360129,36,2020,3,4,4,16,15,101,340,1,1,1,4,3,1,5,1,0,0,,42.41919167,-77.436361110000007,48,0,0,1,1,4,0,1,2,0,16,15,16,26,16,57
360130,36,2020,3,6,6,18,33,73,60,1,2,2,3,4,1,7,2,0,0,0,43.23604167,-78.253625,12,2,0,1,1,1,0,2,4,0,18,33,18,43,19,40
360131,36,2020,2,26,4,19,3,5,4170,1,2,2,2,6,2,5,4,0,0,,40.85790556,-73.86466944,8,0,0,3,3,1,0,3,1,0,,,,,,
360132,36,2020,2,26,4,6,53,55,5600,1,1,1,1,3,1,4,1,0,0,,43.00978333,-77.74629167,8,0,0,1,1,1,0,4,4,0,6,53,6,58,,
360133,36,2020,2,26,4,4,3,71,4060,1,1,1,1,2,2,3,1,1,0,,41.50174167,-74.02120833,8,0,0,1,1,1,0,3,2,0,5,12,6,0,,
360134,36,2020,2,27,5,11,24,47,4170,1,2,2,1,6,2,7,4,0,9,,40.59848333,-73.99143611,12,1,0,1,1,1,0,1,1,0,11,24,,,,
360135,36,2020,2,27,5,8,14,47,4170,1,1,1,1,6,2,3,1,1,0,,40.66775,-73.89488333,8,0,0,3,2,1,0,1,1,0,,,,,,
360136,36,2020,2,28,6,7,48,71,4980,1,2,2,2,2,1,4,1,0,0,,41.36999722,-74.61506389,12,6,1,2,2,1,0,1,1,0,7,48,7,58,8,30
360137,36,2020,2,29,7,8,14,7,1119,1,2,2,2,2,2,4,1,0,0,,42.17199722,-75.90114167,12,2,0,1,1,1,0,1,4,0,8,16,8,31,9,5
360138,36,2020,3,4,4,16,30,71,4060,1,2,2,2,4,2,5,2,0,0,0,41.549675,-74.04108611,12,2,0,1,1,1,0,1,10,0,16,30,16,38,17,15
360139,36,2020,3,2,2,17,52,63,4209,1,1,1,1,3,2,3,1,1,0,,43.105125,-78.982725,8,0,0,3,3,1,0,3,2,0,18,0,18,5,18,35
360140,36,2020,3,20,6,22,16,93,5315,1,1,1,1,1,2,1,1,1,0,,42.8134,-73.95708889,24,0,1,5,1,4,0,3,10,0,22,21,22,23,,
360141,36,2020,3,5,5,1,44,67,1179,2,1,1,2,1,2,1,1,1,0,,43.19263611,-76.23733611,35,0,0,1,1,3,0,2,1,0,1,44,1,56,2,36
360142,36,2020,3,21,7,17,24,91,2230,1,2,2,3,4,1,7,2,0,0,0,43.01968333,-73.98853056,12,6,0,2,2,1,0,1,1,0,17,26,17,31,,
360143,36,2020,3,5,5,19,6,47,4170,1,2,1,4,6,2,3,4,1,0,0,40.61211944,-74.03433889,8,0,0,3,3,1,0,3,1,0,,,,,,
360144,36,2020,3,23,2,20,47,81,4170,1,2,2,2,1,2,1,1,1,0,,40.73553056,-73.91645556,12,1,0,1,1,1,0,3,1,0,20,47,,,,
360145,36,2020,3,6,6,0,20,99,6440,1,2,1,1,4,1,7,2,0,0,,42.928425,-76.85541944,8,0,0,1,1,1,3,2,1,0,3,19,3,42,,
360146,36,2020,3,23,2,17,15,111,5480,1,1,1,1,1,1,1,1,1,0,,42.12231389,-73.955825,24,0,0,1,1,4,0,1,4,0,17,15,17,34,,
360147,36,2020,3,6,6,1,59,53,3450,1,1,1,1,2,1,3,1,1,0,,42.90711667,-75.48015,35,0,0,3,3,4,0,2,10,0,1,59,2,5,3,30
360148,36,2020,2,22,7,9,55,119,240,1,1,1,2,5,2,7,3,0,0,0,41.01249167,-73.84469444,42,0,0,1,1,4,0,1,1,0,,,,,,
360149,36,2020,3,23,2,13,25,119,472,1,1,1,1,1,2,1,1,1,0,,41.21255556,-73.68594444,42,0,0,1,1,3,0,1,98,0,12,15,12,20,13,0
360150,36,2020,3,7,7,12,24,67,6010,1,2,2,4,3,2,4,1,0,0,,43.06963889,-76.157275,12,6,0,2,2,1,0,1,1,0,12,25,12,27,12,45
360151,36,2020,3,7,7,10,19,67,5740,1,1,1,2,5,1,7,3,0,0,,42.88394722,-76.42693611,8,0,0,1,1,1,0,1,1,0,10,19,10,30,10,58
360152,36,2020,3,24,3,9,59,101,4620,1,1,1,1,5,1,7,3,0,0,0,42.23323889,-77.09217778,42,0,0,1,1,4,0,1,1,0,9,59,10,10,,
360155,36,2020,3,8,1,1,21,71,4060,1,2,2,2,1,2,1,1,1,0,,41.50412222,-74.07574167,8,0,0,1,1,1,0,2,1,0,1,21,1,25,,
360156,36,2020,3,26,5,22,36,101,420,1,1,1,1,5,1,7,3,0,0,0,42.32829722,-77.27505,17,0,0,3,3,4,0,2,2,0,,,,,,
360157,36,2020,3,14,7,18,4,61,4170,1,4,1,3,6,2,5,4,1,0,,40.80486667,-73.95831389,14,0,0,1,1,1,0,1,1,0,,,,,,
360158,36,2020,3,26,5,13,51,87,5980,1,1,1,1,4,2,5,2,0,0,0,41.23237778,-74.047175,30,0,0,1,1,4,0,1,1,0,13,51,14,3,,
360159,36,2020,3,26,5,16,48,77,5170,1,2,2,2,3,1,4,1,0,0,,42.82064167,-75.01676944,12,6,0,2,3,1,0,1,10,0,16,48,16,59,,
360160,36,2020,3,14,7,18,33,81,4170,1,4,1,2,6,2,3,4,1,0,,40.70060278,-73.89717778,8,0,0,1,1,1,0,1,10,0,,,,,,
360161,36,2020,3,27,6,5,17,59,4600,1,1,1,1,5,2,7,3,0,0,0,40.70253889,-73.46214722,42,0,0,1,1,4,0,1,10,0,5,18,5,27,5,53
360162,36,2020,3,14,7,9,55,117,6760,1,2,2,2,3,1,3,1,1,0,,43.22421944,-76.781875,12,6,0,2,2,1,0,1,10,0,9,55,10,6,13,0
360163,36,2020,3,28,7,14,17,103,5810,1,1,1,1,5,2,5,3,0,0,0,40.95932222,-72.36565,42,0,0,1,1,4,0,1,10,0,,,,,,
360165,36,2020,3,14,7,15,30,81,4170,1,1,1,1,6,2,7,4,0,0,,40.76041389,-73.89374722,15,0,0,3,3,1,0,1,1,0,,,,,,
360166,36,2020,3,15,1,13,31,123,4740,1,1,1,1,3,1,5,1,0,0,,42.59883333,-77.037575,52,0,0,1,1,4,0,1,1,0,13,33,13,39,,
360167,36,2020,3,17,3,4,21,87,35,1,1,1,1,6,2,5,4,0,0,,41.10300278,-74.12598333,39,0,0,3,3,4,0,2,2,0,4,24,4,30,5,14
360168,36,2020,3,20,6,15,26,63,4210,1,2,2,2,2,2,3,1,1,0,,43.09363611,-78.9581,1,0,0,2,2,1,0,1,10,0,15,27,15,29,,
360169,36,2020,4,4,7,17,8,103,2840,1,1,1,1,5,2,7,3,0,0,0,40.86320278,-73.352775,42,0,0,3,3,4,0,1,1,0,17,8,17,18,,
360170,36,2020,4,4,7,18,27,59,4090,1,1,1,1,5,2,7,3,0,0,0,40.81578333,-73.62728333,19,0,0,1,1,4,0,1,1,0,18,27,18,30,,
360171,36,2020,4,5,1,23,34,81,4170,1,2,2,3,1,2,1,1,1,0,,40.74251389,-73.89691389,12,2,0,1,1,1,0,2,1,0,,,,,,
360172,36,2020,4,5,1,17,54,67,4491,1,1,1,1,5,2,7,3,0,9,0,42.93251944,-76.22323333,11,0,0,1,1,1,0,1,1,0,17,54,17,58,,
360173,36,2020,4,5,1,20,3,61,4170,1,4,4,13,3,2,2,1,1,0,,40.82568056,-73.95520833,12,1,0,1,1,1,0,3,1,0,,,,,,
360174,36,2020,4,5,1,14,0,111,2242,1,2,2,2,4,1,7,2,0,0,0,41.69954722,-74.1867,12,6,0,8,1,1,0,1,1,0,,,,,,
360175,36,2020,4,6,2,17,17,71,1169,1,2,2,2,5,2,7,3,0,0,0,41.54109167,-74.42783333,12,6,0,2,3,1,0,1,1,0,17,17,17,24,,
360177,36,2020,4,11,7,3,46,49,6619,2,1,1,2,5,1,7,3,0,0,0,43.47795833,-75.45541944,42,0,0,1,1,4,0,2,10,0,9,31,10,1,,
360178,36,2020,4,12,1,13,4,117,6710,1,1,1,1,5,1,7,3,0,0,0,43.28106389,-77.16256389,34,0,0,1,1,4,0,1,10,0,13,4,13,7,,
360179,36,2020,4,12,1,21,51,47,4170,1,2,2,2,6,2,4,4,0,0,0,40.58665278,-73.96615,12,6,0,2,2,1,0,3,1,0,,,,,,
360180,36,2020,4,12,1,14,33,55,2495,1,2,2,5,5,1,5,3,0,0,0,43.29553056,-77.94338333,12,6,0,2,2,1,0,1,1,0,14,33,14,37,15,33
360181,36,2020,4,14,3,11,14,121,6400,1,1,1,2,5,1,7,3,0,0,0,42.63091389,-78.28391944,42,0,0,1,1,4,0,1,10,0,11,14,11,21,,
360182,36,2020,4,14,3,1,33,53,4769,1,1,1,2,5,1,7,3,0,0,0,43.00893333,-75.71284444,34,0,0,1,1,4,0,2,10,0,1,33,1,42,,
360183,36,2020,4,14,3,15,25,83,6110,1,2,2,2,5,2,7,3,0,0,0,42.74646944,-73.66011111,12,6,0,2,2,1,0,1,1,0,15,25,15,27,,
360184,36,2020,4,14,3,18,26,67,1179,1,1,1,1,5,2,7,3,0,0,0,43.17260556,-76.19909444,24,0,0,1,1,4,0,1,10,0,18,27,18,32,,
360185,36,2020,1,23,5,11,31,103,5210,1,1,1,1,5,2,7,3,0,0,,40.92688333,-72.64626667,38,0,0,3,3,4,0,1,1,0,,,,,,
360186,36,2020,1,14,3,10,27,47,4170,1,1,1,1,6,2,7,4,0,0,,40.60125556,-73.97831389,8,0,0,3,2,1,0,1,1,0,,,,,,
360187,36,2020,1,30,5,18,32,3,476,1,1,1,1,3,1,4,1,0,0,,42.34396667,-78.111875,8,0,0,3,2,1,0,3,10,0,,,,,,
360188,36,2020,3,31,3,14,2,29,613,1,2,2,3,3,1,5,62,0,0,,42.53251111,-78.98585833,12,6,0,8,1,1,0,1,10,0,14,4,14,6,15,24
360189,36,2020,4,2,5,5,36,81,4170,1,3,3,3,6,2,3,1,1,0,,40.70248056,-73.81687222,12,6,0,2,2,1,0,1,1,0,,,,,,
360190,36,2020,4,7,3,21,38,67,6010,1,2,2,2,2,2,3,4,1,0,,43.02077778,-76.14300556,9,0,0,2,2,1,0,3,2,0,21,39,21,45,21,56
360191,36,2020,4,16,5,12,0,117,5500,1,1,1,1,5,1,7,3,0,0,,43.06903333,-76.72977778,35,0,0,1,1,4,0,1,4,0,15,53,16,11,,
360192,36,2020,4,17,6,4,24,7,3064,1,2,2,2,1,2,1,1,1,0,,42.04735833,-75.79509167,12,1,0,1,1,1,0,2,10,0,4,24,4,47,,
360193,36,2020,4,19,1,1,30,81,4170,1,6,2,3,6,2,7,4,0,0,,40.68190556,-73.83193056,12,6,0,2,2,1,0,3,1,0,,,,,,
360194,36,2020,4,19,1,8,35,61,4170,1,2,2,2,3,2,2,4,1,0,,40.81441389,-73.96450556,12,7,0,1,1,1,0,1,1,0,,,,,,
360195,36,2020,4,20,2,2,48,81,4170,1,1,1,1,1,2,1,1,1,0,,40.73361667,-73.83598333,24,0,0,1,1,4,0,3,1,0,,,,,,
360196,36,2020,4,21,3,7,17,67,6010,1,1,1,1,1,1,1,1,1,0,,42.95852778,-76.13725278,24,0,0,1,1,4,0,1,10,0,7,18,7,25,,
360197,36,2020,5,5,3,11,2,69,3490,2,2,2,3,3,2,4,1,0,0,,42.97184167,-77.24490278,12,2,0,1,1,1,0,1,1,0,11,4,11,10,,
360198,36,2020,4,22,4,18,7,75,2569,1,1,1,1,1,2,1,1,1,0,,43.24881389,-76.13218056,1,0,0,1,1,3,0,1,1,0,18,7,18,8,,
360200,36,2020,4,22,4,0,45,63,4210,1,1,1,3,2,2,3,1,1,0,,43.09335556,-79.03686389,19,0,0,1,1,5,0,3,1,0,0,46,0,49,,
360201,36,2020,4,22,4,1,36,67,810,1,1,1,2,3,2,2,1,1,0,,43.06156389,-76.23644722,31,0,0,1,1,4,0,2,4,0,1,37,1,46,2,7
360202,36,2020,4,23,5,20,17,111,3531,1,1,1,1,2,1,3,1,1,0,,41.83038333,-74.1786,24,0,0,1,1,4,0,2,1,0,20,18,20,27,,
360203,36,2020,4,25,7,17,32,81,4170,1,3,3,3,3,2,2,1,1,0,,40.78696389,-73.775530560000007,12,1,0,1,1,1,0,1,1,0,,,,,,
360204,36,2020,4,25,7,16,14,83,2974,1,2,2,3,4,1,6,2,0,0,,42.85970278,-73.55594167,12,2,0,1,1,1,0,1,1,0,16,14,16,20,17,52
360205,36,2020,4,25,7,17,5,69,1961,1,2,2,3,5,2,7,3,0,0,,43.02998889,-77.33003056,12,6,0,2,2,1,0,1,1,0,17,7,17,16,,
360206,36,2020,4,25,7,18,4,37,410,1,1,1,1,3,2,4,1,0,0,,43.00105278,-78.26098611,9,0,0,2,3,1,0,1,1,0,18,8,18,11,19,30
360207,36,2020,4,25,7,12,55,39,2830,1,2,2,3,3,1,5,1,0,9,,42.19001944,-74.07374722,12,2,0,1,1,1,0,1,1,0,12,55,12,59,,
360208,36,2020,4,30,5,20,50,119,1379,1,1,1,1,2,2,3,1,1,0,,41.30159444,-73.88211944,8,0,0,1,1,1,0,2,2,0,21,3,21,10,21,30
360209,36,2020,4,26,1,3,35,5,4170,2,1,1,4,6,2,3,4,1,0,18,40.81129167,-73.90046667,21,0,0,1,1,10,0,3,1,0,,,,,,
360210,36,2020,5,5,3,14,10,101,801,1,1,1,2,4,1,7,2,0,0,0,42.19289167,-77.38880278,34,0,0,1,1,4,0,1,1,0,14,13,14,24,,
360211,36,2020,4,27,2,14,27,95,899,1,2,2,5,4,1,6,2,0,0,,42.74646111,-74.42923611,12,2,0,8,1,1,0,1,2,0,14,28,14,36,,
360212,36,2020,5,7,5,15,12,103,705,1,1,1,1,3,2,3,1,1,0,,40.90892778,-72.84590833,42,0,0,1,1,4,0,1,1,0,,,15,30,16,0
360213,36,2020,4,28,3,16,33,47,4170,1,1,1,1,6,2,3,4,1,0,4,40.64290833,-73.95161944,9,0,0,3,2,1,0,1,1,0,,,,,,
360214,36,2020,5,7,5,2,14,63,3220,1,2,2,2,5,2,7,3,0,3,0,43.143525,-78.97134444,12,6,0,1,1,1,0,2,1,0,2,14,2,16,,
360215,36,2020,4,28,3,19,37,81,4170,1,1,1,1,3,2,2,1,1,0,,40.789644439999996,-73.82241667,21,0,0,5,1,4,1,1,1,0,,,,,,
360216,36,2020,4,28,3,19,58,27,5030,1,2,2,4,2,2,3,1,1,0,,41.69549167,-73.90926667,12,6,0,2,2,1,0,5,1,0,19,58,20,3,20,20
360217,36,2020,5,3,1,4,26,55,5230,1,2,2,2,3,2,2,1,1,0,,43.16125556,-77.60582222,12,2,0,1,1,1,0,3,10,0,4,29,4,40,,
360218,36,2020,5,7,5,11,58,119,4120,1,2,1,2,6,2,3,4,1,0,17,40.92626389,-73.78899167,14,0,0,1,1,7,0,1,1,0,12,5,,,,
360219,36,2020,5,9,7,21,51,17,2400,1,2,2,5,3,1,6,1,0,0,,42.31603056,-75.63846667,12,6,0,2,2,1,0,2,10,0,21,51,22,0,,
360220,36,2020,5,10,1,5,45,27,2785,1,1,1,1,1,2,1,1,1,0,,41.54125,-73.711475,42,0,0,1,1,4,0,1,1,0,7,10,7,39,,
360221,36,2020,5,3,1,6,57,59,2600,1,1,1,1,3,2,2,1,1,0,,40.68271111,-73.69063889,35,0,0,1,1,4,0,1,10,0,7,1,7,6,,
360222,36,2020,5,3,1,18,36,109,2460,1,1,1,1,4,1,7,2,0,0,,42.56315556,-76.34245833,8,0,0,1,1,1,0,1,1,0,18,36,18,40,19,13
360223,36,2020,5,3,1,16,17,119,1420,1,2,2,2,2,2,2,1,1,0,,41.20524444,-73.89208056,12,1,0,1,1,1,0,1,1,0,16,21,16,29,16,58
360224,36,2020,5,10,1,5,2,27,3084,1,1,1,1,3,2,5,1,0,0,,41.63626667,-73.76706389,42,0,0,1,1,4,0,2,1,0,5,12,5,17,,
360226,36,2020,5,16,7,21,12,29,1170,1,1,1,1,5,2,5,3,0,0,0,42.96475,-78.61080278,53,0,0,1,1,4,0,3,1,0,21,14,21,15,21,53
360227,36,2020,5,16,7,16,21,109,2460,1,1,1,1,5,1,7,3,0,0,0,42.573675,-76.28835278,42,0,0,1,1,4,0,1,1,0,16,21,16,30,,
360228,36,2020,5,17,1,16,39,31,1425,1,1,1,1,3,1,4,1,0,0,,43.99851667,-73.41703333,30,0,0,1,1,4,0,1,1,0,16,40,16,56,,
360229,36,2020,5,18,2,19,11,37,530,1,1,1,3,5,1,4,3,0,0,0,43.07796389,-77.96238056,42,0,0,1,1,4,0,5,2,0,19,11,19,20,,
360230,36,2020,5,19,3,16,51,75,140,1,1,1,1,5,1,7,3,0,0,0,43.48560833,-75.97789722,34,0,0,1,1,4,0,1,10,0,16,51,17,8,17,47
360231,36,2020,5,19,3,20,49,29,6090,1,1,1,1,1,1,1,1,1,0,,,,26,0,0,1,1,3,0,3,10,0,,,,,,
360233,36,2020,5,20,4,3,10,81,4170,1,1,1,1,3,2,3,1,1,0,,,,42,0,1,5,1,10,0,3,1,0,,,,,,
360234,36,2020,5,20,4,16,30,75,1200,1,1,1,1,5,2,7,3,0,0,0,43.24883611,-75.87290278,42,0,0,1,1,4,0,1,1,0,16,35,16,45,,
360235,36,2020,5,14,5,21,46,11,310,1,1,1,1,6,2,4,4,0,0,0,42.93251667,-76.56456389,8,0,0,3,2,1,0,3,2,0,21,46,21,48,22,50
360236,36,2020,5,17,1,20,34,59,2600,1,1,1,1,3,2,3,1,1,0,,40.70500556,-73.64359167,8,0,0,3,2,1,0,2,1,0,20,36,20,37,20,53
360237,36,2020,5,18,2,11,49,37,530,1,1,1,1,3,1,5,1,0,0,,43.07786111,-77.94625556,8,0,0,1,1,2,0,1,10,0,11,49,11,53,,
360238,36,2020,5,19,3,16,0,55,2606,1,1,1,1,3,2,4,1,0,0,,43.02565,-77.66843611,9,0,0,3,2,1,0,1,1,0,16,0,16,4,,
360239,36,2020,5,20,4,18,24,61,4170,1,1,1,3,6,2,4,4,0,0,0,40.788575,-73.95527778,8,0,0,3,2,1,0,1,1,0,,,,,,
360240,36,2020,5,19,3,1,38,81,4170,1,2,1,1,6,2,3,4,1,0,0,40.68751111,-73.74884444,33,0,0,1,1,3,0,3,10,0,,,,,,
360242,36,2020,5,5,3,10,18,61,4170,1,1,1,1,6,2,4,4,0,0,,40.73095278,-73.98166389,9,0,0,1,1,1,0,1,1,0,10,18,10,25,10,35
360243,36,2020,5,20,4,4,43,5,4170,1,2,2,3,6,2,3,4,1,0,32,40.82628889,-73.85958889,12,1,0,1,1,1,0,3,1,0,,,,,,
360244,36,2020,5,19,3,17,53,119,6040,1,3,2,4,3,2,4,1,0,0,,41.04090278,-73.79796944,12,6,0,8,1,1,0,1,1,0,18,0,18,19,18,38
360246,36,2020,5,20,4,16,35,27,147,1,2,2,3,2,1,3,1,1,0,,41.83999444,-73.57270833,12,2,0,1,1,1,0,1,1,0,16,38,16,47,17,13
360248,36,2020,5,21,5,10,45,71,1169,1,1,1,1,3,2,5,1,0,0,,41.53226667,-74.37304444,24,0,0,1,1,4,0,1,1,0,10,47,10,58,,
360249,36,2020,5,21,5,13,57,1,50,1,1,1,1,6,2,4,4,0,0,,42.67133056,-73.78705,8,0,0,3,2,1,0,1,1,0,13,57,14,2,14,12
360250,36,2020,5,22,6,12,33,91,6731,1,1,1,1,1,2,1,1,1,0,,43.16581944,-73.71519167,35,0,0,1,1,4,0,1,1,0,12,33,12,34,,
360251,36,2020,5,22,6,5,20,85,4170,1,1,1,1,6,2,7,4,0,0,,40.60211111,-74.16716389,9,0,0,2,2,1,0,1,1,0,,,,,,
360253,36,2020,5,22,6,10,56,81,4170,1,2,2,2,6,2,7,4,0,0,,40.682525,-73.75659722,12,6,0,2,2,1,0,1,1,0,,,,,,
360254,36,2020,5,23,7,19,58,29,3070,1,2,2,4,3,2,3,1,1,0,,42.81644722,-78.84624167,12,6,0,8,1,1,0,1,1,0,,,,,,
360255,36,2020,5,23,7,18,20,101,420,1,1,1,3,5,1,7,3,0,0,,42.30519722,-77.3413,34,0,0,1,1,4,0,1,1,0,,,,,,
360256,36,2020,5,24,1,6,48,9,1959,1,1,1,1,5,1,7,3,0,0,,42.41471389,-78.32536944,35,0,0,1,1,4,0,4,10,0,6,51,7,8,,
360257,36,2020,6,5,6,18,11,55,5230,1,2,2,3,6,2,4,4,0,0,,43.16944167,-77.61429167,12,6,0,2,2,1,0,1,1,0,18,12,18,22,,
360258,36,2020,5,24,1,18,31,43,2880,1,1,1,2,5,1,7,3,0,0,,42.94033056,-75.11164167,30,0,0,1,1,4,0,1,1,0,18,32,18,35,19,27
360259,36,2020,5,21,5,23,58,65,5260,1,1,1,2,3,2,3,1,1,0,,43.2096,-75.45459167,9,0,0,2,3,1,0,3,1,0,23,58,0,0,,
360260,36,2020,6,5,6,21,26,87,3833,1,2,2,4,3,1,2,1,1,0,,41.076975,-74.05062778,12,1,0,1,1,1,0,2,2,0,21,26,21,36,22,5
360261,36,2020,5,27,4,21,31,75,2200,1,1,1,1,3,2,4,1,0,0,,43.36123056,-76.44065833,30,0,0,1,1,4,0,2,1,0,21,31,21,39,,
360262,36,2020,6,4,5,1,3,29,3140,2,2,2,2,1,2,1,1,1,0,,42.94826389,-78.63334167,12,2,0,1,1,1,0,2,1,0,1,9,,,,
360263,36,2020,6,6,7,12,13,45,220,1,1,1,1,4,1,7,2,0,0,0,44.22148333,-75.72604444,43,0,0,1,1,4,0,1,1,0,13,37,14,30,,