st_case,state,year,month,day,day_week,hour,minute,county,city,fatals_crash,vehicles_total,vehicles_in_transport,persons_total,route,rural_urban,functional_system,road_owner,nhs,special_jurisdiction,milepoint,latitude,longitude,first_harmful_event,manner_collision,rel_jct_interchange,rel_jct_location,intersection_type,relation_to_road,work_zone,light_condition,weather,school_bus_related,ems_notified_hour,ems_notified_min,ems_arrival_hour,ems_arrival_min,hospital_hour,hospital_min
360264,36,2020,6,6,7,21,0,65,6220,1,1,1,1,3,2,2,1,1,0,,43.12383056,-75.22950278,1,0,1,5,1,10,0,3,10,0,21,3,21,12,21,38
360265,36,2020,5,27,4,20,12,27,6266,1,2,2,2,4,1,6,2,0,0,,41.72583056,-73.63114167,12,2,0,1,1,1,0,2,1,0,20,12,20,20,,
360266,36,2020,5,27,4,23,28,1,50,1,1,1,1,3,2,2,1,1,0,,42.67720556,-73.8021,24,0,0,1,1,4,0,2,1,0,23,32,23,34,,
360267,36,2020,6,7,1,21,6,69,830,1,1,1,1,5,1,7,3,0,0,0,42.85459167,-77.29638056,59,0,0,1,1,4,0,5,1,0,21,6,21,12,,
360268,36,2020,5,27,4,17,42,103,2840,1,1,1,2,5,2,7,3,0,0,,40.884775,-73.43667778,42,0,0,1,1,4,0,1,1,0,19,42,20,13,21,11
360269,36,2020,5,28,5,11,35,53,3450,1,1,1,1,4,1,6,2,0,0,,42.88408889,-75.50589722,9,0,0,1,1,2,0,1,10,0,11,36,11,42,,
360270,36,2020,6,7,1,13,22,81,4170,1,2,2,3,3,2,3,1,1,0,,40.74593056,-73.848,24,0,0,1,1,3,0,1,1,0,13,26,13,40,13,44
360271,36,2020,6,8,2,15,25,27,5030,1,1,1,1,2,2,3,1,1,0,127,41.66444444,-73.92978611,1,0,0,1,1,1,0,1,1,0,15,26,15,29,15,51
360272,36,2020,6,8,2,8,38,27,5150,1,2,2,2,5,1,7,3,0,0,0,41.87547778,-73.91615278,12,2,0,1,1,1,0,1,1,0,8,32,8,43,9,2
360273,36,2020,5,29,6,19,0,1,50,1,2,2,2,1,2,1,1,1,0,,42.67021111,-73.74998611,12,2,1,20,1,1,0,1,10,0,19,8,19,13,19,32
360274,36,2020,5,30,7,1,47,5,4170,1,1,1,3,1,2,1,1,1,0,,40.84489722,-73.91507778,33,0,1,5,1,4,0,3,2,0,,,,,,
360275,36,2020,6,9,3,3,11,107,5910,1,3,2,2,3,1,4,1,0,0,,42.22259167,-76.40417222,12,2,0,1,1,1,0,2,1,0,3,11,3,30,,
360276,36,2020,6,9,3,9,39,83,5540,1,1,1,2,3,1,4,1,0,0,,42.87296111,-73.61184722,42,0,0,1,1,4,0,1,1,0,9,39,9,40,,
360277,36,2020,5,30,7,23,42,81,4170,1,2,1,1,6,2,3,4,1,0,,40.69913056,-73.76276944,1,0,0,1,1,7,0,3,1,0,,,,,,
360278,36,2020,6,10,4,22,21,81,4170,1,1,1,1,1,2,1,1,1,0,,40.75242778,-73.89751667,8,0,0,1,1,1,0,3,1,0,,,,,,
360279,36,2020,5,31,1,18,31,59,2600,1,2,2,3,3,2,2,1,1,0,,40.68369444,-73.65601667,12,1,0,1,1,1,0,1,1,0,18,36,18,48,,
360281,36,2020,6,10,4,15,44,47,4170,1,1,1,1,6,2,5,4,0,0,0,40.65620278,-73.90771944,8,0,0,4,1,1,0,1,1,0,,,,,,
360282,36,2020,6,1,2,15,45,63,3340,1,2,2,2,4,2,4,2,0,0,,43.15316111,-78.66552778,12,2,0,2,2,1,0,1,1,0,15,49,15,55,,
360284,36,2020,6,2,3,3,0,45,1900,5,1,1,5,2,2,3,1,1,0,,44.019575,-75.85351944,31,0,0,1,1,4,0,2,1,0,3,10,3,17,,
360285,36,2020,6,3,4,14,42,59,2600,1,1,1,2,3,2,2,1,1,0,,40.66031111,-73.51038056,42,0,0,1,1,4,0,1,1,0,14,42,14,45,,
360286,36,2020,6,11,5,1,34,5,4170,2,1,1,1,3,2,3,1,1,0,,40.87816111,-73.86980556,24,0,1,5,1,4,0,3,10,0,,,,,,
360287,36,2020,6,11,5,16,53,5,4170,1,1,1,1,6,2,7,4,0,0,0,40.81216111,-73.93029167,9,0,0,1,1,1,0,1,1,0,16,53,16,58,,
360288,36,2020,6,11,5,20,10,69,830,1,1,1,1,5,1,7,3,0,0,0,42.82685556,-77.32900556,9,0,0,1,1,1,0,5,1,0,20,10,20,22,,
360289,36,2020,6,12,6,0,2,5,4170,1,2,2,2,6,2,7,4,0,0,0,40.81152778,-73.89053333,12,6,0,2,2,1,0,3,10,0,,,,,,
360290,36,2020,6,12,6,8,40,55,652,1,2,2,2,3,2,3,1,1,0,,43.11376944,-77.55104167,12,6,0,2,3,1,0,1,1,0,8,41,8,45,,
360291,36,2020,6,12,6,15,44,47,4170,1,2,2,4,6,2,7,4,0,0,0,40.64480833,-73.89905278,12,6,0,2,2,1,0,1,1,0,,,,,,
360292,36,2020,6,13,7,23,38,47,4170,1,1,1,2,6,2,7,4,0,0,0,40.679575,-73.93456111,8,0,0,1,1,1,0,3,1,0,,,,,,
360293,36,2020,6,13,7,14,37,59,2600,1,1,1,1,3,2,2,1,1,0,,40.68784722,-73.51458333,59,0,0,1,1,4,0,1,1,0,14,37,14,50,15,10
360294,36,2020,6,13,7,22,8,83,6110,1,6,4,5,6,2,7,4,0,0,0,42.75130556,-73.68131667,12,1,0,1,1,1,0,3,1,0,22,8,22,15,22,37
360295,36,2020,6,13,7,19,21,3,1046,1,1,1,1,5,1,7,3,0,0,0,42.49114444,-78.27917222,34,0,0,1,1,4,0,1,1,0,19,21,19,25,,
360297,36,2020,6,15,2,0,21,81,4170,1,2,2,3,1,2,1,1,1,0,,40.73072778,-73.91461667,1,0,0,1,1,1,0,6,1,0,0,21,,,,
360298,36,2020,6,15,2,9,39,55,2898,1,1,1,1,5,2,7,3,0,0,0,43.19088056,-77.58134167,8,0,0,1,1,1,0,1,1,0,9,39,9,44,,
360299,36,2020,6,16,3,8,52,61,4170,1,1,1,1,6,2,4,4,0,0,0,40.76467222,-73.97274444,9,0,0,1,1,1,0,1,1,0,8,53,8,57,,
360300,36,2020,6,17,4,6,34,43,2610,1,2,2,3,1,2,1,1,1,0,,43.01778333,-74.99319167,23,0,0,1,1,3,0,1,1,0,6,38,6,54,,
360301,36,2020,6,17,4,10,19,33,5460,1,1,1,1,5,1,7,3,0,0,0,44.32274444,-74.14211389,9,0,0,8,1,1,0,1,1,0,10,19,10,25,,
360302,36,2020,6,18,5,10,3,103,2758,1,2,2,2,8,2,3,2,1,0,0,40.80964722,-73.01963056,12,1,0,1,1,1,0,1,10,0,10,3,10,8,10,26
360303,36,2020,6,18,5,12,19,109,6120,1,3,3,3,3,1,4,1,0,0,,42.48619444,-76.57381111,53,0,0,1,1,4,0,1,1,0,12,42,,,13,45
360304,36,2020,6,19,6,22,30,71,4060,1,2,2,2,6,2,4,4,0,0,0,41.50038611,-74.01669167,12,6,0,1,1,1,0,3,1,0,22,30,,,22,40
360305,36,2020,6,20,7,17,7,5,4170,1,1,1,3,6,2,3,4,1,0,7,40.863175,-73.81500556,9,0,0,1,1,1,0,1,1,0,,,,,,
360306,36,2020,6,4,5,3,55,81,4170,1,1,1,1,6,2,7,4,0,0,,40.66766111,-73.80728333,8,0,0,3,3,1,0,6,1,0,,,,,,
360307,36,2020,6,4,5,12,51,75,6319,1,1,1,1,4,2,5,2,0,0,,43.34180278,-76.39884167,30,0,0,1,1,4,0,1,10,0,12,51,12,55,13,40
360308,36,2020,6,5,6,14,45,43,4445,1,2,2,4,3,1,4,1,0,0,,43.62892222,-75.08442222,12,8,0,1,1,1,0,1,1,0,14,47,14,57,16,20
360309,36,2020,6,5,6,19,45,5,4170,1,1,1,1,6,2,3,4,1,0,,40.8091,-73.923,9,0,0,2,2,1,0,1,2,0,,,,,,
360310,36,2020,6,5,6,4,13,47,4170,1,1,1,1,6,2,3,4,1,0,,40.63314444,-73.88904722,8,0,0,1,1,1,0,3,2,0,,,,,,
360311,36,2020,5,24,1,20,9,61,4170,1,7,2,4,6,2,3,4,1,0,8,40.79383056,-73.94008333,12,6,0,2,2,1,0,3,1,0,,,,,,
360312,36,2020,6,19,6,12,25,71,1169,1,1,1,4,3,2,2,1,1,0,,41.54656111,-74.42535278,42,0,0,1,1,4,0,1,1,0,12,28,12,40,16,15
360313,36,2020,6,19,6,22,28,7,6740,1,1,1,1,3,1,5,1,0,0,,42.10408056,-75.64644167,53,0,0,1,1,4,0,2,1,0,22,29,23,5,,
360314,36,2020,2,10,2,20,40,103,4670,1,1,1,1,4,2,4,2,0,0,,40.78168889,-73.036225,15,0,0,1,1,1,0,2,2,0,20,40,20,46,21,2
360315,36,2020,2,25,3,7,9,103,705,1,1,1,1,5,2,7,3,0,0,,40.80369167,-72.80086667,33,0,0,1,1,4,0,1,1,0,7,9,7,16,,
360316,36,2020,6,12,6,11,28,21,1173,1,2,2,2,3,2,3,1,1,0,,42.20979444,-73.73097778,12,2,0,1,1,1,0,1,1,0,11,28,11,33,,
360317,36,2020,6,20,7,10,41,71,1431,1,2,2,3,2,2,3,1,1,0,,41.39003889,-74.66209444,1,0,0,1,1,1,0,1,1,0,10,41,10,46,11,4
360318,36,2020,6,26,6,11,6,37,5947,1,2,2,2,4,1,7,2,0,0,0,42.95960278,-78.13346111,12,6,0,8,1,1,0,1,1,0,11,8,11,23,,
360319,36,2020,6,26,6,15,19,111,6491,1,1,1,1,4,1,7,2,0,0,0,41.76918889,-74.48176944,43,0,0,1,1,4,0,1,1,0,15,19,15,32,,
360320,36,2020,6,27,7,17,45,29,750,1,2,2,3,6,2,7,4,0,0,0,42.89595556,-78.84461944,12,6,0,2,2,1,0,1,1,0,17,45,,,,
360321,36,2020,6,23,3,16,20,71,4060,1,3,3,4,1,2,1,1,1,0,,41.51336111,-74.05241111,12,1,0,1,1,1,0,1,1,0,16,20,16,30,17,14
360322,36,2020,1,25,7,23,32,103,360,1,1,1,1,3,2,2,1,1,0,,40.72025556,-73.40165278,30,0,0,1,1,4,0,3,10,0,23,32,23,48,,
360323,36,2020,6,20,7,20,52,55,6510,1,1,1,1,3,2,4,1,0,0,,43.20370278,-77.49353889,8,0,0,1,1,2,0,5,1,0,20,52,20,56,,
360325,36,2020,6,21,1,12,5,103,5210,1,1,1,1,1,2,1,1,1,0,,40.92157778,-72.72064444,31,0,1,5,1,4,0,1,1,0,12,5,12,11,13,8
360326,36,2020,6,21,1,11,20,113,3100,1,1,1,2,1,2,1,1,1,0,,43.42033333,-73.72183889,24,0,0,1,1,4,0,1,10,0,11,20,11,27,,
360327,36,2020,6,27,7,4,48,61,4170,1,2,2,6,6,2,5,4,0,0,0,40.8264,-73.95036944,12,6,0,2,2,1,0,3,1,0,,,,,,
360328,36,2020,6,21,1,18,53,65,800,2,3,3,3,4,1,7,2,0,0,,43.35781944,-75.74677778,12,2,0,1,1,1,0,1,1,0,18,55,18,57,19,54
360329,36,2020,6,21,1,4,8,47,4170,1,2,2,3,6,2,7,4,0,0,,40.66024722,-73.92574722,12,6,0,2,2,1,0,3,1,0,,,,,,
360330,36,2020,6,27,7,4,21,119,2555,1,1,1,1,1,2,1,1,1,0,,41.03234444,-73.752625,31,0,0,1,1,4,0,2,1,0,5,7,5,47,,
360331,36,2020,6,21,1,21,23,5,4170,2,5,5,14,6,2,3,4,1,0,,40.86417778,-73.81270278,12,7,0,1,1,1,0,3,1,0,,,,,,
360332,36,2020,4,19,1,22,22,59,2600,1,1,1,1,5,2,7,3,0,0,0,40.70234722,-73.60676111,8,0,0,1,1,1,0,3,1,0,,,,,,
360333,36,2020,6,29,2,14,41,81,4170,1,2,2,2,6,2,4,4,0,0,,40.58259167,-73.83022778,12,6,0,2,2,1,0,1,1,0,14,43,,,,
360334,36,2020,6,30,3,0,24,81,4170,1,7,2,3,6,2,7,4,0,0,0,40.75314167,-73.87262778,12,6,0,2,3,1,0,3,1,0,,,,,,
360335,36,2020,6,30,3,12,58,81,4170,1,3,3,3,6,2,3,4,1,0,0,40.71229444,-73.88940556,12,7,0,3,3,1,0,1,1,0,13,1,13,15,13,43
360336,36,2020,6,30,3,18,24,5,4170,1,4,2,4,6,2,7,4,0,0,0,40.81005556,-73.88723889,12,6,0,2,2,1,0,1,1,0,,,,,,
360337,36,2020,6,22,2,2,54,119,6820,1,1,1,1,3,2,2,1,1,0,,40.92869444,-73.879175,24,0,0,5,1,4,0,3,1,0,2,54,3,0,3,51
360338,36,2020,6,22,2,13,30,81,4170,1,1,1,1,7,2,3,4,1,0,,40.67988333,-73.84423889,8,0,0,1,1,4,0,1,1,0,13,31,13,34,13,46
360339,36,2020,7,1,4,1,0,59,2600,1,1,1,2,5,2,7,3,0,0,0,40.71010833,-73.51461944,42,0,0,1,1,4,0,3,1,0,1,5,1,20,1,28
360340,36,2020,7,2,5,20,36,107,4040,1,1,1,1,3,1,4,1,0,0,,42.18856111,-76.20490556,59,0,0,1,1,4,0,5,1,0,20,36,20,40,21,41
360341,36,2020,6,23,3,0,32,47,4170,1,6,1,1,6,2,7,4,0,0,,40.63605833,-73.89071944,15,0,0,3,2,1,0,3,1,0,0,32,,,,
360342,36,2020,7,2,5,16,56,65,3542,1,1,1,1,3,1,2,1,1,0,,43.15390833,-75.3035,24,0,0,1,1,4,0,1,10,0,16,59,17,10,,
360343,36,2020,7,2,5,14,30,59,2600,1,1,1,1,5,2,4,3,0,0,0,40.74135278,-73.58506667,42,0,0,1,1,4,0,1,1,0,14,31,14,37,15,0
360345,36,2020,7,7,3,20,19,59,2600,1,1,1,1,3,2,3,1,1,0,,40.75505278,-73.61665278,24,0,1,5,1,4,0,5,1,0,20,19,20,25,20,37
360346,36,2020,7,10,6,1,46,89,6747,1,1,1,1,3,1,4,1,0,0,,44.77068889,-74.81855833,42,0,0,1,1,4,0,2,1,0,1,46,2,6,,
360347,36,2020,7,11,7,3,58,111,3329,1,1,1,1,2,2,3,1,1,0,,41.75125556,-73.96402222,8,0,0,1,1,1,0,2,10,0,4,1,4,4,4,45
360348,36,2020,7,13,2,13,15,83,2974,1,1,1,1,5,1,7,3,0,0,0,42.87542778,-73.53657778,34,0,0,1,1,4,0,1,1,0,13,15,13,20,16,15
360349,36,2020,7,13,2,21,53,17,4350,1,1,1,1,3,2,3,1,1,0,,42.48224444,-75.54126111,8,0,0,3,2,1,0,2,1,0,21,53,21,57,,
360350,36,2020,7,3,6,7,54,63,3340,1,2,2,2,3,2,3,1,1,0,,43.09063889,-78.69688333,12,2,0,2,2,1,0,1,1,0,,,,,,
360351,36,2020,7,5,1,11,46,59,4090,1,2,2,2,5,2,7,3,0,0,0,40.78052222,-73.73284444,12,6,0,8,1,1,0,1,1,0,11,48,11,51,12,14
360352,36,2020,7,5,1,16,15,103,5870,1,2,2,5,4,2,3,2,1,0,0,40.9918,-72.53840556,12,1,0,2,2,1,0,1,1,0,16,15,16,20,16,40
360353,36,2020,7,5,1,2,25,55,5230,2,2,2,5,6,2,7,4,0,0,0,43.17811667,-77.62509167,12,6,0,1,1,1,0,3,1,0,2,26,2,33,,
360354,36,2020,7,7,3,19,1,75,1312,2,2,2,3,3,1,4,1,0,0,,43.24793889,-76.01468056,12,2,0,8,1,1,0,1,1,0,19,2,19,8,19,39
360355,36,2020,7,8,4,21,38,29,750,1,2,2,3,2,2,3,4,1,0,,42.88974722,-78.81416667,12,2,0,1,1,1,0,3,1,0,21,38,21,44,,
360356,36,2020,7,12,1,17,57,103,5210,1,2,2,2,8,2,3,3,1,0,59,40.96336667,-72.71343056,12,2,0,1,1,1,0,1,1,0,17,58,18,4,,
360357,36,2020,7,13,2,16,42,59,4600,1,2,2,2,5,2,4,3,0,0,0,40.74936944,-73.51848889,12,6,0,8,1,1,0,1,1,0,16,43,16,47,17,10
360358,36,2020,7,13,2,7,20,103,5870,1,1,1,1,5,2,7,3,0,0,0,41.10168611,-72.36289167,8,0,0,3,2,1,0,1,1,0,7,20,7,45,7,57
360359,36,2020,7,4,7,16,20,35,3630,1,2,2,4,3,1,3,1,1,0,,43.12474444,-74.25032778,9,0,0,1,1,1,0,1,1,0,16,21,16,29,16,56
360360,36,2020,7,5,1,19,19,47,4170,1,3,3,5,6,2,3,4,1,0,29,40.62573611,-73.95637778,12,6,0,2,2,1,0,1,1,0,19,20,,,,
360361,36,2020,7,11,7,19,53,47,4170,1,3,1,3,6,2,3,4,1,0,,40.64366389,-73.99129444,8,0,0,1,1,1,0,3,1,0,,,,,,
360362,36,2020,6,24,4,3,55,81,4170,1,1,1,1,3,2,3,1,1,0,,40.64613056,-73.74949722,8,0,0,1,1,1,0,3,1,0,,,,,,
360363,36,2020,6,24,4,21,31,5,4170,1,1,1,1,6,2,7,4,0,0,,40.83789722,-73.86729167,8,0,0,3,3,1,0,3,1,0,,,,,,
360364,36,2020,6,24,4,3,26,91,2230,1,1,1,1,3,1,3,1,1,0,,43.07183333,-73.98719167,8,0,0,1,1,1,0,2,2,0,3,27,,,,
360365,36,2020,6,17,4,9,26,103,2840,1,2,2,2,3,2,2,1,1,0,,40.81927222,-73.30017222,12,1,0,1,1,1,0,1,1,0,9,26,9,30,,
360366,36,2020,6,18,5,13,40,29,613,2,2,2,3,3,1,5,62,0,3,,42.56258889,-79.08765833,1,0,0,8,1,1,0,1,1,0,13,40,14,1,,
360367,36,2020,6,19,6,19,57,103,2840,1,1,1,2,3,2,2,1,1,0,,40.82568611,-73.35993333,42,0,0,1,1,4,0,1,10,0,19,57,20,2,20,31
360368,36,2020,2,8,7,23,0,1,1290,1,1,1,2,3,2,3,1,1,0,,42.75008333,-73.69932778,8,0,0,2,2,1,0,2,1,0,23,3,23,9,23,24
360369,36,2020,6,21,1,20,30,79,4682,1,2,2,7,3,1,3,1,1,0,,41.51383333,-73.5908,12,2,0,1,1,1,0,3,1,0,20,33,20,33,21,55
360370,36,2020,6,26,6,13,36,65,6270,1,2,2,3,3,1,5,1,0,0,,43.04799444,-75.50201944,12,6,0,8,1,1,0,1,1,0,13,39,13,48,14,4
360371,36,2020,7,3,6,22,50,87,5077,1,1,1,1,3,2,2,11,1,0,,41.17546944,-74.03541389,8,0,0,1,1,1,0,2,2,0,,,,,,
360372,36,2020,7,4,7,4,0,63,4210,1,1,1,4,3,2,3,1,1,0,,43.10725278,-79.02983611,30,0,0,3,3,4,0,3,1,0,4,12,4,19,4,37
360373,36,2020,7,18,7,19,57,23,1380,1,1,1,1,1,2,1,1,1,0,,42.59042778,-76.13163056,24,0,0,1,1,4,0,1,1,0,19,57,20,7,,
360374,36,2020,3,29,1,17,6,67,6010,1,1,1,1,1,2,1,1,1,0,,43.05459167,-76.15801667,30,0,1,5,1,4,0,1,10,0,17,7,17,10,,
360375,36,2020,7,6,2,10,43,47,4170,1,3,1,1,6,2,3,4,1,0,,40.68656111,-73.87956389,14,0,0,1,1,7,0,1,1,0,10,44,10,51,11,24
360376,36,2020,7,11,7,10,49,109,2940,1,2,2,3,4,1,7,2,0,0,,42.46742778,-76.5477,12,6,0,2,3,1,0,1,10,0,10,49,10,54,11,19
360377,36,2020,6,28,1,17,22,107,5172,5,2,2,7,3,1,3,1,1,0,,42.3641,-76.12350278,12,2,0,1,1,1,0,1,10,0,17,22,17,35,,
360378,36,2020,7,18,7,19,3,83,5958,1,2,2,2,3,1,5,1,0,0,,42.56519167,-73.41086944,12,2,0,1,1,1,0,1,1,0,19,5,19,13,,
360379,36,2020,7,18,7,17,30,47,4170,1,1,1,2,6,2,4,4,0,0,0,40.732,-73.95793611,5,0,0,1,1,1,0,1,1,0,,,,,,
360380,36,2020,7,18,7,16,20,83,725,1,2,2,2,3,2,4,1,0,0,,42.77353333,-73.64065278,12,2,0,1,1,1,0,1,1,0,16,23,16,27,,
360381,36,2020,7,18,7,10,58,17,1705,1,1,1,1,3,1,4,1,0,0,,,,1,0,0,1,1,1,0,1,1,0,11,2,,,,
360382,36,2020,7,19,1,4,5,29,750,1,1,1,1,6,2,7,4,0,0,0,42.91027778,-78.86373056,42,0,0,1,1,5,0,3,1,0,4,4,,,,
360383,36,2020,7,19,1,16,33,47,4170,1,1,1,1,3,2,2,1,1,0,,40.5861,-73.93624444,24,0,0,1,1,3,0,1,1,0,16,33,,,,
360384,36,2020,6,11,5,23,0,59,2600,1,2,2,2,8,2,3,2,1,0,86,40.70573056,-73.61988889,8,0,0,3,3,1,0,3,5,0,,,,,,
360385,36,2020,6,14,1,0,38,29,750,1,1,1,1,2,2,3,1,1,0,,42.90125278,-78.81387778,9,0,0,1,1,1,0,3,1,0,0,39,0,45,,
360386,36,2020,7,20,2,21,27,93,5550,1,2,2,3,6,2,7,4,0,0,0,42.79976667,-73.94830556,12,6,0,1,1,1,0,3,1,0,21,27,21,30,21,44
360387,36,2020,7,14,3,1,26,5,4170,1,1,1,1,6,2,3,4,1,0,,40.84428056,-73.88878056,8,0,0,1,1,1,0,3,1,0,1,29,,,,
360388,36,2020,7,20,2,23,46,5,4170,2,6,6,11,1,2,1,1,1,0,,40.83515278,-73.82534167,30,0,0,1,1,3,0,3,1,0,,,,,,
360389,36,2020,7,14,3,15,19,19,3000,1,2,2,3,3,1,3,1,1,0,,44.45611944,-73.61081944,12,2,0,1,1,4,0,1,10,0,15,19,15,23,,
360390,36,2020,7,15,4,9,52,47,4170,1,2,2,3,6,2,7,4,0,0,,40.66244722,-73.90988333,12,6,0,2,2,1,0,1,1,0,,,,,,
360391,36,2020,7,21,3,14,14,105,3850,1,2,2,3,3,2,4,1,0,0,,41.666,-74.72011667,12,6,0,1,1,1,0,1,1,0,14,20,14,30,,
360393,36,2020,7,24,6,3,53,5,4170,1,1,1,1,3,2,3,1,1,0,,40.89562778,-73.86130833,8,0,0,1,1,1,0,3,10,0,,,,,,
360394,36,2020,7,24,6,3,10,85,4170,1,1,1,1,1,2,1,1,1,0,,40.60625556,-74.07696389,8,0,0,1,1,1,0,3,2,0,,,,,,
360395,36,2020,7,25,7,21,25,47,4170,1,3,3,6,6,2,5,4,0,0,0,40.71482222,-73.958825,12,6,0,2,2,1,0,3,1,0,,,,,,
360396,36,2020,7,15,4,0,26,61,4170,1,2,2,5,3,2,2,4,1,0,,40.79553333,-73.97723056,30,0,0,1,1,3,0,3,1,0,0,26,,,,
360397,36,2020,5,19,3,7,40,119,6040,1,1,1,1,3,1,3,1,1,0,,,,31,0,0,1,1,4,0,1,1,0,7,39,7,50,8,22
360398,36,2020,7,15,4,13,45,69,1640,1,2,2,5,5,1,7,3,0,0,,42.8567,-77.44766389,1,0,0,1,1,4,0,1,1,0,13,45,13,54,,
360399,36,2020,6,3,4,17,28,37,5947,1,4,4,4,1,1,1,1,1,0,,43.02306389,-78.06572222,12,1,0,1,1,1,0,1,1,0,,,,,,
360400,36,2020,7,15,4,15,57,55,2395,1,2,2,2,3,2,2,1,1,0,,43.27175556,-77.66691944,12,1,1,20,1,1,0,1,1,0,16,23,19,11,20,20
360401,36,2020,7,26,1,19,20,81,4170,1,1,1,1,6,2,4,4,0,0,0,40.72463889,-73.76483333,33,0,0,1,1,4,0,1,1,0,19,20,19,26,,
360402,36,2020,7,25,7,12,18,7,1880,1,1,1,4,3,2,4,1,0,0,,42.13864444,-76.06666944,8,0,0,1,1,1,0,1,1,0,,,,,,
360403,36,2020,7,26,1,20,55,43,3290,2,2,2,3,3,1,6,1,0,0,,43.07484167,-74.85809444,12,6,0,2,2,1,0,5,1,0,20,55,21,4,,
360404,36,2020,7,28,3,15,24,55,2248,1,2,2,2,3,2,5,1,0,0,,43.15266389,-77.732275,12,2,0,1,1,1,0,1,1,0,15,24,15,27,15,59
360405,36,2020,7,18,7,23,0,5,4170,1,1,1,1,1,2,1,1,1,0,,40.85493056,-73.82622222,8,0,0,1,1,1,0,3,1,0,,,,,,
360407,36,2020,7,29,4,15,22,1,3066,1,1,1,1,4,1,7,2,0,0,0,42.68466667,-74.15587222,1,0,0,1,1,5,0,1,1,0,16,15,17,15,,
360408,36,2020,7,18,7,15,39,13,5974,1,3,3,5,4,1,5,2,0,0,,42.34445833,-79.36440278,12,8,0,1,1,1,0,1,1,0,15,39,15,44,,
360409,36,2020,6,3,4,18,39,117,6710,1,2,2,3,3,1,3,1,1,0,,43.23497222,-77.17169444,12,6,0,3,2,1,0,1,1,0,18,40,18,42,19,35
360410,36,2020,8,1,7,17,25,103,2920,1,1,1,1,3,1,2,1,1,0,,40.73893333,-73.23151389,25,0,0,1,1,3,0,1,1,0,17,25,17,32,17,41
360411,36,2020,8,1,7,2,26,103,360,1,1,1,1,3,2,3,1,1,0,,40.69283056,-73.42251111,8,0,0,1,1,1,0,3,1,0,2,26,2,32,,
360412,36,2020,7,26,1,23,20,29,750,1,1,1,1,6,2,7,4,0,0,0,42.91141389,-78.89507778,8,0,0,3,2,1,0,3,1,0,23,20,23,25,,
360413,36,2020,8,3,2,20,20,5,4170,1,1,1,3,1,2,1,1,1,0,,40.86409722,-73.91053611,8,0,0,1,1,1,0,2,1,0,20,20,20,30,,
360414,36,2020,6,24,4,15,0,71,3840,1,1,1,1,1,2,1,1,1,0,,41.50705556,-74.21677778,42,0,0,1,1,4,0,1,1,0,15,3,15,20,,
360415,36,2020,7,3,6,16,30,67,6010,1,3,3,4,6,2,4,4,0,0,,43.04824167,-76.11377222,12,6,0,8,1,1,0,1,1,0,16,32,16,36,16,48
360416,36,2020,6,5,6,11,53,15,1850,2,2,2,3,3,2,3,1,1,0,,42.10625,-76.81138611,12,6,0,2,2,1,0,1,1,0,11,53,11,57,12,8
360417,36,2020,8,2,1,5,9,61,4170,1,1,1,1,6,2,3,4,1,0,17,40.7447,-73.995225,8,0,0,3,2,1,0,3,1,0,5,13,5,22,5,30
360418,36,2020,7,18,7,14,0,65,5120,1,1,1,1,5,1,7,3,0,0,,43.40221944,-75.18891944,42,0,0,1,1,4,0,1,1,0,14,13,14,25,15,15
360419,36,2020,7,29,4,22,54,27,2785,1,2,2,2,3,2,5,1,0,0,,41.52216944,-73.69804444,12,2,0,3,3,1,0,2,1,0,22,54,23,4,23,38
360420,36,2020,8,2,1,20,18,47,4170,1,2,2,2,6,2,3,4,1,0,,40.64026944,-73.89690556,12,2,0,2,2,1,0,1,1,0,20,20,20,22,20,36
360421,36,2020,8,3,2,13,21,47,4170,1,2,2,2,6,2,7,4,0,0,,40.67426944,-73.86188333,12,6,0,2,2,1,0,1,1,0,13,21,,,,
360422,36,2020,7,2,5,14,39,93,5550,1,1,1,1,3,2,2,1,1,0,,42.78438333,-73.91224167,9,0,0,1,1,1,0,1,1,0,14,39,14,44,14,55
360423,36,2020,6,30,3,18,38,47,4170,1,1,1,2,6,2,7,4,0,0,,40.65698889,-73.89387778,8,0,0,3,2,1,0,5,1,0,18,38,18,38,19,0
360424,36,2020,8,1,7,20,33,59,2280,1,1,1,2,3,2,3,1,1,0,,40.86294444,-73.63177222,8,0,0,3,2,1,0,5,1,0,20,33,20,38,20,56
360425,36,2020,8,3,2,6,10,111,6491,1,1,1,1,3,1,3,1,1,0,,41.72968333,-74.43395833,24,0,0,1,1,4,0,1,1,0,6,10,6,15,,
360426,36,2020,2,26,4,20,17,103,705,1,1,1,1,4,2,3,2,1,0,,40.80467222,-72.87104722,8,0,0,1,1,1,0,2,10,0,20,17,20,19,20,37
360427,36,2020,8,3,2,20,49,29,750,1,1,1,1,6,2,7,4,0,0,,42.92288056,-78.89125833,8,0,0,1,1,1,0,3,1,0,,,,,,
360428,36,2020,6,27,7,15,13,103,2920,1,1,1,2,3,2,2,1,1,0,,40.69943611,-73.28876111,24,0,0,1,1,3,0,1,10,0,15,13,15,13,15,20