st_case,state,year,month,day,day_week,hour,minute,county,city,fatals_crash,vehicles_total,vehicles_in_transport,persons_total,route,rural_urban,functional_system,road_owner,nhs,special_jurisdiction,milepoint,latitude,longitude,first_harmful_event,manner_collision,rel_jct_interchange,rel_jct_location,intersection_type,relation_to_road,work_zone,light_condition,weather,school_bus_related,ems_notified_hour,ems_notified_min,ems_arrival_hour,ems_arrival_min,hospital_hour,hospital_min
360429,36,2020,8,5,4,0,17,5,4170,1,5,5,4,1,2,1,1,1,0,,40.84049722,-73.88634722,12,7,0,1,1,1,0,2,1,0,,,,,,
360430,36,2020,8,10,2,23,4,63,5323,1,2,1,1,5,1,7,3,0,0,0,43.16856389,-78.59060833,53,0,0,1,1,4,0,2,1,0,23,4,23,8,,
360431,36,2020,8,2,1,2,11,47,4170,1,2,2,2,6,2,7,4,0,0,0,40.64523611,-73.88325,12,6,0,1,1,1,0,3,1,0,,,,,,
360432,36,2020,8,10,2,20,20,59,4090,1,2,2,3,3,2,3,1,1,0,,40.74256944,-73.65990278,12,2,0,2,2,1,0,5,1,0,20,23,20,27,20,41
360433,36,2020,8,11,3,18,18,59,4600,1,2,2,2,3,2,3,1,1,0,,40.81242778,-73.48836944,12,6,0,2,3,1,0,1,10,0,18,20,18,22,18,50
360434,36,2020,2,1,7,18,24,103,1039,1,1,1,1,3,2,3,1,1,0,,40.85856667,-73.10498056,8,0,0,1,1,1,0,3,1,0,,,,,,
360435,36,2020,2,10,2,6,15,103,2920,1,1,1,1,5,2,7,3,0,0,0,40.73126667,-73.2356,8,0,0,1,1,1,0,4,2,0,,,,,,
360436,36,2020,2,23,1,14,59,103,705,1,1,1,1,5,2,7,3,0,0,0,40.80204722,-72.78071111,24,0,0,1,1,4,0,1,1,0,,,15,4,15,27
360437,36,2020,2,23,1,21,0,103,360,1,3,3,3,4,2,3,2,1,0,,40.78996944,-73.01676667,9,0,0,1,1,1,0,2,1,0,,,,,,
360438,36,2020,2,28,6,21,45,103,705,1,2,2,2,3,2,2,1,1,0,,40.78700833,-72.96496111,12,1,0,1,1,1,0,2,1,0,21,46,21,57,,
360439,36,2020,3,2,2,5,39,103,1050,1,1,1,1,4,2,4,2,0,0,0,40.79516389,-73.18058056,8,0,0,1,1,1,0,4,1,0,5,44,5,46,5,58
360440,36,2020,3,6,6,18,30,103,1050,1,3,3,3,5,2,7,3,0,0,0,40.79722778,-73.19628333,8,0,0,1,1,1,0,3,2,0,,,,,,
360441,36,2020,8,6,5,4,32,55,2898,1,2,2,2,4,2,4,2,0,0,,43.20162778,-77.56782778,12,6,0,1,1,1,0,3,1,0,4,32,4,33,5,5
360442,36,2020,8,6,5,5,25,59,4600,1,1,1,1,4,2,4,2,0,0,,40.76419444,-73.52000556,8,0,0,3,2,1,0,4,1,0,5,30,5,34,6,4
360443,36,2020,8,9,1,22,19,5,4170,1,2,2,4,2,2,3,4,1,0,,40.86131667,-73.86673333,12,6,0,2,2,1,0,3,1,0,,,,,,
360444,36,2020,3,11,4,1,10,103,2920,1,1,1,1,5,2,4,3,1,0,0,40.77163333,-73.28115,30,0,0,1,1,4,0,2,1,0,,,,,,
360445,36,2020,8,9,1,4,48,59,4600,1,1,1,1,4,2,5,2,0,0,,40.72365278,-73.45864444,30,0,0,3,3,4,0,3,1,0,4,50,4,53,,
360446,36,2020,3,8,1,10,45,103,5769,1,3,1,1,3,2,3,1,1,0,,40.85563333,-73.17225833,14,0,0,1,1,7,0,1,1,0,,,,,,
360447,36,2020,3,17,3,0,29,103,5194,1,1,1,1,3,2,3,1,1,0,,40.89674167,-72.88131111,8,0,0,1,1,1,0,2,10,0,,,,,,
360448,36,2020,3,20,6,20,3,103,705,1,1,1,2,8,2,3,2,1,0,0,40.806875,-73.01901667,9,0,0,1,1,1,0,3,1,0,,,,,,
360449,36,2020,4,2,5,7,40,103,360,1,2,2,3,3,2,4,1,0,0,,40.70986667,-73.36274444,12,1,0,1,1,1,0,1,1,0,,,,,,
360450,36,2020,4,7,3,20,20,103,705,1,3,3,4,5,2,4,3,0,0,0,40.78919444,-72.84474444,12,6,0,2,3,1,0,3,1,0,,,,,,
360452,36,2020,8,11,3,7,15,5,4170,1,3,2,2,6,2,4,4,0,0,,40.87427222,-73.86705,12,6,0,3,3,1,0,1,1,0,7,15,,,,
360453,36,2020,8,10,2,3,45,55,2395,1,1,1,1,5,2,7,3,0,0,0,43.213675,-77.65930278,30,0,0,1,1,4,0,2,1,0,3,47,3,48,,
360454,36,2020,7,28,3,3,15,81,4170,1,1,1,1,6,2,3,4,1,0,0,40.71609167,-73.86115556,30,0,0,1,1,3,0,3,1,0,,,,,,
360455,36,2020,8,12,4,17,24,55,5230,1,2,2,2,3,2,4,4,0,0,,43.20479722,-77.63860556,12,6,0,2,2,1,0,1,1,0,17,24,17,27,,
360456,36,2020,8,12,4,16,18,13,1610,1,1,1,1,4,2,4,2,0,0,,42.481275,-79.310175,42,0,0,1,1,4,0,1,1,0,16,18,16,21,,
360457,36,2020,4,1,4,9,0,103,3270,1,1,1,3,5,2,7,3,0,0,0,40.66885278,-73.368,5,0,0,1,1,1,0,1,1,0,9,5,9,10,9,40
360459,36,2020,8,1,7,20,57,59,2600,1,1,1,1,8,2,3,2,1,0,6,40.71575556,-73.62080556,8,0,0,1,1,1,0,3,10,0,21,2,21,4,,
360460,36,2020,8,15,7,19,3,25,6360,1,1,1,1,3,1,4,1,0,0,,42.19777778,-75.15898611,24,0,0,1,1,4,0,1,1,0,19,4,19,11,,
360461,36,2020,8,9,1,1,38,67,6010,1,1,1,1,2,2,3,1,1,0,,43.05241944,-76.18065833,8,0,0,1,1,1,0,3,1,0,1,38,1,41,1,56
360462,36,2020,7,7,3,9,10,81,4170,1,1,1,1,6,2,7,4,0,0,,40.59955556,-73.749725,8,0,0,3,2,1,0,1,1,0,,,,,,
360463,36,2020,7,25,7,4,30,61,4170,1,1,1,2,6,2,5,4,0,0,,40.85741389,-73.92969722,1,0,0,1,1,1,0,3,1,0,,,,,,
360464,36,2020,8,6,5,15,0,59,4270,2,2,2,3,1,2,1,1,1,0,,40.77270833,-73.68323333,12,1,0,1,1,1,0,1,1,0,15,3,16,7,,
360465,36,2020,3,9,2,9,8,103,5769,1,1,1,1,3,2,2,1,1,0,,40.84068333,-73.28116944,1,0,0,1,1,4,0,1,1,0,9,8,9,8,,
360466,36,2020,7,25,7,16,3,63,4210,1,2,2,4,6,2,7,4,0,0,,43.08501389,-79.03305,12,6,0,2,2,1,0,1,1,0,16,5,16,20,,
360467,36,2020,8,8,7,15,29,115,790,2,2,2,4,3,1,5,1,0,0,,43.06115833,-73.33622222,12,2,0,1,1,1,0,1,1,0,15,29,15,32,,
360468,36,2020,7,27,2,15,18,27,2870,1,1,1,1,2,1,3,1,1,0,,41.86316944,-73.91567778,16,0,0,1,1,1,0,1,1,0,15,30,16,15,,
360469,36,2020,8,9,1,5,0,13,2950,1,1,1,1,1,2,1,1,1,0,,42.12044444,-79.24058056,32,0,1,3,2,4,0,2,1,0,5,17,5,23,,
360470,36,2020,8,9,1,12,4,31,2958,1,1,1,1,4,1,7,2,0,0,,44.37164167,-73.71560278,35,0,0,3,3,4,0,1,10,0,12,7,12,17,12,58
360471,36,2020,8,13,5,13,53,75,2569,1,1,1,1,4,1,7,2,0,0,,43.37389444,-76.18655278,24,0,0,1,1,4,0,1,1,0,13,56,14,5,,
360472,36,2020,8,2,1,20,31,111,3060,3,3,3,11,1,1,1,1,1,0,,,,12,1,0,1,1,1,0,5,1,0,20,31,20,40,,
360474,36,2020,8,15,7,23,3,103,5810,1,1,1,1,5,1,7,3,0,0,0,40.87548333,-72.54533889,42,0,0,1,1,4,0,2,1,0,23,3,23,5,23,40
360476,36,2020,8,17,2,13,21,79,900,1,1,1,1,3,1,2,1,1,0,,41.49045278,-73.80611389,42,0,0,1,1,4,0,1,10,0,13,21,13,34,,
360477,36,2020,8,17,2,22,47,81,4170,1,1,1,2,3,2,2,1,1,0,,40.70233333,-73.86674444,25,0,0,1,1,3,0,3,2,0,,,,,,
360478,36,2020,8,16,1,0,3,1,50,1,2,1,1,6,2,7,4,0,0,0,42.66241944,-73.74377222,14,0,0,1,1,7,0,3,1,0,0,10,0,12,,
360479,36,2020,6,24,4,12,59,71,2320,1,1,1,5,4,2,5,2,0,0,0,41.38653611,-74.25858611,9,0,0,1,1,1,0,1,1,0,13,35,13,53,,
360480,36,2020,7,13,2,13,18,119,6820,1,3,2,7,3,2,2,1,1,0,,40.95153056,-73.85316111,12,1,0,1,1,1,4,1,1,0,,,,,,
360481,36,2020,7,15,4,0,17,77,9997,2,1,1,3,4,1,7,2,0,0,0,42.60871111,-75.2779,42,0,0,1,1,4,0,2,10,0,0,21,0,48,,
360482,36,2020,8,1,7,13,50,65,6308,1,1,1,3,5,1,7,3,0,0,0,43.22159444,-75.70535556,1,0,0,1,1,4,0,1,1,0,13,55,13,57,14,45
360483,36,2020,7,20,2,3,1,71,6163,1,2,1,2,1,1,1,1,1,0,,41.22530278,-74.18356667,14,0,0,1,1,2,0,2,2,0,3,1,3,19,,
360484,36,2020,7,29,4,20,29,43,3820,1,2,2,3,3,1,6,1,0,0,,42.9483,-74.85481667,12,6,0,2,4,1,0,5,10,0,20,29,20,45,22,5
360486,36,2020,6,22,2,21,41,105,1954,1,1,1,2,3,2,4,1,0,0,,41.70382778,-74.63481944,8,0,0,1,1,1,0,2,1,0,,,,,,
360487,36,2020,8,8,7,5,15,81,4170,1,1,1,1,3,2,3,1,1,0,,40.76506667,-73.82006111,8,0,0,1,1,1,0,3,10,0,,,,,,
360488,36,2020,8,8,7,16,25,43,3290,1,2,2,3,4,1,7,2,0,0,0,,,12,1,0,1,1,1,0,1,10,0,16,25,16,57,17,47
360489,36,2020,8,9,1,9,41,63,4729,1,2,2,3,5,2,5,3,0,0,0,43.11265,-78.75504722,12,6,0,1,1,1,0,1,1,0,9,45,9,45,10,44
360490,36,2020,8,10,2,5,39,103,5810,1,2,2,3,3,2,3,1,1,0,,40.84178889,-72.72795,12,1,0,1,1,1,0,1,1,0,5,39,5,43,,
360491,36,2020,8,13,5,13,40,95,3710,2,2,2,3,3,1,4,1,0,0,,42.64021389,-74.35848889,12,6,0,1,1,1,0,1,1,0,13,40,13,49,,
360492,36,2020,7,13,2,2,1,59,2600,1,1,1,1,3,2,2,1,1,0,,40.68981667,-73.63434444,24,0,0,1,1,3,0,3,1,0,2,1,2,12,2,41
360493,36,2020,8,14,6,19,39,27,6379,1,3,3,4,2,2,3,1,1,0,,41.58877778,-73.90761111,12,6,0,2,2,1,0,1,1,0,19,39,19,39,20,2
360494,36,2020,8,18,3,1,28,69,1961,3,2,2,5,1,2,1,1,1,0,,42.99417778,-77.34418889,12,2,0,1,1,1,0,3,1,0,1,26,1,36,,
360495,36,2020,8,18,3,21,25,7,1880,1,2,1,1,5,1,7,3,0,0,0,42.08751667,-76.09356111,14,0,0,1,1,7,0,3,10,0,21,25,21,31,22,6
360496,36,2020,3,4,4,5,43,103,1650,1,1,1,1,4,2,5,2,0,0,0,40.99656389,-72.05654444,30,0,0,1,1,4,0,2,10,0,,,,,,
360497,36,2020,8,19,4,7,0,27,2000,1,1,1,1,5,1,7,3,0,0,0,41.51583056,-73.93332778,8,0,0,3,4,1,0,1,1,0,7,7,7,17,,
360498,36,2020,8,22,7,4,28,81,4170,1,1,1,1,3,2,2,1,1,0,,40.706175,-73.72751389,25,0,0,1,1,4,0,4,1,0,,,,,,
360499,36,2020,8,22,7,9,25,59,3570,1,1,1,1,5,2,5,3,0,0,0,40.67817222,-73.43929167,30,0,0,1,1,4,0,1,10,0,9,26,9,29,10,0
360500,36,2020,8,23,1,10,0,123,1580,1,1,1,1,3,1,3,1,1,0,,42.67939722,-76.96099444,31,0,0,1,1,4,0,1,1,0,11,26,12,17,,
360501,36,2020,8,18,3,18,35,15,1113,1,1,1,1,5,1,7,3,0,0,,42.07756944,-76.57538889,1,0,0,1,1,4,0,1,1,0,18,35,18,55,19,0
360502,36,2020,8,25,3,0,57,21,9997,1,1,1,1,5,1,7,3,0,0,0,42.01026111,-73.66438333,42,0,0,1,1,4,0,2,10,0,0,57,1,17,,
360504,36,2020,8,24,2,11,1,47,4170,1,1,1,1,3,2,3,1,1,0,,40.66663056,-73.87178056,8,0,0,3,2,1,0,1,1,0,11,1,11,6,,
360505,36,2020,8,27,5,8,16,81,4170,1,1,1,1,6,2,7,4,0,0,0,40.70428056,-73.88278889,8,0,0,3,2,1,0,1,1,0,8,18,8,32,8,45
360506,36,2020,8,15,7,23,59,81,4170,1,1,1,1,6,2,4,4,0,0,,40.69295556,-73.80844167,8,0,0,1,1,1,0,3,1,0,23,59,0,15,0,30
360507,36,2020,8,7,6,14,30,5,4170,1,1,1,1,6,2,7,4,0,0,,40.83437222,-73.87277222,9,0,0,2,2,1,0,1,1,0,,,,,,
360508,36,2020,8,16,1,6,54,81,4170,1,1,1,2,6,2,3,4,1,0,,40.59496111,-73.75308056,30,0,0,3,2,4,0,4,2,0,,,,,,
360509,36,2020,8,20,5,15,4,65,6626,1,3,3,5,3,2,4,1,0,0,,43.07984167,-75.39192778,12,2,0,2,2,1,0,1,1,0,15,4,15,14,15,34
360510,36,2020,8,21,6,12,30,25,6360,1,1,1,1,5,1,7,3,0,0,,42.21043056,-75.18670833,42,0,0,1,1,4,0,1,1,0,12,47,12,56,13,54
360511,36,2020,8,30,1,20,17,5,4170,1,2,2,4,6,2,3,4,1,0,0,40.85458056,-73.90186667,12,6,0,2,2,1,0,3,1,0,,,,,,
360512,36,2020,8,21,6,22,22,75,2200,1,1,1,1,3,1,4,1,0,0,,43.26752222,-76.38415556,8,0,0,1,1,1,0,2,1,0,22,16,22,23,,
360513,36,2020,8,15,7,5,41,61,4170,1,1,1,2,6,2,4,4,0,0,,40.83444167,-73.94903611,9,0,0,2,3,1,0,4,1,0,,,,,,
360514,36,2020,8,22,7,4,12,119,6040,1,1,1,1,1,2,1,1,1,0,,41.04578611,-73.79478333,8,0,0,1,1,1,0,2,1,0,4,12,4,16,,
360515,36,2020,8,22,7,23,36,19,4880,1,1,1,1,3,2,3,1,1,0,,44.71365556,-73.56970833,30,0,0,1,1,4,0,3,10,0,0,57,1,23,,
360516,36,2020,8,25,3,22,40,55,652,1,1,1,2,4,2,3,2,1,0,,43.09721389,-77.5815,24,0,0,1,1,4,0,2,1,0,22,40,22,48,23,5
360517,36,2020,9,1,3,19,46,81,4170,1,2,2,3,6,2,3,4,1,0,0,40.71351389,-73.75824722,8,0,0,3,3,1,0,5,1,0,19,46,,,,
360518,36,2020,8,8,7,22,0,49,3370,1,1,1,2,4,1,6,2,0,0,,43.74241111,-75.71867222,42,0,0,1,1,4,0,2,1,0,22,10,4,0,,
360519,36,2020,9,1,3,4,2,61,4170,1,1,1,2,6,2,3,4,0,0,0,40.75733056,-73.98594722,5,0,0,3,3,1,0,3,10,0,4,2,4,20,4,55
360520,36,2020,8,26,4,5,42,7,6740,1,1,1,1,4,1,7,2,0,0,,42.09076944,-75.72640556,30,0,0,3,3,4,0,4,10,0,5,54,6,10,,
360521,36,2020,8,27,5,16,22,27,2785,1,1,1,2,3,2,2,1,1,0,,41.623675,-73.7708,18,0,0,1,1,1,0,1,2,0,16,22,16,30,,
360522,36,2020,8,28,6,4,49,17,2400,1,1,1,1,3,1,4,1,0,0,,42.31855,-75.73706111,9,0,0,1,1,1,0,2,5,0,4,53,5,3,5,38
360523,36,2020,8,29,7,4,14,5,4170,1,2,2,2,6,2,7,4,0,0,,40.83522222,-73.84325556,12,2,0,1,1,1,0,3,1,0,,,,,,
360524,36,2020,9,2,4,23,23,81,4170,1,1,1,1,6,2,4,4,0,0,0,40.75698333,-73.90782222,9,0,0,3,2,1,0,3,1,0,,,,,,
360525,36,2020,9,4,6,9,32,5,4170,1,1,1,1,6,2,3,4,1,0,10,40.82480833,-73.86766111,9,0,0,3,2,1,0,1,1,0,,,,,,
360526,36,2020,8,23,1,10,48,119,6825,1,1,1,1,5,1,7,3,0,0,0,41.23423333,-73.78276111,9,0,0,1,1,1,0,1,1,0,,,,,,
360527,36,2020,3,9,2,22,17,93,5315,2,2,2,4,8,2,3,1,1,0,1,42.78217778,-73.92761944,12,6,0,1,1,1,0,3,1,0,22,20,22,24,,
360528,36,2020,8,24,2,11,35,71,4060,1,1,1,1,1,2,1,1,1,0,,41.51497222,-74.07441667,25,0,0,1,1,3,0,1,1,0,11,37,11,40,11,52
360529,36,2020,8,30,1,8,34,55,5230,1,1,1,1,6,2,7,4,0,0,0,43.15899444,-77.61879167,42,0,0,1,1,4,0,1,1,0,8,33,8,37,9,3
360530,36,2020,9,5,7,11,53,81,4170,1,3,2,2,6,2,7,4,0,0,0,40.75661944,-73.929775,12,2,0,2,2,1,0,1,1,0,,,,,,
360531,36,2020,9,5,7,1,2,81,4170,1,2,2,2,3,2,2,1,1,0,,40.666675,-73.83994444,12,1,0,1,1,1,0,3,1,0,1,2,,,,
360532,36,2020,8,9,1,16,7,71,6163,1,3,3,4,4,1,7,2,0,0,0,41.22788056,-74.15001667,12,2,0,1,1,1,0,1,1,0,16,11,16,19,,
360533,36,2020,9,6,1,0,27,5,4170,1,3,2,2,3,2,2,1,1,0,,40.89813889,-73.90781111,24,0,0,1,1,4,0,3,1,0,,,,,,
360534,36,2020,9,7,2,21,20,59,4600,1,1,1,1,3,2,3,1,1,0,,40.72554722,-73.48374444,8,0,0,1,1,1,0,3,10,0,21,23,21,25,,
360535,36,2020,9,7,2,0,11,81,4170,1,2,2,2,6,2,5,4,0,0,0,40.74301389,-73.75070278,12,6,0,2,3,1,0,3,1,0,,,,,,
360536,36,2020,9,9,4,7,13,53,850,1,2,2,2,3,1,3,1,1,0,,43.070575,-75.74593889,12,6,0,2,3,1,0,1,1,0,7,13,7,19,,
360537,36,2020,9,10,5,16,28,63,5437,1,1,1,1,5,2,4,3,0,0,0,43.12125556,-78.88297778,42,0,0,1,1,4,0,1,1,0,16,28,16,31,,
360538,36,2020,9,12,7,21,18,51,6822,1,1,1,1,5,1,7,3,0,0,0,42.82032222,-77.88256667,1,0,0,1,1,4,0,2,1,0,21,27,21,40,22,26
360539,36,2020,5,31,1,22,42,117,1230,1,1,1,3,3,1,4,1,0,0,,43.06904444,-76.84776944,42,0,0,1,1,5,0,2,10,0,22,43,22,48,23,55
360540,36,2020,8,27,5,18,44,117,1230,1,1,1,1,6,1,7,4,0,0,,43.08717778,-76.87153056,9,0,0,2,2,1,0,1,2,0,18,44,18,47,19,27
360541,36,2020,8,28,6,13,19,75,2200,1,1,1,1,3,1,4,1,0,0,,43.23952778,-76.358725,32,0,0,1,1,4,0,1,1,0,13,22,13,31,,
360542,36,2020,8,29,7,18,11,55,2395,1,3,3,6,4,2,4,2,0,0,,43.19188611,-77.68015556,12,6,0,2,2,1,0,1,1,0,18,11,18,13,18,36
360543,36,2020,9,10,5,0,35,47,4170,1,1,1,1,6,2,3,4,1,0,22,40.61625833,-73.95449167,9,0,0,3,2,1,0,3,1,0,0,35,,,,
360544,36,2020,9,5,7,18,9,9,3300,1,2,2,3,3,1,4,1,0,0,,42.20140556,-78.75240278,24,0,0,1,1,4,0,1,10,0,18,9,18,17,,
360545,36,2020,9,12,7,19,0,119,472,1,2,2,3,3,2,2,1,1,0,,41.23850833,-73.69962778,12,1,0,1,1,1,0,1,1,0,,,,,,
360546,36,2020,9,12,7,8,36,81,4170,1,2,2,3,3,2,3,1,1,0,,40.66538611,-73.7447,12,2,0,8,1,1,0,1,1,0,,,,,,
360547,36,2020,5,12,3,7,28,29,6090,1,2,2,3,3,2,3,1,1,0,,42.98090556,-78.85288333,12,6,0,2,2,1,0,1,1,0,,,,,,
360548,36,2020,8,30,1,15,29,63,3340,1,1,1,1,6,2,7,4,0,0,,43.16496944,-78.69072222,38,0,0,1,1,5,0,1,1,0,14,39,14,42,14,50
360549,36,2020,9,1,3,14,20,85,4170,1,2,1,1,6,2,5,4,0,0,,40.60932222,-74.15561667,14,0,0,1,1,7,0,1,1,0,14,21,,,14,50
360550,36,2020,9,1,3,20,15,57,5927,1,1,1,1,3,1,5,1,0,0,,42.85805833,-74.46358056,49,0,0,1,1,1,0,2,1,0,20,17,20,27,,
360551,36,2020,4,22,4,1,18,111,5480,1,1,1,2,2,2,4,1,0,0,,42.05430556,-73.95626389,30,0,0,1,1,4,0,2,1,0,1,22,1,28,,
360552,36,2020,8,14,6,17,42,91,5860,1,2,2,2,3,2,3,1,1,0,,43.25405278,-73.62505,12,6,0,2,2,1,0,1,1,0,17,42,17,47,,
360553,36,2020,8,16,1,17,44,75,1312,1,2,2,3,3,1,4,1,0,0,,43.24620833,-75.97505833,12,6,0,1,1,1,0,1,1,0,17,44,17,44,,
360554,36,2020,8,20,5,19,40,93,1592,1,1,1,1,4,1,6,2,0,0,,42.78441111,-74.11210278,30,0,0,1,1,4,0,2,98,0,19,45,19,49,,
360555,36,2020,8,21,6,16,37,91,1087,1,2,2,4,3,1,3,1,1,0,,42.97404722,-74.03300278,12,2,0,1,1,1,0,1,1,0,16,39,16,46,17,52
360556,36,2020,8,31,2,19,17,67,6010,1,1,1,1,4,1,6,2,0,0,,42.94673056,-76.2757,24,0,0,1,1,4,0,5,1,0,19,17,19,28,19,56
360557,36,2020,9,3,5,0,37,29,750,1,1,1,1,3,2,3,4,1,0,,42.86366667,-78.82066389,3,0,0,1,1,5,0,3,1,0,,,,,,
360558,36,2020,9,4,6,9,51,81,4170,1,1,1,1,6,2,3,4,1,0,,40.74512222,-73.9085,8,0,0,3,3,1,0,1,1,0,,,,,,
360559,36,2020,9,5,7,4,23,55,5230,1,1,1,1,6,2,5,4,0,0,,43.14197222,-77.603975,33,0,0,3,2,4,0,3,1,0,4,24,,,,
360560,36,2020,9,5,7,23,54,21,332,1,1,1,1,3,1,3,1,1,0,,42.32852778,-73.45906944,30,0,0,1,1,4,0,2,10,0,0,54,1,14,,
360561,36,2020,8,16,1,3,44,105,1954,1,1,1,3,5,1,7,3,0,0,,41.65940278,-74.58809167,42,0,0,1,1,4,0,2,10,0,3,44,3,52,,
360562,36,2020,9,8,3,21,24,23,5047,1,2,2,2,1,1,1,1,1,0,,42.76860833,-76.12971111,12,1,0,1,1,1,0,2,1,0,21,25,21,37,22,13
360563,36,2020,9,9,4,19,21,9,4460,1,2,2,3,1,2,1,1,1,0,,42.11870833,-78.418125,12,2,0,1,1,1,0,5,1,0,19,20,,,,
360564,36,2020,9,10,5,15,54,111,4100,1,1,1,1,3,2,3,1,1,0,,41.74770278,-74.08639722,8,0,0,1,1,1,0,1,10,0,15,54,15,57,,
360565,36,2020,9,10,5,15,1,29,156,1,2,2,2,1,2,1,1,1,0,,42.95216389,-78.74523056,12,1,0,1,1,1,0,1,10,0,15,5,,,,
360566,36,2020,9,10,5,13,59,61,4170,1,2,2,2,6,2,7,4,0,0,,40.80893056,-73.94030278,12,6,0,2,2,1,0,1,10,0,,,,,,
360567,36,2020,9,13,1,7,30,67,6140,1,1,1,1,4,1,7,2,0,0,0,42.82619167,-76.11168333,24,0,0,1,1,4,0,2,1,0,7,39,7,40,,
360568,36,2020,9,14,2,18,25,101,6500,1,1,1,2,3,1,4,1,0,0,,42.55325833,-77.63320556,24,0,0,1,1,4,0,1,1,0,18,25,18,30,,
360569,36,2020,9,12,7,16,2,71,5742,1,2,2,2,1,2,1,1,1,0,,41.41483889,-74.4242,12,7,0,1,1,1,0,1,1,0,16,2,16,10,16,25
360570,36,2020,8,29,7,0,26,67,6010,1,1,1,2,1,2,1,1,1,0,,43.05923333,-76.15464722,25,0,0,1,1,3,0,3,1,0,1,13,1,21,,
360571,36,2020,8,22,7,16,50,29,1170,1,2,2,3,4,2,4,2,0,0,0,43.03246944,-78.65268889,12,6,0,2,2,1,0,1,1,0,16,50,16,54,17,35
360572,36,2020,5,12,3,9,21,87,5930,1,1,1,1,5,2,7,3,0,0,0,41.14724722,-74.05853611,38,0,0,1,1,4,0,1,1,0,9,21,9,28,,
360573,36,2020,9,6,1,18,5,81,4170,1,2,2,3,1,2,1,1,1,0,,40.77119444,-73.83345,12,6,0,1,1,1,0,1,1,0,,,,,,
360574,36,2020,9,17,5,0,47,47,4170,1,3,3,12,6,2,3,4,0,0,,40.69601111,-73.94352778,12,6,0,2,2,1,0,3,1,0,,,,,,
360575,36,2020,8,25,3,5,15,71,2690,1,1,1,3,2,1,3,1,1,0,,41.30556944,-74.03564444,42,0,0,3,6,4,0,2,10,0,5,15,5,25,,
360576,36,2020,9,3,5,14,1,17,3437,2,1,1,2,4,1,7,2,0,0,0,42.489225,-75.86057222,35,0,0,1,1,4,0,1,1,0,14,1,14,34,,
360577,36,2020,9,25,6,2,26,119,3940,3,1,1,4,3,2,3,1,1,0,,40.92228889,-73.81691111,24,0,0,1,1,4,0,3,1,0,2,36,2,40,,
360578,36,2020,9,8,3,5,51,27,2785,1,2,2,2,3,2,2,1,1,0,,41.56700278,-73.78209722,12,1,0,1,1,1,0,4,1,0,,,,,,
360579,36,2020,9,8,3,6,30,59,4090,1,1,1,1,4,2,4,2,0,0,,40.73195556,-73.67937222,8,0,0,3,2,1,0,1,1,0,,,,,,
360580,36,2020,9,10,5,18,25,29,750,1,1,1,2,6,2,4,4,0,0,,42.91466389,-78.83397222,19,0,0,1,1,5,0,1,10,0,,,,,,
360581,36,2020,9,26,7,18,39,81,4170,1,1,1,2,6,2,3,4,1,0,0,40.64152222,-73.74435278,38,0,0,1,1,4,0,5,1,0,,,,,,
360582,36,2020,9,5,7,22,30,5,4170,1,1,1,1,6,2,3,4,1,0,32,40.86820556,-73.88215556,8,0,0,3,2,1,0,3,1,0,,,,,,
360583,36,2020,9,12,7,17,7,59,5300,1,1,1,3,4,2,3,2,1,0,,40.7892,-73.66636667,30,0,0,1,1,4,0,1,1,0,17,10,17,16,17,45
360584,36,2020,9,7,2,0,35,47,4170,1,1,1,1,6,2,7,4,0,0,0,40.70112222,-73.960875,9,0,0,3,3,1,0,3,1,0,0,35,0,43,,
360585,36,2020,9,19,7,17,52,17,4892,2,2,2,3,3,1,4,1,0,0,,42.59364167,-75.58506667,12,2,0,1,1,1,0,1,10,0,17,52,18,6,,
360586,36,2020,9,18,6,16,29,47,4170,1,1,1,1,6,2,3,4,1,0,66,40.67955278,-73.87882778,8,0,0,1,1,4,0,1,1,0,,,,,,
360587,36,2020,9,21,2,14,23,7,6277,1,1,1,1,5,2,7,3,0,0,,42.08915556,-75.94966944,8,0,0,3,2,1,0,1,1,0,14,26,14,34,14,55
360588,36,2020,9,21,2,1,45,87,6000,2,2,2,3,1,2,1,1,1,0,,41.12158333,-74.13803333,12,6,0,1,1,1,0,2,1,0,1,45,1,56,,
360589,36,2020,8,13,5,5,13,59,2600,1,2,2,2,3,2,2,1,1,0,,40.67803056,-73.51291944,12,2,0,1,1,1,0,2,1,0,,,,,,
360590,36,2020,9,19,7,0,34,75,2540,1,1,1,1,3,1,5,1,0,0,,43.26991944,-76.48860556,8,0,0,1,1,4,0,2,1,0,0,39,0,47,1,32
360591,36,2020,9,22,3,10,39,59,4600,1,2,2,2,4,2,4,2,0,0,,40.75112778,-73.48266944,12,2,0,1,1,1,0,1,1,0,10,39,10,41,11,0
360592,36,2020,9,19,7,21,8,81,4170,1,1,1,2,6,2,7,4,0,0,0,40.75231944,-73.83240278,8,0,0,3,2,1,0,3,1,0,21,8,,,,
360593,36,2020,9,23,4,18,2,63,6730,1,2,2,2,3,1,4,1,0,0,,43.30088056,-78.89136111,12,6,0,8,1,1,0,1,1,0,18,2,18,11,,
360594,36,2020,9,19,7,22,30,81,4170,1,1,1,1,7,2,3,4,1,0,0,40.72767222,-73.87108056,8,0,0,3,2,1,0,3,1,0,,,,,,
360595,36,2020,4,27,2,22,54,55,1730,1,1,1,2,6,2,7,4,0,0,0,43.16728889,-77.61688333,9,0,0,3,2,1,0,3,1,0,,,,,,