st_case,state,year,month,day,day_week,hour,minute,county,city,fatals_crash,vehicles_total,vehicles_in_transport,persons_total,route,rural_urban,functional_system,road_owner,nhs,special_jurisdiction,milepoint,latitude,longitude,first_harmful_event,manner_collision,rel_jct_interchange,rel_jct_location,intersection_type,relation_to_road,work_zone,light_condition,weather,school_bus_related,ems_notified_hour,ems_notified_min,ems_arrival_hour,ems_arrival_min,hospital_hour,hospital_min
370089,37,2020,1,31,6,10,36,155,3790,1,3,3,3,3,2,4,1,0,0,,,,12,6,0,1,1,1,0,1,10,0,,,,,,
370090,37,2020,1,11,7,16,46,157,0,1,1,1,4,3,2,5,1,0,0,192,36.41665278,-79.759375,53,0,0,1,1,4,0,1,10,0,,,,,,
370091,37,2020,1,21,3,6,48,159,0,1,2,2,2,8,2,7,1,0,0,22,35.55079444,-80.38301389,12,6,0,1,1,1,0,2,1,0,,,,,,
370092,37,2020,1,12,1,1,7,165,0,1,1,1,1,8,1,7,1,0,0,4,34.80134167,-79.6439,42,0,0,1,1,1,0,2,2,0,,,,,,
370093,37,2020,1,1,4,5,52,169,2438,1,1,1,3,2,2,2,1,1,0,9,36.27069167,-80.37504722,32,0,0,1,1,4,0,2,1,0,,,,,,
370094,37,2020,1,27,2,15,46,171,3170,1,2,2,2,2,2,7,1,1,0,139,36.47968056,-80.59786667,12,6,0,2,3,1,0,1,10,0,,,,,,
370095,37,2020,1,19,1,23,56,155,0,1,1,1,1,8,1,5,1,0,0,12,34.80171667,-79.31104722,53,0,0,1,1,4,0,2,1,0,,,,,,
370096,37,2020,1,28,3,17,27,157,0,1,2,2,3,8,1,7,1,0,0,8,36.25828889,-79.61906667,12,2,0,1,1,1,0,1,1,0,,,,,,
370097,37,2020,1,8,4,6,43,163,0,1,1,1,3,2,1,4,1,0,0,157,34.87813333,-78.26226389,8,0,0,1,1,1,0,2,1,0,,,,,,
370098,37,2020,1,31,6,23,32,181,2460,1,1,1,2,2,1,3,1,1,0,166,36.21790556,-78.44520556,8,0,0,1,1,1,0,2,2,0,,,,,,
370099,37,2020,1,7,3,21,29,183,3750,1,1,1,1,2,2,3,1,1,0,126,35.77299444,-78.64213056,9,0,0,3,2,1,0,3,10,0,,,,,,
370100,37,2020,1,11,7,9,7,183,0,1,3,2,3,8,1,5,1,0,0,8,35.77917222,-78.49014722,12,2,0,1,1,1,0,1,10,0,,,,,,
370101,37,2020,1,14,3,20,6,183,3750,1,1,1,1,8,2,4,1,0,0,26,35.83325556,-78.61683333,8,0,0,1,1,1,0,3,1,0,,,,,,
370102,37,2020,1,19,1,14,21,183,0,1,3,3,5,1,1,1,1,1,0,70,35.72659444,-78.58506667,12,1,1,18,1,1,0,1,1,0,,,,,,
370103,37,2020,1,2,5,16,6,191,0,1,2,2,2,3,1,5,1,0,0,248,35.45614722,-77.93384444,12,6,0,2,2,1,0,1,1,0,,,,,,
370104,37,2020,1,20,2,16,48,191,0,1,2,2,2,8,1,5,1,0,0,23,35.25170556,-78.13829722,12,6,0,8,1,1,0,1,1,0,,,,,,
370105,37,2020,1,24,6,15,34,193,0,1,2,2,2,8,2,5,1,0,0,11,36.15493056,-81.20698056,12,6,0,2,2,1,0,1,2,0,,,,,,
370106,37,2020,1,5,1,14,3,195,0,1,2,2,4,8,1,7,1,0,0,27,35.72701667,-77.78291944,12,6,0,2,2,1,0,1,1,0,,,,,,
370107,37,2020,1,18,7,19,58,195,0,1,1,1,5,8,1,7,1,0,0,36,35.86253889,-77.82294444,8,0,0,1,1,1,0,2,2,0,,,,,,
370108,37,2020,1,24,6,20,39,195,5070,1,1,1,1,6,2,7,4,0,0,0,35.73420278,-77.91778611,8,0,0,1,1,1,0,3,1,0,,,,,,
370109,37,2020,1,2,5,14,30,197,0,1,2,2,6,8,1,5,1,0,0,66,36.12094167,-80.54515556,12,6,0,2,3,1,0,1,2,0,,,,,,
370110,37,2020,1,20,2,14,42,197,0,1,2,2,2,1,1,1,1,1,0,52,36.12765556,-80.81225833,12,1,0,1,1,1,0,1,1,0,,,,,,
370111,37,2020,1,14,3,3,19,199,0,1,1,1,1,2,1,3,1,1,0,124,35.90511944,-82.18558333,8,0,0,1,1,1,0,2,2,0,,,,,,
370112,37,2020,2,17,2,7,28,7,3680,2,3,3,8,2,2,3,1,1,0,198,35.002575,-80.20286667,12,6,0,2,3,1,0,1,5,0,,,,,,
370113,37,2020,2,18,3,10,5,7,0,1,3,3,3,8,1,4,1,0,0,89,34.89749722,-80.11284722,12,2,0,1,1,1,0,1,10,0,,,,,,
370114,37,2020,2,1,7,19,0,11,0,1,1,1,1,8,1,7,1,0,0,1,36.20874444,-81.93471667,1,0,0,1,1,1,0,2,4,0,,,,,,
370115,37,2020,2,6,5,14,7,11,0,1,1,1,2,3,1,3,1,1,0,25,36.10178056,-81.85511111,42,0,0,1,1,4,0,1,2,0,,,,,,
370116,37,2020,2,25,3,6,46,17,0,1,2,2,2,3,1,5,1,0,0,20,34.79999167,-78.85062778,12,1,0,1,1,1,0,4,10,1,,,,,,
370117,37,2020,2,7,6,13,40,21,0,1,1,1,1,8,1,7,1,0,0,3,35.53440278,-82.61708056,38,0,0,1,1,5,0,1,10,0,,,,,,
370118,37,2020,2,15,7,22,5,21,0,1,1,1,1,8,1,7,1,0,0,36,35.52546944,-82.67862778,30,0,0,1,1,4,0,2,1,0,,,,,,
370119,37,2020,2,5,4,19,57,25,0,1,3,2,2,3,1,3,1,1,0,182,35.429875,-80.40584167,12,6,0,1,1,1,0,2,2,0,,,,,,
370120,37,2020,2,10,2,13,42,25,0,1,1,1,1,8,1,5,1,0,0,30,35.46248611,-80.54665,34,0,0,1,1,4,0,1,10,0,,,,,,
370121,37,2020,2,1,7,2,23,31,0,1,1,1,1,8,2,7,1,0,0,27,34.73698333,-76.73113611,42,0,0,1,1,4,0,2,4,0,,,,,,
370122,37,2020,2,8,7,0,12,31,0,2,1,1,2,2,1,3,1,1,0,283,34.76855556,-76.54521944,1,0,0,1,1,4,0,2,1,0,,,,,,
370123,37,2020,2,6,5,11,35,33,0,2,2,2,3,3,1,4,1,0,0,232,36.50391667,-79.38855278,24,0,0,1,1,4,0,1,2,0,,,,,,
370124,37,2020,2,5,4,17,16,37,0,1,1,1,1,8,1,5,1,0,0,90,35.76666111,-79.005975,32,0,0,1,1,4,0,1,2,0,,,,,,
370125,37,2020,2,17,2,22,49,47,0,1,1,1,1,2,1,3,1,1,0,392,34.31876667,-78.33643056,8,0,0,1,1,1,0,2,1,0,,,,,,
370126,37,2020,2,26,4,10,19,49,0,1,2,2,3,2,2,3,1,1,0,288,35.07567778,-77.17169167,12,1,0,1,1,1,0,1,10,0,,,,,,
370127,37,2020,2,14,6,19,7,51,1670,1,1,1,2,2,2,3,1,1,0,63,35.04429722,-78.97787778,8,0,0,1,1,1,0,3,1,0,,,,,,
370128,37,2020,2,23,1,17,22,51,1670,2,2,2,3,8,2,4,1,0,0,4,35.05129444,-78.99859167,12,2,0,2,2,1,0,1,1,0,,,,,,
370129,37,2020,2,18,3,19,43,51,1670,1,1,1,1,3,2,4,1,0,0,14,35.02268056,-78.98505,8,0,0,1,1,1,0,3,10,0,,,,,,
370130,37,2020,2,23,1,1,28,51,0,1,1,1,1,8,1,7,1,0,0,29,35.10983889,-78.67268333,1,0,0,1,1,4,0,2,1,0,,,,,,
370131,37,2020,2,4,3,18,34,57,0,1,1,1,3,8,2,7,1,0,0,7,35.98280278,-80.27008611,42,0,0,1,1,4,0,2,10,0,,,,,,
370132,37,2020,2,25,3,18,53,57,0,1,2,2,2,2,1,3,1,1,0,81,35.81023056,-80.18354444,12,6,1,2,2,1,0,2,10,0,,,,,,
370133,37,2020,2,12,4,6,42,61,0,1,2,2,2,8,1,6,1,0,0,58,34.89258889,-77.73338889,12,1,0,1,1,1,0,4,1,0,,,,,,
370134,37,2020,2,6,5,20,34,63,1360,1,2,2,3,2,2,3,1,1,0,,,,12,6,0,1,1,1,0,2,2,0,,,,,,
370135,37,2020,2,15,7,20,20,67,5120,1,2,2,2,8,2,5,1,0,0,10,36.05123333,-80.11669722,12,2,0,1,1,1,0,1,1,0,,,,,,
370136,37,2020,2,12,4,16,24,67,0,1,2,2,2,8,1,7,1,0,0,5,36.12720278,-80.37252222,12,2,0,1,1,1,0,1,10,0,,,,,,
370137,37,2020,2,11,3,14,8,67,5120,1,2,2,4,6,2,5,98,0,0,0,36.09151111,-80.26529444,12,1,0,3,2,1,0,1,2,0,,,,,,
370138,37,2020,2,19,4,4,37,67,0,1,1,1,3,3,1,4,1,0,0,7,36.02392778,-80.05908889,32,0,0,1,1,4,0,2,10,0,,,,,,
370139,37,2020,2,2,1,2,18,71,1800,2,1,1,1,3,2,3,1,0,0,,,,43,0,0,1,1,4,0,3,1,0,,,,,,
370140,37,2020,2,6,5,10,54,71,0,1,1,1,1,3,1,3,1,0,0,5,35.37315,-81.40473889,30,0,0,1,1,4,0,1,2,0,,,,,,
370141,37,2020,2,2,1,20,27,77,0,2,2,2,4,2,1,5,1,0,0,167,36.31388889,-78.53574722,12,8,0,1,1,1,0,2,1,0,,,,,,
370142,37,2020,2,9,1,14,43,77,0,1,1,1,1,3,1,5,1,0,0,345,36.50200556,-78.74827778,42,0,0,1,1,4,0,1,1,0,,,,,,
370143,37,2020,2,1,7,4,9,81,1940,1,5,1,1,2,2,2,1,1,0,2,36.09184444,-79.76544444,38,0,0,1,1,5,0,2,10,0,,,,,,
370144,37,2020,2,6,5,9,10,81,1940,1,2,2,2,1,2,1,1,1,0,117,36.00042778,-79.79753889,57,0,1,19,1,3,0,1,2,0,,,,,,
370145,37,2020,2,6,5,21,29,81,0,1,1,1,2,2,1,2,1,1,0,,35.91845833,-79.67710278,59,0,1,19,1,4,0,2,2,0,,,,,,
370146,37,2020,2,27,5,9,30,81,0,1,4,4,4,8,1,4,1,0,0,30,36.06516389,-80.00757778,12,8,0,1,1,1,0,1,1,0,,,,,,
370147,37,2020,2,27,5,11,24,81,4504,1,1,1,1,8,2,7,1,0,0,4,36.18881944,-79.83264722,30,0,0,1,1,4,0,1,1,0,,,,,,
370148,37,2020,2,7,6,3,32,83,0,1,1,1,1,1,1,1,1,1,0,140,36.33296667,-77.698125,42,0,0,1,1,4,0,2,2,0,,,,,,
370149,37,2020,2,14,6,15,54,83,4930,1,2,2,28,8,2,7,1,0,0,14,36.41606111,-77.61136667,12,2,0,1,1,1,0,1,1,1,,,,,,
370150,37,2020,2,15,7,19,10,85,0,1,1,1,2,2,1,3,1,1,0,115,35.38741944,-78.72515278,8,0,0,1,1,1,0,2,1,0,,,,,,
370151,37,2020,2,6,5,18,31,85,90,1,1,1,1,3,2,4,1,0,0,234,35.50626944,-78.74771389,8,0,0,1,1,1,0,3,2,0,,,,,,
370152,37,2020,2,18,3,14,24,87,4900,1,1,1,1,2,1,2,1,1,0,142,35.49892222,-82.99957222,52,0,0,1,1,3,0,1,2,0,,,,,,
370153,37,2020,2,2,1,4,8,87,0,1,1,1,2,1,1,1,1,1,0,150,35.58530278,-82.99383611,24,0,0,1,1,3,0,2,10,0,,,,,,
370154,37,2020,2,14,6,8,40,89,2130,1,1,1,3,6,2,7,4,0,0,0,35.29983333,-82.44665833,5,0,0,2,3,1,0,1,1,0,,,,,,
370155,37,2020,2,27,5,3,28,97,0,3,3,1,2,1,1,1,1,1,0,165,35.83330833,-80.78538889,45,0,0,1,1,5,2,2,1,0,,,,,,
370156,37,2020,2,4,3,18,59,101,0,1,2,2,2,3,1,4,1,0,0,190,35.65881667,-78.30565833,12,2,0,1,1,1,0,2,1,0,,,,,,
370157,37,2020,2,23,1,22,11,105,0,1,1,1,1,8,1,7,1,0,0,28,35.41218333,-79.24407222,34,0,0,1,1,4,0,2,10,0,,,,,,
370158,37,2020,2,29,7,23,15,109,2660,1,2,2,3,8,2,5,1,0,0,2,35.48392778,-81.20647222,12,2,0,1,1,1,0,2,1,0,,,,,,
370159,37,2020,2,22,7,22,17,113,0,1,1,1,1,8,1,7,1,0,0,1,35.17588056,-83.34953056,42,0,0,1,1,4,0,2,1,0,,,,,,
370160,37,2020,2,9,1,10,44,111,0,1,2,2,2,8,1,6,1,0,0,16,35.69030833,-81.92880278,12,2,0,1,1,1,0,1,1,0,,,,,,
370161,37,2020,2,6,5,20,53,111,0,2,2,2,2,2,1,3,1,1,0,230,35.67726667,-82.02337778,12,2,0,1,1,1,0,2,2,0,,,,,,
370162,37,2020,2,4,3,13,31,119,870,1,3,3,5,3,2,3,1,1,0,117,35.25279444,-80.73655556,30,0,0,1,1,4,0,1,1,0,,,,,,
370163,37,2020,2,8,7,21,8,119,870,1,1,1,1,8,2,4,4,0,0,0,35.244275,-80.79339167,9,0,0,1,1,1,0,3,1,0,,,,,,
370164,37,2020,2,5,4,8,57,119,870,1,2,2,1,3,2,3,1,1,0,197,35.147,-80.92628056,8,0,0,1,1,4,0,1,2,0,,,,,,
370165,37,2020,2,17,2,10,39,119,870,1,2,2,2,6,2,7,4,0,0,0,35.29103056,-80.90334167,12,6,0,2,3,1,0,1,1,0,,,,,,
370166,37,2020,2,22,7,1,11,119,870,1,2,2,4,1,2,1,1,1,0,49,35.16414722,-80.88949167,12,1,1,18,1,1,0,3,1,0,,,,,,
370167,37,2020,2,17,2,23,1,119,870,1,1,1,1,8,2,5,1,0,0,31,35.22586389,-80.68233056,9,0,0,1,1,1,0,2,1,0,,,,,,
370168,37,2020,2,28,6,23,2,119,870,1,2,2,2,1,2,1,1,1,0,204,35.22496111,-80.97098333,12,1,0,1,1,1,0,2,1,0,,,,,,
370169,37,2020,2,11,3,6,8,123,0,1,4,4,4,1,1,1,1,1,0,128,35.33195278,-79.74849444,1,0,0,1,1,1,0,2,2,0,,,,,,
370170,37,2020,2,10,2,22,19,125,4270,1,1,1,1,2,2,3,1,0,0,67,35.16468889,-79.42203611,8,0,0,1,1,1,0,2,2,0,,,,,,
370171,37,2020,2,13,5,12,12,127,0,1,3,3,3,8,2,6,1,0,0,51,36.04543889,-77.9466,12,2,0,1,1,1,0,1,2,0,,,,,,
370172,37,2020,2,8,7,8,50,129,5060,1,1,1,1,6,2,7,4,0,0,0,34.22351111,-77.89673611,42,0,0,3,3,4,0,1,1,0,,,,,,
370173,37,2020,2,26,4,14,7,129,5060,1,2,2,2,3,2,3,1,1,0,129,34.17410833,-77.89133333,12,6,0,8,1,1,0,1,10,0,,,,,,
370174,37,2020,2,8,7,19,22,135,0,1,1,1,1,8,1,6,1,0,0,11,36.10864167,-79.05351389,42,0,0,1,1,4,0,2,2,0,,,,,,
370175,37,2020,2,26,4,22,46,135,860,1,2,2,2,3,2,3,1,1,0,41,35.94982778,-79.05823889,8,0,0,1,1,1,0,3,2,0,,,,,,
370176,37,2020,2,5,4,19,46,137,330,1,2,2,2,3,1,5,1,0,0,22,35.15835833,-76.73741944,12,2,0,1,1,1,0,2,1,0,,,,,,
370177,37,2020,2,11,3,18,23,139,1460,1,2,2,2,6,2,4,1,0,0,169,36.28807778,-76.24194167,12,2,0,2,3,1,0,3,10,0,,,,,,
370178,37,2020,2,20,5,12,5,141,0,1,2,2,2,3,1,4,1,0,0,297,34.43255278,-77.89279444,12,2,0,1,1,1,0,1,2,0,,,,,,
370179,37,2020,2,6,5,7,45,147,0,1,2,1,1,2,1,2,1,1,0,73,35.59703889,-77.54012222,14,0,0,1,1,3,0,1,2,0,,,,,,
370180,37,2020,2,22,7,20,40,147,1950,1,1,1,1,6,2,4,4,0,0,0,35.61060278,-77.41005556,33,0,0,1,1,4,0,3,1,0,,,,,,
370181,37,2020,2,1,7,18,32,151,0,1,1,1,1,8,1,7,1,0,0,21,35.58198611,-80.03063889,30,0,0,1,1,4,0,2,1,0,,,,,,
370182,37,2020,2,12,4,19,10,151,0,1,2,2,3,5,1,7,98,0,0,8,35.810825,-80.04091111,12,6,0,2,2,1,0,2,10,0,,,,,,
370183,37,2020,2,11,3,19,4,151,0,1,1,1,1,8,1,7,1,0,0,10,35.74851667,-79.91136111,18,0,0,1,1,1,0,2,10,0,,,,,,
370184,37,2020,2,15,7,0,54,155,0,1,2,2,4,8,1,6,1,0,0,68,34.79908333,-79.10012778,12,9,0,1,1,1,0,2,1,0,,,,,,
370185,37,2020,2,29,7,17,41,157,0,1,3,1,1,8,1,7,1,0,0,2,36.53958889,-79.69076944,14,0,0,1,1,2,0,2,1,0,,,,,,
370186,37,2020,2,18,3,22,24,165,0,1,2,1,1,8,1,7,1,0,0,5,34.85408333,-79.37529167,14,0,0,1,1,2,0,2,2,0,,,,,,
370187,37,2020,2,19,4,6,49,165,0,1,2,2,2,3,1,5,1,0,0,69,34.84571667,-79.44180278,12,2,0,1,1,1,0,4,2,0,,,,,,
370188,37,2020,2,5,4,0,35,179,0,1,2,2,2,3,1,7,1,0,0,22,34.87223611,-80.53216944,12,2,0,1,1,1,0,2,1,0,,,,,,
370189,37,2020,2,13,5,14,38,179,3100,1,1,1,1,8,2,4,1,0,0,54,35.17754722,-80.51731944,35,0,0,1,1,4,0,1,2,0,,,,,,
370190,37,2020,2,1,7,14,0,183,0,1,1,1,1,8,2,4,1,0,0,63,35.74835278,-78.46244444,32,0,0,1,1,4,0,1,10,0,,,,,,
370191,37,2020,2,2,1,20,33,183,3750,1,1,1,1,2,2,3,1,1,0,122,35.84996667,-78.58063056,8,0,0,3,2,1,0,3,10,0,,,,,,
370192,37,2020,2,21,6,8,17,183,3750,1,2,1,1,6,2,7,4,0,0,0,35.76494722,-78.58876667,14,0,0,1,1,2,0,1,1,0,,,,,,
370193,37,2020,2,22,7,21,13,183,800,1,2,2,3,8,2,7,1,0,0,4,35.85431389,-78.89988889,12,2,0,1,1,3,0,3,1,0,,,,,,
370194,37,2020,2,22,7,21,31,183,0,1,2,2,2,8,2,4,1,0,0,99,35.67519722,-78.72968333,12,2,0,1,1,1,0,2,1,0,,,,,,
370195,37,2020,2,2,1,2,52,185,0,1,1,1,1,8,1,7,1,0,0,76,36.25381111,-77.98153056,31,0,0,1,1,4,0,2,1,0,,,,,,
370196,37,2020,2,6,5,16,6,191,0,1,1,1,1,8,1,7,1,0,0,6,35.23626944,-78.014494440000007,32,0,0,1,1,4,0,9,98,0,,,,,,
370197,37,2020,2,21,6,20,16,183,3940,1,1,1,1,2,2,3,1,0,0,10,35.911775,-78.47561389,8,0,0,1,1,1,0,2,1,0,,,,,,
370198,37,2020,3,30,2,9,19,1,700,1,2,1,1,8,2,5,1,0,0,10,36.09275278,-79.39894444,34,0,0,1,1,4,0,1,1,0,,,,,,
370199,37,2020,3,27,6,17,36,3,0,1,1,1,1,8,1,6,1,0,0,50,35.87715278,-81.224875,8,0,0,1,1,1,3,1,1,0,,,,,,
370200,37,2020,3,3,3,6,23,11,0,1,1,1,2,3,1,5,1,0,0,260,36.164075,-81.86956667,17,0,0,1,1,4,0,2,2,0,,,,,,
370201,37,2020,3,8,1,0,19,19,0,1,1,1,1,2,1,3,1,1,0,328,33.98826389,-78.38910278,1,0,0,1,1,1,0,2,1,0,,,,,,
370202,37,2020,3,3,3,13,2,21,170,1,2,2,2,2,2,3,1,1,0,43,35.50373889,-82.52410556,1,0,0,2,2,1,0,1,10,0,,,,,,
370203,37,2020,3,10,3,18,38,27,0,1,1,1,1,2,1,3,1,1,0,280,36.07593611,-81.62410556,24,0,0,1,1,4,0,1,2,0,,,,,,
370204,37,2020,3,27,6,14,49,29,0,1,1,1,1,8,1,6,1,0,0,50,36.48702778,-76.30518333,34,0,0,1,1,4,0,1,1,0,,,,,,
370205,37,2020,3,2,2,14,17,31,0,1,2,2,4,3,1,4,1,0,0,62,34.81009722,-76.67419167,12,6,0,2,3,1,0,1,10,0,,,,,,
370206,37,2020,3,25,4,20,39,35,0,1,1,1,2,8,1,5,1,0,0,15,35.68604444,-81.17674722,8,0,0,1,1,1,0,2,1,0,,,,,,
370207,37,2020,3,21,7,18,12,35,0,1,2,2,3,8,1,7,1,0,0,3,35.79223611,-81.235425,12,1,0,1,1,1,0,1,1,0,,,,,,
370208,37,2020,3,10,3,9,10,35,0,1,2,2,2,8,1,7,1,0,0,1,35.78945,-81.23526389,12,2,0,1,1,1,0,1,1,0,,,,,,
370209,37,2020,3,8,1,3,33,119,870,1,2,2,3,2,2,3,1,1,0,66,35.22439444,-80.89648889,12,6,0,2,3,1,0,3,1,0,,,,,,
370210,37,2020,3,4,4,22,43,37,0,1,1,1,1,8,1,6,1,0,0,28,35.66449444,-79.41983056,18,0,0,1,1,4,0,2,1,0,,,,,,
370211,37,2020,3,21,7,15,19,39,0,1,1,1,1,8,1,6,1,0,0,50,35.17895556,-83.90115,42,0,0,1,1,4,0,1,1,0,,,,,,
370212,37,2020,3,29,1,1,5,47,0,1,1,1,2,8,1,7,1,0,0,10,34.07889722,-78.78890556,34,0,0,1,1,4,0,2,1,0,,,,,,
370213,37,2020,3,22,1,7,58,47,0,1,1,1,1,8,1,6,1,0,0,140,34.36706389,-78.46248611,34,0,0,1,1,4,0,1,1,0,,,,,,
370214,37,2020,3,20,6,8,14,47,0,1,1,1,1,8,1,7,1,0,0,15,34.461525,-78.89208611,9,0,0,1,1,1,0,1,1,0,,,,,,
370215,37,2020,3,5,5,22,56,47,9997,2,3,3,4,3,2,4,1,1,0,75,34.38110556,-78.28568056,12,1,0,1,1,1,0,2,2,0,,,,,,
370216,37,2020,3,27,6,20,14,51,0,1,1,1,1,8,1,4,1,0,0,17,35.00109167,-78.92788889,8,0,0,1,1,1,0,2,1,0,,,,,,
370217,37,2020,3,17,3,9,55,51,1670,1,2,2,4,8,2,2,1,1,0,14,35.10159722,-78.97030833,12,2,1,18,1,1,0,1,1,0,,,,,,
370218,37,2020,3,27,6,15,41,53,0,1,2,2,2,2,1,4,1,1,0,206,36.23570278,-75.87441944,12,6,0,2,3,1,0,1,1,0,,,,,,
370219,37,2020,3,16,2,22,17,57,0,1,1,1,2,8,1,5,1,0,0,18,35.87758611,-80.33097222,32,0,0,1,1,4,0,2,1,0,,,,,,
370220,37,2020,3,5,5,18,35,57,0,1,3,3,5,3,1,5,1,0,0,231,35.73624722,-80.26434722,12,2,0,1,1,1,0,2,1,0,,,,,,
370221,37,2020,3,1,1,6,57,57,2620,1,1,1,1,2,2,2,1,1,0,67,35.83532778,-80.25159444,8,0,0,1,1,1,0,2,1,0,,,,,,
370222,37,2020,3,1,1,14,48,61,0,1,1,1,1,8,1,5,1,0,0,20,35.01397222,-77.93591111,34,0,0,1,1,4,0,1,1,0,,,,,,
370223,37,2020,3,15,1,1,15,63,1360,1,2,2,3,3,2,3,1,1,0,43,35.92812778,-78.88926944,12,6,0,2,3,1,0,3,1,0,,,,,,
370224,37,2020,3,9,2,20,42,67,9997,2,1,1,2,2,2,2,1,1,0,,,,1,0,0,1,1,4,0,2,1,0,,,,,,
370225,37,2020,3,1,1,13,17,67,5120,1,2,2,3,6,2,7,4,0,0,0,36.09025556,-80.27393056,12,6,0,2,2,1,0,1,1,0,,,,,,
370226,37,2020,3,8,1,17,34,67,2430,1,2,2,3,8,2,4,1,0,0,8,36.11206389,-80.05258333,33,0,0,3,6,3,0,1,1,0,,,,,,
370227,37,2020,3,20,6,21,46,69,0,1,1,1,1,3,1,4,1,0,0,0,35.96934167,-78.39611944,8,0,0,1,1,1,0,2,1,0,,,,,,
370228,37,2020,3,12,5,13,36,69,0,1,1,1,1,3,1,4,1,0,0,66,36.05537778,-78.51032222,42,0,0,1,1,4,0,1,1,0,,,,,,
370229,37,2020,3,24,3,16,15,71,3190,1,2,2,2,3,2,5,1,0,0,148,35.33728611,-80.99971944,12,6,0,2,3,1,0,1,2,0,,,,,,
370230,37,2020,2,23,1,3,0,141,0,1,2,2,3,2,1,3,1,0,0,19,34.35974167,-78.01668889,12,1,0,1,1,1,0,2,1,0,,,,,,
370231,37,2020,3,14,7,21,28,71,0,1,1,1,1,8,1,7,1,0,0,16,35.40196944,-81.27309167,42,0,0,1,1,4,0,2,10,0,,,,,,
370232,37,2020,3,7,7,23,35,71,390,1,1,1,1,1,2,1,1,1,0,,,,8,0,0,1,1,1,0,2,1,0,,,,,,
370233,37,2020,3,19,5,16,37,73,0,1,1,1,1,8,1,7,1,0,0,10,36.42166944,-76.78255833,59,0,0,1,1,4,0,1,1,0,,,,,,
370234,37,2020,3,13,6,13,20,75,0,1,2,2,2,2,1,3,1,0,0,48,35.27151111,-83.7309,12,2,0,1,1,1,0,1,1,0,,,,,,
370235,37,2020,3,14,7,3,41,77,0,1,1,1,2,8,1,7,1,0,0,8,36.41758056,-78.53267222,42,0,0,1,1,4,0,2,1,0,,,,,,
370236,37,2020,3,20,6,15,27,81,1940,1,2,2,2,2,2,3,1,1,0,221,36.08725833,-79.72499444,12,6,0,2,2,1,0,1,10,0,,,,,,
370237,37,2020,3,4,4,14,32,81,0,1,1,1,3,8,1,7,1,0,0,5,35.92394167,-79.70936111,42,0,0,1,1,4,0,1,1,0,,,,,,
370238,37,2020,3,8,1,16,18,81,1940,1,2,2,7,6,2,4,1,0,0,0,36.02023056,-79.82420833,1,0,0,2,3,1,0,1,1,0,,,,,,
370239,37,2020,3,10,3,0,20,83,0,4,1,1,5,3,1,5,1,0,0,118,36.15264167,-77.46514444,59,0,0,1,1,4,0,2,1,0,,,,,,
370240,37,2020,3,28,7,6,51,85,0,1,2,2,2,8,1,7,1,0,0,3,35.43081111,-78.61297778,12,6,0,2,2,1,0,1,1,0,,,,,,
370241,37,2020,3,27,6,15,29,85,0,1,2,2,2,3,1,4,1,0,0,409,35.39907222,-78.60063889,12,6,0,2,2,1,0,1,1,0,,,,,,
370242,37,2020,3,16,2,0,4,87,0,1,1,1,1,2,2,3,1,1,0,50,35.49762222,-82.97368056,24,0,0,1,1,3,0,2,1,0,,,,,,
370243,37,2020,3,24,3,16,42,93,0,2,2,2,3,2,1,3,1,1,0,61,34.95798889,-79.27114167,12,6,0,1,1,1,0,1,2,0,,,,,,
370244,37,2020,3,16,2,9,27,93,0,1,2,2,6,8,1,6,1,0,0,53,34.90318611,-79.26907778,12,6,0,2,2,1,0,1,1,0,,,,,,
370245,37,2020,3,12,5,17,29,93,0,1,2,2,3,8,1,7,1,0,0,0,34.86085,-79.31866389,12,6,0,2,2,1,0,1,1,0,,,,,,
370246,37,2020,3,17,3,19,30,99,0,1,2,2,2,2,1,3,1,1,0,178,35.31241667,-83.26077222,12,7,0,1,1,1,0,5,10,0,,,,,,
370247,37,2020,3,14,7,15,31,101,0,1,8,8,14,1,1,1,1,1,0,4,35.36186389,-78.54959167,12,1,0,1,1,1,0,1,1,0,,,,,,
370248,37,2020,3,13,6,5,48,101,0,1,5,5,6,2,2,3,1,1,0,146,35.557225,-78.32525,12,6,0,1,1,1,0,2,2,0,,,,,,
370249,37,2020,3,10,3,8,9,101,3710,1,2,2,2,2,2,3,1,1,0,21,35.47356944,-78.16191111,12,6,0,2,2,1,0,1,1,0,,,,,,
370250,37,2020,3,4,4,16,42,101,3710,2,2,2,2,2,2,3,1,1,0,270,35.47365833,-78.16783333,12,6,0,2,2,1,0,1,10,0,,,,,,
370251,37,2020,3,20,6,20,18,107,0,1,1,1,1,3,2,4,1,0,0,147,35.23595,-77.62745556,9,0,0,1,1,1,0,2,1,0,,,,,,
370252,37,2020,3,5,5,22,47,105,4090,1,2,2,3,2,2,3,1,0,0,59,35.49712778,-79.19798611,8,0,0,1,1,1,0,2,2,0,,,,,,
370253,37,2020,3,7,7,19,48,101,0,1,1,1,2,3,1,5,1,0,0,4,35.26164722,-78.45801389,1,0,0,1,1,1,0,2,1,0,,,,,,
370254,37,2020,3,4,4,10,2,107,2450,1,2,2,2,8,2,4,1,0,0,14,35.29009444,-77.55258611,12,2,0,1,1,1,0,1,1,0,,,,,,
370255,37,2020,3,22,1,20,11,119,870,1,1,1,1,6,2,7,4,0,0,0,35.11703056,-80.97881111,38,0,0,1,1,4,0,3,2,0,,,,,,
370256,37,2020,3,12,5,12,52,119,870,1,2,2,2,8,2,5,1,0,0,0,35.16290833,-80.71593889,12,6,0,2,3,1,1,1,1,0,,,,,,