st_case,state,year,month,day,day_week,hour,minute,county,city,fatals_crash,vehicles_total,vehicles_in_transport,persons_total,route,rural_urban,functional_system,road_owner,nhs,special_jurisdiction,milepoint,latitude,longitude,first_harmful_event,manner_collision,rel_jct_interchange,rel_jct_location,intersection_type,relation_to_road,work_zone,light_condition,weather,school_bus_related,ems_notified_hour,ems_notified_min,ems_arrival_hour,ems_arrival_min,hospital_hour,hospital_min
370595,37,2020,6,13,7,22,50,119,870,1,1,1,2,2,2,3,1,1,0,149,35.30787222,-80.84480556,8,0,0,3,2,1,0,3,1,0,,,,,,
370596,37,2020,6,27,7,20,50,87,0,1,2,2,2,2,1,3,1,1,0,1,35.436475,-83.07698056,12,7,0,1,1,1,0,2,1,0,,,,,,
370597,37,2020,6,27,7,20,53,35,0,1,2,2,2,8,2,7,1,0,0,17,35.68778333,-81.28830556,1,0,0,4,1,1,0,2,1,0,,,,,,
370598,37,2020,6,27,7,23,0,51,1670,1,2,2,2,3,2,2,1,1,0,5,35.06538056,-79.02363889,12,1,1,18,1,1,0,2,1,0,,,,,,
370599,37,2020,6,27,7,12,16,155,2770,1,2,2,6,1,1,1,1,1,0,5,34.58983611,-79.11611389,12,2,1,20,1,1,0,1,1,0,,,,,,
370600,37,2020,6,27,7,14,1,57,0,1,2,2,2,8,1,5,1,0,0,69,35.67201111,-80.2738,12,2,0,2,3,1,0,1,1,0,,,,,,
370601,37,2020,6,25,5,7,13,165,0,1,1,1,1,8,1,7,1,0,0,0,34.94533333,-79.56475556,1,0,0,1,1,4,0,1,2,0,,,,,,
370602,37,2020,6,25,5,22,3,39,0,2,1,1,3,3,1,5,1,0,0,1,35.12147222,-84.30195278,38,0,0,1,1,4,0,2,1,0,,,,,,
370603,37,2020,6,28,1,20,42,151,0,1,1,1,1,3,1,5,1,0,0,0,35.63096111,-79.63395,59,0,0,1,1,4,0,2,1,0,,,,,,
370604,37,2020,6,28,1,1,9,85,0,1,1,1,1,3,2,4,1,0,0,84,35.26858611,-79.06352778,8,0,0,1,1,1,0,2,1,0,,,,,,
370605,37,2020,6,29,2,10,57,79,0,1,2,2,2,2,1,4,1,0,0,9,35.36584444,-77.66542778,12,2,0,1,1,1,0,1,1,0,,,,,,
370606,37,2020,6,30,3,5,27,57,0,1,1,1,1,1,2,1,1,1,0,72,35.89485556,-80.23288056,8,0,0,1,1,1,0,2,10,0,,,,,,
370607,37,2020,6,30,3,4,11,47,0,2,4,4,8,3,1,5,1,0,0,40,34.18074167,-78.83931944,12,8,0,1,1,1,0,2,1,0,,,,,,
370608,37,2020,6,30,3,3,18,25,2390,1,1,1,1,2,2,3,1,0,0,117,35.47132222,-80.61039722,8,0,0,1,1,1,0,3,1,0,,,,,,
370609,37,2020,6,30,3,21,50,171,1270,1,2,2,1,1,1,1,1,1,0,134,36.37908889,-80.7906,8,0,0,1,1,1,0,2,1,0,,,,,,
370610,37,2020,6,22,2,0,26,119,870,1,1,1,1,5,2,4,98,0,0,,,,8,0,0,1,1,1,0,3,1,0,,,,,,
370611,37,2020,6,18,5,7,10,127,0,1,2,2,2,3,1,4,1,1,0,78,36.05283333,-77.80023056,12,1,0,1,1,1,0,1,1,0,,,,,,
370612,37,2020,6,18,5,13,21,69,0,1,2,2,3,2,1,3,1,1,0,96,36.13866111,-78.45002778,12,6,0,2,2,1,0,1,1,0,,,,,,
370613,37,2020,6,26,6,18,27,19,0,1,1,1,1,3,1,7,1,0,0,43,33.96285278,-78.04352778,24,0,0,1,1,4,0,1,1,0,,,,,,
370614,37,2020,6,29,2,18,8,69,0,1,2,2,3,3,1,4,1,0,0,24,36.12545,-78.25476667,12,6,0,8,1,1,0,1,1,0,,,,,,
370615,37,2020,6,16,3,14,31,159,900,1,1,1,2,8,2,4,1,0,0,49,35.56142222,-80.58647222,30,0,0,1,1,4,0,1,2,0,,,,,,
370616,37,2020,6,5,6,19,20,85,0,1,1,1,3,1,2,1,1,1,0,56,35.29008333,-78.60548889,59,0,0,1,1,4,1,1,1,0,,,,,,
370617,37,2020,6,6,7,22,10,97,0,1,1,1,1,8,1,6,1,0,0,24,35.56115556,-80.77472778,58,0,0,1,1,5,0,2,1,0,,,,,,
370618,37,2020,6,3,4,9,3,125,0,1,2,2,2,8,2,5,1,0,0,14,35.12603889,-79.45765,12,2,0,1,1,1,0,1,1,0,,,,,,
370619,37,2020,6,8,2,17,39,77,0,1,1,1,1,8,1,7,1,0,0,22,36.09124167,-78.61290278,42,0,0,1,1,4,0,1,1,0,,,,,,
370620,37,2020,6,10,4,13,30,105,0,1,1,1,1,8,1,7,1,0,0,6,35.35989444,-79.24506944,1,0,0,1,1,4,0,1,1,0,,,,,,
370621,37,2020,6,12,6,12,0,155,0,1,1,1,4,8,1,7,1,0,0,20,34.85327222,-78.97513611,42,0,0,1,1,4,0,1,1,0,,,,,,
370622,37,2020,6,12,6,17,17,157,0,2,5,5,6,2,1,3,1,1,0,175,36.294825,-79.94023889,33,0,0,1,1,12,0,1,1,0,,,,,,
370623,37,2020,6,14,1,20,21,119,870,1,1,1,2,8,2,7,1,0,0,17,35.24018333,-80.92455833,42,0,0,1,1,4,0,5,1,0,,,,,,
370624,37,2020,6,15,2,14,39,125,0,1,2,2,3,3,1,5,1,0,0,13,35.24618889,-79.26655,12,6,0,1,1,1,0,1,2,0,,,,,,
370625,37,2020,6,15,2,21,25,119,870,1,2,2,3,6,2,4,98,0,0,0,35.163025,-80.90204444,12,2,0,1,1,1,0,3,10,0,,,,,,
370626,37,2020,6,15,2,1,40,125,0,1,2,2,2,2,2,3,1,1,0,29,35.29790556,-79.25567222,12,1,0,1,1,1,0,2,10,0,,,,,,
370627,37,2020,6,20,7,21,28,101,4230,1,1,1,3,1,2,1,1,1,0,957,35.51097222,-78.30745556,31,0,0,1,1,4,0,2,1,0,,,,,,
370628,37,2020,6,19,6,14,44,195,0,1,1,1,1,2,1,5,1,0,0,200,35.67301944,-77.80478056,34,0,0,1,1,4,0,1,10,0,,,,,,
370629,37,2020,6,19,6,7,36,105,0,1,2,2,3,8,1,6,1,0,0,27,35.41751667,-79.25629167,12,2,0,1,1,1,0,1,10,0,,,,,,
370630,37,2020,6,21,1,18,34,155,0,1,1,1,1,8,1,7,1,0,0,2,34.77865556,-78.94974167,1,0,0,1,1,4,0,1,1,0,,,,,,
370631,37,2020,6,25,5,10,42,101,0,1,1,1,1,8,2,5,1,0,0,45,35.54106111,-78.53313889,34,0,0,1,1,4,0,1,10,0,,,,,,
370632,37,2020,6,25,5,5,11,119,870,1,2,2,2,8,2,5,1,0,0,29,35.22735556,-80.68069167,12,2,0,1,1,1,0,3,2,0,,,,,,
370633,37,2020,6,27,7,14,59,109,0,1,2,2,3,3,1,3,1,1,0,144,35.53067222,-81.13169444,12,2,0,1,1,1,0,1,10,0,,,,,,
370634,37,2020,6,25,5,20,7,21,0,1,1,1,3,8,1,7,1,0,0,5,35.78294444,-82.50875556,23,0,0,3,3,4,0,5,1,0,,,,,,
370635,37,2020,6,29,2,3,0,1,0,1,1,1,1,3,1,4,1,0,0,331,36.2365,-79.52001944,32,0,0,1,1,4,0,2,1,0,,,,,,
370636,37,2020,6,24,4,13,43,19,2584,1,2,2,4,2,2,3,1,1,0,63,34.201275,-78.05181389,12,6,0,2,2,1,0,1,1,0,,,,,,
370637,37,2020,6,27,7,18,2,85,0,1,1,1,1,8,1,7,1,0,0,1,35.37815833,-79.04321111,1,0,0,1,1,1,0,1,1,0,,,,,,
370638,37,2020,6,17,4,23,40,183,1770,1,1,1,1,2,2,3,1,1,0,185,35.72342778,-78.64673611,8,0,0,2,3,1,0,2,1,0,,,,,,
370639,37,2020,6,20,7,23,52,161,0,1,2,2,1,2,1,5,1,0,0,189,35.31459444,-81.74105833,12,8,0,1,1,1,0,2,1,0,,,,,,
370640,37,2020,6,22,2,11,45,5,0,1,2,2,2,8,1,7,1,0,0,1,36.46654444,-81.04136944,1,0,0,1,1,1,0,1,1,1,,,,,,
370641,37,2020,6,22,2,19,19,183,0,1,2,2,2,8,2,7,1,0,0,12,35.56213333,-78.67837222,12,8,0,1,1,1,0,1,1,0,,,,,,
370642,37,2020,8,30,1,18,40,45,0,1,2,2,2,3,1,4,1,0,0,149,35.36673889,-81.50694167,12,2,0,1,1,1,0,1,1,0,,,,,,
370643,37,2020,8,3,2,7,56,37,0,1,1,1,1,8,2,6,1,0,0,16,35.83452778,-79.06185833,34,0,0,1,1,4,0,1,10,0,,,,,,
370644,37,2020,8,5,4,14,16,7,0,2,1,1,2,2,1,3,1,1,0,270,35.15265,-80.11312778,34,0,0,1,1,4,0,1,1,0,,,,,,
370645,37,2020,8,9,1,18,41,9,0,1,1,1,1,2,1,4,1,0,0,74,36.37714444,-81.48970556,43,0,0,1,1,3,1,1,1,0,,,,,,
370646,37,2020,8,2,1,16,17,1,0,1,2,2,6,8,1,5,1,0,0,81,35.89997222,-79.39496667,12,8,0,1,1,1,0,1,1,0,,,,,,
370647,37,2020,8,6,5,13,56,1,700,1,2,2,4,5,2,5,98,0,0,16,36.08331389,-79.44353056,12,2,0,1,1,1,0,1,1,0,,,,,,
370648,37,2020,8,12,4,0,15,19,0,1,1,1,2,3,1,5,1,0,0,89,33.96753333,-78.52026111,30,0,0,1,1,4,0,2,1,0,,,,,,
370649,37,2020,8,15,7,23,15,23,0,1,1,1,1,1,2,1,1,1,0,1,35.69454167,-81.81021944,42,0,1,5,1,4,0,2,1,0,,,,,,
370650,37,2020,8,14,6,6,45,17,0,1,2,2,5,3,1,5,1,0,0,126,34.57333611,-78.68738056,12,2,0,2,3,1,0,1,10,0,,,,,,
370651,37,2020,8,17,2,8,21,19,0,1,1,1,1,8,1,7,1,0,0,10,34.02661944,-78.16706111,34,0,0,1,1,4,0,1,1,0,,,,,,
370652,37,2020,8,18,3,15,45,23,0,1,2,2,2,1,1,1,1,1,0,217,35.727875,-81.49381389,12,6,0,1,1,1,0,1,1,0,,,,,,
370653,37,2020,8,22,7,22,42,7,0,1,1,1,1,8,1,6,1,0,0,168,34.82528889,-80.05062778,8,0,0,1,1,1,0,2,1,0,,,,,,
370654,37,2020,8,21,6,7,30,19,0,1,2,2,2,8,1,7,1,0,0,5,33.93528333,-78.41591944,12,2,0,1,1,1,0,1,10,0,,,,,,
370655,37,2020,8,23,1,22,8,1,0,1,2,2,3,2,1,4,1,0,0,126,36.09510833,-79.32921111,12,2,0,1,1,1,0,2,1,0,,,,,,
370656,37,2020,8,23,1,23,9,21,170,1,1,1,1,1,2,1,1,1,0,164,35.58981944,-82.57723056,59,0,1,19,1,8,0,3,1,0,,,,,,
370658,37,2020,8,30,1,22,25,1,700,1,3,3,5,1,2,1,1,1,0,119,36.06485833,-79.46714167,5,0,1,18,1,1,0,3,1,0,,,,,,
370659,37,2020,8,29,7,14,50,25,2390,1,2,2,2,8,2,5,1,0,0,16,35.47815278,-80.60247778,12,1,0,2,2,1,0,1,1,0,,,,,,
370660,37,2020,7,8,4,22,42,21,0,1,2,1,1,3,1,5,1,0,0,30,35.78004444,-82.50135833,42,0,0,1,1,5,0,2,1,0,,,,,,
370661,37,2020,7,12,1,10,50,23,0,1,2,2,2,3,1,4,1,0,0,191,35.93249167,-81.82598333,12,2,0,1,1,1,0,1,1,0,,,,,,
370662,37,2020,7,22,4,3,47,35,0,1,1,1,1,8,1,6,1,0,0,5,35.67730833,-81.42740278,38,0,0,1,1,5,0,2,5,0,,,,,,
370663,37,2020,7,4,7,7,56,31,0,1,2,2,2,3,2,3,1,1,0,45,34.69931944,-77.03664722,12,2,0,1,1,1,0,1,1,0,,,,,,
370664,37,2020,7,27,2,14,34,23,0,1,2,2,2,3,1,5,1,0,0,110,35.77872778,-81.82984722,12,2,0,1,1,1,0,1,1,0,,,,,,
370665,37,2020,7,18,7,19,52,21,0,1,1,1,1,3,2,4,1,0,0,56,35.50721389,-82.59741944,9,0,0,3,2,1,0,1,1,0,,,,,,
370666,37,2020,7,1,4,19,26,21,170,1,4,4,5,2,2,3,1,1,0,47,35.50932778,-82.52613056,12,6,0,3,3,1,0,1,10,0,,,,,,
370667,37,2020,7,14,3,12,6,19,0,1,1,1,1,3,1,5,1,0,0,184,34.17974722,-78.08558889,59,0,0,1,1,4,0,1,1,0,,,,,,
370668,37,2020,7,4,7,18,6,19,0,1,2,2,3,3,1,4,1,0,0,223,34.07766389,-78.54349444,1,0,0,1,1,1,0,1,1,0,,,,,,
370669,37,2020,7,13,2,13,6,19,0,1,2,2,3,3,2,5,1,0,0,83,33.97855556,-78.36739722,12,6,0,1,1,1,0,1,1,0,,,,,,
370670,37,2020,7,5,1,4,24,19,0,1,1,1,6,3,1,4,1,1,0,123,34.09594722,-78.08887778,42,0,0,1,1,4,0,2,1,0,,,,,,
370671,37,2020,7,15,4,0,12,17,0,1,1,1,1,8,1,6,1,0,0,66,34.52219444,-78.5638,34,0,0,1,1,4,0,2,1,0,,,,,,
370672,37,2020,7,4,7,20,35,7,0,1,1,1,2,8,1,7,1,0,0,19,35.07826667,-80.18375833,42,0,0,1,1,4,0,2,1,0,,,,,,
370673,37,2020,7,8,4,12,50,5,0,1,1,1,1,3,1,5,1,0,0,289,36.55975556,-80.94685556,42,0,0,1,1,4,0,1,1,0,,,,,,
370674,37,2020,7,8,4,21,9,3,0,1,1,1,1,3,1,4,1,0,0,26,35.85909167,-81.18401667,42,0,0,1,1,5,0,2,1,0,,,,,,
370675,37,2020,7,28,3,20,27,1,700,1,1,1,1,6,2,7,4,0,0,0,36.08690278,-79.44801944,59,0,0,1,1,4,0,5,10,0,,,,,,
370676,37,2020,7,28,3,11,49,1,0,1,3,3,4,8,1,6,1,0,0,7,36.01206111,-79.48016667,12,1,0,1,1,1,0,1,1,0,,,,,,
370677,37,2020,7,22,4,16,34,1,0,1,2,2,2,8,1,5,1,0,0,41,35.90271111,-79.32688056,12,6,0,2,2,1,0,1,1,0,,,,,,
370678,37,2020,7,18,7,1,3,17,0,1,2,2,2,3,1,4,1,1,0,156,34.54063333,-78.48046944,12,2,0,1,1,1,0,2,1,0,,,,,,
370679,37,2020,7,24,6,17,55,37,0,2,2,2,3,8,1,5,1,0,0,91,35.69438889,-79.47381667,12,2,0,1,1,1,0,1,1,0,,,,,,
370680,37,2020,8,16,1,3,49,25,0,1,1,1,2,1,2,1,1,1,0,,,,24,0,0,1,1,4,0,3,1,0,,,,,,
370681,37,2020,8,23,1,21,38,25,0,1,2,2,2,3,1,4,1,0,0,65,35.24908056,-80.57318611,12,2,0,1,1,1,0,2,1,0,,,,,,
370682,37,2020,8,29,7,13,47,45,0,1,1,1,1,8,1,6,1,0,0,8,35.18657222,-81.43168889,34,0,0,1,1,4,0,1,10,0,,,,,,
370683,37,2020,8,31,2,23,50,45,0,1,1,1,1,3,1,5,1,0,0,81,35.52775556,-81.60874444,42,0,0,1,1,4,0,2,1,0,,,,,,
370684,37,2020,8,1,7,9,28,47,0,1,3,3,7,3,1,4,1,1,0,42,34.35311111,-78.23984722,12,6,0,1,1,1,0,1,1,0,,,,,,
370685,37,2020,8,12,4,23,45,49,0,1,1,1,2,8,1,5,1,0,0,9,34.869575,-76.93198611,34,0,0,1,1,4,0,2,2,0,,,,,,
370686,37,2020,8,23,1,19,9,49,0,1,1,1,1,2,2,7,1,1,0,0,35.09153611,-77.03853889,23,0,1,5,1,4,0,1,10,0,,,,,,
370687,37,2020,8,3,2,17,36,51,0,1,1,1,1,8,1,6,1,0,0,32,34.94694444,-78.762575,38,0,0,1,1,5,0,1,10,0,,,,,,
370688,37,2020,8,17,2,22,15,51,1670,1,1,1,1,2,2,3,1,1,0,116,35.09291667,-78.91903056,8,0,0,2,3,1,0,2,2,0,,,,,,
370689,37,2020,8,17,2,16,49,51,0,3,1,1,3,1,2,1,1,1,0,,,,42,0,1,5,1,4,0,1,1,0,,,,,,
370690,37,2020,8,25,3,9,15,51,0,1,2,2,3,3,1,3,1,1,0,81,35.04190556,-78.777,12,1,0,1,1,1,0,1,10,0,,,,,,
370691,37,2020,8,25,3,1,12,51,0,1,1,1,1,1,2,3,1,1,0,39,34.98114444,-78.90704444,8,0,0,1,1,1,0,2,2,0,,,,,,
370692,37,2020,8,30,1,1,40,53,0,1,1,1,1,3,1,4,1,1,0,156,36.51731111,-76.16961111,9,0,0,1,1,1,0,2,1,0,,,,,,
370693,37,2020,8,30,1,1,57,53,0,1,1,1,1,3,1,4,1,1,0,156,36.51738889,-76.1697,8,0,0,1,1,1,0,2,1,0,,,,,,
370694,37,2020,8,12,4,23,43,57,0,1,1,1,1,8,2,5,1,0,0,25,35.9732,-80.31951667,38,0,0,1,1,5,0,2,10,0,,,,,,
370695,37,2020,8,17,2,17,58,57,0,2,2,2,3,3,1,4,1,0,0,43,35.56653889,-80.09751667,12,6,0,1,1,1,0,1,2,0,,,,,,
370696,37,2020,8,27,5,20,34,159,0,1,3,2,5,1,2,1,1,1,0,221,35.72045,-80.39105556,14,0,0,1,1,2,0,2,1,0,,,,,,
370697,37,2020,8,18,3,13,33,59,0,1,1,1,2,8,1,7,1,0,0,13,35.80081111,-80.53339167,32,0,0,1,1,4,0,1,1,0,,,,,,
370698,37,2020,8,6,5,9,36,61,0,1,2,2,2,8,1,7,1,0,0,8,34.90144444,-78.13462778,12,2,0,1,1,1,0,1,1,0,,,,,,
370699,37,2020,8,11,3,15,57,61,0,1,2,2,2,2,1,5,1,0,0,311,35.14018611,-78.1171,12,1,0,1,1,1,0,1,1,0,,,,,,
370700,37,2020,8,5,4,8,31,63,0,1,2,2,2,8,2,5,1,0,0,40,35.97628611,-78.82557778,12,2,0,1,1,1,0,1,1,0,,,,,,
370701,37,2020,8,23,1,23,15,63,1360,1,2,1,1,8,2,5,1,0,0,15,35.91999444,-78.81308333,14,0,0,1,1,2,0,3,1,0,,,,,,
370702,37,2020,7,5,1,0,16,45,0,1,1,1,1,8,1,7,1,0,0,4,35.40786667,-81.53681111,42,0,0,1,1,4,0,2,1,0,,,,,,
370703,37,2020,7,10,6,17,26,45,0,1,1,1,1,8,1,7,1,0,0,,,,42,0,0,1,1,4,0,1,1,0,,,,,,
370704,37,2020,7,3,6,0,20,45,0,1,1,1,1,8,1,7,1,0,0,6,35.40465,-81.53725,42,0,0,1,1,4,0,2,1,0,,,,,,
370705,37,2020,7,25,7,6,6,45,0,2,2,1,2,8,2,5,1,0,0,22,35.29305278,-81.480075,32,0,0,1,1,4,0,2,1,0,,,,,,
370706,37,2020,7,29,4,16,0,47,0,1,1,1,1,3,2,5,1,0,0,88,34.31378611,-78.39633056,42,0,0,1,1,4,0,1,2,0,,,,,,
370707,37,2020,7,22,4,18,22,57,0,1,2,2,3,1,2,1,1,1,0,221,35.72325278,-80.38597778,12,1,0,1,1,3,0,1,1,0,,,,,,
370708,37,2020,7,27,2,9,33,57,0,1,1,1,1,8,2,4,1,0,0,6,35.83947778,-80.10142778,30,0,0,1,1,4,0,1,1,0,,,,,,
370709,37,2020,7,9,5,20,36,61,0,1,2,2,2,2,1,5,1,0,0,317,35.14655833,-78.10956667,12,6,0,2,3,1,0,5,10,0,,,,,,
370710,37,2020,7,19,1,23,28,61,0,1,1,1,1,8,1,6,1,0,0,66,35.03375278,-78.03129444,34,0,0,1,1,4,0,2,1,0,,,,,,
370711,37,2020,7,23,5,15,47,61,0,1,1,1,2,1,1,1,1,1,0,46,34.99124167,-78.13399444,42,0,1,19,1,4,0,1,10,0,,,,,,
370712,37,2020,7,2,5,0,14,63,0,1,1,1,1,8,2,7,1,0,0,12,35.88244167,-78.91545833,59,0,0,1,1,4,0,2,1,0,,,,,,
370713,37,2020,7,11,7,7,1,63,1360,1,2,2,4,8,2,3,1,1,0,34,35.90049722,-78.85069444,12,2,0,1,1,1,0,1,1,0,,,,,,
370714,37,2020,7,15,4,8,56,63,1360,1,1,1,1,8,2,5,1,0,0,12,35.992375,-78.85672778,8,0,0,1,1,1,0,1,1,0,,,,,,
370715,37,2020,7,18,7,20,41,63,1360,1,2,2,2,2,2,3,1,1,0,71,35.99449722,-78.88174722,12,6,0,2,2,1,0,1,1,0,,,,,,
370716,37,2020,7,18,7,23,13,65,0,3,2,2,5,3,1,5,1,0,0,126,35.85664167,-77.68761667,12,6,0,1,1,1,0,2,1,0,,,,,,
370717,37,2020,7,5,1,21,56,67,5120,1,2,2,2,8,2,7,1,0,0,4,36.128075,-80.17685833,12,6,0,2,3,1,0,3,2,0,,,,,,
370718,37,2020,7,23,5,13,55,67,937,1,2,2,2,2,2,4,1,0,0,7,36.01880278,-80.40598611,12,6,0,8,1,1,0,1,10,0,,,,,,
370719,37,2020,7,25,7,12,1,67,5120,1,2,1,2,8,2,4,1,0,0,50,36.19666111,-80.2787,14,0,0,1,1,4,0,1,1,0,,,,,,
370720,37,2020,7,14,3,0,16,69,0,1,1,1,3,8,1,6,1,0,0,27,36.23034444,-78.21539722,34,0,0,1,1,4,0,2,1,0,,,,,,
370721,37,2020,7,16,5,21,6,41,0,1,1,1,2,3,1,4,1,0,0,230,36.24555,-76.65556944,32,0,0,1,1,4,0,2,1,0,,,,,,
370722,37,2020,8,27,5,10,41,63,1360,1,3,3,4,1,2,1,1,1,0,8,36.01973056,-78.90521944,12,6,1,2,3,1,0,1,1,0,,,,,,
370723,37,2020,8,18,3,21,18,65,3930,1,2,2,2,2,2,3,1,1,0,15,35.94574444,-77.7729,12,2,0,2,3,1,0,3,1,0,,,,,,
370724,37,2020,8,7,6,0,12,67,5120,1,3,3,5,2,2,2,1,1,0,78,36.09872778,-80.20413889,12,1,0,1,1,1,0,2,2,0,,,,,,
370725,37,2020,8,6,5,13,35,67,5120,1,1,1,1,8,2,5,1,0,0,21,36.15786667,-80.19452222,8,0,0,1,1,1,3,1,1,0,,,,,,
370726,37,2020,8,2,1,21,2,67,5120,1,2,2,5,8,2,5,1,0,0,59,36.12213611,-80.23302778,12,6,0,2,2,1,0,3,1,0,,,,,,
370727,37,2020,8,18,3,10,58,67,0,1,2,2,2,2,2,4,1,0,0,42,36.02412778,-80.34759444,12,2,0,1,1,1,0,1,1,0,,,,,,
370728,37,2020,8,25,3,10,38,67,0,1,1,1,1,8,2,5,1,0,0,17,36.17894444,-80.10147222,42,0,0,1,1,5,0,1,1,0,,,,,,
370729,37,2020,8,29,7,22,33,67,5120,1,1,1,1,8,2,5,1,0,0,50,36.16968889,-80.24997222,53,0,0,1,1,4,0,3,1,0,,,,,,
370730,37,2020,8,6,5,16,6,69,0,1,2,2,3,2,1,3,1,1,0,87,36.06368611,-78.33699722,12,2,0,1,1,1,0,1,10,0,,,,,,
370731,37,2020,8,20,5,18,30,69,0,1,1,1,1,8,1,6,1,0,0,3,36.10930278,-78.42860833,34,0,0,1,1,4,0,1,1,0,,,,,,
370732,37,2020,8,16,1,10,42,73,0,1,1,1,1,3,1,5,1,0,0,133,36.45515833,-76.76173889,34,0,0,1,1,4,0,1,10,0,,,,,,
370733,37,2020,8,27,5,15,43,73,0,1,2,2,6,2,1,3,1,1,0,243,36.44286389,-76.54695278,12,6,0,2,2,1,0,1,1,0,,,,,,
370734,37,2020,8,2,1,22,34,81,1940,1,1,1,1,8,2,3,1,1,0,74,36.04614444,-79.83841111,8,0,0,1,1,1,0,3,10,0,,,,,,
370735,37,2020,8,5,4,0,43,81,1940,1,1,1,2,5,2,7,4,0,0,0,36.05982778,-79.75766944,41,0,0,1,1,4,0,3,1,0,,,,,,
370736,37,2020,8,9,1,8,52,81,1940,1,2,2,2,5,2,7,4,0,0,0,36.112125,-79.76273889,12,6,0,2,3,1,0,1,1,0,,,,,,
370737,37,2020,8,8,7,0,41,81,0,3,2,2,4,2,1,2,1,1,0,24,35.93788611,-79.68503333,12,2,0,1,1,1,0,2,10,0,,,,,,
370738,37,2020,8,13,5,9,58,81,1940,1,1,1,3,8,2,2,1,1,0,44,36.10328611,-79.83768611,59,0,1,19,1,3,0,1,1,0,,,,,,
370739,37,2020,8,13,5,12,2,81,1940,1,1,1,1,8,2,3,4,1,0,28,36.06499722,-79.78095833,53,0,0,1,1,4,0,1,1,0,,,,,,
370740,37,2020,8,22,7,21,3,81,1940,1,1,1,3,5,2,5,4,0,0,0,36.09667778,-79.74826111,8,0,0,1,1,1,0,3,10,0,,,,,,
370741,37,2020,8,30,1,0,38,81,1940,1,3,3,6,1,2,1,1,1,0,179,36.04619444,-79.84751667,12,2,0,1,1,1,0,3,1,0,,,,,,
370742,37,2020,7,4,7,19,29,81,0,1,1,1,1,8,1,6,1,0,0,70,36.00661944,-79.62012222,59,0,0,1,1,4,0,1,1,0,,,,,,
370743,37,2020,7,4,7,9,13,85,0,1,1,1,2,8,1,7,1,0,0,22,35.409175,-79.05470556,42,0,0,1,1,4,0,1,1,0,,,,,,
370744,37,2020,7,2,5,19,24,81,0,1,2,2,4,8,1,5,1,0,0,29,35.95229722,-79.81311111,12,2,0,1,1,1,0,1,1,0,,,,,,
370745,37,2020,7,3,6,20,22,71,0,1,3,3,7,8,2,6,1,0,0,2,35.24666944,-81.28455278,12,8,0,1,1,1,0,1,1,0,,,,,,
370746,37,2020,7,6,2,18,37,83,0,1,2,2,2,2,1,3,1,1,0,104,36.44535833,-77.75022222,12,6,0,2,3,1,0,1,1,0,,,,,,
370747,37,2020,7,7,3,3,23,85,0,1,1,1,1,8,1,7,1,0,0,0,35.415,-78.86728611,8,0,0,1,1,1,0,2,1,0,,,,,,
370748,37,2020,7,10,6,21,42,91,0,2,2,2,5,2,1,4,1,1,0,108,36.36817778,-76.95824167,12,2,0,1,1,1,0,2,1,0,,,,,,
370749,37,2020,7,9,5,16,59,93,0,1,2,2,3,3,1,4,1,0,0,149,35.00456389,-79.29451944,12,2,0,1,1,1,0,1,1,0,,,,,,
370750,37,2020,7,15,4,12,19,69,0,1,1,1,1,3,1,4,1,0,0,133,35.93163611,-78.19891111,1,0,0,1,1,4,0,1,1,0,,,,,,
370751,37,2020,7,17,6,15,49,67,5120,1,1,1,1,8,2,7,1,0,0,8,36.11287778,-80.1781,43,0,0,1,1,4,0,1,2,0,,,,,,
370752,37,2020,7,16,5,14,31,83,0,1,1,1,2,1,1,1,1,1,0,65,36.36128889,-77.67518333,42,0,1,19,1,4,0,1,1,0,,,,,,
370753,37,2020,7,19,1,,,93,0,1,1,1,1,3,1,5,1,0,0,14,34.96461667,-79.20732778,19,0,0,1,1,5,0,1,1,0,,,,,,
370754,37,2020,7,17,6,18,42,67,0,1,1,1,1,1,2,1,1,1,0,59,36.03714167,-80.09376111,42,0,0,1,1,4,0,1,10,0,,,,,,
370755,37,2020,7,18,7,10,4,87,0,1,1,1,1,3,1,5,1,0,0,92,35.64007222,-82.94147222,35,0,0,1,1,4,0,1,1,0,,,,,,
370756,37,2020,7,25,7,15,54,85,0,1,2,2,4,8,1,5,1,0,0,27,35.38534444,-78.77235278,12,1,0,1,1,1,0,1,1,0,,,,,,
370757,37,2020,7,28,3,8,16,77,0,1,2,2,2,2,1,3,1,1,0,66,36.31568611,-78.69430833,12,2,0,1,1,1,0,2,1,0,,,,,,
370758,37,2020,7,27,2,1,37,93,0,1,1,1,4,8,1,6,1,0,0,25,35.04336389,-79.35641944,42,0,0,1,1,4,0,2,1,0,,,,,,
370759,37,2020,7,27,2,11,52,89,0,2,3,3,4,3,2,3,1,1,0,43,35.36774444,-82.52380833,12,6,0,2,2,1,0,1,1,0,,,,,,
370760,37,2020,7,9,5,13,42,97,4430,1,1,1,1,6,2,7,4,0,0,0,35.79733889,-80.89220833,30,0,0,1,1,4,0,1,1,0,,,,,,
370761,37,2020,7,29,4,0,14,97,0,1,1,1,1,8,2,7,1,0,0,15,35.52258611,-80.92786667,42,0,0,1,1,4,0,2,2,0,,,,,,
370762,37,2020,8,8,7,14,33,83,3860,1,1,1,4,1,2,1,1,1,0,206,36.41186944,-77.63785,34,0,0,1,1,3,0,1,1,0,,,,,,
370763,37,2020,8,17,2,14,19,83,0,1,2,2,2,3,1,5,1,0,0,212,36.39966667,-77.74501944,34,0,0,1,1,4,0,1,1,0,,,,,,
370764,37,2020,8,24,2,7,42,155,0,1,2,2,2,3,1,5,1,0,0,37,34.77828056,-79.31916944,12,6,0,1,1,1,0,1,10,0,,,,,,