st_case,state,year,month,day,day_week,hour,minute,county,city,fatals_crash,vehicles_total,vehicles_in_transport,persons_total,route,rural_urban,functional_system,road_owner,nhs,special_jurisdiction,milepoint,latitude,longitude,first_harmful_event,manner_collision,rel_jct_interchange,rel_jct_location,intersection_type,relation_to_road,work_zone,light_condition,weather,school_bus_related,ems_notified_hour,ems_notified_min,ems_arrival_hour,ems_arrival_min,hospital_hour,hospital_min
370936,37,2020,10,13,3,21,54,21,170,1,1,1,1,2,2,4,1,0,0,39,35.51462222,-82.52113889,18,0,0,1,1,4,0,2,1,0,,,,,,
370937,37,2020,10,18,1,19,36,25,2390,1,1,1,2,6,2,7,1,0,0,0,35.49768333,-80.64885556,8,0,0,1,1,1,0,2,1,0,,,,,,
370938,37,2020,10,11,1,20,54,1,700,1,1,1,1,3,2,4,1,0,0,160,36.063975,-79.43093333,8,0,1,18,1,1,0,2,2,0,,,,,,
370939,37,2020,10,20,3,23,56,21,0,1,1,1,1,1,2,1,1,1,0,233,35.46329167,-82.54676111,52,0,0,1,1,3,1,2,1,0,,,,,,
370940,37,2020,10,21,4,6,32,13,0,1,2,2,3,2,1,4,1,0,0,265,35.53543611,-76.72051667,12,6,0,8,1,1,0,2,1,0,,,,,,
370941,37,2020,10,24,7,19,3,1,700,1,1,1,2,2,2,4,1,0,0,88,36.09238611,-79.39233056,8,0,0,1,1,1,0,5,1,0,,,,,,
370942,37,2020,10,27,3,0,51,21,0,1,1,1,1,1,2,1,1,1,0,64,35.50994722,-82.57696667,8,0,0,1,1,1,4,2,1,0,,,,,,
370943,37,2020,10,28,4,6,17,25,0,1,2,2,2,3,1,3,1,1,0,169,35.41857222,-80.42195,12,2,0,1,1,1,0,2,5,0,,,,,,
370944,37,2020,10,30,6,12,47,15,0,1,2,2,3,2,1,4,1,1,0,177,36.07597222,-76.97460556,12,8,0,1,1,1,0,1,1,0,,,,,,
370945,37,2020,10,30,6,22,10,17,0,1,3,3,7,3,1,4,1,1,0,100,34.47753333,-78.42317222,12,1,0,1,1,1,0,2,1,0,,,,,,
370946,37,2020,10,15,5,7,44,19,0,1,2,2,2,2,2,2,1,1,0,74,34.25809722,-78.070675,12,6,0,2,3,1,0,1,1,0,,,,,,
370947,37,2020,10,30,6,10,29,1,700,1,2,2,3,3,2,4,1,0,0,6,36.07764444,-79.45110833,12,2,0,2,2,1,0,1,1,0,,,,,,
370948,37,2020,10,13,3,6,48,19,0,1,2,2,2,2,2,2,1,1,0,79,34.25781944,-78.07072222,12,6,0,2,3,1,0,4,10,0,,,,,,
370949,37,2020,9,2,4,5,48,63,1360,1,2,2,3,8,2,3,1,1,0,,,,12,2,0,1,1,1,0,2,1,0,,,,,,
370950,37,2020,9,5,7,12,55,51,1670,1,2,2,2,8,2,4,1,0,0,37,35.06481944,-79.02883611,30,0,0,1,1,4,0,1,1,0,,,,,,
370951,37,2020,9,8,3,17,34,51,0,1,2,2,2,8,2,4,1,0,0,9,35.00798333,-78.91875278,12,6,0,2,2,1,0,1,10,0,,,,,,
370952,37,2020,9,22,3,18,22,51,1670,1,2,2,2,2,2,3,1,1,0,132,35.10372222,-78.89571944,12,6,0,4,1,1,0,5,1,0,,,,,,
370953,37,2020,9,25,6,4,3,51,1670,1,1,1,1,8,2,3,1,1,0,44,35.02903333,-78.92916667,8,0,0,1,1,1,0,3,2,0,,,,,,
370954,37,2020,9,27,1,22,39,51,0,1,1,1,1,8,1,6,1,0,0,37,34.90100556,-78.68985278,8,0,0,1,1,1,0,2,2,0,,,,,,
370955,37,2020,9,12,7,7,9,57,0,1,1,1,1,1,2,1,1,1,0,33,35.95078056,-80.23541944,42,0,0,1,1,4,0,4,2,0,,,,,,
370956,37,2020,9,21,2,21,28,57,0,1,1,1,1,1,1,2,1,1,0,80,35.86544167,-80.1764,8,0,0,1,1,1,0,2,1,0,,,,,,
370957,37,2020,9,25,6,15,28,57,4590,1,1,1,1,1,2,1,1,1,0,213,35.85973611,-80.06891389,8,0,1,18,1,1,0,1,2,0,,,,,,
370958,37,2020,9,15,3,5,7,57,0,1,2,2,2,1,1,2,1,1,0,85,35.86129167,-80.18537222,12,1,0,2,3,1,0,2,1,0,,,,,,
370959,37,2020,9,2,4,13,41,61,0,1,1,1,1,8,1,7,1,0,0,13,35.09569167,-78.16833889,1,0,0,1,1,1,0,1,1,0,,,,,,
370960,37,2020,9,20,1,7,6,61,0,1,1,1,1,8,1,5,1,0,0,61,35.05833889,-77.94775833,34,0,0,1,1,4,0,1,1,0,,,,,,
370961,37,2020,9,29,3,16,28,61,0,1,1,1,1,8,1,7,1,0,0,100,35.02558889,-77.91968611,34,0,0,1,1,4,0,1,2,0,,,,,,
370962,37,2020,9,4,6,6,10,63,1360,1,2,2,2,1,2,1,1,1,0,,,,12,1,0,1,1,1,0,4,1,0,,,,,,
370963,37,2020,9,12,7,8,19,63,1360,1,2,2,2,3,2,4,1,0,0,12,36.04502778,-78.92943611,8,0,0,1,1,1,0,1,10,0,,,,,,
370964,37,2020,9,20,1,15,43,63,1360,1,2,2,5,8,2,5,1,0,0,0,35.90116944,-78.94246389,12,6,0,2,2,1,0,1,1,0,,,,,,
370965,37,2020,9,21,2,19,41,63,1360,1,2,2,3,8,2,7,1,0,0,4,36.05916944,-78.88871111,12,7,0,3,2,1,0,3,1,0,,,,,,
370966,37,2020,9,18,6,23,0,63,1360,1,2,2,4,8,2,3,1,0,0,55,35.94297778,-78.905625,12,1,0,3,3,1,0,3,1,0,,,,,,
370967,37,2020,9,25,6,21,53,63,1360,1,2,2,3,3,2,3,1,1,0,33,35.98678056,-78.84363611,12,6,0,2,2,1,0,3,10,0,,,,,,
370968,37,2020,9,22,3,7,21,67,5120,1,1,1,1,2,2,2,1,1,0,177,36.07260278,-80.33819722,24,0,1,19,1,4,0,1,1,0,,,,,,
370969,37,2020,9,18,6,20,51,69,0,1,3,3,8,2,1,3,1,1,0,73,36.04515,-78.34567222,12,2,0,1,1,1,0,2,1,0,,,,,,
370970,37,2020,9,18,6,20,29,71,0,1,1,1,1,8,1,5,1,0,0,45,35.35636944,-81.33615556,53,0,0,1,1,4,0,2,1,0,,,,,,
370971,37,2020,10,24,7,9,40,51,1670,1,2,2,4,8,2,3,1,1,0,8,35.05541389,-78.88665,12,6,0,2,2,1,0,1,98,0,,,,,,
370972,37,2020,10,4,1,5,54,61,0,1,1,1,1,1,1,1,1,1,0,1,34.76876111,-77.96324444,1,0,1,5,1,4,0,2,1,0,,,,,,
370973,37,2020,10,10,7,21,39,51,1670,1,1,1,3,8,2,7,1,0,0,0,35.02593889,-78.93721667,53,0,0,1,1,4,0,2,10,0,,,,,,
370974,37,2020,10,10,7,20,29,63,1360,1,1,1,1,6,2,4,1,0,0,0,35.96613611,-78.95488056,8,0,0,2,3,1,0,3,2,0,,,,,,
370975,37,2020,10,18,1,12,39,57,0,1,2,2,3,8,1,5,1,0,0,4,35.85491944,-80.188025,12,2,0,1,1,4,0,1,1,0,,,,,,
370976,37,2020,10,17,7,14,0,45,0,1,3,3,5,8,1,6,1,0,0,77,35.34182778,-81.41929444,12,8,0,1,1,1,0,1,1,0,,,,,,
370977,37,2020,10,14,4,5,33,27,0,1,1,1,1,2,2,3,1,1,0,257,35.83273889,-81.45721667,8,0,0,1,1,1,0,2,1,0,,,,,,
370978,37,2020,10,15,5,8,17,47,0,2,1,1,3,3,1,4,1,0,0,31,34.12570556,-78.58045556,1,0,0,1,1,1,0,1,1,0,,,,,,
370979,37,2020,10,13,3,15,3,63,1360,1,1,1,1,8,2,7,1,0,0,42,36.03067222,-78.83047778,38,0,0,1,1,5,0,1,1,0,,,,,,
370980,37,2020,10,16,6,18,49,51,1670,1,1,1,3,8,2,6,1,0,0,3,35.05431944,-79.01181944,9,0,0,1,1,1,0,5,1,0,,,,,,
370981,37,2020,10,22,5,16,22,49,0,1,2,2,4,2,1,3,1,1,0,321,35.33874722,-77.151175,12,2,0,2,3,1,0,1,1,0,,,,,,
370982,37,2020,10,24,7,4,19,61,0,1,1,1,1,3,1,5,1,0,0,233,35.029125,-77.81976944,8,0,0,2,3,1,0,2,5,0,,,,,,
370983,37,2020,10,20,3,23,10,59,0,1,1,1,2,2,1,5,1,0,0,66,35.91548611,-80.62236111,34,0,0,1,1,4,0,2,1,0,,,,,,
370984,37,2020,10,22,5,9,25,27,0,1,3,3,5,8,2,4,1,0,0,21,35.8703,-81.53818056,12,8,0,1,1,1,0,1,1,0,,,,,,
370985,37,2020,10,26,2,15,15,27,0,1,1,1,2,2,1,3,1,1,0,171,35.95041944,-81.54988611,1,0,0,1,1,1,0,1,1,0,,,,,,
370986,37,2020,10,30,6,22,9,51,1670,1,1,1,1,8,2,4,1,0,0,66,35.05946111,-78.97973056,8,0,0,1,1,1,0,2,1,0,,,,,,
370987,37,2020,10,24,7,20,23,51,1670,1,1,1,1,2,2,3,1,1,0,61,35.04429167,-78.97955833,8,0,0,1,1,1,0,3,1,0,,,,,,
370988,37,2020,10,30,6,6,21,27,0,1,2,2,2,8,2,7,1,0,0,18,35.84735278,-81.61008056,12,2,0,1,1,1,0,2,1,0,,,,,,
370989,37,2020,10,30,6,21,36,37,0,1,2,2,2,8,2,5,1,0,0,19,35.72157222,-79.48944167,12,99,0,1,1,1,0,2,1,0,,,,,,
370990,37,2020,10,30,6,23,32,57,0,1,1,1,1,8,1,7,1,0,0,7,35.57620556,-80.14615833,34,0,0,1,1,4,0,2,1,0,,,,,,
370991,37,2020,10,3,7,5,21,77,0,1,1,1,3,3,1,4,1,0,0,39,36.12646944,-78.57515556,34,0,0,1,1,4,0,2,1,0,,,,,,
370992,37,2020,10,1,5,20,13,79,0,1,2,2,3,2,1,4,1,0,0,19,35.44045278,-77.79185278,12,6,0,2,2,1,0,2,1,0,,,,,,
370993,37,2020,10,1,5,20,42,119,870,1,2,2,3,2,2,3,1,1,0,80,35.22793056,-80.87350556,12,6,0,2,2,1,1,3,1,0,,,,,,
370994,37,2020,10,1,5,22,40,119,870,1,1,1,1,6,2,7,4,0,0,0,35.20935556,-80.66943056,42,0,0,1,1,4,0,3,10,0,,,,,,
370995,37,2020,10,7,4,21,17,85,0,2,2,2,2,3,1,5,1,0,0,169,35.34166389,-78.94510833,12,2,0,1,1,1,0,2,1,0,,,,,,
370996,37,2020,10,8,5,11,20,101,0,1,1,1,1,8,1,7,1,0,0,33,35.44777222,-78.462,8,0,0,1,1,1,0,1,1,0,,,,,,
370997,37,2020,10,11,1,18,18,85,0,1,2,2,2,2,1,3,1,1,0,316,35.43893889,-79.04146944,12,2,0,1,1,1,0,1,2,0,,,,,,
370998,37,2020,10,17,7,0,11,81,1940,1,3,3,4,8,2,4,1,0,0,0,36.08591667,-79.73122222,12,9,0,1,1,1,0,2,1,0,,,,,,
370999,37,2020,10,17,7,2,23,71,0,1,1,1,1,3,1,4,1,0,0,13,35.16656389,-81.10679722,42,0,0,1,1,4,0,2,1,0,,,,,,
371000,37,2020,10,18,1,19,18,67,0,1,2,2,4,3,2,3,1,1,0,16,36.04164722,-80.18518611,12,2,0,1,1,1,0,2,1,0,,,,,,
371001,37,2020,10,16,6,15,33,67,0,1,2,2,6,3,2,4,1,0,0,43,36.24504167,-80.26264722,12,2,0,1,1,1,0,1,1,0,,,,,,
371002,37,2020,10,17,7,3,25,93,0,1,1,1,1,8,2,4,1,0,0,91,34.97056667,-79.054275,8,0,0,1,1,1,0,2,1,0,,,,,,
371003,37,2020,10,21,4,14,30,101,0,2,2,2,5,3,2,4,1,0,0,39,35.61259167,-78.55110278,12,6,0,1,1,1,0,1,1,0,,,,,,
371004,37,2020,10,19,2,8,48,71,0,1,1,1,1,8,2,4,1,0,0,14,35.19966944,-81.12293611,42,0,0,1,1,4,0,1,1,0,,,,,,
371005,37,2020,10,24,7,22,56,67,0,1,1,1,1,8,2,7,1,0,0,6,36.13080556,-80.37240278,34,0,0,1,1,4,0,2,1,0,,,,,,
371006,37,2020,10,27,3,7,3,77,3460,1,2,2,2,3,2,4,1,0,0,162,36.29271667,-78.57768611,8,0,0,8,1,1,0,4,5,0,,,,,,
371007,37,2020,10,29,5,18,24,69,0,1,1,1,1,8,1,7,1,0,0,6,36.11848056,-78.453,32,0,0,1,1,4,0,6,1,0,,,,,,
371008,37,2020,10,31,7,19,4,63,1360,1,2,2,2,8,2,5,1,0,0,18,36.02001389,-78.88625556,12,2,0,2,2,1,0,3,1,0,,,,,,
371009,37,2020,10,31,7,4,36,81,1940,1,2,2,2,1,2,1,1,1,0,159,36.00065556,-79.782675,12,2,0,1,1,1,0,3,1,0,,,,,,
371010,37,2020,10,30,6,23,19,65,0,1,1,1,1,2,1,4,1,0,0,81,35.79413056,-77.59368611,42,0,0,1,1,4,0,2,1,0,,,,,,
371011,37,2020,10,9,6,6,8,119,870,1,1,1,1,8,2,7,1,0,0,9,35.12055556,-80.99663889,1,0,0,1,1,4,0,2,1,0,,,,,,
371012,37,2020,10,17,7,21,31,119,870,1,1,1,1,6,2,4,4,0,0,0,35.26015556,-80.85521944,8,0,0,1,1,1,0,3,1,0,,,,,,
371013,37,2020,10,13,3,5,27,119,870,1,2,2,3,1,2,1,1,1,0,241,35.16965556,-80.96818889,12,1,0,1,1,1,0,2,1,0,,,,,,
371014,37,2020,10,6,3,20,30,119,870,1,1,1,1,6,2,7,98,0,0,0,35.204925,-80.73853333,8,0,0,1,1,1,0,3,1,0,,,,,,
371015,37,2020,10,26,2,2,22,119,870,1,1,1,1,1,2,1,1,1,0,69,35.28118611,-80.78519444,8,0,0,1,1,1,0,2,1,0,,,,,,
371016,37,2020,10,27,3,17,40,125,0,1,2,2,3,2,2,2,1,1,0,141,35.20371944,-79.34446389,12,6,0,2,3,1,0,1,1,0,,,,,,
371017,37,2020,10,15,5,1,3,127,0,1,1,1,1,2,1,2,1,1,0,26,35.80666111,-78.21102778,1,0,0,1,1,4,0,2,1,0,,,,,,
371018,37,2020,10,31,7,0,16,129,0,1,1,1,1,1,2,1,1,1,0,20,34.31114722,-77.904225,1,0,0,1,1,1,0,2,10,0,,,,,,
371019,37,2020,10,7,4,5,27,133,0,1,1,1,1,2,2,3,1,1,0,26,34.76520556,-77.48785,8,0,0,1,1,1,0,2,1,0,,,,,,
371020,37,2020,10,24,7,20,49,143,0,1,1,1,2,8,1,7,1,0,0,45,36.26691667,-76.38569444,34,0,0,3,3,4,0,2,1,0,,,,,,
371021,37,2020,10,10,7,20,56,145,0,1,1,1,1,8,1,6,1,0,0,49,36.39346389,-78.89919167,59,0,0,1,1,4,0,2,2,0,,,,,,
371022,37,2020,10,27,3,20,49,145,0,1,2,2,2,2,1,4,1,1,0,64,36.32250278,-78.97337222,12,6,0,2,2,1,0,2,1,0,,,,,,
371023,37,2020,10,3,7,20,37,147,1950,1,1,1,4,3,2,3,1,1,0,194,35.55913333,-77.405875,8,0,0,1,1,1,0,5,1,0,,,,,,
371024,37,2020,10,17,7,11,27,147,0,1,2,2,3,8,1,7,1,0,0,5,35.52183333,-77.33880556,12,2,0,2,4,1,0,1,1,0,,,,,,
371025,37,2020,10,1,5,15,2,151,4640,1,2,2,2,3,2,4,1,0,0,16,35.87344167,-80.02178889,59,0,0,1,1,4,0,1,1,0,,,,,,
371026,37,2020,10,4,1,10,44,155,2770,1,1,1,1,5,2,7,4,0,0,32,34.61295278,-79.00834722,1,0,0,3,3,4,0,1,1,0,,,,,,
371027,37,2020,10,3,7,19,26,155,0,1,2,2,3,8,1,7,1,0,0,21,34.61897778,-79.115725,12,1,0,1,1,1,0,2,1,0,,,,,,
371028,37,2020,10,24,7,0,32,155,0,1,1,1,2,3,1,4,1,0,0,219,34.53179722,-79.28074444,34,0,0,3,3,4,0,2,1,0,,,,,,
371029,37,2020,10,21,4,13,46,157,0,1,4,4,6,3,1,4,1,0,0,65,36.30969167,-79.62785278,12,8,0,1,1,1,0,1,1,0,,,,,,
371030,37,2020,10,14,4,7,21,161,0,1,1,1,1,2,1,4,1,0,0,315,35.48232778,-81.87745833,42,0,0,1,1,5,0,1,1,0,,,,,,
371031,37,2020,10,2,6,6,7,193,0,1,1,1,1,8,1,6,1,0,0,47,36.21458611,-81.05909167,8,0,0,1,1,1,0,2,1,0,,,,,,
371032,37,2020,10,2,6,15,56,181,2120,1,2,2,4,1,2,1,1,1,0,95,36.33935556,-78.42583056,12,6,0,1,1,1,0,1,1,0,,,,,,
371034,37,2020,10,9,6,6,37,183,0,1,1,1,1,8,2,5,1,0,0,20,35.71377222,-78.77793056,8,0,0,1,1,1,0,2,1,0,,,,,,
371035,37,2020,10,17,7,18,16,193,0,1,2,2,3,2,1,3,1,1,0,114,36.14326667,-81.28726111,12,6,0,2,2,1,0,1,1,0,,,,,,
371036,37,2020,10,16,6,6,27,197,0,1,2,2,2,2,1,2,1,1,0,,36.11816667,-80.729875,12,1,0,1,1,1,0,2,1,0,,,,,,
371037,37,2020,10,12,2,8,0,179,9997,1,2,2,3,3,2,4,1,0,0,65,35.14068333,-80.50069722,12,2,0,1,1,1,0,1,10,0,,,,,,
371038,37,2020,10,19,2,6,20,163,0,1,1,1,1,8,1,6,1,0,0,54,35.18846667,-78.39460556,59,0,0,1,1,4,0,4,5,0,,,,,,
371039,37,2020,10,25,1,9,32,197,0,1,2,2,3,8,1,6,1,0,0,52,36.19760556,-80.50536667,12,8,0,1,1,1,0,1,1,0,,,,,,
371040,37,2020,10,31,7,19,15,183,0,1,1,1,1,3,1,4,1,0,0,78,35.88840833,-78.36789722,9,0,0,1,1,1,0,2,1,0,,,,,,
371041,37,2020,10,30,6,19,10,161,0,1,1,1,4,8,2,7,1,0,0,10,35.34256667,-81.93829444,1,0,0,1,1,4,0,2,1,0,,,,,,
371042,37,2020,10,31,7,1,59,179,0,1,1,1,1,8,1,7,1,0,0,35,34.86514167,-80.55340556,42,0,0,1,1,4,0,2,1,0,,,,,,
371043,37,2020,10,29,5,10,9,161,0,1,1,1,1,8,1,7,1,0,0,35,35.40633056,-81.84747222,18,0,0,1,1,1,0,1,10,0,,,,,,
371044,37,2020,9,23,4,22,12,71,1800,1,2,2,2,3,2,3,1,0,0,,,,12,2,0,1,1,1,0,3,1,0,,,,,,
371045,37,2020,11,4,4,12,32,1,0,1,1,1,1,8,2,6,1,0,0,12,36.12711667,-79.49955556,34,0,0,1,1,4,0,1,1,0,,,,,,
371046,37,2020,11,12,5,22,44,3,0,1,1,1,1,8,1,7,1,0,0,4,35.99684444,-81.06726944,58,0,0,1,1,1,0,2,2,0,,,,,,
371047,37,2020,11,20,6,7,21,19,0,1,4,4,5,2,2,2,1,1,0,90,34.25508333,-78.05283889,12,1,1,17,1,1,0,1,1,0,,,,,,
371048,37,2020,11,13,6,18,5,23,0,1,2,2,2,2,1,4,1,0,0,67,35.66094722,-81.75169167,12,6,0,2,2,1,0,5,1,0,,,,,,
371049,37,2020,11,19,5,13,43,25,2390,1,2,2,2,8,2,4,1,0,0,34,35.44598611,-80.675625,12,6,0,2,2,1,0,1,1,0,,,,,,
371050,37,2020,11,7,7,5,11,35,0,1,2,2,3,3,1,4,1,0,0,227,35.76656111,-81.17451389,12,2,0,1,1,1,0,2,1,0,,,,,,
371051,37,2020,11,7,7,18,6,35,0,1,1,1,2,3,1,3,1,0,0,30,35.58928611,-81.09031111,8,0,0,1,1,1,1,2,1,0,,,,,,
371052,37,2020,11,10,3,15,31,37,0,1,1,1,1,8,2,6,1,0,0,5,35.75466667,-79.47385,38,0,0,1,1,5,0,1,1,0,,,,,,
371053,37,2020,11,11,4,17,27,43,0,1,1,1,1,8,1,7,1,0,0,4,35.03349167,-83.65154444,42,0,0,1,1,4,0,1,10,0,,,,,,
371054,37,2020,11,26,5,12,34,45,0,1,1,1,1,2,1,4,1,0,0,23,35.18431667,-81.41364444,35,0,0,1,1,4,0,1,1,0,,,,,,
371055,37,2020,11,23,2,17,53,45,1980,1,3,3,3,1,2,1,1,1,0,81,35.16831944,-81.4419,52,0,0,1,1,3,1,2,1,0,,,,,,
371056,37,2020,11,9,2,6,35,47,0,1,1,1,1,3,1,5,1,0,0,52,34.26491667,-78.38995278,34,0,0,1,1,4,0,4,1,0,,,,,,
371057,37,2020,11,20,6,7,48,51,1670,1,2,2,3,2,2,3,1,1,0,133,35.10385833,-78.89443889,12,6,0,2,3,1,0,1,1,0,,,,,,
371058,37,2020,11,29,1,4,48,51,1670,2,1,1,2,8,2,3,1,1,0,6,35.06626111,-78.8788,21,0,0,1,1,3,0,3,1,0,,,,,,
371059,37,2020,11,24,3,21,25,51,0,1,1,1,1,8,2,5,1,0,0,77,35.21632222,-78.93558611,34,0,0,1,1,4,0,2,1,0,,,,,,
371060,37,2020,11,16,2,7,32,57,0,1,2,1,1,8,2,5,1,0,0,22,35.94965556,-80.18110833,17,0,0,1,1,4,0,2,1,0,,,,,,
371061,37,2020,11,8,1,15,8,59,0,1,1,1,1,2,2,4,1,0,0,104,35.99756389,-80.451875,34,0,0,1,1,4,0,1,1,0,,,,,,
371062,37,2020,11,19,5,10,11,61,0,1,1,1,1,8,1,7,1,0,0,26,34.75833333,-77.70821944,42,0,0,1,1,4,0,1,1,0,,,,,,
371063,37,2020,11,19,5,7,13,65,0,1,1,1,1,8,1,7,1,0,0,72,35.80970278,-77.69944167,42,0,0,1,1,4,0,1,1,0,,,,,,
371064,37,2020,11,29,1,6,46,65,4560,1,1,1,1,2,2,3,1,0,0,109,35.92602778,-77.568725,59,0,0,1,1,4,0,3,5,0,,,,,,
371065,37,2020,11,24,3,0,3,67,5120,1,1,1,1,5,2,7,1,0,0,0,36.10744722,-80.15852222,24,0,0,1,1,4,0,3,1,0,,,,,,
371066,37,2020,11,26,5,7,39,71,0,2,1,1,2,2,2,2,1,1,0,13,35.39157778,-81.20788611,34,0,0,1,1,4,0,1,2,0,,,,,,
371067,37,2020,11,3,3,5,57,77,0,1,2,2,2,3,1,5,1,0,0,307,36.45364167,-78.72451944,12,2,0,1,1,1,0,1,1,0,,,,,,
371068,37,2020,11,3,3,8,51,79,0,1,1,1,1,8,1,7,1,0,0,11,35.45331667,-77.75926389,42,0,0,1,1,4,0,4,1,0,,,,,,
371069,37,2020,11,4,4,14,28,81,1940,2,2,2,4,2,2,3,1,1,0,158,36.08783056,-79.78486944,12,2,0,1,1,1,0,1,1,0,,,,,,
371070,37,2020,11,3,3,2,0,81,0,1,1,1,1,8,1,7,1,0,0,2,35.90908611,-79.58506111,42,0,0,1,1,4,0,2,1,0,,,,,,
371071,37,2020,11,3,3,15,49,81,1940,1,1,1,1,8,2,4,1,0,0,94,36.04410556,-79.80078056,15,0,0,1,1,1,0,1,1,0,,,,,,
371072,37,2020,11,21,7,8,24,81,1940,1,6,6,6,1,2,1,1,1,0,231,36.058925,-79.65471111,24,0,0,1,1,4,0,1,1,0,,,,,,
371073,37,2020,11,30,2,20,4,83,0,2,1,1,6,8,1,5,1,0,0,8,36.25865556,-77.711425,34,0,0,1,1,4,0,2,1,0,,,,,,
371074,37,2020,11,5,5,18,1,85,0,1,2,2,2,8,2,6,1,0,0,14,35.51420556,-78.76430556,12,2,0,1,1,1,0,2,1,0,,,,,,
371075,37,2020,11,22,1,12,33,85,0,1,1,1,4,8,1,7,1,0,0,17,35.44821111,-78.67355278,32,0,0,1,1,4,0,1,1,0,,,,,,
371076,37,2020,11,13,6,8,52,89,9997,1,2,2,2,3,2,3,1,1,0,79,35.39911667,-82.56999167,12,6,0,8,1,1,0,1,1,0,,,,,,
371077,37,2020,11,4,4,19,5,91,0,2,2,2,3,3,1,5,1,0,0,147,36.39282778,-77.067325,12,2,0,2,3,1,0,2,1,0,,,,,,
371078,37,2020,11,12,5,5,44,97,0,2,2,2,3,3,1,5,1,0,0,304,35.89384444,-80.95086111,12,6,0,1,1,1,0,2,2,0,,,,,,
371079,37,2020,11,26,5,18,33,97,0,1,1,1,2,1,2,1,1,1,0,89,35.80430556,-80.893325,35,0,0,1,1,4,0,2,1,0,,,,,,
371080,37,2020,11,8,1,11,38,99,0,1,1,1,1,3,1,5,1,0,0,120,35.23009167,-83.00632778,30,0,0,1,1,4,0,1,1,0,,,,,,
371081,37,2020,11,1,1,0,19,101,0,1,1,1,1,8,1,7,1,0,0,26,35.42250278,-78.54529167,34,0,0,1,1,4,0,2,1,0,,,,,,
371082,37,2020,11,10,3,20,0,101,0,1,1,1,1,8,2,5,1,0,0,22,35.57264167,-78.58745,1,0,0,1,1,4,0,2,1,0,,,,,,
371083,37,2020,11,11,4,11,39,103,0,1,2,2,3,3,1,5,1,0,0,49,34.85408333,-77.18233889,12,2,0,1,1,1,0,1,1,0,,,,,,
371084,37,2020,11,17,3,4,20,105,0,1,2,2,2,3,2,4,1,0,0,25,35.44348889,-79.17645,12,6,0,1,1,1,0,2,1,0,,,,,,
371085,37,2020,9,25,6,16,47,71,1800,1,2,2,3,5,2,7,98,0,0,0,35.28313611,-81.19090278,12,6,0,1,1,1,0,1,2,0,,,,,,
371086,37,2020,9,26,7,17,6,75,0,1,1,1,1,3,1,5,1,0,0,234,35.31004722,-83.85429722,1,0,0,1,1,1,0,1,1,0,,,,,,
371087,37,2020,9,4,6,20,10,81,0,1,2,2,2,8,1,4,1,0,0,21,35.94534722,-79.88828056,12,2,0,1,1,1,0,2,1,0,,,,,,
371088,37,2020,9,15,3,23,50,81,1940,1,2,2,2,5,2,3,4,1,0,0,36.07229444,-79.786775,12,6,0,2,2,1,0,3,1,0,,,,,,
371089,37,2020,9,22,3,16,58,81,0,1,1,1,1,3,1,4,1,0,0,172,36.19776944,-79.59416389,18,0,0,1,1,4,0,1,1,0,,,,,,
371090,37,2020,9,24,5,0,57,81,1940,1,1,1,1,5,2,5,98,0,0,0,36.06379167,-79.7441,59,0,0,1,1,4,0,6,1,0,,,,,,
371091,37,2020,9,20,1,12,7,81,1940,1,1,1,1,5,2,7,98,0,0,0,36.03225556,-79.76503333,8,0,0,1,1,1,0,1,1,0,,,,,,
371092,37,2020,9,2,4,20,18,83,0,1,1,1,1,3,1,5,1,0,0,223,36.40366111,-77.7265,34,0,0,1,1,4,0,2,1,0,,,,,,
371093,37,2020,9,10,5,6,51,83,0,1,1,1,2,3,1,5,1,0,0,138,36.29001667,-77.89528889,34,0,0,1,1,4,0,9,98,0,,,,,,
371094,37,2020,9,14,2,15,26,83,0,1,2,2,2,8,1,7,1,0,0,10,36.41636389,-77.60404167,12,1,0,2,2,1,0,1,1,0,,,,,,
371095,37,2020,9,6,1,14,50,85,0,1,3,3,6,2,1,3,1,1,0,272,35.42629722,-78.96430556,12,2,0,2,3,1,0,1,1,0,,,,,,
371096,37,2020,9,18,6,6,13,85,0,2,2,2,2,3,1,3,1,1,0,121,35.35516389,-79.10937778,12,6,0,1,1,1,0,1,2,0,,,,,,
371097,37,2020,9,18,6,12,8,85,0,1,1,1,1,8,1,7,1,0,0,1,35.33711667,-78.95423333,1,0,0,1,1,4,2,6,2,0,,,,,,
371098,37,2020,9,30,4,11,51,85,1000,1,1,1,1,8,2,6,1,0,0,29,35.40256944,-78.66167778,42,0,0,1,1,4,0,1,1,0,,,,,,
371099,37,2020,9,1,3,18,17,89,0,1,2,2,3,8,2,5,1,0,0,17,35.34218611,-82.45800278,12,1,0,2,3,1,0,1,1,0,,,,,,
371100,37,2020,9,23,4,9,38,89,0,1,2,2,3,8,1,7,1,0,0,22,35.37941389,-82.31700556,12,2,0,2,3,1,0,1,1,0,,,,,,
371101,37,2020,9,20,1,17,31,91,0,1,1,1,2,3,1,5,1,0,0,5,36.24681944,-77.09804167,8,0,0,8,1,1,0,1,1,0,,,,,,
371102,37,2020,9,21,2,9,30,91,0,1,1,1,1,3,1,5,1,0,0,43,36.30366667,-77.1187,34,0,0,1,1,4,0,1,1,0,,,,,,
371103,37,2020,9,3,5,1,28,101,0,1,2,2,2,2,2,2,1,1,0,12,35.63013333,-78.53958056,12,1,0,1,1,1,0,2,1,0,,,,,,
371104,37,2020,11,8,1,17,38,109,0,1,1,1,1,8,1,6,1,0,0,11,35.50428611,-81.109775,1,0,0,1,1,4,0,5,1,0,,,,,,