st_case,state,year,month,day,day_week,hour,minute,county,city,fatals_crash,vehicles_total,vehicles_in_transport,persons_total,route,rural_urban,functional_system,road_owner,nhs,special_jurisdiction,milepoint,latitude,longitude,first_harmful_event,manner_collision,rel_jct_interchange,rel_jct_location,intersection_type,relation_to_road,work_zone,light_condition,weather,school_bus_related,ems_notified_hour,ems_notified_min,ems_arrival_hour,ems_arrival_min,hospital_hour,hospital_min
371105,37,2020,11,21,7,13,59,109,0,1,2,2,3,8,1,6,1,0,0,11,35.53970278,-81.01952778,12,6,0,2,3,1,0,1,1,0,,,,,,
371106,37,2020,11,13,6,6,16,117,0,1,1,1,1,8,1,7,1,0,0,5,35.81189167,-76.82913333,43,0,0,1,1,4,0,2,1,0,,,,,,
371107,37,2020,11,15,1,0,14,119,870,1,2,2,2,2,1,3,1,1,0,218,35.24170278,-80.993675,12,1,0,7,1,1,0,3,1,0,,,,,,
371108,37,2020,11,1,1,8,28,119,870,1,1,1,1,1,2,1,1,1,0,120,35.20429444,-80.63569167,42,0,1,19,1,4,0,1,2,0,,,,,,
371109,37,2020,11,19,5,4,8,119,870,1,2,2,2,1,2,1,1,1,0,163,35.28013889,-80.84707222,12,1,0,1,1,1,1,3,1,0,,,,,,
371110,37,2020,11,28,7,1,28,119,870,1,1,1,1,5,2,7,98,0,0,0,35.283375,-80.74586389,35,0,0,1,1,4,0,2,10,0,,,,,,
371111,37,2020,11,29,1,8,39,119,870,1,1,1,2,1,2,1,1,1,0,40,35.36923889,-80.79348333,8,0,1,18,1,1,0,1,1,0,,,,,,
371112,37,2020,11,10,3,16,1,123,0,2,2,2,3,3,1,4,1,0,0,230,35.39861389,-79.98634167,12,2,0,1,1,1,0,1,1,0,,,,,,
371113,37,2020,11,12,5,9,46,123,0,1,2,2,2,3,1,5,1,0,0,5,35.30356389,-80.073825,12,6,0,1,1,1,0,1,2,0,,,,,,
371114,37,2020,11,26,5,7,48,123,0,2,1,1,2,8,1,7,1,0,0,36,35.30414722,-79.80086944,42,0,0,1,1,4,0,1,1,0,,,,,,
371115,37,2020,11,27,6,20,50,123,0,1,1,1,1,2,1,5,1,0,0,50,35.31829444,-79.76166111,42,0,0,1,1,4,0,2,1,0,,,,,,
371116,37,2020,11,11,4,19,20,125,0,1,1,1,1,8,1,6,1,0,0,49,35.42187222,-79.66553333,42,0,0,1,1,4,0,2,2,0,,,,,,
371117,37,2020,11,11,4,5,45,125,0,1,2,2,2,3,1,4,1,0,0,334,35.29788333,-79.20429444,12,6,0,1,1,1,0,2,2,0,,,,,,
371118,37,2020,11,4,4,18,48,127,0,2,2,2,4,3,2,5,1,0,0,78,36.02623333,-77.88867778,12,2,0,1,1,1,0,2,1,0,,,,,,
371119,37,2020,11,28,7,23,39,127,0,1,1,1,1,3,2,5,1,0,0,37,35.78250556,-78.204255559999993,8,0,0,1,1,2,0,2,1,0,,,,,,
371120,37,2020,11,26,5,19,16,127,3930,1,2,2,3,2,2,3,1,1,0,141,35.95393611,-77.82660556,12,6,0,2,2,1,0,2,1,0,,,,,,
371121,37,2020,11,10,3,22,0,129,0,1,2,2,4,8,2,5,1,0,0,6,34.12531944,-77.90486389,12,2,0,1,1,1,0,2,1,0,,,,,,
371122,37,2020,11,5,5,11,2,133,2330,1,2,2,4,8,2,4,1,0,0,149,34.74909444,-77.38758333,12,6,0,2,3,1,0,1,1,0,,,,,,
371123,37,2020,11,1,1,4,12,135,0,2,1,1,3,2,2,4,1,0,0,73,36.08284444,-79.13171667,42,0,0,1,1,4,0,2,1,0,,,,,,
371124,37,2020,9,5,7,16,49,119,870,1,3,3,5,3,2,3,1,1,0,135,35.21648611,-80.88241944,12,7,0,2,3,1,0,1,1,0,,,,,,
371125,37,2020,9,5,7,17,40,119,870,1,2,2,2,8,2,4,1,0,0,9,35.30944444,-80.97481111,12,2,0,2,3,1,0,1,1,0,,,,,,
371126,37,2020,9,4,6,20,28,119,870,1,2,2,2,2,2,3,1,1,0,141,35.258377779999996,-80.78914444,12,6,0,8,1,1,0,3,1,0,,,,,,
371127,37,2020,9,7,2,2,43,119,870,1,1,1,1,1,1,1,1,1,0,12,35.24534722,-80.96944722,1,0,1,5,1,3,0,2,1,0,,,,,,
371128,37,2020,9,5,7,19,7,101,0,1,2,2,5,2,1,4,1,0,0,68,35.42549444,-78.47345556,12,6,0,2,3,1,0,1,1,0,,,,,,
371129,37,2020,9,6,1,4,26,119,870,1,2,2,2,6,2,5,98,0,0,0,35.13787222,-80.87930833,12,2,0,1,1,1,0,3,1,0,,,,,,
371130,37,2020,9,11,6,23,0,101,5080,1,1,1,2,2,2,3,1,1,0,132,35.57102778,-78.34551389,8,0,0,2,2,1,0,2,1,0,,,,,,
371131,37,2020,9,11,6,19,53,119,870,1,2,2,4,8,2,4,1,0,0,22,35.26481944,-80.94041389,12,6,0,1,1,1,0,5,1,0,,,,,,
371132,37,2020,9,13,1,1,47,103,0,1,1,1,1,2,1,98,1,0,0,,34.91519722,-77.23748333,33,0,0,1,1,3,0,2,1,0,,,,,,
371133,37,2020,9,1,3,16,54,101,0,1,3,3,4,2,1,3,1,1,0,210,35.48945,-78.26609444,12,1,0,8,1,1,0,1,1,0,,,,,,
371134,37,2020,9,19,7,18,4,119,870,1,1,1,1,6,2,7,4,0,0,1,35.27291944,-80.76610556,42,0,0,1,1,4,0,1,1,0,,,,,,
371135,37,2020,9,20,1,2,6,117,0,1,2,2,1,3,1,6,1,0,0,218,35.95845833,-77.29400278,12,11,0,1,1,1,0,2,10,0,,,,,,
371136,37,2020,9,20,1,17,22,101,0,1,2,2,2,8,1,7,1,0,0,32,35.54514722,-78.39387222,12,6,0,2,3,1,0,1,1,0,,,,,,
371137,37,2020,9,21,2,17,52,115,0,1,3,3,3,8,1,5,1,0,0,44,35.92011667,-82.57870278,12,1,0,1,1,1,0,1,1,0,,,,,,
371138,37,2020,9,27,1,3,37,119,870,1,1,1,2,1,2,1,1,1,0,19,35.21628333,-80.83602778,24,0,1,19,1,4,1,3,1,0,,,,,,
371139,37,2020,9,25,6,21,54,119,870,1,2,2,2,9,2,3,1,1,0,60,35.22853611,-80.74547778,12,6,0,1,1,1,0,3,10,0,,,,,,
371140,37,2020,9,28,2,4,57,119,870,1,1,1,1,3,2,5,1,0,0,10,35.25584167,-80.981675,9,0,0,1,1,1,0,2,10,0,,,,,,
371141,37,2020,9,30,4,7,52,119,870,1,2,2,7,2,2,3,1,1,0,206,35.23998333,-80.97221667,12,2,1,2,2,1,0,1,1,0,,,,,,
371142,37,2020,9,30,4,21,6,103,0,1,1,1,1,2,1,3,1,1,0,18,34.91760833,-77.23597222,1,0,0,1,1,3,0,2,1,0,,,,,,
371143,37,2020,11,19,5,1,47,135,0,1,1,1,1,8,2,7,1,0,0,12,36.09651944,-79.21510556,8,0,0,1,1,1,0,2,1,0,,,,,,
371144,37,2020,11,23,2,18,31,135,0,1,1,1,1,1,2,1,1,1,0,107,36.03068889,-79.09041667,8,0,0,1,1,99,0,2,1,0,,,,,,
371145,37,2020,11,12,5,19,50,141,0,1,1,1,1,8,1,7,1,0,0,7,34.50285,-77.86494444,9,0,0,1,1,1,0,2,2,0,,,,,,
371146,37,2020,11,12,5,9,45,145,0,1,2,2,2,8,1,6,1,0,0,16,36.393308330000004,-78.95286389,12,6,0,1,1,1,0,1,2,0,,,,,,
371147,37,2020,11,25,4,10,42,145,0,2,2,2,5,3,1,5,1,0,0,144,36.39895278,-79.03158333,12,2,0,1,1,1,0,1,10,0,,,,,,
371148,37,2020,11,13,6,19,38,147,1950,1,1,1,1,3,2,3,1,1,0,187,35.56990556,-77.40109444,9,0,0,1,1,1,0,3,1,0,,,,,,
371149,37,2020,11,21,7,18,11,147,0,1,1,1,1,8,1,7,1,0,0,13,35.63608056,-77.29918889,18,0,0,1,1,1,0,2,1,0,,,,,,
371150,37,2020,11,29,1,0,57,147,0,1,2,1,1,2,1,2,1,1,0,268,35.60451944,-77.52210833,8,0,0,1,1,2,0,2,1,0,,,,,,
371151,37,2020,11,24,3,20,44,151,0,1,1,1,1,8,1,7,1,0,0,31,35.80293611,-79.96835,34,0,0,1,1,4,0,2,1,0,,,,,,
371152,37,2020,11,13,6,9,57,153,0,3,3,3,6,2,1,3,1,1,0,238,34.98965556,-79.57925,12,1,0,1,1,1,0,1,10,0,,,,,,
371153,37,2020,11,12,5,17,33,155,0,1,1,1,2,8,1,7,1,0,0,45,34.70823611,-79.14648333,8,0,0,1,1,1,0,2,2,0,,,,,,
371154,37,2020,11,26,5,16,29,155,0,1,1,1,1,8,2,7,1,0,0,10,34.69115,-79.17718611,9,0,0,1,1,1,0,1,1,0,,,,,,
371155,37,2020,11,6,6,0,6,157,0,1,1,1,1,8,1,6,1,0,0,81,36.49700833,-79.80210833,42,0,0,1,1,4,0,2,1,0,,,,,,
371156,37,2020,11,12,5,7,37,157,0,2,2,2,2,2,1,4,1,0,0,6,36.26976389,-79.65183056,12,6,0,2,3,1,0,1,2,0,,,,,,
371157,37,2020,11,20,6,6,1,159,0,1,2,2,2,1,2,1,1,1,0,822,35.71681111,-80.39181389,12,1,0,1,1,1,0,2,1,0,,,,,,
371158,37,2020,11,11,4,15,29,161,0,1,1,1,1,2,1,5,1,0,0,139,35.33570833,-81.81745278,8,0,0,2,2,1,0,1,2,0,,,,,,
371159,37,2020,11,22,1,18,37,161,0,1,2,2,2,8,1,7,1,0,0,23,35.30921667,-81.88900556,12,6,0,4,1,1,0,2,1,0,,,,,,
371160,37,2020,11,4,4,7,57,163,0,1,1,1,2,3,1,5,1,0,0,10,34.69904444,-78.35023611,34,0,0,1,1,4,0,1,1,0,,,,,,
371161,37,2020,11,11,4,10,19,163,0,1,1,1,1,8,1,7,1,0,0,39,34.89071389,-78.32028056,35,0,0,1,1,4,0,1,10,0,,,,,,
371162,37,2020,11,20,6,21,23,171,0,1,1,1,1,8,1,7,1,0,0,12,36.35269444,-80.73822778,34,0,0,1,1,4,0,2,1,0,,,,,,
371163,37,2020,11,28,7,0,38,171,0,1,1,1,1,8,1,5,1,0,0,29,36.53094722,-80.66814722,42,0,0,1,1,5,0,2,1,0,,,,,,
371164,37,2020,11,21,7,0,31,179,0,1,1,1,1,8,2,5,1,0,0,34,34.99010556,-80.61262778,1,0,0,1,1,4,0,2,1,0,,,,,,
371165,37,2020,11,29,1,18,21,181,0,2,1,1,2,8,1,7,1,0,0,27,36.43357778,-78.40183056,43,0,0,1,1,4,0,2,10,0,,,,,,
371166,37,2020,11,17,3,20,58,183,0,1,1,1,1,8,1,5,1,0,0,54,35.88358889,-78.41945278,34,0,0,1,1,4,0,2,1,0,,,,,,
371167,37,2020,11,21,7,17,47,183,3750,1,4,4,4,2,2,3,1,1,0,17,35.91091944,-78.77978611,8,0,0,1,1,1,0,2,10,0,,,,,,
371168,37,2020,11,21,7,18,13,185,0,1,2,2,3,8,1,7,1,0,0,10,36.36244444,-78.25661667,12,6,0,2,2,1,0,3,1,0,,,,,,
371169,37,2020,11,6,6,9,14,189,0,1,1,1,1,8,1,7,1,0,0,17,36.13574444,-81.62118056,1,0,0,1,1,1,0,1,1,0,,,,,,
371170,37,2020,11,6,6,18,35,191,0,1,2,2,2,8,1,7,1,0,0,58,35.54021389,-77.98776389,12,1,0,1,1,1,0,1,1,0,,,,,,
371171,37,2020,11,6,6,18,45,191,0,1,2,2,3,3,1,5,1,0,0,237,35.54548611,-78.05051111,12,6,0,2,2,1,0,2,1,0,,,,,,
371172,37,2020,11,14,7,14,52,191,0,1,1,1,1,8,1,6,1,0,0,56,35.33404167,-78.07312222,8,0,0,8,1,1,0,1,1,0,,,,,,
371173,37,2020,11,2,2,23,19,195,0,1,1,1,1,8,1,7,1,0,0,100,35.61683333,-78.11144167,34,0,0,1,1,4,0,2,1,0,,,,,,
371174,37,2020,11,19,5,21,19,195,5070,1,1,1,1,2,2,2,1,1,0,167,35.73366111,-77.88020833,34,0,0,1,1,4,0,2,1,0,,,,,,
371175,37,2020,11,10,3,13,25,199,0,1,2,2,3,2,1,3,1,1,0,69,35.91790556,-82.27675833,12,6,0,2,3,1,0,1,10,0,,,,,,
371176,37,2020,12,20,1,17,48,1,700,1,3,3,5,2,2,3,1,0,0,68,36.10179167,-79.42683611,12,7,0,1,1,1,0,1,1,0,,,,,,
371177,37,2020,12,28,2,23,29,1,0,1,2,2,5,3,1,5,1,0,0,255,36.15492778,-79.33666944,12,1,0,1,1,1,0,2,1,0,,,,,,
371178,37,2020,12,26,7,3,54,1,0,1,2,2,2,3,1,4,1,0,0,58,35.91833611,-79.314175,12,6,0,1,1,4,0,2,1,0,,,,,,
371179,37,2020,12,18,6,13,46,1,0,1,2,2,3,3,1,4,1,0,0,337,36.24508611,-79.51718611,12,2,0,1,1,1,0,1,1,0,,,,,,
371180,37,2020,12,6,1,11,27,17,0,1,1,1,1,8,1,6,1,0,0,5,34.77704444,-78.44573611,34,0,0,1,1,4,0,1,1,0,,,,,,
371181,37,2020,12,17,5,7,45,17,0,1,1,1,1,8,1,7,1,0,0,22,34.48301111,-78.68391389,35,0,0,1,1,4,0,1,1,0,,,,,,
371182,37,2020,12,7,2,17,22,19,0,1,2,2,4,3,1,5,1,0,0,34,34.01393056,-78.57711667,53,0,0,1,1,4,0,2,2,0,,,,,,
371183,37,2020,12,5,7,19,8,21,0,1,1,1,2,8,2,7,1,0,0,16,35.584325,-82.627625,8,0,0,1,1,1,0,2,1,0,,,,,,
371184,37,2020,12,12,7,23,39,21,170,2,2,2,2,1,2,1,1,1,0,116,35.56174722,-82.572125,12,2,0,1,1,1,0,2,1,0,,,,,,
371185,37,2020,12,14,2,18,28,21,170,1,1,1,2,3,2,4,1,0,0,68,35.52173056,-82.60657778,8,0,0,1,1,1,0,2,1,0,,,,,,
371186,37,2020,12,10,5,19,36,23,3130,2,1,1,4,2,1,4,1,0,0,25,35.75589167,-81.67725278,42,0,0,1,1,4,0,2,1,0,,,,,,
371187,37,2020,12,1,3,18,11,25,2390,1,1,1,1,2,2,3,1,1,0,126,35.48493889,-80.61128056,8,0,0,1,1,2,0,3,1,0,,,,,,
371188,37,2020,12,5,7,7,58,25,3035,1,3,3,3,3,2,4,1,0,0,38,35.24953889,-80.53851667,12,2,0,3,2,1,0,1,1,0,,,,,,
371189,37,2020,12,15,3,18,49,25,2390,2,1,1,2,1,2,1,1,1,0,17,35.48171944,-80.57664722,32,0,0,1,1,4,0,2,1,0,,,,,,
371190,37,2020,12,1,3,12,1,31,3290,1,2,2,3,2,2,3,1,1,0,435,34.77734167,-76.87172222,12,6,0,2,2,1,0,1,1,0,,,,,,
371191,37,2020,12,8,3,14,9,35,0,3,2,2,3,8,1,6,1,0,0,27,35.63861389,-81.11853889,12,2,0,1,1,1,0,1,1,0,,,,,,
371192,37,2020,12,13,1,18,33,35,0,1,1,1,1,8,1,7,1,0,0,0,35.58816667,-81.34687222,43,0,0,3,3,4,0,2,1,0,,,,,,
371193,37,2020,12,18,6,10,12,35,0,1,2,2,2,8,1,7,1,0,0,4,35.67375,-81.34843611,8,0,0,1,1,1,0,1,1,0,,,,,,
371194,37,2020,12,11,6,9,36,37,0,1,1,1,1,8,1,7,1,0,0,56,35.77906389,-79.20806667,34,0,0,1,1,4,0,1,1,0,,,,,,
371195,37,2020,12,20,1,0,44,39,0,1,1,1,4,8,1,5,1,0,0,68,35.20118889,-83.84632222,32,0,0,1,1,4,0,2,1,0,,,,,,
371196,37,2020,12,17,5,12,30,39,0,1,4,3,5,2,1,3,1,1,0,260,35.07002222,-84.05683611,12,6,0,2,3,1,0,1,1,0,,,,,,
371197,37,2020,12,8,3,13,29,45,9997,1,2,2,4,3,2,4,1,0,0,231,35.48056667,-81.51366667,12,2,0,2,3,1,0,1,1,0,,,,,,
371198,37,2020,12,2,4,19,35,51,1670,1,1,1,1,2,2,3,1,1,0,83,35.08734722,-78.87924444,8,0,0,1,1,1,0,3,1,0,,,,,,
371199,37,2020,12,18,6,21,5,51,0,2,2,2,3,3,1,5,1,0,0,98,34.97908333,-78.77261389,12,2,0,1,1,1,0,2,1,0,,,,,,
371200,37,2020,12,29,3,19,51,51,1670,1,1,1,2,8,2,7,1,0,0,146,35.06003889,-78.88695,8,0,0,1,1,1,0,2,1,0,,,,,,
371201,37,2020,12,25,6,0,19,63,1360,1,1,1,1,2,2,3,1,1,0,40,35.98681667,-78.90851111,19,0,0,1,1,5,0,3,2,0,,,,,,
371202,37,2020,12,21,2,8,51,65,0,1,1,1,1,2,1,2,1,1,0,95,35.86705833,-77.50832778,34,0,0,1,1,4,0,1,1,0,,,,,,
371203,37,2020,12,2,4,6,47,67,0,1,2,2,2,2,1,3,1,1,0,231,36.18631111,-80.11195,12,2,0,1,1,1,0,4,1,0,,,,,,
371204,37,2020,12,16,4,6,57,67,5120,1,2,2,3,1,2,1,1,1,0,188,36.07506389,-80.11539722,12,1,1,18,1,1,0,3,2,0,,,,,,
371205,37,2020,12,8,3,6,36,69,0,1,3,3,3,3,1,4,1,0,0,97,35.98241111,-78.26484167,12,6,0,2,2,1,0,4,1,0,,,,,,
371206,37,2020,9,14,2,9,23,125,0,1,2,2,2,3,1,4,1,0,0,93,35.40434722,-79.57844444,12,2,0,1,1,1,0,1,1,0,,,,,,
371207,37,2020,9,8,3,17,29,151,0,1,2,2,2,8,1,6,1,0,0,0,35.518975,-79.97181389,12,6,0,1,1,1,0,1,1,0,,,,,,
371208,37,2020,9,13,1,17,57,151,0,1,1,1,1,8,1,7,1,0,0,11,35.68681111,-80.002325,1,0,0,1,1,1,0,1,1,0,,,,,,
371209,37,2020,9,6,1,8,10,133,0,1,1,1,1,8,1,6,1,0,0,20,34.801375,-77.24744167,34,0,0,1,1,4,0,1,1,0,,,,,,
371210,37,2020,9,4,6,4,14,133,0,1,1,1,1,8,2,7,1,0,0,4,34.68353056,-77.19148889,34,0,0,1,1,4,0,2,1,0,,,,,,
371211,37,2020,9,3,5,20,33,133,2330,1,1,1,2,2,2,3,1,1,0,32,34.76003889,-77.41665,8,0,0,1,1,1,0,2,1,0,,,,,,
371212,37,2020,9,1,3,16,2,133,0,1,3,3,3,2,2,3,1,1,0,78,34.83233611,-77.52830278,12,8,0,1,1,1,0,1,1,0,,,,,,
371213,37,2020,9,30,4,1,6,127,0,1,1,1,3,8,1,7,1,0,0,4,36.045125,-78.00998056,1,0,0,1,1,4,0,2,2,0,,,,,,
371214,37,2020,9,26,7,0,13,127,0,1,1,1,5,3,1,4,1,0,0,255,35.90491944,-77.8486,53,0,0,1,1,4,0,3,10,0,,,,,,
371215,37,2020,9,30,4,16,5,125,4740,1,2,2,3,2,2,3,1,1,0,202,35.26066667,-79.26645278,12,7,0,1,1,1,0,1,1,0,,,,,,
371216,37,2020,9,3,5,22,33,155,0,1,3,3,4,1,1,1,1,1,0,19,34.52002778,-79.281575,12,7,0,1,1,1,0,2,1,0,,,,,,
371217,37,2020,6,11,5,8,15,151,0,1,1,1,1,8,1,5,1,0,0,31,35.84159167,-79.99415278,34,0,0,1,1,4,0,1,10,0,,,,,,
371218,37,2020,12,24,5,1,30,71,1800,1,1,1,1,2,2,3,1,1,0,49,35.25779444,-81.24861389,8,0,0,1,1,1,0,3,10,0,,,,,,
371219,37,2020,12,1,3,20,42,81,1940,1,1,1,2,3,2,3,1,1,0,0,36.06104167,-79.81976389,8,0,0,1,1,1,0,2,1,0,,,,,,
371220,37,2020,12,31,5,11,53,81,1940,1,1,1,3,2,2,2,1,1,0,170,36.04791667,-79.76833611,42,0,1,19,1,4,0,1,10,0,,,,,,
371221,37,2020,12,9,4,13,13,83,0,1,1,1,1,8,1,7,1,0,0,7,36.34505833,-77.70576944,34,0,0,1,1,4,0,1,1,0,,,,,,
371222,37,2020,9,28,2,2,7,119,870,1,3,1,3,1,2,1,1,1,0,111,35.35721389,-80.84448333,45,0,0,1,1,1,2,2,1,0,,,,,,
371223,37,2020,9,6,1,23,49,133,0,1,1,1,2,2,1,3,1,1,0,305,34.58075,-77.48378889,42,0,0,1,1,4,0,2,1,0,,,,,,
371224,37,2020,9,2,4,5,40,135,0,1,2,2,2,3,1,4,1,0,0,261,36.22584444,-79.18576944,12,2,0,1,1,1,0,2,2,0,,,,,,
371225,37,2020,9,18,6,3,52,137,0,1,2,2,2,3,1,5,1,0,0,60,35.1885,-76.68458889,12,2,0,2,7,1,0,2,10,0,,,,,,
371226,37,2020,9,30,4,5,41,139,0,1,1,1,1,2,2,3,1,1,0,60,36.35572222,-76.27598333,42,0,0,1,1,4,0,2,1,0,,,,,,
371227,37,2020,9,17,5,11,3,141,0,1,1,1,1,8,1,7,1,0,0,59,34.48613333,-77.85862778,34,0,0,1,1,4,0,1,2,0,,,,,,
371228,37,2020,9,6,1,1,32,143,0,1,1,1,1,8,1,6,1,0,0,71,36.16620278,-76.33693889,15,0,0,1,1,1,0,2,1,0,,,,,,
371229,37,2020,9,6,1,14,23,147,0,1,2,2,4,8,2,7,1,0,0,60,35.64926944,-77.41485278,12,2,0,1,1,1,0,1,1,0,,,,,,
371230,37,2020,9,5,7,1,59,147,0,1,3,3,2,3,1,5,1,0,0,323,35.71353611,-77.52304722,12,1,0,1,1,1,0,2,1,0,,,,,,
371231,37,2020,9,10,5,15,35,149,0,1,1,1,1,2,1,5,1,0,0,38,35.22276944,-82.31666389,1,0,0,1,1,6,0,1,1,0,,,,,,
371232,37,2020,12,2,4,20,41,87,0,1,1,1,2,2,2,2,1,1,0,88,35.51288889,-82.97694444,24,0,0,1,1,3,0,2,1,0,,,,,,
371233,37,2020,12,25,6,20,21,89,0,1,1,1,1,2,1,4,1,0,0,201,35.39673611,-82.33557778,53,0,0,1,1,4,0,2,1,0,,,,,,
371234,37,2020,12,2,4,11,14,93,0,1,2,2,2,2,2,5,1,0,0,35,34.99199444,-79.18615,12,2,0,1,1,1,0,1,1,0,,,,,,
371235,37,2020,12,12,7,16,42,93,0,1,2,2,4,8,2,7,1,0,0,8,34.99613611,-79.168975,12,6,0,1,1,1,0,1,1,0,,,,,,
371236,37,2020,12,28,2,18,15,93,0,1,2,2,2,2,2,3,1,1,0,141,35.01430833,-79.15868333,12,2,0,2,2,1,0,5,1,0,,,,,,
371237,37,2020,12,25,6,20,6,101,0,2,2,2,3,3,1,4,1,0,0,403,35.76015,-78.29630278,12,2,0,1,1,1,0,2,1,0,,,,,,
371238,37,2020,12,23,4,12,40,101,0,1,1,1,1,8,1,7,1,0,0,0,35.44462778,-78.20631667,32,0,0,1,1,4,0,1,1,0,,,,,,
371239,37,2020,12,4,6,18,34,117,0,1,2,2,2,3,1,4,1,0,0,138,35.99805833,-77.23308056,12,2,0,1,1,1,0,2,1,0,,,,,,
371240,37,2020,12,1,3,18,8,119,870,1,2,2,3,8,2,7,1,0,0,9,35.28246111,-80.77895278,12,1,0,3,3,1,0,3,1,0,,,,,,
371241,37,2020,12,6,1,2,22,119,870,1,1,1,1,8,2,7,1,0,0,7,35.18089167,-80.61464444,42,0,0,1,1,4,0,2,1,0,,,,,,
371242,37,2020,12,11,6,8,19,119,870,1,2,2,2,8,2,4,1,0,0,30,35.34605,-80.88481944,12,6,0,1,1,1,0,1,1,1,,,,,,
371243,37,2020,12,15,3,0,27,119,870,1,1,1,1,6,2,4,98,0,0,0,35.27620833,-80.8553,8,0,0,8,1,1,0,3,1,0,,,,,,
371244,37,2020,12,27,1,21,29,119,870,1,1,1,1,6,2,6,4,0,0,0,35.13566667,-80.75955,30,0,0,1,1,4,0,3,1,0,,,,,,
371245,37,2020,12,23,4,21,44,119,870,1,2,2,2,3,2,3,1,1,0,143,35.28769722,-80.72763333,12,6,0,3,2,1,0,3,1,0,,,,,,
371246,37,2020,12,20,1,22,12,119,870,1,1,1,1,8,2,4,1,0,0,3,35.24927222,-80.78169444,8,0,0,1,1,1,0,3,1,0,,,,,,
371247,37,2020,12,24,5,14,0,119,870,1,2,2,4,1,2,1,1,1,0,591,35.36435,-80.83736389,57,0,0,1,1,3,0,1,2,0,,,,,,
371248,37,2020,12,25,6,9,16,119,870,1,3,3,6,1,2,1,1,1,0,282,35.128813890000004,-80.91532778,57,0,1,19,1,3,0,1,1,0,,,,,,
371249,37,2020,12,31,5,19,1,119,870,1,2,2,4,5,2,5,1,0,0,,,,12,2,0,1,1,1,0,2,2,0,,,,,,
371250,37,2020,12,9,4,15,12,125,0,1,2,2,2,3,1,4,1,0,0,149,35.37465833,-79.46098056,12,2,0,1,1,1,0,1,1,0,,,,,,
371251,37,2020,12,24,5,22,40,129,0,1,2,2,4,1,2,1,1,1,0,,,,24,0,1,19,1,3,0,2,2,0,,,,,,
371252,37,2020,12,14,2,17,56,131,0,3,2,2,6,2,1,3,1,1,0,,36.38408056,-77.46274722,12,2,0,1,1,1,0,2,1,0,,,,,,
371253,37,2020,12,3,5,16,40,133,0,1,2,2,2,3,1,5,1,0,0,21,34.500825,-77.55968333,12,2,0,1,1,1,0,1,1,0,,,,,,
371254,37,2020,12,23,4,15,59,141,0,1,2,2,4,2,2,3,1,1,0,36,34.44846944,-77.61986667,12,6,0,4,1,1,0,1,1,0,,,,,,
371255,37,2020,12,8,3,19,42,147,0,1,1,1,3,3,1,5,1,0,0,52,35.58409167,-77.22256667,8,0,0,2,3,1,0,2,1,0,,,,,,
371256,37,2020,12,10,5,7,47,147,0,1,1,1,1,8,1,7,1,0,0,45,35.40162778,-77.35623611,35,0,0,1,1,4,0,1,1,0,,,,,,
371257,37,2020,12,14,2,12,37,147,0,1,2,2,5,3,1,5,1,0,0,18,35.53786667,-77.15123056,12,6,0,1,1,1,0,1,2,0,,,,,,
371258,37,2020,9,8,3,23,39,157,0,1,2,2,3,3,1,5,1,0,0,51,36.49125278,-79.67964444,12,2,0,1,1,1,0,2,1,0,,,,,,
371259,37,2020,9,16,4,16,57,159,4070,1,1,1,1,1,2,1,1,1,0,762,,,8,0,1,18,1,1,0,1,10,0,,,,,,
371260,37,2020,9,24,5,3,8,159,4070,1,1,1,1,8,2,7,1,0,0,49,35.62256389,-80.54146389,8,0,0,1,1,1,0,2,10,0,,,,,,
371261,37,2020,9,10,5,16,35,161,0,3,2,2,3,2,1,4,1,0,0,273,35.42754167,-81.90195278,12,2,0,1,1,1,0,1,1,0,,,,,,
371262,37,2020,9,3,5,7,38,163,0,1,2,2,2,3,1,3,1,1,0,262,34.98811944,-78.23763333,12,2,0,1,1,1,0,1,1,0,,,,,,
371263,37,2020,9,5,7,2,46,167,0,1,1,1,1,8,1,7,1,0,0,28,35.32303889,-80.40166667,39,0,0,1,1,5,0,2,1,0,,,,,,
371264,37,2020,9,12,7,22,49,167,0,2,2,2,4,8,1,4,1,0,0,28,35.38501944,-80.18258889,12,6,0,2,3,1,0,2,1,0,,,,,,
371265,37,2020,9,27,1,0,5,167,9997,1,1,1,3,3,2,4,1,0,0,72,35.26920556,-80.33566389,8,0,0,1,1,1,0,2,1,0,,,,,,
371266,37,2020,9,1,3,7,13,179,0,1,1,1,1,8,1,7,1,0,0,28,35.04151667,-80.33639167,8,0,0,1,1,1,0,1,5,0,,,,,,
371267,37,2020,9,10,5,2,3,179,0,1,1,1,1,8,1,5,1,0,0,36,35.11345833,-80.581925,34,0,0,1,1,4,0,2,10,0,,,,,,
371268,37,2020,9,19,7,13,46,179,0,1,2,2,4,8,1,5,1,0,0,0,34.84066111,-80.41867778,12,6,0,8,1,1,0,1,1,0,,,,,,
371269,37,2020,9,5,7,21,27,181,0,1,1,1,2,3,1,3,1,1,0,16,36.26511389,-78.34243333,8,0,0,2,3,1,0,2,1,0,,,,,,
371270,37,2020,9,18,6,23,43,181,2120,1,3,3,3,1,2,1,1,1,0,108,36.32944167,-78.44544444,12,1,1,18,1,1,0,2,1,0,,,,,,
371271,37,2020,9,5,7,8,9,183,3750,1,1,1,1,8,1,3,1,0,0,41,35.77065278,-78.65141944,42,0,0,1,1,4,0,1,1,0,,,,,,