st_case,state,year,month,day,day_week,hour,minute,county,city,fatals_crash,vehicles_total,vehicles_in_transport,persons_total,route,rural_urban,functional_system,road_owner,nhs,special_jurisdiction,milepoint,latitude,longitude,first_harmful_event,manner_collision,rel_jct_interchange,rel_jct_location,intersection_type,relation_to_road,work_zone,light_condition,weather,school_bus_related,ems_notified_hour,ems_notified_min,ems_arrival_hour,ems_arrival_min,hospital_hour,hospital_min
371272,37,2020,9,13,1,0,54,183,0,1,2,2,3,8,1,7,1,0,0,3,35.91991667,-78.68466667,12,2,0,1,1,1,0,2,1,0,,,,,,
371273,37,2020,9,16,4,13,33,183,0,1,1,1,1,1,1,1,1,1,0,11,35.86040556,-78.81338056,24,0,0,1,1,3,1,1,10,0,,,,,,
371274,37,2020,9,5,7,20,38,189,0,1,2,2,2,2,1,3,1,1,0,107,36.15513333,-81.64576111,12,2,0,1,1,1,0,5,1,0,,,,,,
371275,37,2020,9,9,4,6,22,191,1880,1,2,2,3,2,2,2,1,1,0,105,35.39678333,-77.96933333,5,0,0,1,1,1,0,2,1,0,,,,,,
371276,37,2020,9,27,1,7,0,191,1880,1,2,2,3,2,2,2,1,1,0,84,35.38417778,-78.01385556,12,6,0,2,3,1,0,1,1,0,,,,,,
371277,37,2020,9,6,1,14,21,193,0,1,1,1,1,3,1,4,1,0,0,37,36.04910833,-81.28683056,24,0,0,1,1,4,0,1,1,0,,,,,,
371278,37,2020,9,21,2,20,13,195,0,1,1,1,1,8,1,7,1,0,0,8,35.64071944,-77.77424444,34,0,0,1,1,4,0,2,1,0,,,,,,
371279,37,2020,9,10,5,10,13,197,0,1,1,1,1,8,1,5,1,0,0,116,36.13591111,-80.62573889,35,0,0,1,1,4,0,1,1,0,,,,,,
371280,37,2020,9,11,6,7,49,197,0,2,1,1,2,8,1,6,1,0,0,31,36.17681944,-80.77641389,42,0,0,1,1,4,0,1,1,0,,,,,,
371281,37,2020,12,2,4,17,36,151,0,1,2,2,3,8,1,5,1,0,0,48,35.78197778,-79.75192222,8,0,0,1,1,1,0,2,1,0,,,,,,
371282,37,2020,12,9,4,6,1,151,0,1,1,1,1,8,1,6,1,0,0,43,35.77982778,-79.96226667,1,0,0,1,1,5,0,2,10,0,,,,,,
371283,37,2020,12,17,5,22,37,151,0,1,2,2,2,3,2,3,1,1,0,238,35.6801,-79.85112222,12,2,0,1,1,1,0,2,2,0,,,,,,
371284,37,2020,12,5,7,11,23,153,3910,1,2,2,3,2,2,3,1,1,0,162,34.96252778,-79.78313333,12,6,0,2,2,1,0,1,1,0,,,,,,
371285,37,2020,12,30,4,19,26,153,3910,2,1,1,2,6,2,7,98,0,0,,34.923575,-79.75680278,42,0,0,1,1,5,0,3,10,0,,,,,,
371286,37,2020,12,6,1,16,53,155,0,1,1,1,1,8,1,5,1,0,0,13,34.58569167,-79.00573056,23,0,0,1,1,4,0,5,1,0,,,,,,
371287,37,2020,12,20,1,2,44,155,0,1,1,1,2,8,2,7,1,0,0,10,34.69189722,-79.15475833,42,0,0,1,1,4,0,2,1,0,,,,,,
371288,37,2020,12,28,2,19,29,155,0,2,1,1,4,1,1,1,1,1,0,82,34.59575,-79.18461111,34,0,0,1,1,4,0,2,1,0,,,,,,
371289,37,2020,12,26,7,9,27,155,0,1,2,2,4,2,2,4,1,0,0,255,34.70435,-79.01004167,12,6,0,2,2,1,0,1,1,0,,,,,,
371290,37,2020,12,22,3,23,1,155,0,1,1,1,1,8,1,6,1,0,0,58,34.50737778,-79.04180556,34,0,0,1,1,4,0,2,1,0,,,,,,
371291,37,2020,12,13,1,17,42,157,0,1,2,2,2,3,1,5,1,0,0,54,36.48715278,-79.67781944,12,2,0,1,1,1,0,2,1,0,,,,,,
371292,37,2020,12,26,7,18,18,157,0,1,1,1,1,2,1,2,1,1,0,156,36.44479444,-79.56755,8,0,0,1,1,1,0,2,1,0,,,,,,
371293,37,2020,12,27,1,6,33,159,4070,1,1,1,4,2,2,3,1,1,0,,,,33,0,0,1,1,4,0,4,1,0,,,,,,
371294,37,2020,12,18,6,18,23,159,0,1,3,3,4,2,1,4,1,0,0,197,35.71724722,-80.40129722,12,7,0,1,1,1,0,2,1,0,,,,,,
371295,37,2020,12,29,3,8,50,161,0,1,1,1,1,8,1,7,1,0,0,90,35.51448056,-82.07892778,42,0,0,1,1,4,0,1,1,0,,,,,,
371296,37,2020,12,23,4,16,50,161,0,1,2,2,3,2,1,4,1,0,0,92,35.28662778,-81.80635556,12,6,0,2,2,1,0,1,1,0,,,,,,
371297,37,2020,12,30,4,23,40,161,0,1,1,1,2,8,1,6,1,0,0,29,35.39632778,-81.90684444,1,0,0,1,1,4,0,2,1,0,,,,,,
371298,37,2020,12,14,2,6,25,165,0,1,2,2,2,2,1,3,1,1,0,165,34.87974444,-79.37349722,12,2,0,1,1,1,0,2,10,0,,,,,,
371299,37,2020,12,27,1,16,25,167,0,1,1,1,1,8,1,6,1,0,0,122,35.3896,-80.26353611,42,0,0,1,1,4,0,1,1,0,,,,,,
371300,37,2020,12,2,4,19,6,171,0,2,2,2,2,2,1,4,1,0,0,94,36.39833611,-80.70334444,12,2,0,1,1,1,0,6,1,0,,,,,,
371301,37,2020,12,8,3,3,24,171,0,1,1,1,1,3,1,4,1,0,0,235,36.48718611,-80.79693333,34,0,0,1,1,4,0,2,1,0,,,,,,
371302,37,2020,12,13,1,16,7,171,0,1,2,2,2,3,1,5,1,0,0,,36.28035833,-80.820525,12,2,1,2,2,1,0,1,1,0,,,,,,
371303,37,2020,12,4,6,20,38,179,0,1,1,1,1,8,1,7,1,0,0,44,34.87530278,-80.40363056,8,0,0,1,1,1,0,2,2,0,,,,,,
371304,37,2020,12,7,2,14,51,183,0,1,1,1,3,8,2,5,1,0,0,20,35.83091944,-78.40446111,32,0,0,1,1,4,0,1,10,0,,,,,,
371305,37,2020,12,10,5,7,33,183,1770,1,2,2,2,2,2,3,1,1,0,86,35.72074722,-78.64142778,12,6,0,2,2,1,0,1,1,0,,,,,,
371306,37,2020,12,13,1,19,45,183,0,1,2,2,3,1,2,1,1,1,0,28,35.81531389,-78.51498056,24,0,0,1,1,4,0,2,1,0,,,,,,
371307,37,2020,12,23,4,16,2,183,0,1,6,6,8,1,2,1,1,1,0,243,35.84048056,-78.78171667,8,0,0,1,1,1,0,1,1,0,,,,,,
371308,37,2020,12,24,5,6,56,183,3750,1,1,1,1,2,2,3,1,1,0,164,35.80688889,-78.615975,8,0,0,1,1,1,0,3,2,0,,,,,,
371309,37,2020,12,3,5,21,0,191,0,1,1,1,2,8,2,4,1,0,0,24,35.301827780000004,-78.03138889,34,0,0,1,1,4,0,2,1,0,,,,,,
371310,37,2020,12,10,5,20,53,193,0,1,1,1,1,8,1,5,1,0,0,100,36.30297222,-81.08894167,8,0,0,2,3,1,0,2,1,0,,,,,,
371311,37,2020,12,23,4,6,57,195,0,1,3,3,3,3,1,5,1,0,0,220,35.73131111,-77.84488611,12,2,0,1,1,1,0,4,1,0,,,,,,
371312,37,2020,6,11,5,6,22,191,0,1,1,1,2,8,1,7,1,0,0,10,35.27176111,-77.92676111,53,0,0,1,1,4,0,2,1,0,,,,,,
371313,37,2020,6,11,5,14,28,119,3082,1,2,2,3,1,2,1,1,1,0,476,35.13900833,-80.64367222,57,0,0,1,1,3,0,1,1,0,,,,,,
371314,37,2020,6,14,1,3,9,97,0,1,2,2,2,8,1,7,1,0,0,6,35.84227778,-80.81001111,12,6,0,3,2,1,0,2,10,0,,,,,,
371315,37,2020,6,14,1,17,42,119,870,1,4,4,9,8,2,3,1,1,0,16,35.21618889,-80.92324722,12,1,0,3,2,1,0,1,1,0,,,,,,
371316,37,2020,6,16,3,15,39,63,1360,1,3,3,3,2,2,2,1,1,0,,,,12,6,0,1,1,1,1,1,2,0,,,,,,
371317,37,2020,6,19,6,16,1,33,0,1,1,1,5,8,1,7,1,0,0,12,36.52888333,-79.43683889,5,0,0,8,1,1,0,1,1,0,,,,,,
371318,37,2020,6,27,7,16,4,119,870,1,1,1,4,6,2,4,98,0,0,0,35.17493611,-80.71809167,33,0,0,1,1,3,0,1,1,0,,,,,,
371319,37,2020,7,2,5,14,19,19,0,1,3,3,4,3,1,4,1,0,0,110,33.97448889,-78.14059444,12,2,0,1,1,1,0,1,10,0,,,,,,
371320,37,2020,7,15,4,9,0,183,0,1,1,1,3,8,2,7,1,0,0,4,35.76380278,-78.56609444,8,0,0,1,1,1,0,2,1,0,,,,,,
371321,37,2020,7,19,1,23,21,67,5120,1,2,2,3,8,2,5,1,0,0,3,36.13824722,-80.248925,12,2,0,1,1,1,0,3,1,0,,,,,,
371322,37,2020,7,21,3,22,46,191,0,1,1,1,1,8,2,7,1,0,0,19,35.44320833,-77.95226667,34,0,0,1,1,4,0,2,1,0,,,,,,
371323,37,2020,7,29,4,21,26,171,0,1,2,2,2,3,1,5,1,0,0,166,36.34321389,-80.64498056,12,2,0,2,3,1,0,2,1,0,,,,,,
371324,37,2020,9,12,7,0,59,67,5120,1,1,1,2,6,2,7,4,0,0,,36.19325833,-80.28230556,42,0,0,1,1,5,0,3,1,0,,,,,,
371325,37,2020,10,4,1,17,50,49,3250,1,1,1,1,3,2,3,1,1,0,104,35.13781111,-77.09933611,42,0,0,1,1,4,0,1,1,0,,,,,,
371326,37,2020,10,16,6,22,49,175,0,1,1,1,1,2,2,3,1,0,0,276,35.27365556,-82.65246389,8,0,0,1,1,1,0,2,1,0,,,,,,
371327,37,2020,10,17,7,17,50,171,0,1,2,2,2,8,2,7,1,0,0,0,36.27316111,-80.85271944,12,2,0,2,3,1,0,1,1,0,,,,,,
371328,37,2020,10,22,5,17,11,171,0,1,2,2,1,3,1,5,1,0,0,245,36.37503889,-80.51501944,8,0,0,1,1,1,0,1,1,0,,,,,,
371329,37,2020,10,24,7,16,2,119,870,1,2,2,2,3,2,3,1,1,0,184,35.23883333,-80.88454167,12,11,0,2,3,1,0,1,1,0,,,,,,
371330,37,2020,11,1,1,3,38,25,1040,1,1,1,2,8,2,4,1,0,0,12,35.36740556,-80.59679167,23,0,0,1,1,4,0,6,2,0,,,,,,
371331,37,2020,11,3,3,13,18,51,0,2,4,4,6,1,1,1,1,1,0,37,35.20450556,-78.66769167,20,0,1,19,1,3,1,1,1,0,,,,,,
371332,37,2020,11,3,3,18,54,1,2080,1,1,1,1,2,2,4,1,0,0,110,36.09524722,-79.35805556,8,0,0,1,1,1,0,2,1,0,,,,,,
371333,37,2020,11,6,6,22,36,21,0,1,1,1,1,3,1,5,1,0,0,58,35.77854167,-82.46000278,8,0,0,1,1,2,0,2,1,0,,,,,,
371334,37,2020,11,7,7,21,7,147,0,1,1,1,1,8,1,7,1,0,0,2,35.79767222,-77.40114167,34,0,0,1,1,4,0,2,1,0,,,,,,
371335,37,2020,11,8,1,18,49,141,0,1,3,3,4,3,1,5,1,0,0,313,34.67306389,-77.71166389,12,6,0,2,2,1,0,2,1,0,,,,,,
371336,37,2020,11,11,4,19,37,141,0,1,3,3,4,2,1,4,1,0,0,93,34.49486944,-77.89667778,12,1,0,1,1,1,0,2,2,0,,,,,,
371337,37,2020,11,16,2,19,21,71,0,1,1,1,1,8,2,4,1,0,0,2,35.20848889,-81.16663611,8,0,0,1,1,1,0,3,1,0,,,,,,
371338,37,2020,11,19,5,12,14,145,0,1,2,2,1,8,1,7,1,0,0,8,36.46944722,-78.930325,8,0,0,1,1,1,0,1,1,0,,,,,,
371339,37,2020,11,22,1,16,29,159,0,1,2,2,2,1,2,1,1,1,0,170,35.53643333,-80.57397778,12,1,1,18,1,1,0,1,10,0,,,,,,
371340,37,2020,12,5,7,1,42,151,0,1,1,1,1,2,1,4,1,0,0,65,35.86052778,-79.89513889,38,0,0,1,1,4,0,2,1,0,,,,,,
371341,37,2020,12,5,7,3,40,151,0,1,1,1,1,2,1,2,1,1,0,97,35.80919167,-79.54719444,42,0,0,1,1,4,0,2,1,0,,,,,,
371342,37,2020,12,10,5,7,35,51,0,2,1,1,2,8,1,7,1,0,0,2,34.89387778,-78.8672,34,0,0,1,1,4,0,1,1,0,,,,,,
371343,37,2020,12,12,7,18,22,1,700,1,1,1,2,6,2,7,98,0,0,0,36.09337778,-79.44709167,33,0,0,1,1,4,0,3,1,0,,,,,,
371344,37,2020,12,17,5,2,12,13,0,1,1,1,1,8,1,7,1,0,0,10,35.57727778,-77.02007778,18,0,0,1,1,1,0,2,1,0,,,,,,
371345,37,2020,12,18,6,21,54,51,1670,1,1,1,2,3,2,3,1,1,0,119,35.04814444,-78.84266111,8,0,0,2,2,1,0,2,1,0,,,,,,
371346,37,2020,12,21,2,17,23,185,0,1,2,2,2,8,1,7,1,0,0,31,36.39177222,-78.263025,12,2,0,1,1,1,0,5,1,0,,,,,,
371347,37,2020,12,21,2,20,43,191,0,1,2,2,2,3,1,5,1,0,0,123,35.20406389,-78.02038889,12,6,0,2,2,1,0,2,1,0,,,,,,
371348,37,2020,12,24,5,20,57,123,0,1,2,2,2,3,2,5,1,0,0,4,35.30078056,-79.71604444,12,2,0,1,1,1,0,2,2,0,,,,,,
371349,37,2020,12,25,6,0,1,23,0,1,2,2,8,1,2,1,1,1,0,155,35.73038333,-81.59876667,12,7,0,1,1,1,0,2,1,0,,,,,,
371350,37,2020,12,31,5,2,10,139,0,1,1,1,1,2,2,3,1,1,0,37,36.27810833,-76.28120556,42,0,0,1,1,3,0,2,1,0,,,,,,
371351,37,2020,7,10,6,21,11,183,0,1,1,1,1,8,2,5,1,0,0,31,35.57305278,-78.69094722,8,0,0,1,1,1,0,2,1,0,,,,,,
371352,37,2020,11,3,3,18,24,63,1360,1,2,2,2,8,2,4,1,0,0,62,35.9527,-78.905375,8,0,0,2,3,1,0,3,1,0,,,,,,
371353,37,2020,11,12,5,23,22,19,0,1,2,2,4,3,1,4,1,0,0,108,34.04218333,-78.00503611,12,2,0,1,1,1,0,2,2,0,,,,,,
371354,37,2020,5,30,7,8,8,45,4180,1,2,2,3,2,2,3,1,1,0,108,35.28103056,-81.54966111,1,0,0,3,2,1,0,1,1,0,,,,,,
371355,37,2020,5,31,1,20,18,81,2170,1,2,2,4,5,2,7,98,0,0,0,35.978025,-80.00444444,12,6,0,2,2,1,0,3,1,0,,,,,,
371356,37,2020,5,14,5,0,49,127,0,1,1,1,1,3,1,4,1,1,0,0,36.06596111,-77.82232778,42,0,0,5,1,4,0,3,1,0,,,,,,
371357,37,2020,5,29,6,4,32,81,1940,1,1,1,1,6,2,4,4,0,0,0,36.13406111,-79.78985833,8,0,0,1,1,1,0,3,10,0,,,,,,
371358,37,2020,5,29,6,0,37,183,3750,1,1,1,1,6,2,3,4,1,0,125,35.80481389,-78.64609167,30,0,0,1,1,4,0,3,10,0,,,,,,
371359,37,2020,4,28,3,3,10,71,0,1,1,1,1,8,2,5,1,0,0,36,35.32678056,-81.03108333,1,0,0,1,1,4,0,2,1,0,,,,,,
371360,37,2020,5,23,7,11,55,13,4860,1,2,1,1,6,2,7,4,0,0,0,35.55181111,-77.04532778,33,0,0,1,1,4,0,1,1,0,,,,,,
371361,37,2020,7,1,4,12,32,105,4090,2,2,2,2,2,2,3,1,0,0,67,35.50473889,-79.20723333,12,2,0,1,1,1,0,1,1,0,,,,,,
371362,37,2020,6,1,2,19,31,57,2620,1,2,2,2,2,2,3,1,1,0,203,35.83395,-80.27876111,1,0,0,2,2,1,0,1,1,0,,,,,,
371363,37,2020,3,12,5,17,51,97,4430,1,2,2,2,8,2,4,1,0,0,3,35.77151111,-80.89100278,12,6,0,2,2,1,0,1,1,0,,,,,,
371364,37,2020,6,5,6,11,25,139,1460,1,2,2,4,2,2,3,1,1,0,,,,12,2,0,1,1,1,0,1,1,0,,,,,,
371365,37,2020,6,26,6,17,15,97,4430,1,2,2,4,5,2,7,98,0,0,0,35.80451111,-80.89512778,12,2,0,1,1,1,0,1,1,0,,,,,,
371366,37,2020,5,19,3,16,2,89,0,1,1,1,2,2,1,4,1,0,0,193,35.39001944,-82.34589444,8,0,0,1,1,2,0,1,10,0,,,,,,
371367,37,2020,7,20,2,5,23,25,2390,1,1,1,1,8,2,7,1,0,0,11,35.43988056,-80.68187778,8,0,0,1,1,1,0,2,1,0,,,,,,
371368,37,2020,7,11,7,15,25,165,0,1,2,2,2,8,1,6,1,0,0,37,34.67540278,-79.46566111,12,7,0,1,1,1,0,1,1,0,,,,,,
371369,37,2020,9,15,3,16,33,47,0,1,2,2,3,8,1,7,1,0,0,4,34.09851667,-78.82231111,12,2,0,1,1,1,0,1,1,0,,,,,,
371370,37,2020,10,24,7,11,5,135,0,1,1,1,1,8,6,96,96,0,0,0,36.08315278,-79.07971944,8,0,0,1,1,1,0,1,1,0,,,,,,
371371,37,2020,10,31,7,22,13,83,0,1,1,1,1,8,1,7,1,0,0,5,36.17878056,-77.901275,8,0,0,1,1,1,0,2,1,0,,,,,,
371372,37,2020,11,5,5,17,34,185,0,1,1,1,1,8,1,7,1,0,0,30,36.26758333,-78.18509722,34,0,0,1,1,4,0,1,1,0,,,,,,
371373,37,2020,12,9,4,7,22,119,870,1,2,1,2,1,2,1,1,1,0,87,35.26508333,-80.87535833,14,0,1,19,1,2,0,1,1,0,,,,,,
371374,37,2020,12,20,1,21,19,21,170,1,1,1,1,2,2,3,1,1,0,115,35.598325,-82.55293611,8,0,0,3,2,1,0,3,1,0,,,,,,
371375,37,2020,12,22,3,18,3,35,2150,1,1,1,2,2,2,3,1,1,0,82,35.69710278,-81.26255833,8,0,0,1,1,1,0,2,1,0,,,,,,
371376,37,2020,4,18,7,19,25,79,0,1,2,2,3,2,1,4,1,0,0,19,35.44047222,-77.79183056,12,6,0,2,2,1,0,1,1,0,,,,,,
371377,37,2020,4,6,2,18,50,15,0,1,2,2,2,3,1,5,1,0,0,56,35.98468889,-76.76621944,12,6,0,2,3,1,0,1,2,0,,,,,,
371378,37,2020,4,27,2,17,56,183,800,1,1,1,1,8,2,4,1,0,0,0,35.77576111,-78.76856111,9,0,0,2,2,1,0,1,1,0,,,,,,
371379,37,2020,7,25,7,23,44,155,0,1,1,1,1,8,1,6,1,0,0,58,34.76470833,-79.25603056,34,0,0,1,1,4,0,2,1,0,,,,,,
371380,37,2020,11,29,1,15,22,123,0,1,1,1,1,8,2,7,1,0,0,19,35.497,-80.11206111,42,0,0,1,1,4,0,1,1,0,,,,,,
371381,37,2020,6,2,3,5,58,47,0,1,1,1,1,8,1,6,1,0,0,35,34.26130278,-78.83870278,1,0,0,1,1,4,0,1,1,0,,,,,,
371382,37,2020,8,28,6,22,30,81,0,1,1,1,1,8,1,7,1,0,0,5,36.06438056,-79.55568056,32,0,0,1,1,4,0,2,1,0,,,,,,
371383,37,2020,10,3,7,12,57,51,1670,2,2,2,2,6,2,7,98,0,0,0,35.027825,-78.88926944,12,2,0,1,1,1,0,1,1,0,,,,,,
371384,37,2020,3,28,7,16,10,87,4900,1,1,1,1,2,2,2,1,1,0,,,,8,0,0,1,1,1,0,1,1,0,,,,,,
371386,37,2020,3,16,2,9,0,183,3750,1,2,2,2,8,2,4,1,0,0,114,35.83049722,-78.63558611,12,6,0,2,2,1,0,1,1,0,,,,,,
371387,37,2020,3,20,6,12,25,191,0,1,1,1,1,3,1,5,1,0,0,163,35.20839444,-78.08901389,34,0,0,1,1,4,0,1,1,0,,,,,,
371388,37,2020,7,10,6,22,4,93,0,1,2,2,2,8,2,7,1,0,0,2,34.99725556,-79.17005,42,0,0,1,1,4,0,2,1,0,,,,,,
371389,37,2020,7,29,4,11,40,161,1680,1,1,1,2,5,2,7,4,0,0,0,35.34523611,-81.88064444,42,0,0,1,1,4,0,1,10,0,,,,,,
371390,37,2020,7,27,2,14,39,41,1440,1,1,1,1,5,2,7,3,0,0,0,36.05401944,-76.63879167,9,0,0,8,1,1,0,1,1,0,,,,,,
371391,37,2020,7,24,6,9,34,31,3120,1,2,2,2,2,2,3,1,1,0,395,34.74118611,-76.81674444,12,6,0,2,2,1,0,1,1,0,,,,,,
371392,37,2020,3,27,6,15,25,85,2650,1,2,2,2,3,2,5,1,0,0,139,35.3886,-78.82043056,12,6,0,8,1,1,0,1,1,0,,,,,,
371393,37,2020,3,26,5,22,50,157,3800,1,1,1,1,8,2,4,1,0,0,13,36.3313,-79.66556389,35,0,0,1,1,4,0,3,1,0,,,,,,
371394,37,2020,4,14,3,23,3,183,3750,1,1,1,1,8,2,4,1,0,0,12,35.80074722,-78.577725,8,0,0,1,1,1,0,3,10,0,,,,,,
371395,37,2020,5,7,5,15,53,147,240,1,2,2,3,3,2,3,1,1,0,262,35.46654444,-77.43593056,12,6,0,2,2,1,0,1,1,0,,,,,,
371396,37,2020,6,27,7,10,53,71,390,1,2,2,3,2,2,3,1,1,0,22,35.25215556,-81.04577222,12,6,0,8,1,1,0,1,1,0,,,,,,
371397,37,2020,6,27,7,4,18,81,2170,1,2,2,2,3,2,3,1,1,0,117,36.06085833,-79.96138889,12,2,0,2,2,1,0,3,1,0,,,,,,
371398,37,2020,6,18,5,11,38,23,3130,1,1,1,1,8,2,7,1,0,0,1,35.71265278,-81.69637222,53,0,0,1,1,4,0,1,1,0,,,,,,
371399,37,2020,12,31,5,0,20,23,0,1,1,1,1,3,1,4,1,0,0,179,35.923,-81.81680278,42,0,0,1,1,4,0,2,5,0,,,,,,
371400,37,2020,6,11,5,18,41,97,4430,1,2,2,2,2,2,3,1,1,0,113,35.77468056,-80.89963611,12,2,0,3,2,1,0,1,1,0,,,,,,
371401,37,2020,6,7,1,18,5,157,1435,1,1,1,1,5,2,7,4,0,0,0,36.51320556,-79.69596667,9,0,0,2,2,1,0,1,1,0,,,,,,
371402,37,2020,6,15,2,17,16,189,560,1,3,3,3,2,2,3,1,1,0,172,36.22076944,-81.64831111,12,2,0,1,1,1,0,1,1,0,,,,,,
371403,37,2020,7,3,6,21,17,35,3300,1,1,1,1,3,2,4,1,0,0,175,35.65545,-81.23487222,34,0,0,1,1,5,0,3,1,0,,,,,,
371404,37,2020,7,22,4,9,48,159,2520,1,1,1,1,5,2,7,3,0,0,0,35.54004722,-80.61396389,42,0,0,3,10,4,0,1,1,0,,,,,,
371405,37,2020,7,4,7,22,13,119,3082,1,2,2,2,3,2,1,1,1,0,206,35.20115556,-80.63373611,12,6,1,2,2,1,0,2,1,0,,,,,,
371406,37,2020,6,23,3,6,7,183,3750,1,1,1,1,2,2,3,1,1,0,235,35.88886111,-78.7473,8,0,0,1,1,1,0,4,1,0,,,,,,
371407,37,2020,7,18,7,16,40,159,1420,1,2,2,2,8,2,4,1,0,0,16,35.68340278,-80.43407778,12,7,0,1,1,1,0,1,1,0,,,,,,
371408,37,2020,7,16,5,11,39,183,1752,1,2,2,3,2,2,3,1,1,0,11,35.56483056,-78.80405278,12,2,0,1,1,1,0,1,1,0,,,,,,
371409,37,2020,7,4,7,21,28,183,2230,1,2,2,3,3,2,3,1,1,0,179,35.63687222,-78.83067778,12,6,0,8,1,1,0,3,1,0,,,,,,
371410,37,2020,6,26,6,21,22,97,3110,1,1,1,1,3,2,3,1,1,0,64,35.58874167,-80.83550833,8,0,0,1,1,1,0,2,1,0,,,,,,
371411,37,2020,9,16,4,0,42,67,5120,1,2,1,1,6,2,5,4,0,0,6,36.09625833,-80.25347222,30,0,0,1,1,4,0,6,1,0,,,,,,
371412,37,2020,9,12,7,19,43,81,2170,1,1,1,1,8,2,4,1,0,0,28,35.95153611,-79.95481111,23,0,0,1,1,4,0,3,1,0,,,,,,
371413,37,2020,10,19,2,12,31,83,3860,1,1,1,1,3,2,4,1,0,0,298,36.47635556,-77.64626944,34,0,0,1,1,4,0,1,1,0,,,,,,
371414,37,2020,6,20,7,21,40,119,870,1,1,1,1,5,2,5,4,0,0,0,35.37543889,-80.77023333,42,0,0,1,1,4,0,2,1,0,,,,,,
371416,37,2020,5,30,7,12,13,129,5060,1,1,1,1,2,2,3,1,1,0,71,34.25711944,-77.83937222,34,0,0,8,1,4,0,1,10,0,,,,,,
371417,37,2020,5,21,5,22,50,179,2290,1,2,2,2,2,2,3,1,1,0,234,35.08029444,-80.656675,12,1,0,1,1,1,0,2,1,0,,,,,,
371418,37,2020,7,4,7,8,52,97,0,1,2,2,3,1,1,1,1,1,0,10,36.04009167,-80.82020556,12,1,0,1,1,1,0,1,1,0,,,,,,
371419,37,2020,6,3,4,13,17,91,50,1,2,2,3,5,2,7,98,0,0,0,36.28745556,-76.98287222,12,6,0,2,2,1,0,1,1,0,,,,,,
371420,37,2020,6,30,3,19,5,21,0,1,2,2,2,8,2,7,1,0,0,5,35.67716667,-82.56787778,12,2,0,1,1,1,0,1,1,0,,,,,,
371422,37,2020,10,23,6,18,42,183,3750,1,1,1,2,6,2,7,98,0,0,2,35.80532222,-78.61207778,8,0,0,2,3,1,0,3,1,0,,,,,,
371423,37,2020,11,12,5,8,50,183,3750,1,1,1,2,1,2,1,1,1,0,167,35.75278333,-78.6295,24,0,0,1,1,3,0,1,2,0,,,,,,
371424,37,2020,11,13,6,20,11,183,4940,1,2,2,2,8,2,5,1,0,0,4,35.79251389,-78.37441111,12,1,0,3,2,1,0,3,1,0,,,,,,
380001,38,2020,1,8,4,,,47,0,1,1,1,1,2,1,3,1,1,0,2550,46.30398889,-99.12403889,1,0,0,1,1,4,0,9,1,0,6,49,7,12,7,55
380002,38,2020,1,9,5,7,0,53,0,1,2,2,2,2,1,3,1,1,0,1565,47.80494722,-103.58808889,12,2,0,1,1,1,0,2,1,0,7,2,7,21,8,9
380003,38,2020,2,1,7,15,40,15,370,1,2,2,4,3,2,3,1,1,0,749,46.75614167,-100.75340556,12,6,0,2,3,1,0,1,1,0,15,44,15,51,16,12
380004,38,2020,3,3,3,0,0,35,1280,1,1,1,1,2,2,4,1,0,0,63,47.9466,-97.06763611,1,0,0,1,1,4,0,2,1,0,,,0,20,,
380005,38,2020,3,12,5,2,40,105,2620,1,2,2,2,2,1,3,1,1,0,558,48.34263611,-103.118775,12,7,0,1,1,1,0,2,1,0,2,42,2,50,3,8
380006,38,2020,3,18,4,22,38,105,0,1,2,2,4,2,2,3,1,1,0,144,48.13992222,-103.73359722,12,6,0,2,2,1,0,2,4,0,22,38,22,54,23,21
380007,38,2020,3,29,1,23,49,93,1600,1,1,1,0,6,2,7,4,0,0,3,46.91728056,-98.70726389,8,0,0,1,1,1,0,3,1,0,23,51,23,55,,
380008,38,2020,4,10,6,15,48,5,0,1,3,3,3,2,1,3,1,1,0,2474,48.27625833,-99.24995278,12,1,0,1,1,1,0,1,1,0,15,50,16,8,16,54
380009,38,2020,4,23,5,16,15,17,1020,1,2,2,2,6,2,4,4,0,0,,46.89058611,-96.85327778,12,1,0,4,1,1,0,1,10,0,16,20,16,27,,
380010,38,2020,4,25,7,11,30,25,0,1,1,1,2,4,1,5,2,0,0,,47.11495278,-102.96473056,1,0,0,1,1,4,0,1,1,0,11,37,12,3,12,50
380011,38,2020,4,26,1,16,10,11,0,1,1,1,1,4,1,7,2,0,0,,46.23464167,-103.63664444,1,0,0,1,1,4,0,1,1,0,16,30,16,46,17,13
380012,38,2020,4,29,4,18,42,15,0,1,3,3,7,1,1,1,1,1,0,1745,46.836725,-100.45624722,12,2,0,1,1,1,0,1,1,0,18,53,19,7,19,39
380013,38,2020,5,3,1,19,38,17,1020,1,1,1,1,6,2,4,4,0,0,,46.80425556,-96.90271667,33,0,1,2,6,1,0,1,1,0,19,37,19,45,20,6
380014,38,2020,5,5,3,9,6,93,1600,1,2,2,3,6,2,7,4,0,0,0,46.89906111,-98.6991,12,6,0,2,2,1,0,1,10,0,9,10,9,14,9,47
380015,38,2020,5,6,4,,,89,0,1,2,2,2,4,1,5,2,0,0,,46.950075,-102.99939722,12,1,0,8,1,1,0,9,1,0,13,35,13,58,14,21
380016,38,2020,5,6,4,13,20,59,0,1,2,2,3,3,1,4,1,0,0,345,46.41953333,-100.63669722,12,6,0,1,1,1,0,1,1,0,13,34,13,56,15,17