st_case,state,year,month,day,day_week,hour,minute,county,city,fatals_crash,vehicles_total,vehicles_in_transport,persons_total,route,rural_urban,functional_system,road_owner,nhs,special_jurisdiction,milepoint,latitude,longitude,first_harmful_event,manner_collision,rel_jct_interchange,rel_jct_location,intersection_type,relation_to_road,work_zone,light_condition,weather,school_bus_related,ems_notified_hour,ems_notified_min,ems_arrival_hour,ems_arrival_min,hospital_hour,hospital_min
380017,38,2020,5,8,6,,,9,0,1,1,1,1,4,1,5,2,0,0,,48.75736389,-100.46778333,1,0,0,1,1,4,0,9,1,0,3,24,3,35,,
380018,38,2020,5,10,1,5,40,73,0,1,1,1,1,2,1,4,1,0,0,916,46.62946111,-97.43278056,1,0,0,1,1,4,0,2,1,0,5,51,6,8,,
380019,38,2020,5,14,5,17,45,79,0,1,2,2,3,4,1,7,3,0,0,,48.84922222,-99.98319722,12,6,0,8,1,1,0,1,1,0,17,44,18,1,18,28
380020,38,2020,5,16,7,0,14,105,0,1,1,1,2,2,1,3,1,1,0,347,48.34246667,-103.57471111,1,0,0,1,1,3,0,2,1,0,0,14,0,34,,
380021,38,2020,5,18,2,21,24,81,0,1,1,1,1,4,1,5,2,0,0,135,46.13268333,-97.77817778,11,0,0,1,1,1,0,2,1,0,21,25,21,41,,
380022,38,2020,5,20,4,22,26,101,2170,1,1,1,2,2,2,3,1,1,0,1991,48.21644167,-101.29603611,8,0,0,3,2,1,0,3,1,0,22,28,22,30,22,42
380023,38,2020,5,25,2,15,43,67,0,1,1,1,1,4,1,7,2,0,0,,48.67353611,-97.86271944,1,0,0,1,1,2,0,1,1,0,15,40,16,0,,
380024,38,2020,5,26,3,18,30,79,0,1,1,1,3,2,1,3,1,1,0,2547,48.82135556,-100.06111389,1,0,0,1,1,4,0,1,1,0,18,32,18,48,19,20
380025,38,2020,5,28,5,15,27,101,0,1,2,2,5,2,1,3,1,1,0,1053,47.97886111,-101.29368056,12,6,1,2,2,1,0,1,1,0,15,28,15,50,16,47
380026,38,2020,5,28,5,16,0,45,0,1,1,1,1,4,1,5,2,0,0,,46.28306389,-98.26849444,1,0,0,1,1,4,0,1,1,0,16,11,16,23,,
380027,38,2020,5,30,7,15,47,17,1570,1,1,1,1,3,1,4,1,0,0,,47.18775833,-97.2174,5,0,0,1,1,1,0,1,1,0,15,34,15,38,,
380028,38,2020,6,3,4,15,15,15,370,1,1,1,1,6,2,7,4,0,0,,46.83550278,-100.78130833,8,0,0,8,1,1,0,1,10,0,15,19,15,26,15,43
380029,38,2020,6,11,5,5,0,3,0,1,1,1,1,1,1,1,1,1,0,2965,46.92046389,-97.9179,1,0,1,20,1,1,4,4,1,0,5,3,5,16,5,30
380030,38,2020,6,11,5,20,20,81,0,1,1,1,2,4,1,7,2,0,0,,46.22725833,-97.54896667,1,0,0,1,1,4,0,1,1,0,20,30,20,47,21,16
380031,38,2020,6,13,7,19,9,35,0,1,1,1,1,1,1,1,1,1,0,1482,48.02534444,-97.13018889,24,0,0,1,1,4,0,1,10,0,19,9,19,23,,
380032,38,2020,6,14,1,10,50,101,0,1,1,1,1,4,1,5,2,0,0,,47.86261667,-101.42204167,35,0,0,1,1,4,0,1,1,0,11,11,11,25,,
380033,38,2020,6,15,2,16,3,59,0,1,1,1,1,4,1,5,2,0,0,,46.84953056,-101.26019167,1,0,0,1,1,1,0,1,1,0,16,4,16,15,16,51
380034,38,2020,6,19,6,18,45,33,0,1,1,1,1,4,1,5,2,0,0,,46.94194167,-103.94523056,1,0,0,1,1,4,0,1,1,0,18,55,19,8,,
380035,38,2020,6,27,7,9,1,15,370,1,2,2,2,1,2,1,1,1,0,1623,46.83457222,-100.71197222,12,6,0,7,1,1,0,1,1,0,9,7,9,13,9,36
380036,38,2020,6,28,1,15,10,17,0,1,1,1,2,4,1,7,2,0,0,,46.91670556,-97.53538611,1,0,0,3,3,4,0,1,1,0,15,15,16,3,16,43
380037,38,2020,3,29,1,17,23,15,0,1,1,1,2,4,1,6,2,0,0,,46.90039444,-100.78763611,1,0,0,2,3,1,0,1,1,0,17,24,17,34,17,53
380038,38,2020,5,22,6,11,45,17,1020,1,2,2,2,6,2,4,4,0,0,,46.83297778,-96.87851944,12,6,0,2,2,1,0,1,1,0,11,51,11,55,12,28
380039,38,2020,7,3,6,19,35,105,0,1,1,1,1,2,1,3,1,1,0,489,48.34243333,-103.26690833,1,0,0,1,1,4,0,1,1,0,19,40,19,48,20,12
380040,38,2020,7,4,7,18,48,15,370,1,2,2,2,6,2,5,4,0,0,,46.76600833,-100.81161389,12,6,0,1,1,1,0,1,1,0,18,49,18,56,,
380041,38,2020,7,6,2,16,9,59,1990,1,2,2,2,8,2,4,1,0,0,22,46.80917778,-100.83235,12,6,0,8,1,1,0,1,10,0,16,13,16,16,16,37
380042,38,2020,7,9,5,23,45,89,0,1,1,1,1,4,1,7,2,0,0,,46.87268056,-102.77072778,38,0,0,1,1,4,0,2,1,0,23,39,23,43,,
380043,38,2020,7,13,2,20,7,53,3280,1,1,1,1,6,1,7,4,0,0,,47.81478056,-103.25176111,8,0,0,1,1,1,0,1,1,0,20,10,20,17,20,27
380044,38,2020,7,15,4,20,3,15,0,1,3,3,5,1,1,1,1,1,0,1831,46.83628333,-100.27355,12,1,0,1,1,1,0,1,1,0,19,53,20,14,21,11
380045,38,2020,7,19,1,0,5,89,0,1,1,1,2,4,1,7,2,0,0,,46.77271111,-102.24373056,1,0,0,1,1,4,0,2,1,0,0,20,0,39,,
380046,38,2020,7,25,7,14,0,89,0,1,1,1,2,4,1,5,2,0,0,,46.86238056,-102.25060833,1,0,0,3,3,4,0,1,1,0,14,5,14,27,15,1
380047,38,2020,7,28,3,16,29,45,0,1,2,2,2,2,1,3,1,1,0,,46.35523611,-98.70378889,12,6,0,2,2,1,0,1,1,0,16,30,16,35,17,15
380048,38,2020,7,31,6,17,40,93,1600,1,2,2,3,6,2,4,4,0,0,38,46.90643056,-98.62939167,12,6,0,2,2,1,0,1,1,0,17,45,17,52,18,26
380049,38,2020,7,18,7,23,55,57,0,1,2,2,3,3,1,3,1,1,0,9029,47.29929444,-101.42690833,12,6,0,2,3,1,0,2,1,0,23,58,0,10,0,55
380050,38,2020,7,27,2,18,0,49,0,1,1,1,1,2,1,3,1,1,0,1916,48.33585,-100.40858056,34,0,0,3,3,4,0,1,1,0,18,2,18,13,18,42
380051,38,2020,8,4,3,13,31,89,0,1,1,1,1,1,1,1,1,1,0,850,46.87095556,-102.30345556,35,0,0,1,1,12,0,1,1,0,13,46,14,3,14,57
380052,38,2020,8,5,4,23,23,59,0,1,1,1,1,3,1,4,1,0,0,606,46.70289167,-100.81166944,1,0,0,1,1,4,0,2,1,0,,,,,,
380053,38,2020,8,6,5,12,30,89,0,1,2,2,2,3,1,4,1,0,0,773,46.97317778,-102.78973333,12,2,0,1,1,1,0,1,1,0,12,35,12,41,13,7
380054,38,2020,8,11,3,17,35,33,2870,1,1,1,2,6,1,5,2,0,0,,47.02319444,-103.68031944,1,0,0,1,1,4,0,1,1,0,17,41,18,8,19,35
380055,38,2020,8,12,4,6,2,17,1020,1,1,1,2,6,2,7,4,0,0,,46.88853611,-96.78580556,42,0,0,1,1,5,0,4,10,0,6,7,6,10,6,24
380056,38,2020,8,15,7,22,18,17,1020,2,2,2,3,6,2,4,4,0,0,,46.88462778,-96.8012,12,6,1,2,2,1,0,3,1,0,22,25,22,30,22,59
380057,38,2020,8,21,6,17,20,105,0,2,2,2,4,3,1,4,1,0,0,2870,48.19739444,-103.0284,12,1,0,1,1,1,0,1,1,0,17,25,17,45,18,12
380058,38,2020,8,24,2,7,18,53,0,1,3,3,3,2,1,3,1,1,0,1080,47.347925,-103.18573333,12,8,0,1,1,1,0,1,5,0,6,25,6,46,,
380059,38,2020,9,2,4,17,0,35,1280,1,1,1,1,3,2,3,1,1,0,23,47.91675556,-97.04264167,9,0,0,1,1,1,0,1,1,0,17,2,17,6,17,15
380060,38,2020,9,11,6,1,3,17,1020,1,1,1,2,6,2,4,4,0,0,,46.86528333,-96.85093611,8,0,0,2,3,1,0,3,10,0,,,,,,
380061,38,2020,9,12,7,14,30,103,1030,1,2,2,2,2,1,3,1,1,0,0,47.64599444,-99.62391389,12,7,0,2,3,1,0,1,1,0,,,,,,
380062,38,2020,9,14,2,21,0,89,0,1,1,1,1,4,1,7,2,0,0,,46.91946667,-102.85810278,1,0,0,1,1,4,0,2,1,0,22,8,22,18,,
380063,38,2020,9,16,4,12,21,35,1280,1,2,2,2,2,2,3,1,1,0,10,47.88939167,-97.06675833,12,6,1,2,2,1,0,1,1,0,,,,,,
380064,38,2020,9,17,5,22,22,105,3350,1,2,2,3,6,1,5,4,0,0,0,48.17592778,-103.62346111,12,6,0,2,2,1,0,2,1,0,22,22,22,29,,
380065,38,2020,9,18,6,6,30,33,2870,1,1,1,1,1,1,1,1,1,0,109,46.94276667,-103.81835556,1,0,0,1,1,1,0,1,1,0,6,37,6,57,,
380066,38,2020,10,3,7,1,0,65,0,1,1,1,1,4,1,5,2,0,0,,47.00777778,-101.27818333,1,0,0,1,1,4,0,2,1,0,1,15,1,33,,
380067,38,2020,10,5,2,21,5,101,0,1,1,1,1,2,1,3,1,1,0,0,48.09367778,-101.087225,11,0,0,1,1,1,0,2,1,0,21,12,21,20,,
380068,38,2020,10,6,3,20,20,35,1280,1,1,1,1,6,2,5,4,0,0,,47.92089167,-97.03539444,42,0,0,1,1,4,0,3,1,0,20,23,20,28,,
380069,38,2020,10,16,6,9,52,17,0,2,2,2,4,4,1,5,2,0,0,,46.93438889,-96.90371667,12,6,0,2,2,1,0,1,1,0,9,55,10,8,10,38
380070,38,2020,10,17,7,,,79,0,1,1,1,1,4,1,6,2,0,0,,48.81721944,-99.98574722,1,0,0,1,1,4,0,9,1,0,,,,,,
380071,38,2020,10,20,3,7,20,53,0,2,3,3,6,2,1,3,1,1,0,1588,47.80486111,-103.551075,12,6,0,1,1,1,0,2,4,0,7,27,7,51,8,30
380072,38,2020,10,20,3,19,14,77,0,1,2,2,2,4,1,6,2,0,0,0,46.05985556,-96.74155556,12,6,0,1,1,1,0,2,4,0,19,21,19,37,20,18
380073,38,2020,10,25,1,,,99,0,1,1,1,1,4,1,6,2,0,0,0,48.36925556,-97.73140278,35,0,0,3,3,4,0,9,1,0,8,12,8,27,,
380074,38,2020,8,1,7,21,37,105,3350,1,1,1,1,6,2,7,4,0,0,0,48.158925,-103.64747778,39,0,0,1,1,4,0,1,1,0,,,,,,
380075,38,2020,8,31,2,16,59,5,0,1,2,2,3,2,1,3,1,1,3,,47.98629444,-98.99889722,12,6,0,1,1,1,0,1,99,0,17,0,17,7,,
380076,38,2020,9,22,3,10,25,101,0,1,1,1,1,5,1,7,2,0,0,735,48.39587222,-101.62265278,10,0,0,6,1,1,0,1,1,0,10,32,10,49,,
380077,38,2020,10,31,7,13,22,43,0,1,1,1,2,1,1,1,1,1,0,2019,46.86575556,-99.89149444,1,0,0,1,1,4,0,1,6,0,13,29,13,53,14,45
380078,38,2020,11,3,3,11,11,101,2170,1,1,1,1,6,2,7,4,0,0,0,48.22917778,-101.30150278,8,0,0,1,1,1,0,1,1,0,11,13,11,15,11,25
380079,38,2020,11,5,5,16,30,101,0,1,1,1,1,2,1,3,1,1,0,416,48.69480833,-102.08249444,1,0,0,1,1,4,0,1,1,0,16,45,16,57,,
380080,38,2020,11,5,5,18,42,81,0,1,2,2,2,2,1,3,1,0,0,202,46.22561944,-97.63261667,12,6,0,2,3,1,0,2,1,0,18,45,18,55,,
380081,38,2020,11,6,6,15,30,59,0,1,2,2,3,4,1,6,2,0,0,0,46.84735,-101.01870833,12,6,0,1,1,1,0,1,1,0,,,,,,
380082,38,2020,11,7,7,12,9,97,0,1,2,2,2,1,1,1,1,1,0,1202,47.63233056,-97.08060833,12,1,0,1,1,1,0,1,1,0,12,31,12,44,,
380083,38,2020,11,9,2,21,30,59,0,1,1,1,1,1,1,1,1,1,0,1029,46.86675278,-101.93541389,1,0,0,1,1,3,0,2,1,0,,,,,,
380084,38,2020,11,10,3,1,16,9,0,1,1,1,1,2,1,3,1,1,0,1890,48.80613333,-100.21650833,35,0,0,1,1,4,0,2,1,0,1,23,1,40,,
380085,38,2020,11,17,3,5,21,59,1990,1,3,1,1,8,2,3,1,1,0,71,46.82571111,-100.89516111,8,0,0,1,1,4,0,3,1,0,,,,,,
380086,38,2020,11,17,3,,,101,0,1,1,1,1,4,1,6,2,0,0,0,47.84756944,-101.80793333,1,0,0,3,3,4,0,9,1,0,18,58,19,29,,
380087,38,2020,11,19,5,22,30,89,0,1,1,1,1,2,1,5,1,0,1,0,46.89047778,-102.60200833,1,0,0,1,1,4,0,2,1,0,22,30,22,39,,
380088,38,2020,10,30,6,17,45,79,0,1,1,1,3,4,1,3,2,0,3,,48.80704722,-99.83230833,1,0,0,1,1,4,0,8,98,0,17,44,17,54,,
380089,38,2020,12,14,2,21,12,79,0,1,2,2,4,4,1,7,50,0,3,0,48.84705278,-99.83225278,12,6,0,1,1,1,0,2,4,0,21,6,21,21,21,40
380090,38,2020,12,20,1,13,23,93,0,1,1,1,1,1,1,1,1,1,0,2316,46.87896667,-99.27196944,1,0,0,1,1,4,0,1,12,0,13,24,13,46,14,17
380091,38,2020,12,31,5,20,50,59,0,1,1,1,3,2,1,3,1,0,0,482,46.59479722,-100.61541944,8,0,0,1,1,1,0,2,10,0,20,52,,,,
380092,38,2020,1,8,4,17,7,69,0,1,1,1,4,4,1,7,2,0,0,,48.09419722,-100.07021667,1,0,0,1,1,4,0,2,1,0,17,9,17,38,18,42
380093,38,2020,10,19,2,21,30,27,0,1,1,1,1,4,1,6,2,0,0,,47.66026667,-99.13783333,35,0,0,1,1,4,0,2,1,0,10,0,10,23,,
380094,38,2020,7,3,6,17,29,79,265,1,1,1,2,8,1,6,50,0,3,,48.89208889,-99.78864167,5,0,0,8,1,1,0,8,98,0,17,22,17,33,,
380095,38,2020,11,6,6,6,59,5,2795,1,1,1,3,8,1,6,50,0,3,,47.97803889,-98.86648611,34,0,8,98,98,4,0,8,98,0,7,0,7,11,7,41
380096,38,2020,9,13,1,,,53,0,1,1,1,2,3,1,4,1,0,0,1480,47.86768056,-102.73902222,1,0,0,1,1,4,0,8,98,0,,,,,,
390001,39,2020,1,6,2,2,51,95,8120,1,1,1,1,6,2,4,4,0,0,0,41.67091944,-83.56631944,33,0,0,1,1,4,0,3,1,0,2,52,3,0,,
390002,39,2020,1,6,2,7,40,99,0,1,1,1,1,1,2,1,1,1,0,123,41.02295833,-80.62499167,52,0,1,5,1,4,0,4,10,0,,,,,,
390003,39,2020,1,1,4,6,15,57,0,1,1,1,1,2,1,2,1,1,0,269,39.64838056,-83.66886667,1,0,0,1,1,4,0,2,1,0,6,16,6,16,,
390004,39,2020,1,3,6,23,17,123,0,1,2,2,3,3,1,2,1,1,0,281,41.48825,-82.83550278,12,2,0,1,1,1,0,3,2,0,23,19,23,26,23,50
390005,39,2020,1,2,5,13,9,99,0,1,2,2,2,3,2,4,1,0,0,136,41.08466111,-80.76291111,12,2,0,2,2,1,0,1,10,0,13,7,13,12,,
390007,39,2020,1,7,3,18,25,127,0,1,2,2,5,3,1,6,1,0,0,20,39.89465556,-82.46678333,12,7,0,2,2,1,0,2,1,0,18,26,18,30,18,46
390008,39,2020,1,3,6,20,11,99,0,1,1,1,1,4,2,7,2,0,0,0,41.05380556,-80.67228056,8,0,0,1,1,1,0,3,2,0,19,56,20,1,20,17
390009,39,2020,1,2,5,18,22,19,0,1,2,2,3,3,1,5,1,0,0,94,40.61793333,-81.09149722,12,2,0,1,1,1,0,2,10,0,,,,,,
390010,39,2020,1,8,4,19,4,49,0,1,1,1,2,4,2,4,2,0,0,0,40.04248889,-82.82249444,42,0,0,1,1,5,0,2,10,0,19,38,19,46,20,4
390011,39,2020,1,8,4,20,14,49,1800,1,2,2,6,6,2,5,3,0,0,0,39.93018056,-83.12003889,12,6,0,2,2,1,0,3,1,0,,,,,,
390012,39,2020,1,6,2,13,14,17,5010,1,3,3,3,3,2,3,1,1,0,192,39.49383333,-84.41178056,12,6,0,2,2,1,0,1,1,0,,,,,,
390013,39,2020,1,14,3,14,25,95,8120,1,2,2,2,6,2,4,4,1,0,0,41.6382,-83.63028889,12,6,0,1,1,1,0,1,10,0,14,20,14,33,,
390014,39,2020,1,16,5,14,32,95,8120,1,1,1,1,6,2,5,4,0,0,0,41.64785,-83.51241111,30,0,0,3,3,4,0,1,1,0,14,34,14,41,15,1
390015,39,2020,1,14,3,16,23,61,1610,1,3,2,8,4,2,4,2,0,0,0,39.10726667,-84.51448056,33,0,0,3,2,4,0,1,1,0,16,25,16,28,16,44
390016,39,2020,1,19,1,1,49,49,1800,2,1,1,2,4,2,4,2,0,0,0,39.97460833,-82.98172778,42,0,1,5,1,4,0,3,1,0,1,55,2,2,,
390017,39,2020,1,7,3,22,23,79,0,1,1,1,1,3,2,3,1,1,0,144,38.88529722,-82.52564722,34,0,0,1,1,4,0,2,1,0,22,21,22,28,,
390018,39,2020,1,10,6,6,37,137,0,1,2,2,2,2,1,4,1,0,0,256,41.02193333,-83.95445,12,2,0,1,1,1,0,2,2,0,6,41,6,49,7,37
390019,39,2020,1,8,4,22,38,153,8000,1,3,3,3,1,2,1,1,1,0,160,41.069,-81.42172778,12,1,0,1,1,1,0,2,1,0,22,42,22,48,23,19
390020,39,2020,1,10,6,4,33,29,0,1,1,1,1,2,2,3,1,1,0,72,40.73455556,-80.96605833,30,0,0,1,1,4,0,2,2,0,4,33,4,44,,
390021,39,2020,1,12,1,18,20,99,0,1,1,1,2,3,2,4,1,0,0,1,41.02588333,-80.71019722,8,0,0,1,1,1,0,3,1,0,,,,,,
390023,39,2020,1,10,6,19,15,151,0,1,2,2,2,3,2,4,1,0,0,47,40.7711,-81.575,8,0,0,1,1,1,0,2,2,0,,,,,,
390024,39,2020,1,13,2,18,27,69,0,1,2,2,4,2,1,3,1,1,0,8,41.44211389,-84.32494167,12,6,0,2,2,1,0,2,1,0,18,36,18,45,19,30
390025,39,2020,1,11,7,18,22,141,1580,1,1,1,2,3,2,5,1,0,0,156,39.32621111,-82.98001111,8,0,0,1,1,1,0,3,2,0,,,,,,
390026,39,2020,1,3,6,22,56,141,0,2,2,2,2,2,1,2,1,1,0,269,39.25901667,-82.86045556,12,6,0,1,1,1,0,2,2,0,22,54,23,11,23,42
390027,39,2020,1,4,7,2,32,131,0,1,1,1,2,3,2,5,1,0,0,53,39.12010556,-83.02888889,52,0,0,1,1,4,0,2,2,0,2,44,2,45,2,58
390028,39,2020,1,6,2,2,47,61,0,1,1,1,1,4,1,5,2,0,0,0,39.18451389,-84.80607778,24,0,0,1,1,4,0,3,1,0,3,2,3,29,,
390029,39,2020,1,18,7,19,23,61,0,1,2,2,2,3,2,4,1,0,0,49,39.15984167,-84.68676667,12,2,0,1,1,1,0,2,2,0,19,23,19,28,19,51
390031,39,2020,1,13,2,23,30,163,0,2,1,1,2,4,1,5,2,0,0,0,39.31407778,-82.57100556,24,0,0,1,1,4,0,2,10,0,6,40,6,53,,
390032,39,2020,1,11,7,6,17,155,0,1,1,1,1,4,1,5,2,0,0,0,41.23774722,-80.65771111,30,0,0,3,3,4,0,2,10,0,6,17,6,22,6,51
390033,39,2020,1,17,6,22,28,41,0,1,2,2,3,2,1,3,1,1,0,19,40.245475,-83.14565278,12,6,0,1,1,1,0,2,12,0,22,36,22,45,23,39
390034,39,2020,1,16,5,16,1,27,0,1,1,1,2,3,1,5,1,0,0,16,39.28073611,-83.99577222,32,0,0,1,1,4,0,1,10,0,15,59,16,4,16,30
390035,39,2020,1,22,4,19,28,151,0,1,1,1,3,6,1,7,4,0,0,0,40.6857,-81.5798,8,0,0,1,1,1,0,2,1,0,18,31,18,42,19,0
390036,39,2020,1,4,7,16,14,35,1680,1,1,1,2,6,2,7,4,0,0,0,41.51907778,-81.62332222,30,0,0,1,1,4,0,5,2,0,16,17,16,25,16,39
390037,39,2020,1,24,6,19,18,49,6150,1,1,1,1,6,2,3,4,1,0,40,39.88784722,-82.930225,8,0,0,1,1,1,0,3,5,0,19,20,19,24,19,46
390038,39,2020,1,1,4,2,0,35,1680,1,2,2,7,2,2,3,1,1,0,183,41.51921667,-81.63960556,12,6,1,2,4,1,0,3,10,0,2,5,2,9,2,20
390040,39,2020,1,14,3,6,50,87,3290,1,4,4,4,2,2,2,1,1,0,34,38.56025833,-82.73439167,8,0,0,1,1,1,0,2,2,0,6,48,6,55,,
390041,39,2020,1,2,5,23,36,153,460,1,1,1,1,4,2,4,2,0,0,0,40.99771389,-81.64405833,33,0,0,1,1,4,0,3,1,0,23,41,23,47,,
390042,39,2020,1,30,5,16,58,49,1800,1,4,4,5,1,2,1,1,1,0,214,40.0175,-82.99483889,12,1,1,18,1,1,0,1,10,0,17,1,17,6,17,23
390043,39,2020,1,19,1,2,35,61,1610,1,3,2,7,6,2,5,4,0,0,0,39.10726667,-84.51451944,12,6,0,2,2,1,0,3,1,0,2,40,2,43,2,59
390044,39,2020,1,19,1,6,32,117,0,2,1,1,2,3,1,5,1,0,0,81,40.45736389,-82.69668889,59,0,0,3,3,4,0,2,4,0,6,32,6,46,8,50
390045,39,2020,1,24,6,14,40,169,0,1,2,2,2,5,1,7,3,0,0,0,40.93074722,-81.88848889,12,6,0,2,2,1,0,1,2,0,14,40,14,49,15,31
390046,39,2020,1,26,1,4,54,67,0,1,1,1,1,3,1,5,1,0,0,198,40.34510278,-80.96038333,1,0,0,1,1,2,0,2,10,0,4,58,5,7,,
390047,39,2020,1,22,4,17,38,147,0,1,2,2,2,4,1,7,2,0,0,0,41.16130833,-82.95753889,12,6,0,2,2,1,0,1,10,0,17,40,17,52,,
390048,39,2020,1,23,5,13,40,151,0,1,1,1,1,5,1,7,3,0,0,0,40.70257222,-81.48044444,35,0,0,1,1,4,0,1,10,0,13,47,13,55,,
390049,39,2020,1,24,6,16,47,159,0,1,2,2,5,2,1,3,1,1,0,11,40.12434722,-83.27190833,12,6,0,2,2,1,0,1,2,0,16,49,16,51,17,17
390051,39,2020,1,28,3,13,45,169,0,1,1,1,1,4,1,6,2,0,0,0,40.88456389,-81.95344167,34,0,0,1,1,4,0,1,10,0,13,45,13,55,14,28
390052,39,2020,1,29,4,13,56,41,0,1,1,1,1,3,2,4,1,0,0,17,40.16136389,-83.12365278,34,0,0,1,1,4,0,1,10,0,13,59,14,6,14,55
390053,39,2020,1,29,4,23,48,105,0,1,1,1,1,3,1,6,1,0,0,145,39.16165,-82.23274444,34,0,0,1,1,4,0,2,1,0,12,0,12,26,,
390054,39,2020,1,30,5,0,31,103,0,1,1,1,1,4,2,7,2,0,0,0,41.051425,-81.89791667,59,0,0,3,4,8,0,2,1,0,0,31,0,45,,
390055,39,2020,2,1,7,6,43,97,0,1,3,3,3,1,1,1,1,1,0,130,39.968,-83.29295833,12,1,0,1,1,1,0,4,1,0,6,48,6,55,7,30
390056,39,2020,1,28,3,3,55,49,0,1,1,1,1,1,2,1,1,1,0,238,40.11154722,-83.00876111,25,0,0,1,1,4,0,3,1,0,4,1,4,7,,
390057,39,2020,1,22,4,23,50,49,0,1,3,3,3,1,2,1,1,1,0,100,39.88747222,-83.04363333,12,7,0,1,1,1,0,3,1,0,23,52,0,0,0,24
390058,39,2020,1,15,4,2,24,153,70,1,1,1,1,4,2,4,2,0,0,0,41.029025,-81.50650278,33,0,0,1,1,4,0,3,10,0,2,26,2,30,,
390059,39,2020,1,20,2,12,1,7,0,1,3,3,4,3,1,2,1,1,0,107,41.75704167,-80.71520278,12,6,0,1,1,1,0,1,10,0,12,24,12,35,,
390060,39,2020,1,18,7,22,45,151,0,1,2,2,3,3,1,4,1,0,0,102,40.79868889,-81.09183889,12,2,0,3,2,1,0,3,10,0,22,55,23,3,23,31
390061,39,2020,1,26,1,2,40,85,0,1,2,2,3,2,2,3,1,1,0,212,41.77186944,-81.17034444,12,2,0,1,1,1,0,2,1,0,2,40,2,49,3,18
390062,39,2020,1,25,7,6,12,99,0,1,2,2,2,2,2,2,1,1,0,134,41.08909167,-80.75152778,12,2,0,1,1,1,0,2,5,0,6,15,6,29,6,52
390063,39,2020,2,8,7,11,30,37,0,1,1,1,1,3,1,6,1,0,0,86,39.93891667,-84.58121111,42,0,0,1,1,4,0,1,10,0,11,34,11,46,,
390064,39,2020,2,8,7,11,33,61,0,1,1,1,1,6,2,4,4,0,0,0,39.23903056,-84.58021111,30,0,0,1,1,4,0,1,2,0,11,35,11,40,12,6
390065,39,2020,2,8,7,1,35,95,8120,1,1,1,1,3,2,3,1,1,0,141,41.62724167,-83.6133,30,0,0,1,1,4,0,3,1,0,1,37,1,50,,
390066,39,2020,2,8,7,1,30,113,2090,1,1,1,1,6,2,7,4,0,0,0,39.73978056,-84.24925556,30,0,0,3,3,4,0,2,4,0,1,33,1,39,,
390067,39,2020,2,9,1,16,45,151,0,1,2,2,3,2,1,3,1,0,0,339,40.889,-81.1987,12,6,0,2,2,1,0,1,4,0,16,44,16,51,17,14
390068,39,2020,2,2,1,16,13,109,0,1,2,2,3,4,1,7,2,0,0,0,39.99488056,-84.26133889,12,6,0,2,2,1,0,1,1,0,16,33,16,49,17,18
390069,39,2020,2,1,7,19,45,61,1610,1,1,1,1,3,2,4,1,0,0,20,39.19115556,-84.47558056,30,0,0,1,1,4,0,3,10,0,19,49,19,55,,
390070,39,2020,2,3,2,14,31,55,0,2,2,2,2,3,1,5,1,0,0,66,41.45840556,-81.13649722,12,2,0,1,1,1,0,1,1,0,,,,,,
390071,39,2020,1,29,4,17,30,157,0,1,1,1,1,3,1,4,1,0,0,126,40.56358611,-81.34062778,31,0,0,1,1,4,0,2,10,0,18,8,18,23,,
390072,39,2020,2,1,7,1,38,169,0,2,1,1,2,4,2,5,2,0,0,0,40.83196389,-81.96488333,24,0,0,3,3,4,0,2,1,0,1,39,1,47,,
390073,39,2020,2,2,1,9,38,165,0,1,2,2,7,4,2,4,2,0,0,0,39.52433611,-84.32507778,12,6,0,2,2,1,0,1,1,0,9,41,9,47,10,11
390074,39,2020,2,5,4,17,33,113,8180,1,2,2,3,4,2,5,2,0,0,0,39.80063056,-84.36689167,12,2,0,1,1,1,0,2,2,0,17,34,17,43,18,35
390075,39,2020,1,22,4,16,34,61,0,1,2,2,2,1,2,1,1,1,0,10,39.26638333,-84.80670833,12,7,0,1,1,1,0,1,10,0,,,,,,
390076,39,2020,1,23,5,15,44,165,0,1,2,2,2,3,2,4,1,0,0,129,39.54107778,-84.10475,12,6,0,2,3,1,0,1,10,0,15,51,16,2,16,31
390077,39,2020,2,17,2,1,50,151,1320,1,1,1,1,2,2,2,1,1,0,148,40.78556667,-81.38406944,25,0,1,19,1,3,0,3,1,0,1,53,2,1,,
390078,39,2020,2,14,6,23,0,49,1800,1,1,1,1,2,2,3,1,1,0,22,39.83877778,-83.00024722,8,0,0,1,1,1,0,2,1,0,,,,,,
390079,39,2020,2,6,5,16,40,51,0,1,1,1,2,1,1,1,31,1,0,140,41.59086667,-84.11351111,59,0,0,1,1,3,0,1,4,0,17,4,17,8,17,45
390080,39,2020,2,14,6,21,10,143,0,1,1,1,1,4,1,5,4,0,0,0,41.37827778,-83.10522222,8,0,0,1,1,1,0,2,1,0,21,12,21,16,22,6
390082,39,2020,2,17,2,17,14,159,0,1,2,2,2,4,2,7,2,0,0,0,40.21260833,-83.438325,12,6,0,1,1,1,0,1,1,0,17,19,17,24,17,56