st_case,state,year,month,day,day_week,hour,minute,county,city,fatals_crash,vehicles_total,vehicles_in_transport,persons_total,route,rural_urban,functional_system,road_owner,nhs,special_jurisdiction,milepoint,latitude,longitude,first_harmful_event,manner_collision,rel_jct_interchange,rel_jct_location,intersection_type,relation_to_road,work_zone,light_condition,weather,school_bus_related,ems_notified_hour,ems_notified_min,ems_arrival_hour,ems_arrival_min,hospital_hour,hospital_min
390083,39,2020,2,22,7,3,42,49,0,1,1,1,1,1,2,1,1,1,0,258,39.88866944,-83.03283889,8,0,0,1,1,1,0,3,1,0,3,45,3,52,,
390084,39,2020,2,18,3,9,0,57,2530,1,1,1,0,6,2,7,4,0,0,0,39.79464722,-84.01546667,8,0,0,1,1,1,0,1,10,0,,,,,,
390085,39,2020,2,21,6,21,49,113,5275,3,2,2,5,1,2,1,1,1,0,80,39.70161389,-84.22906111,26,0,0,1,1,3,0,3,1,0,21,47,21,59,22,11
390086,39,2020,2,25,3,10,39,49,1800,1,4,4,5,1,2,1,1,1,0,173,39.90233889,-82.89843889,12,1,1,18,1,1,0,1,2,0,10,39,10,45,11,17
390087,39,2020,2,26,4,19,13,35,6000,1,3,3,5,3,2,3,1,1,0,21,41.40941389,-81.93758889,12,8,0,1,1,1,0,3,4,0,19,22,19,29,19,49
390088,39,2020,2,24,2,9,45,129,0,1,2,1,2,2,1,3,1,1,0,12,39.49666389,-82.97418889,14,0,0,3,2,4,0,1,10,0,9,45,9,46,,
390089,39,2020,2,29,7,2,4,49,1800,1,1,1,1,6,2,5,4,0,0,0,40.06095,-82.88756944,42,0,0,3,3,4,0,2,1,0,,,,,,
390090,39,2020,2,29,7,6,58,95,8120,1,1,1,2,1,2,1,1,1,0,148,41.6833,-83.599225,25,0,0,1,1,4,0,1,1,0,7,1,7,13,7,32
390091,39,2020,2,17,2,18,50,3,4220,1,1,1,1,3,2,3,1,0,0,97,40.76121667,-84.14588611,8,0,0,1,1,1,0,2,10,0,18,50,18,55,,
390092,39,2020,2,7,6,21,37,171,0,1,2,2,4,2,1,3,1,1,0,201,41.44189722,-84.41733056,12,2,0,1,1,1,0,2,1,0,22,5,22,33,23,9
390093,39,2020,2,9,1,9,18,107,0,1,1,1,1,2,1,3,1,1,0,4,40.72483611,-84.73266667,1,0,0,1,1,1,0,1,10,0,9,20,9,31,9,58
390094,39,2020,2,18,3,20,2,141,0,1,2,1,1,2,2,2,1,1,0,158,39.38678056,-82.96893056,14,0,1,20,1,1,0,3,10,0,20,8,20,20,20,42
390095,39,2020,2,17,2,6,36,43,0,1,2,2,2,4,1,5,2,0,0,0,41.36503333,-82.51878889,12,2,0,1,1,1,0,3,1,0,6,37,6,44,7,13
390096,39,2020,2,16,1,17,55,41,0,1,2,2,5,3,1,4,1,0,0,81,40.32749722,-82.93169722,12,6,0,2,2,1,0,1,1,0,17,59,18,17,19,14
390097,39,2020,2,9,1,19,25,23,0,1,1,1,4,6,2,5,4,0,0,0,39.90288611,-84.01041389,30,0,0,1,1,4,0,2,10,0,19,35,19,46,20,15
390098,39,2020,2,9,1,19,14,43,0,1,1,1,2,2,2,3,1,1,0,52,41.38302778,-82.64608889,8,0,0,3,2,1,0,2,4,0,19,12,19,17,,
390099,39,2020,2,19,4,7,45,17,0,1,2,2,1,6,1,6,4,0,0,0,39.48264722,-84.77629722,12,1,0,1,1,1,0,1,1,0,7,46,7,52,8,20
390100,39,2020,2,13,5,23,30,35,1680,1,1,1,2,4,2,5,2,0,0,0,41.47428611,-81.707625,59,0,0,3,2,4,0,3,4,0,23,36,23,39,23,53
390101,39,2020,3,2,2,5,29,49,1800,1,5,1,2,4,2,4,2,0,0,0,39.94232778,-83.07325,14,0,0,1,1,2,0,3,1,0,5,39,5,45,,
390102,39,2020,2,22,7,23,56,175,0,1,1,1,1,4,1,6,2,0,0,0,40.98066667,-83.353375,42,0,0,1,1,4,0,2,1,0,23,59,0,6,,
390103,39,2020,2,23,1,2,6,165,0,1,1,1,1,3,1,5,1,0,0,126,39.39897778,-84.12846389,42,0,0,1,1,4,0,2,1,0,2,6,2,10,,
390105,39,2020,2,23,1,12,40,115,0,1,1,1,1,5,1,7,3,0,0,0,39.57821389,-81.82793889,18,0,0,1,1,4,0,1,1,0,12,45,13,7,,
390106,39,2020,1,31,6,19,19,85,0,1,2,2,2,3,2,3,1,1,0,20,41.66891944,-81.24608611,12,6,1,2,3,1,0,2,1,0,19,20,19,30,19,41
390107,39,2020,2,16,1,19,28,119,0,1,1,1,3,3,2,3,1,0,0,200,39.98416667,-82.0209,30,0,0,1,1,4,0,3,10,0,19,30,19,35,19,44
390108,39,2020,2,26,4,21,11,23,0,1,1,1,2,1,2,1,1,1,0,180,39.89568056,-83.72392222,24,0,0,1,1,4,0,2,4,0,21,11,21,23,,
390109,39,2020,2,21,6,10,50,39,0,1,2,2,2,3,2,4,1,0,0,30,41.24139167,-84.40061667,12,2,0,1,1,1,0,1,1,0,11,0,11,6,11,38
390110,39,2020,1,29,4,7,20,113,4960,1,3,3,3,3,2,3,1,1,0,144,39.64020833,-84.23527222,12,6,0,2,2,1,0,3,10,0,7,20,7,24,7,48
390111,39,2020,1,6,2,12,40,49,1800,1,1,1,2,6,2,3,4,0,0,0,39.92255278,-82.93563056,8,0,0,1,1,1,0,1,1,0,12,42,12,47,13,0
390112,39,2020,1,6,2,14,12,89,0,1,3,3,3,2,1,3,1,1,0,7,40.12558333,-82.748925,12,6,0,1,1,1,0,1,1,0,14,24,14,26,14,56
390113,39,2020,2,25,3,10,45,61,5940,1,1,1,1,3,2,3,1,0,0,95,39.21616389,-84.54941111,8,0,0,3,2,1,0,1,2,0,10,47,10,53,11,28
390114,39,2020,1,11,7,22,12,35,2340,1,1,1,1,3,2,3,1,1,0,211,41.52306944,-81.59113056,8,0,0,3,2,1,0,3,2,0,22,17,22,22,22,31
390115,39,2020,1,3,6,13,0,35,1680,1,1,1,1,2,2,3,1,1,0,195,41.52124167,-81.62070833,8,0,0,3,3,1,0,1,2,0,13,2,13,7,13,28
390116,39,2020,2,27,5,8,50,49,0,1,1,1,2,1,2,1,1,1,0,76,40.01500833,-82.90135278,30,0,1,5,1,4,0,1,10,0,8,54,9,3,9,27
390117,39,2020,2,14,6,20,1,35,1680,2,4,4,7,4,2,4,2,0,0,0,41.44998889,-81.62136111,12,2,0,3,3,1,0,3,10,0,20,4,20,11,20,38
390118,39,2020,3,6,6,23,18,49,1800,1,1,1,2,4,2,5,2,0,0,0,40.07058889,-82.89055,42,0,0,1,1,4,0,2,10,0,23,20,23,24,23,53
390119,39,2020,3,9,2,13,32,49,1800,1,2,2,3,4,2,4,2,0,0,0,39.93101944,-82.83084444,12,6,1,2,2,1,0,1,1,0,13,33,13,39,,
390121,39,2020,2,8,7,18,18,11,0,1,1,1,1,6,2,7,4,0,0,0,40.55511389,-84.20381389,42,0,0,1,1,4,0,5,4,0,,,,,,
390122,39,2020,2,22,7,21,14,113,3622,1,1,1,1,2,2,4,1,0,0,191,39.88438889,-84.15448056,91,0,0,1,1,4,0,2,1,0,21,16,21,24,,
390123,39,2020,2,29,7,0,16,39,0,1,1,1,1,6,2,5,4,0,0,0,41.30543333,-84.38292222,42,0,0,1,1,4,0,2,1,0,0,19,0,23,,
390124,39,2020,3,1,1,17,56,17,5010,1,1,1,1,6,2,5,4,0,0,0,39.51549167,-84.39044167,33,0,0,1,1,4,0,5,1,0,,,18,0,,
390125,39,2020,2,28,6,6,20,173,0,1,2,2,2,2,1,3,1,1,0,106,41.49054444,-83.46100278,12,2,0,1,1,1,0,2,1,0,6,23,6,38,7,26
390126,39,2020,3,6,6,8,30,147,0,1,2,2,2,3,1,5,1,0,0,300,41.20705278,-82.93655,12,2,0,1,1,1,0,1,10,0,8,37,8,52,,
390127,39,2020,3,5,5,17,16,113,0,1,1,1,1,1,2,1,1,1,0,153,39.86511389,-84.19131667,24,0,1,5,1,4,0,1,1,0,17,17,17,21,,
390128,39,2020,3,3,3,6,30,173,0,1,1,1,1,4,1,5,2,0,0,0,41.38686944,-83.76432778,34,0,0,1,1,4,0,2,5,0,,,,,,
390129,39,2020,3,10,3,6,58,113,2090,1,1,1,1,4,2,5,2,0,0,0,39.75898333,-84.195275,8,0,0,3,2,1,0,1,2,0,6,58,7,3,7,14
390130,39,2020,3,13,6,16,53,159,0,1,2,2,4,2,1,3,1,1,0,14,40.14698889,-83.47205833,12,2,0,1,1,1,0,1,1,0,17,58,18,16,18,55
390131,39,2020,2,29,7,13,28,119,0,1,2,2,4,2,2,3,1,1,0,83,39.95345,-82.06427778,12,6,1,2,2,1,0,1,10,0,13,28,13,36,14,0
390132,39,2020,3,16,2,3,41,95,8120,1,2,2,2,6,2,4,4,1,0,59,41.63818056,-83.6455,12,2,0,3,3,1,0,3,1,0,3,42,3,50,4,25
390133,39,2020,3,16,2,3,41,129,1620,1,1,1,1,2,1,3,1,1,0,5,39.48591667,-82.97131667,35,0,0,1,1,4,0,2,1,0,4,33,4,33,4,50
390134,39,2020,3,15,1,21,0,95,8120,1,2,2,3,6,2,4,4,0,0,0,41.62846111,-83.51561111,12,6,0,2,2,1,0,3,1,0,21,3,21,8,21,30
390135,39,2020,3,10,3,18,45,7,0,1,1,1,1,3,1,5,1,0,0,29,41.54240278,-80.666225,32,0,0,1,1,4,0,1,10,0,18,44,18,52,19,12
390136,39,2020,3,10,3,21,3,143,0,1,1,1,2,2,2,3,1,1,0,224,41.32956111,-83.04657778,8,0,0,1,1,1,0,2,1,0,,,,,,
390137,39,2020,3,8,1,17,15,53,0,1,1,1,1,5,1,7,3,0,0,0,38.88253333,-82.27433333,35,0,0,1,1,4,0,1,1,0,,,,,,
390138,39,2020,3,18,4,12,21,109,0,1,1,1,1,6,1,5,4,0,0,0,39.91408056,-84.13628056,30,0,0,1,1,4,0,1,2,0,12,24,12,30,,
390139,39,2020,3,18,4,16,26,109,0,1,1,1,1,4,1,7,2,0,0,0,40.02354722,-84.28928611,34,0,0,1,1,4,0,1,2,0,16,28,16,36,,
390140,39,2020,3,18,4,8,1,113,2090,1,1,1,1,2,2,2,1,1,0,176,39.75521667,-84.16250556,24,0,1,5,1,8,0,1,1,0,,,,,,
390141,39,2020,3,19,5,2,2,61,1610,1,2,2,2,4,2,4,2,0,0,0,39.16518056,-84.51794167,12,1,0,3,3,1,0,3,2,0,2,4,2,9,,
390142,39,2020,1,21,3,14,16,43,0,1,2,2,2,2,2,3,1,0,0,138,41.41301389,-82.6174,12,2,0,1,1,1,0,1,1,0,14,1,14,8,14,32
390143,39,2020,3,15,1,17,15,95,8120,1,1,1,2,3,2,3,1,1,0,57,41.61736111,-83.58691667,8,0,1,3,2,1,0,5,1,0,17,16,17,25,18,5
390145,39,2020,3,29,1,14,45,119,0,1,3,3,8,3,1,4,1,0,0,82,39.99450833,-82.06897778,12,6,0,2,3,1,0,1,1,0,14,49,14,56,15,16
390146,39,2020,3,31,3,16,6,101,0,1,2,2,4,3,2,4,1,0,0,73,40.53483333,-83.15727222,12,6,0,2,2,1,0,1,2,0,16,8,16,11,16,29
390147,39,2020,2,22,7,14,16,153,460,1,1,1,1,4,2,4,2,0,0,0,41.02415833,-81.59322778,10,0,0,6,1,1,0,1,1,0,14,16,14,20,,
390148,39,2020,2,29,7,11,45,95,8120,1,2,2,3,4,2,3,2,0,0,0,41.70076111,-83.56593889,12,1,0,1,1,1,0,1,1,0,11,53,11,58,12,17
390149,39,2020,3,8,1,11,48,167,680,1,1,1,1,6,2,7,4,0,0,0,39.27875556,-81.5781,8,0,0,1,1,1,0,1,1,0,,,,,,
390150,39,2020,3,7,7,20,0,165,2710,1,1,1,1,6,2,7,4,0,0,0,39.56701667,-84.28134167,8,0,0,1,1,1,0,2,1,0,20,1,20,5,20,24
390151,39,2020,3,10,3,17,7,91,0,1,1,1,1,4,1,5,2,0,0,0,40.31219167,-83.69838056,1,0,0,1,1,4,0,1,10,0,,,,,,
390152,39,2020,3,8,1,16,13,23,0,1,1,1,1,4,2,6,2,0,0,0,39.89587222,-83.86479444,24,0,0,1,1,4,0,1,1,0,16,14,16,22,,
390153,39,2020,3,12,5,8,11,141,0,1,1,1,1,3,1,5,1,0,0,167,39.34905556,-83.07584167,8,0,0,1,1,1,4,1,1,0,,,,,,
390154,39,2020,3,7,7,4,0,115,0,1,1,1,1,4,1,5,2,0,0,0,39.59105833,-81.80491667,19,0,0,1,1,4,0,2,10,0,11,18,11,27,,
390155,39,2020,3,15,1,20,59,95,0,1,1,1,1,4,2,4,2,0,0,0,41.66101389,-83.28363889,34,0,0,8,1,4,0,2,1,0,21,11,21,20,21,48
390156,39,2020,3,9,2,20,32,17,0,1,1,1,1,6,1,5,4,0,0,0,39.32648056,-84.72844444,8,0,0,1,1,1,0,2,10,0,,,,,,
390157,39,2020,3,14,7,11,22,49,8730,1,3,3,4,4,2,4,2,0,0,0,40.11073611,-82.94418889,12,8,0,2,3,1,0,1,4,0,11,27,11,30,11,50
390158,39,2020,3,20,6,19,7,49,0,1,4,4,10,2,2,3,1,1,0,49,39.95319722,-83.10941389,12,1,0,3,2,1,0,1,10,0,19,10,19,13,19,37
390159,39,2020,3,9,2,1,30,121,0,1,1,1,2,4,1,7,2,0,0,0,39.84898056,-81.54679167,42,0,0,1,1,4,0,2,1,0,5,45,5,58,6,5
390160,39,2020,3,13,6,15,57,155,0,1,2,2,2,3,1,5,1,0,0,187,41.40235556,-80.65568056,12,2,0,1,1,1,0,1,10,0,,,,,,
390161,39,2020,3,14,7,14,20,25,0,2,2,2,2,3,2,5,1,0,0,153,38.964925,-84.16591944,12,2,0,1,1,1,0,1,2,0,14,24,14,27,15,28
390162,39,2020,3,11,4,20,22,3,0,1,2,2,2,3,1,5,1,0,0,6,40.66620556,-84.20359444,12,2,0,1,1,1,0,2,10,0,20,29,20,39,21,6
390163,39,2020,3,25,4,19,1,113,8710,1,1,1,1,4,2,3,2,1,0,0,39.67703333,-84.24054444,9,0,0,3,2,1,0,1,1,0,19,2,19,5,19,20
390164,39,2020,3,18,4,12,40,37,0,1,2,2,2,3,1,5,1,0,0,283,40.25046944,-84.69501944,12,6,0,2,2,1,0,1,10,0,12,41,12,47,,
390165,39,2020,2,23,1,2,30,35,1680,1,2,1,1,4,2,5,2,0,0,0,41.48057778,-81.71683611,14,0,0,1,1,1,0,3,1,0,2,32,2,34,2,54
390166,39,2020,3,29,1,13,8,113,3622,1,2,2,3,3,2,4,1,0,0,71,39.85458889,-84.10876111,18,0,0,3,3,1,0,1,1,0,13,9,13,15,13,38
390167,39,2020,3,8,1,11,28,109,8100,1,2,2,2,3,2,4,1,0,0,133,39.96245556,-84.19924167,12,6,0,2,2,1,0,1,1,0,11,29,11,33,12,10
390168,39,2020,3,6,6,12,35,151,0,1,2,2,4,3,1,3,1,1,0,5,40.65396944,-81.54985833,24,0,0,1,1,4,0,1,2,0,12,43,13,1,13,25
390169,39,2020,3,22,1,18,15,83,0,1,1,1,1,4,1,7,2,0,0,0,40.52825556,-82.38047778,32,0,0,1,1,4,0,1,10,0,18,18,18,32,,
390170,39,2020,4,9,5,19,45,49,1800,1,1,1,1,1,2,1,1,1,0,390,39.97299722,-82.84810556,30,0,1,5,1,4,0,1,1,0,19,47,19,52,,
390171,39,2020,3,29,1,18,49,153,0,1,1,1,1,4,2,7,2,0,0,0,41.07350278,-81.61956389,42,0,0,3,4,4,0,5,6,0,18,51,18,55,19,22
390172,39,2020,3,16,2,1,19,43,0,1,2,2,3,3,2,4,1,0,0,63,41.41748056,-82.760275,12,6,1,2,2,1,0,2,1,0,2,36,2,45,3,4
390173,39,2020,2,29,7,3,25,35,1680,1,1,1,3,4,2,3,2,1,0,0,41.50160833,-81.64856944,26,0,0,1,1,4,0,3,4,0,3,30,3,37,3,52
390174,39,2020,3,13,6,11,1,35,1680,1,2,2,2,8,2,3,4,1,0,35,41.49499167,-81.60356667,1,0,0,1,1,1,0,1,1,0,,,,,,
390175,39,2020,3,8,1,0,24,35,1680,1,1,1,1,6,2,5,4,0,0,0,41.51294167,-81.65194444,8,0,0,3,3,1,0,3,1,0,,,,,,
390176,39,2020,2,29,7,4,45,35,1680,1,2,2,3,6,2,5,4,0,0,0,41.54568333,-81.58976389,12,7,0,1,1,1,0,3,4,0,4,50,4,55,5,13
390177,39,2020,3,14,7,4,14,35,1680,3,2,2,5,3,2,2,1,1,0,109,41.42756944,-81.68263611,12,2,0,1,1,1,0,3,1,0,4,25,4,32,4,45
390178,39,2020,3,3,3,23,51,85,0,1,1,1,1,3,2,5,1,0,0,270,41.76315833,-81.09296667,24,0,0,3,2,4,0,3,1,0,23,50,23,58,0,29
390179,39,2020,4,2,5,21,50,49,0,1,1,1,1,6,2,4,4,0,0,0,40.02695556,-82.95165556,8,0,0,3,2,1,0,2,1,0,21,50,21,57,22,12
390180,39,2020,4,3,6,11,43,61,3680,1,1,1,1,6,2,5,4,0,0,0,39.16508056,-84.31861111,1,0,0,1,1,1,0,1,1,0,11,43,11,46,12,5
390181,39,2020,2,23,1,1,28,29,1790,1,1,1,1,4,2,5,2,0,0,0,40.88285,-80.69221944,10,0,0,6,1,1,0,2,1,0,1,29,1,42,,
390183,39,2020,4,6,2,8,54,103,0,1,2,2,2,3,1,5,1,0,0,129,41.16644722,-81.74152222,12,2,0,1,1,1,0,1,1,0,8,52,8,59,9,55
390184,39,2020,3,8,1,16,22,153,0,1,1,1,1,6,2,7,4,0,0,0,41.18843611,-81.68588056,1,0,0,1,1,4,0,1,10,0,16,22,16,49,,
390185,39,2020,3,7,7,22,50,71,3520,1,1,1,1,2,2,4,1,0,0,146,39.20488889,-83.61085278,8,0,0,3,2,1,0,3,1,0,22,53,22,54,,
390186,39,2020,3,7,7,19,2,99,0,1,1,1,1,2,1,4,1,0,0,38,40.98154167,-80.82078056,8,0,0,1,1,1,0,2,1,0,,,,,,
390187,39,2020,3,7,7,19,41,49,2270,1,1,1,1,6,2,3,4,0,0,0,40.07832778,-83.15770556,59,0,0,1,1,4,0,2,1,0,,,,,,
390188,39,2020,3,24,3,17,15,85,0,1,1,1,1,3,1,5,1,0,0,69,41.672,-81.15875833,34,0,0,1,1,4,0,1,10,0,,,,,,
390189,39,2020,3,24,3,19,20,113,2090,1,1,1,1,6,2,5,4,0,0,0,39.73449444,-84.22249444,38,0,0,1,1,4,0,2,1,0,,,,,,
390190,39,2020,3,29,1,4,3,95,8120,1,2,2,2,1,2,1,1,1,0,104,41.71773056,-83.50203889,12,6,0,1,1,1,0,2,2,0,4,6,4,20,,
390191,39,2020,3,23,2,12,42,155,0,1,1,1,1,5,2,7,3,0,0,0,41.25633611,-80.72499444,59,0,0,1,1,4,0,1,10,0,,,,,,
390192,39,2020,3,17,3,8,13,123,0,2,2,2,3,3,1,5,1,0,0,2,41.46836667,-83.33232778,12,2,0,1,1,1,0,1,10,0,8,9,8,21,9,19
390193,39,2020,3,24,3,4,33,157,0,1,1,1,1,4,2,6,2,0,0,0,40.62515278,-81.52527778,35,0,0,1,1,4,0,2,10,0,4,32,4,44,,
390194,39,2020,3,25,4,7,45,87,0,1,2,2,2,3,1,4,1,0,0,224,38.77510556,-82.61858333,12,2,0,1,1,1,0,1,1,0,7,46,8,10,8,59
390195,39,2020,3,18,4,4,19,1,0,1,1,1,1,2,1,3,1,1,0,225,38.65707778,-83.35306667,18,0,0,1,1,4,0,2,1,0,4,24,4,39,,
390196,39,2020,3,29,1,15,39,129,1620,1,1,1,1,4,2,6,2,0,0,0,39.60159722,-82.917,42,0,0,1,1,5,0,1,98,0,,,,,,
390198,39,2020,4,5,1,18,28,27,0,1,1,1,1,3,1,5,1,0,0,207,39.53672222,-83.80858056,59,0,0,1,1,4,0,1,10,0,18,41,18,45,,
390199,39,2020,4,4,7,17,0,45,0,1,2,2,3,5,2,7,3,0,0,0,39.75934167,-82.56546944,12,8,0,1,1,1,0,1,1,0,17,0,17,5,17,42
390200,39,2020,4,5,1,18,42,113,2090,1,4,4,4,6,2,4,4,0,0,0,39.7691,-84.2534,12,1,0,1,1,1,0,5,1,0,18,42,18,53,19,36
390201,39,2020,4,8,4,11,17,51,0,1,2,2,2,4,1,5,2,0,0,0,41.5577,-84.2875,12,6,0,2,2,1,0,1,1,0,11,18,11,23,12,4
390202,39,2020,4,13,2,12,23,49,1800,1,1,1,1,4,2,7,2,0,0,0,40.06430556,-82.91464444,8,0,0,1,1,2,0,1,10,0,12,25,12,30,12,58
390203,39,2020,4,16,5,16,44,113,6990,2,2,2,3,3,2,3,1,1,0,21,39.79704167,-84.15984444,12,2,0,1,1,1,0,1,1,0,16,53,17,1,17,31
390204,39,2020,4,8,4,22,30,45,0,1,1,1,1,2,2,2,1,1,0,59,39.80691389,-82.71256389,39,0,0,1,1,4,0,3,10,0,,,22,40,,
390205,39,2020,3,28,7,18,0,15,0,1,2,2,3,6,1,6,4,0,0,0,38.98050556,-84.01845556,1,0,0,2,2,1,0,1,10,0,18,2,18,10,,
390206,39,2020,3,12,5,18,6,49,1800,1,3,3,7,1,2,1,1,1,0,,39.98083056,-82.98443889,12,1,0,1,1,1,0,1,2,0,,,,,,
390207,39,2020,3,8,1,15,7,137,0,1,1,1,1,3,1,6,1,0,0,99,41.04314722,-84.30264722,1,0,0,1,1,4,0,1,1,0,15,13,15,23,,
390208,39,2020,3,5,5,0,8,155,0,1,1,1,2,3,2,2,1,1,0,131,41.2769,-80.79603056,57,0,0,1,1,3,0,3,1,0,,,0,17,,
390209,39,2020,2,2,1,12,5,153,2030,1,1,1,1,4,2,4,2,0,0,0,41.12835,-81.486725,8,0,0,3,2,1,0,1,1,0,12,6,12,8,12,23
390210,39,2020,1,3,6,8,15,49,9150,1,1,1,1,4,2,5,2,0,0,0,40.11069722,-82.99628611,26,0,0,1,1,4,0,1,2,0,8,18,8,21,,
390211,39,2020,4,14,3,19,11,89,9997,1,2,1,1,6,6,96,96,9,0,0,39.95666111,-82.77912222,33,0,0,1,1,4,0,1,10,0,19,13,19,17,,
390212,39,2020,2,13,5,7,17,61,0,1,2,2,2,4,2,5,2,0,0,0,39.22865833,-84.52929444,8,0,0,3,2,1,0,3,10,0,,,,,,
390213,39,2020,2,12,4,18,37,153,70,1,2,2,3,4,2,4,2,0,0,0,41.1035,-81.52706111,33,0,0,1,1,4,0,3,10,0,18,39,18,43,18,59
390214,39,2020,3,8,1,16,18,153,70,2,1,1,2,3,2,3,1,0,0,86,41.03106389,-81.46211389,59,0,1,3,2,4,0,1,1,0,16,20,16,27,16,45
390215,39,2020,4,21,3,7,56,49,1800,2,2,2,3,1,2,1,1,1,0,249,40.11105556,-82.99526667,12,1,0,1,1,1,0,1,10,0,7,59,8,0,,
390216,39,2020,2,9,1,21,18,93,4360,1,1,1,1,4,2,4,2,0,0,0,41.42590833,-82.18566667,9,0,0,1,1,1,0,3,4,0,21,18,21,23,21,52
390217,39,2020,4,17,6,15,50,127,0,1,1,1,1,3,1,5,1,0,0,26,39.62903333,-82.32835278,38,0,0,1,1,4,0,1,2,0,15,55,16,8,,
390218,39,2020,4,18,7,19,51,145,0,1,1,1,2,4,1,6,2,0,0,0,38.94147222,-83.10145556,32,0,0,1,1,4,0,1,1,0,,,,,,
390219,39,2020,1,25,7,21,32,89,6390,1,1,1,1,6,2,5,4,0,0,0,40.01722222,-82.762200000000007,42,0,0,1,1,4,0,2,4,0,21,33,21,41,,
390220,39,2020,2,7,6,18,37,151,5930,1,2,1,1,6,2,4,4,0,0,0,40.85887222,-81.39823056,8,0,0,1,1,1,0,2,4,0,18,40,18,45,19,4
390221,39,2020,4,13,2,12,39,35,6040,1,3,3,3,1,2,1,31,1,0,108,41.32085278,-81.78024167,12,2,0,1,1,1,0,1,10,0,12,38,13,4,14,2
390222,39,2020,3,13,6,22,50,97,8750,1,2,1,2,1,1,1,1,1,0,126,39.96549444,-83.30116944,14,0,0,1,1,5,1,2,1,0,22,53,23,0,,
390223,39,2020,3,19,5,15,16,25,0,1,2,1,2,1,2,1,1,1,0,78,39.13145556,-84.26794167,14,0,0,7,1,3,0,1,2,0,15,22,15,27,,
390224,39,2020,2,21,6,22,39,35,6040,1,1,1,1,3,9,99,1,9,0,,,,38,0,0,8,1,4,0,3,10,0,,,,,,
390225,39,2020,4,18,7,3,39,49,1800,1,1,1,1,6,2,7,4,0,0,0,40.00841389,-82.99816667,8,0,0,3,2,1,0,3,1,0,,,,,,
390226,39,2020,4,13,2,21,13,103,0,1,1,1,2,4,2,5,2,0,0,0,41.02641944,-81.90648056,34,0,0,3,3,4,0,2,1,0,21,17,21,29,21,53
390227,39,2020,4,20,2,22,25,49,0,1,1,1,2,2,2,3,1,0,0,102,39.92815556,-83.05478333,15,0,0,3,3,1,0,1,1,0,22,27,22,30,22,46
390228,39,2020,4,16,5,13,35,99,9230,1,1,1,1,6,6,96,96,0,0,0,41.08769722,-80.6687,1,0,0,3,2,4,0,1,10,0,13,39,13,45,14,4
390229,39,2020,3,28,7,19,35,35,1680,1,2,2,5,2,2,3,1,1,0,184,41.518875,-81.64268333,12,1,0,2,3,1,0,3,2,0,19,39,19,43,20,7
390230,39,2020,4,2,5,11,28,35,1680,1,1,1,1,2,2,3,1,1,0,73,41.49138333,-81.70740556,19,0,0,3,2,4,0,1,1,0,11,35,11,41,,
390231,39,2020,4,22,4,8,44,51,8600,1,1,1,1,6,2,7,4,0,0,0,41.55537778,-84.13435833,8,0,0,1,1,1,0,1,10,0,8,34,8,47,9,2
390232,39,2020,4,18,7,21,54,35,3490,1,1,1,2,1,2,1,1,1,0,144,41.53901667,-81.45068056,43,0,1,5,1,4,0,3,1,0,,,,,,
390233,39,2020,4,25,7,18,53,45,4050,1,1,1,1,3,2,3,1,0,0,146,39.728175,-82.59390556,35,0,0,1,1,4,0,1,2,0,18,53,18,58,19,21
390234,39,2020,4,4,7,22,40,19,0,1,1,1,3,4,1,7,2,0,0,0,40.66933889,-81.21238889,1,0,0,1,1,4,0,2,1,0,22,49,22,58,23,25
390235,39,2020,4,26,1,8,46,113,8710,1,1,1,1,1,2,1,1,1,0,68,39.68510833,-84.22941111,1,0,0,1,1,5,0,4,2,0,8,52,8,59,,
390236,39,2020,4,28,3,20,36,113,2090,1,2,2,3,6,2,7,4,0,0,0,39.759425,-84.24808056,12,6,0,2,2,1,0,1,1,0,20,37,20,42,21,6
390237,39,2020,4,11,7,9,16,71,0,1,2,2,3,6,1,6,4,0,0,0,39.12925556,-83.63239444,12,6,0,2,2,1,0,1,10,0,,,,,,
390238,39,2020,3,20,6,0,49,35,1680,1,1,1,2,2,2,4,1,0,0,41,41.47675556,-81.69894167,31,0,0,1,1,4,0,3,10,0,0,49,0,53,1,9
390239,39,2020,4,30,5,1,12,113,0,1,2,2,3,1,2,1,1,1,0,193,39.84795278,-84.19014167,8,0,0,1,1,1,0,3,2,0,,,1,27,,
390240,39,2020,2,27,5,7,20,141,0,1,2,2,2,4,1,5,2,0,0,0,39.44199167,-82.97595833,12,6,0,1,1,1,0,1,4,0,7,34,7,45,8,6
390241,39,2020,5,5,3,22,28,49,1800,1,1,1,1,8,2,3,4,1,0,44,40.08285,-82.95119167,8,0,0,1,1,1,0,2,2,0,,,,,,
390242,39,2020,5,3,1,14,4,151,0,1,3,3,6,4,2,4,2,0,0,0,40.79611389,-81.44576667,12,8,0,3,3,1,0,1,1,0,14,6,14,8,14,22
390243,39,2020,4,28,3,13,14,137,0,1,2,2,2,3,1,5,1,0,0,67,40.99611111,-84.22660278,12,6,0,2,2,1,0,1,10,0,13,18,13,22,13,58
390244,39,2020,4,28,3,21,55,49,0,1,1,1,1,1,2,1,1,1,0,42,39.97806667,-83.164725,39,0,0,1,1,4,0,2,10,0,21,47,21,48,21,58