st_case,state,year,month,day,day_week,hour,minute,county,city,fatals_crash,vehicles_total,vehicles_in_transport,persons_total,route,rural_urban,functional_system,road_owner,nhs,special_jurisdiction,milepoint,latitude,longitude,first_harmful_event,manner_collision,rel_jct_interchange,rel_jct_location,intersection_type,relation_to_road,work_zone,light_condition,weather,school_bus_related,ems_notified_hour,ems_notified_min,ems_arrival_hour,ems_arrival_min,hospital_hour,hospital_min
390246,39,2020,5,7,5,13,16,49,0,1,1,1,1,3,2,3,1,1,0,152,40.08216667,-82.91625278,8,0,0,3,2,1,0,1,1,0,13,18,13,23,13,41
390247,39,2020,4,23,5,0,54,49,0,1,1,1,1,2,2,3,1,0,0,110,39.93607222,-83.04330833,8,0,0,1,1,2,0,2,1,0,,,,,,
390248,39,2020,2,10,2,19,35,17,2535,1,1,1,1,5,6,96,96,9,0,0,39.33718889,-84.55405556,8,0,0,3,3,1,0,3,10,0,19,36,19,39,20,12
390249,39,2020,5,8,6,19,15,61,1610,1,1,1,2,1,2,1,1,1,0,91,39.19240556,-84.47779444,42,0,0,1,1,4,0,5,1,0,19,15,19,21,19,42
390250,39,2020,4,24,6,18,41,113,2090,1,2,2,6,4,2,4,2,0,0,0,39.79514167,-84.25385556,12,6,0,2,7,1,0,1,1,0,18,26,18,30,18,48
390251,39,2020,5,3,1,22,36,3,0,1,1,1,1,4,2,7,2,0,0,0,40.83488333,-84.32013056,30,0,0,3,3,4,0,2,10,0,,,,,,
390252,39,2020,5,7,5,19,22,153,6065,1,2,2,3,1,2,1,1,1,0,49,41.03904167,-81.59538333,12,1,0,1,1,1,4,1,1,0,19,22,19,28,19,53
390253,39,2020,5,9,7,9,11,95,8120,1,2,2,3,8,2,4,4,1,0,80,41.63808056,-83.60663889,12,6,0,2,3,1,0,1,1,0,9,15,9,22,9,45
390255,39,2020,5,4,2,18,45,79,0,1,1,1,1,3,1,5,1,0,0,192,39.08329167,-82.50586944,1,0,0,1,1,4,4,1,10,0,18,45,18,50,,
390256,39,2020,5,4,2,5,10,133,0,1,1,1,1,1,2,1,1,1,0,68,41.10981667,-81.28654167,42,0,0,1,1,4,0,2,1,0,,,,,,
390258,39,2020,5,10,1,14,37,113,3622,1,1,1,1,3,2,3,1,1,0,63,39.85526944,-84.13893333,40,0,0,1,1,4,0,1,10,0,14,38,14,41,15,1
390259,39,2020,5,16,7,18,35,49,1800,1,2,2,3,4,2,7,2,0,0,0,39.97383333,-82.98065556,12,6,1,2,2,1,0,1,1,0,18,38,18,44,18,58
390260,39,2020,5,10,1,16,45,157,0,1,1,1,1,1,9,1,1,1,0,,40.34289167,-81.56943056,38,0,0,1,1,3,0,1,10,0,,,,,,
390261,39,2020,4,2,5,17,13,5,0,1,2,2,3,5,1,7,3,0,0,0,40.80871944,-82.34969722,12,2,0,1,1,1,0,1,1,0,,,17,25,,
390262,39,2020,1,18,7,17,31,17,0,1,3,3,5,3,2,4,1,0,0,160,39.48236111,-84.43113056,12,2,0,1,1,1,0,1,1,0,17,49,18,17,19,2
390264,39,2020,5,15,6,6,30,113,0,1,1,1,1,5,2,7,3,0,0,0,39.66483611,-84.30166944,42,0,0,1,1,5,0,1,1,0,6,35,6,42,,
390265,39,2020,5,3,1,17,48,127,0,1,3,3,4,3,1,4,1,0,0,215,39.74448056,-82.09193611,12,6,0,1,1,1,0,1,2,0,,,,,,
390266,39,2020,5,15,6,5,0,49,0,1,2,2,3,1,2,1,1,1,0,0,39.89887222,-83.05176667,8,0,0,1,1,1,0,2,1,0,4,55,5,10,5,35
390267,39,2020,3,2,2,17,5,7,1850,1,2,2,2,1,2,1,1,1,0,,41.91545556,-80.56859167,12,6,1,5,1,1,0,1,2,0,,,,,,
390268,39,2020,5,19,3,9,44,129,0,1,1,1,1,5,1,7,4,0,0,0,39.54776667,-82.73375833,42,0,0,1,1,4,0,8,2,0,,,,,,
390269,39,2020,5,9,7,12,39,61,1610,1,1,1,1,4,2,4,2,0,0,0,39.10391389,-84.56631667,8,0,0,3,3,1,0,1,1,0,12,39,12,45,13,26
390270,39,2020,5,19,3,14,13,49,1800,1,1,1,1,8,2,7,98,0,0,,39.92925833,-82.87964167,32,0,0,1,1,4,0,7,2,0,14,10,14,13,,
390271,39,2020,5,18,2,16,53,49,1800,1,1,1,1,1,2,1,1,1,0,243,40.06067778,-82.99723333,42,0,1,5,1,4,0,1,10,0,16,59,17,0,,
390272,39,2020,5,18,2,23,12,61,5940,1,1,1,1,3,2,3,1,0,0,101,39.22410833,-84.5481,8,0,0,3,2,1,0,3,2,0,,,,,,
390273,39,2020,5,8,6,6,46,133,0,1,2,2,2,3,1,5,1,0,0,107,41.10677778,-81.05110278,12,6,1,2,2,1,0,1,10,0,6,51,6,52,,
390274,39,2020,5,14,5,14,42,157,0,2,2,2,4,1,1,1,1,1,0,1,40.22018056,-81.55280278,12,6,0,1,1,1,0,1,1,0,,,14,55,,
390275,39,2020,5,15,6,21,56,173,0,1,1,1,1,2,1,3,1,1,0,86,41.37209722,-83.71919722,8,0,0,1,1,1,0,2,10,0,18,28,18,37,,
390276,39,2020,5,21,5,22,58,113,2090,1,2,2,2,4,2,4,2,0,0,0,39.79789722,-84.25509722,8,0,0,1,1,1,0,2,10,0,1,31,1,40,,
390277,39,2020,5,14,5,21,35,61,1610,1,2,2,3,4,2,3,2,1,0,0,39.10428333,-84.54028889,12,2,0,1,1,1,0,3,1,0,21,36,21,37,22,0
390278,39,2020,5,25,2,2,30,49,0,1,1,1,1,1,2,1,1,1,0,225,,,32,0,0,1,1,4,0,8,10,0,,,,,,
390279,39,2020,5,23,7,21,30,7,1850,1,1,1,2,6,2,7,4,0,0,0,41.94341667,-80.52945278,30,0,0,1,1,4,0,2,1,0,,,,,,
390280,39,2020,5,19,3,20,52,61,1610,1,2,2,2,1,2,1,1,1,0,26,39.11937778,-84.49904444,12,2,1,18,1,1,0,3,2,0,20,51,20,59,21,17
390281,39,2020,5,23,7,0,42,35,2520,1,1,1,1,1,2,1,1,1,0,291,41.60634167,-81.49430556,52,0,1,19,1,4,0,3,1,0,0,47,0,54,,
390282,39,2020,5,23,7,4,40,35,2520,1,1,1,1,1,2,1,1,1,0,280,41.59314444,-81.51638056,8,0,0,1,1,1,0,3,1,0,4,47,4,56,,
390283,39,2020,5,23,7,4,39,35,2520,1,1,1,1,1,2,1,1,1,0,283,41.59314444,-81.51638056,8,0,0,1,1,1,0,3,1,0,4,47,4,56,5,12
390284,39,2020,5,17,1,1,39,35,2340,1,1,1,3,6,2,5,4,0,0,0,41.53988889,-81.59028056,42,0,0,1,1,4,0,3,1,0,1,39,1,41,1,51
390285,39,2020,5,16,7,6,45,147,0,1,1,1,2,3,1,4,1,0,0,179,41.23755278,-83.16809167,46,0,0,1,1,1,0,1,5,0,6,54,7,3,,
390286,39,2020,5,16,7,21,36,157,0,2,3,3,6,3,1,5,1,0,0,339,40.63971111,-81.35570556,12,6,0,8,1,1,0,2,1,0,21,37,21,43,22,7
390287,39,2020,5,17,1,2,9,129,0,1,2,2,2,1,1,1,1,1,0,25,39.80429167,-83.20584444,12,1,0,1,1,1,0,2,1,0,2,9,2,19,,
390288,39,2020,5,17,1,2,30,23,0,1,2,2,2,1,1,1,1,1,0,49,39.87730278,-83.96438333,12,1,0,1,1,1,0,2,1,0,2,33,2,45,,
390289,39,2020,5,19,3,11,28,11,0,1,2,2,2,3,2,5,1,0,0,138,40.54615278,-84.42579722,12,6,0,1,1,1,0,1,2,0,11,29,11,34,11,50
390290,39,2020,5,16,7,13,34,155,0,2,2,2,3,3,1,5,1,0,0,205,41.41901111,-80.73700556,12,2,0,8,1,1,0,1,1,0,13,35,13,47,13,59
390291,39,2020,5,22,6,17,23,3,0,1,1,1,2,4,2,5,2,0,0,0,40.70847222,-84.11301111,38,0,0,1,1,4,0,1,1,0,17,23,17,25,,
390292,39,2020,5,2,7,3,54,49,0,1,1,1,1,3,2,3,1,1,0,146,40.07934167,-82.92519167,42,0,1,5,1,4,0,2,1,0,,,,,,
390293,39,2020,5,20,4,21,49,47,0,1,1,1,3,3,1,5,1,0,0,4,39.62311111,-83.26511667,34,0,0,1,1,4,0,3,2,0,21,53,22,11,22,43
390294,39,2020,4,24,6,17,58,35,1680,1,1,1,1,1,2,1,1,1,0,129,41.47538056,-81.71794167,33,0,0,1,1,4,0,1,1,0,18,4,18,12,18,26
390295,39,2020,5,20,4,0,44,147,0,1,1,1,1,4,1,5,2,0,0,0,41.22928889,-83.13065556,42,0,0,1,1,4,0,2,10,0,0,51,0,57,,
390296,39,2020,5,17,1,18,35,103,0,1,1,1,1,2,1,5,1,0,0,134,41.11071667,-81.93175833,18,0,0,3,4,4,0,1,2,0,18,44,19,9,19,53
390297,39,2020,3,20,6,20,30,67,0,1,1,1,1,4,1,7,2,0,0,0,40.19788889,-81.27028056,98,0,0,1,1,4,0,2,2,0,1,17,3,22,,
390298,39,2020,5,19,3,0,10,29,0,1,1,1,1,3,1,4,1,0,0,41,40.64059167,-80.80768056,34,0,0,1,1,4,0,2,10,0,,,0,26,,
390299,39,2020,5,13,4,20,15,115,0,1,1,1,4,4,1,7,2,0,0,0,39.61790833,-81.83889167,5,0,0,1,1,1,0,5,1,0,20,19,20,25,21,34
390300,39,2020,5,23,7,2,45,117,0,1,1,1,1,5,1,7,3,0,0,0,40.71119722,-82.7398,42,0,0,1,1,4,0,2,10,0,,,,,,
390301,39,2020,5,31,1,0,31,113,2090,1,1,1,1,6,2,4,4,0,0,0,39.73799722,-84.25305556,1,0,0,1,1,1,0,3,1,0,0,32,0,36,,
390302,39,2020,3,11,4,4,12,63,0,1,2,2,2,3,1,3,1,1,0,205,40.98573889,-83.59361389,12,6,0,2,3,1,0,2,1,0,4,18,4,18,4,23
390303,39,2020,3,10,3,22,28,95,8120,1,1,1,1,6,2,5,4,0,0,0,41.65038611,-83.54798889,8,0,0,1,1,1,0,2,1,0,22,29,22,34,22,52
390304,39,2020,2,21,6,10,47,35,1680,1,2,2,2,2,2,3,1,1,0,2,41.49629167,-81.68959167,12,1,0,3,2,1,0,1,1,0,10,52,10,58,11,18
390305,39,2020,3,31,3,15,56,113,1670,2,2,2,4,3,2,3,1,1,0,84,39.84998611,-84.3304,12,6,0,2,2,1,0,1,10,0,15,58,16,5,16,27
390306,39,2020,4,27,2,18,17,35,6360,1,1,1,2,6,6,96,96,9,9,,41.37296389,-81.68828056,19,0,0,1,1,5,0,1,1,0,18,18,18,24,19,2
390307,39,2020,4,24,6,18,58,35,1680,1,3,3,3,4,2,4,2,0,0,0,41.44979722,-81.57203333,12,6,0,2,2,1,0,1,1,0,19,2,19,7,19,18
390308,39,2020,6,4,5,4,3,49,0,1,1,1,1,1,2,1,1,1,0,39,39.90982222,-83.10325,8,0,0,1,1,1,0,2,1,0,,,,,,
390309,39,2020,5,26,3,10,3,33,0,1,2,2,2,3,2,5,1,0,0,34,40.78289167,-82.78978056,12,1,0,1,1,1,0,1,1,0,,,,,,
390310,39,2020,5,24,1,20,25,55,0,1,1,1,1,3,9,99,1,9,0,,41.56498056,-81.00435278,34,0,0,1,1,4,0,1,1,0,,,,,,
390311,39,2020,5,27,4,14,30,9,0,1,2,2,5,2,1,3,1,1,0,88,39.39020833,-82.14422778,12,6,0,2,3,1,0,1,1,0,14,32,14,43,15,10
390312,39,2020,5,27,4,22,18,63,0,1,1,1,1,3,1,5,1,0,0,46,40.880575,-83.82380278,8,0,0,1,1,1,0,2,1,0,,,,,,
390313,39,2020,5,17,1,22,8,57,0,1,1,1,2,2,1,4,1,0,0,160,39.73539167,-83.83792222,35,0,0,1,1,4,0,2,1,0,22,5,22,12,22,35
390314,39,2020,5,2,7,22,55,89,0,1,1,1,1,4,1,7,2,0,0,0,40.19056667,-82.37775556,19,0,0,1,1,4,0,2,10,0,,,23,6,,
390315,39,2020,5,30,7,2,1,37,0,1,2,2,3,6,1,7,4,0,0,0,39.96203333,-84.49118889,12,1,0,1,1,1,0,2,1,0,2,4,2,16,,
390316,39,2020,6,3,4,21,34,89,0,1,1,1,1,4,1,7,2,0,0,0,40.17678056,-82.56785,11,0,0,1,1,1,0,2,1,0,21,34,21,42,22,5
390317,39,2020,5,25,2,19,15,99,9230,1,2,2,2,4,2,4,2,0,0,0,41.11842222,-80.69171111,12,2,0,2,3,1,0,1,1,0,19,18,19,25,19,49
390318,39,2020,6,6,7,14,9,95,8120,1,1,1,2,3,2,3,1,1,0,82,41.68331667,-83.60966667,8,0,0,1,1,1,0,1,1,0,14,7,14,18,,
390319,39,2020,6,7,1,18,29,151,0,1,2,2,4,6,2,4,4,0,0,0,40.88029722,-81.51924722,12,6,0,2,2,1,0,1,1,0,18,29,18,35,18,52
390320,39,2020,6,11,5,15,59,49,1800,1,2,2,2,3,2,3,1,1,0,76,39.97767222,-82.86080278,12,6,0,2,3,1,0,1,1,0,16,1,16,4,16,11
390321,39,2020,5,30,7,2,54,35,1050,1,1,1,1,1,9,1,1,1,0,,41.41354444,-81.81794722,52,0,0,1,1,4,0,3,10,0,,,3,8,,
390322,39,2020,6,1,2,8,29,97,0,1,3,3,3,1,1,1,1,1,0,85,39.76400556,-83.289725,12,1,0,1,1,1,0,1,1,0,8,30,8,36,,
390323,39,2020,5,30,7,23,41,173,0,1,1,1,2,1,2,1,1,1,0,12,41.56330278,-83.46041667,1,0,0,1,1,1,0,3,1,0,,,23,45,,
390324,39,2020,6,1,2,7,8,97,0,1,4,1,2,1,1,1,1,1,0,40,39.73025278,-83.37255278,91,0,0,1,1,5,4,1,1,0,7,12,7,32,8,2
390325,39,2020,5,21,5,13,34,155,0,1,2,2,3,3,1,3,1,1,0,216,41.231,-80.67280278,12,6,0,2,2,1,0,1,1,0,13,32,13,35,14,10
390326,39,2020,5,30,7,15,10,113,2090,1,2,2,2,3,2,4,1,0,0,3,39.80211667,-84.10486389,12,6,1,5,1,1,0,1,1,0,15,5,15,13,15,33
390328,39,2020,6,7,1,15,49,165,0,1,2,2,3,2,2,3,1,0,0,26,39.32442778,-84.24580556,12,2,0,3,4,1,0,1,1,0,15,51,15,58,,
390329,39,2020,4,18,7,23,1,63,2610,1,2,1,1,6,6,96,96,9,9,0,41.05078333,-83.68255833,14,0,0,1,1,1,0,2,10,0,23,4,23,12,,
390330,39,2020,4,8,4,18,17,169,0,1,1,1,1,4,1,7,2,0,0,0,40.80147778,-82.03379444,18,0,0,1,1,4,0,1,1,0,18,29,18,42,19,34
390331,39,2020,4,7,3,7,15,35,1680,2,1,1,3,2,2,4,1,0,0,39,41.47430278,-81.62770833,30,0,0,1,1,4,0,1,2,0,7,18,7,28,7,49
390333,39,2020,5,2,7,17,59,35,1680,1,3,3,10,2,2,4,1,0,0,56,41.46678611,-81.59687778,12,6,0,2,2,1,0,1,1,0,18,3,18,12,18,33
390334,39,2020,5,16,7,16,41,35,1680,1,1,1,1,3,2,4,1,0,0,34,41.41868056,-81.84877778,33,0,0,1,1,4,0,1,1,0,,,,,,
390335,39,2020,5,4,2,19,18,35,1680,1,2,2,3,6,6,96,96,9,0,0,41.42396667,-81.691275,12,6,0,8,1,1,0,1,1,0,19,21,19,27,19,46
390336,39,2020,6,3,4,20,12,25,0,1,1,1,1,3,1,5,1,0,0,182,39.02016667,-84.04213333,35,0,0,1,1,4,0,1,1,0,20,8,20,14,20,42
390337,39,2020,6,2,3,20,18,45,0,1,1,1,1,4,2,5,2,0,0,0,39.84264167,-82.76008611,9,0,0,1,1,1,0,1,1,0,20,17,20,17,,
390338,39,2020,6,4,5,21,4,35,8330,1,1,1,1,1,2,1,1,1,0,197,41.40830833,-81.63389444,25,0,0,1,1,3,4,3,1,0,20,55,21,5,,
390339,39,2020,6,12,6,3,0,113,2090,1,1,1,1,4,2,5,2,0,0,0,39.74750278,-84.17270556,30,0,0,1,1,4,0,3,1,0,3,2,3,7,,
390340,39,2020,5,24,1,14,25,103,0,1,2,2,2,4,2,5,2,0,0,0,41.2466,-81.86120556,12,6,0,2,2,1,0,1,1,0,,,,,,
390341,39,2020,6,5,6,22,55,165,0,1,1,1,2,2,2,3,1,0,0,13,39.30718333,-84.278675,8,0,0,1,1,1,0,2,1,0,22,54,22,56,23,12
390342,39,2020,5,1,6,19,19,35,1680,1,2,2,4,3,2,3,1,1,0,22,41.48063056,-81.66569167,12,6,0,2,2,1,0,3,1,0,19,17,19,22,19,44
390343,39,2020,6,6,7,15,32,37,0,2,2,2,3,3,1,5,1,0,0,65,40.22194167,-84.70895278,12,2,0,2,2,1,0,1,1,0,15,34,15,49,,
390344,39,2020,6,14,1,19,1,95,8120,1,3,1,1,4,2,5,2,0,0,0,41.71025,-83.58584444,33,0,0,3,3,4,0,1,1,0,19,2,19,6,,
390345,39,2020,6,3,4,12,33,85,9020,1,2,2,2,6,2,5,4,0,0,0,41.62703333,-81.45583611,12,6,0,2,3,1,0,1,1,0,,,,,,
390346,39,2020,6,13,7,20,41,49,1800,1,2,2,4,4,2,4,2,0,0,0,40.10453889,-83.09108333,12,6,0,2,3,1,0,5,1,0,20,43,20,49,,
390347,39,2020,6,13,7,22,58,93,4360,1,2,2,7,3,2,3,1,1,0,40,41.46085556,-82.15947778,33,0,0,1,1,4,0,3,1,0,22,59,23,4,23,26
390348,39,2020,6,12,6,2,1,85,9010,1,1,1,1,6,6,96,96,9,9,,41.63499722,-81.41858056,33,0,0,1,1,4,0,3,1,0,2,4,2,9,2,20
390349,39,2020,6,17,4,11,9,49,1800,1,2,2,2,6,2,5,4,0,0,0,39.87863056,-82.98801667,12,2,0,3,3,1,0,1,10,0,11,12,11,21,11,43
390350,39,2020,6,19,6,2,44,95,8120,1,4,4,6,4,2,5,2,0,0,0,41.7012,-83.5274,12,2,0,1,1,1,0,2,1,0,2,49,2,57,3,15
390351,39,2020,6,4,5,22,12,45,0,1,1,1,1,5,1,7,3,0,0,0,39.77731111,-82.62114444,34,0,0,1,1,4,0,2,1,0,21,59,22,5,,
390352,39,2020,5,28,5,21,31,173,0,1,1,1,1,1,1,1,1,1,0,87,41.52255556,-83.458725,25,0,1,5,1,3,0,5,1,0,21,34,21,48,,
390353,39,2020,5,28,5,11,24,7,330,1,2,2,2,9,6,96,96,9,9,,41.87167778,-80.80307778,12,6,0,8,1,1,0,1,2,0,11,15,,,,
390354,39,2020,6,11,5,17,58,79,0,1,1,1,2,3,2,5,1,0,0,130,39.01904444,-82.65037778,34,0,0,1,1,4,0,1,1,0,17,56,18,3,18,35
390355,39,2020,6,7,1,16,2,35,2340,1,2,2,5,6,2,7,4,0,0,0,41.52273333,-81.57981667,12,2,0,1,1,1,0,1,1,0,,,,,,
390356,39,2020,5,29,6,12,32,103,0,1,2,2,2,3,1,4,1,0,0,71,41.26760556,-81.92024444,91,0,0,1,1,1,4,1,10,0,12,32,12,37,,
390357,39,2020,5,31,1,12,20,75,0,1,2,2,2,3,1,4,1,0,0,21,40.62027778,-82.18763056,12,1,0,2,3,1,0,1,10,0,12,24,12,33,12,55
390358,39,2020,4,19,1,23,23,57,0,1,1,1,4,4,2,5,2,0,0,0,39.61746667,-84.101394440000007,24,0,0,3,3,4,0,2,1,0,23,25,23,31,23,33
390360,39,2020,4,29,4,8,37,127,0,1,1,1,1,2,1,4,1,0,0,99,39.83072222,-82.24007778,35,0,0,1,1,4,0,1,10,0,8,33,8,42,9,17
390361,39,2020,4,28,3,12,14,147,0,1,2,2,5,5,1,7,3,0,0,0,41.146625,-83.15485556,12,2,0,1,1,1,0,1,1,0,12,19,12,23,13,12
390362,39,2020,4,22,4,15,41,51,0,1,2,2,3,2,1,3,1,1,0,279,41.67204167,-83.87910833,12,6,0,2,2,1,0,1,1,0,15,42,15,55,16,28
390363,39,2020,4,30,5,3,0,3,0,1,1,1,1,2,1,3,1,1,0,37,40.83783056,-84.26238056,8,0,0,1,1,1,0,2,10,0,3,2,3,11,,
390364,39,2020,5,3,1,15,57,63,0,1,1,1,2,3,1,5,1,0,0,250,41.15639167,-83.78848611,34,0,0,1,1,4,0,1,1,0,15,59,16,32,17,8
390365,39,2020,4,27,2,11,23,113,0,1,2,2,4,4,2,4,2,0,0,0,39.79795556,-84.25201389,12,6,0,2,2,1,0,1,10,0,11,24,11,29,11,59
390366,39,2020,5,3,1,1,2,143,630,1,2,2,2,2,2,3,1,1,0,313,41.28515,-82.88281111,12,2,0,1,1,1,0,2,10,0,1,1,1,8,1,43
390367,39,2020,5,24,1,14,55,9,0,1,1,1,1,4,1,7,2,0,0,0,39.29698333,-82.15155278,1,0,0,1,1,4,0,1,1,0,14,53,14,57,,
390368,39,2020,5,24,1,1,24,35,6370,1,1,1,1,6,6,96,96,9,9,0,41.37058889,-81.77616389,42,0,0,1,1,4,0,2,1,0,1,27,1,33,1,53
390369,39,2020,5,24,1,22,14,55,0,1,2,1,4,3,1,5,1,0,0,69,41.453875,-81.12883333,11,0,0,1,1,1,0,2,1,0,22,11,22,16,22,55
390370,39,2020,5,26,3,9,4,95,0,2,4,4,4,2,1,3,1,1,0,20,41.67224167,-83.84083056,12,2,0,1,1,1,0,1,1,0,9,4,9,10,,
390371,39,2020,5,24,1,16,16,157,0,1,1,1,1,4,2,4,2,0,0,0,40.57156111,-81.50245,41,0,0,1,1,4,0,1,1,0,16,16,16,22,,
390372,39,2020,5,13,4,12,0,167,0,1,3,3,3,3,2,4,1,0,0,42,39.45957222,-81.46413889,12,1,0,1,1,1,0,1,1,0,12,1,12,5,12,22
390373,39,2020,5,27,4,10,5,23,0,1,1,1,1,5,1,7,3,0,0,0,39.83450278,-83.90744167,30,0,0,8,1,4,0,1,1,0,10,4,10,11,,
390374,39,2020,6,6,7,19,37,95,8120,1,2,2,5,3,2,3,1,1,0,19,41.63614444,-83.51816667,12,2,0,2,2,1,0,1,1,0,19,38,19,42,20,8
390375,39,2020,5,27,4,12,15,95,0,1,2,2,2,4,2,5,2,0,0,0,41.60000278,-83.71325833,12,1,0,1,1,1,0,1,10,0,12,19,12,25,,
390376,39,2020,6,7,1,7,53,57,0,1,1,1,1,2,1,4,1,0,0,167,39.73752778,-83.824475,42,0,0,1,1,4,0,1,1,0,7,52,8,0,,
390377,39,2020,5,22,6,19,24,23,7800,1,1,1,1,6,2,7,4,0,0,0,39.94151667,-83.82655556,40,0,0,1,1,4,0,1,10,0,19,25,19,28,,
390378,39,2020,6,12,6,19,23,23,0,1,1,1,1,4,1,5,2,0,0,0,39.86795833,-83.77953056,53,0,0,1,1,4,0,1,1,0,19,25,19,28,19,47
390379,39,2020,6,9,3,18,0,139,0,1,1,1,1,4,2,4,2,0,0,0,40.70173056,-82.58305278,34,0,0,1,1,4,0,1,10,0,18,0,18,9,18,43
390380,39,2020,6,13,7,17,22,103,0,1,2,2,2,1,2,1,1,1,0,16,41.03336667,-81.85515556,12,1,0,1,1,1,0,1,1,0,17,28,17,39,,
390381,39,2020,6,13,7,1,22,89,0,2,1,1,2,5,1,7,3,0,0,0,40.03833333,-82.24368056,42,0,0,1,1,4,0,2,10,0,1,29,1,43,2,24
390382,39,2020,6,17,4,22,57,49,0,2,3,3,5,2,2,3,1,0,0,49,39.86473889,-83.10845556,12,6,0,2,3,1,0,2,1,0,22,57,23,4,23,24
390383,39,2020,5,31,1,11,23,153,70,1,1,1,2,3,2,4,1,0,0,75,41.08444167,-81.55090556,30,0,0,1,1,4,0,1,1,0,11,24,11,27,11,43
390384,39,2020,6,19,6,16,25,61,1610,1,1,1,1,4,2,3,2,0,0,0,39.10368056,-84.52885278,8,0,0,1,1,1,0,1,1,0,16,35,16,42,16,50
390385,39,2020,6,17,4,15,14,169,0,1,1,1,2,3,2,3,1,0,0,112,40.78484444,-81.96380556,8,0,0,3,2,1,0,1,1,0,15,14,15,17,15,31
390387,39,2020,6,13,7,16,34,87,0,1,1,1,2,3,1,4,1,0,0,125,38.68650833,-82.65644167,43,0,0,1,1,4,0,1,1,0,16,32,16,47,17,38
390388,39,2020,6,20,7,5,52,49,0,1,1,1,1,2,2,3,1,1,0,73,39.95393056,-83.09817778,31,0,0,1,1,4,0,4,1,0,5,54,5,59,6,11
390389,39,2020,6,20,7,0,42,23,7800,1,1,1,1,4,2,7,2,0,0,0,39.92337778,-83.76851111,31,0,0,1,1,4,0,3,1,0,0,42,0,51,1,2
390390,39,2020,6,13,7,20,28,35,2520,1,1,1,1,3,2,2,1,1,0,287,41.60598056,-81.49396944,43,0,0,1,1,3,0,1,10,0,20,33,20,42,21,20
390392,39,2020,6,7,1,15,30,135,0,1,2,2,4,2,1,4,1,0,0,52,39.79966667,-84.73090278,12,6,0,1,1,1,0,1,1,0,15,32,15,48,16,47
390393,39,2020,6,18,5,6,6,41,0,1,2,2,2,2,2,3,1,1,0,21,40.15917778,-83.01875278,12,2,1,3,4,1,0,1,10,0,6,4,6,8,6,32
390394,39,2020,6,21,1,15,47,71,0,1,1,1,1,3,1,5,1,0,0,159,39.16293056,-83.51812778,34,0,0,1,1,4,0,1,10,0,15,48,15,57,16,34
390395,39,2020,5,6,4,1,57,35,1680,1,3,2,3,4,2,5,2,0,0,0,41.4883,-81.61494167,12,6,0,2,2,1,0,3,10,0,2,2,2,8,2,25
390396,39,2020,6,27,7,3,45,61,7190,1,1,1,1,1,2,1,1,1,0,76,39.17128056,-84.49871667,8,0,0,1,1,1,0,3,10,0,3,59,4,4,,
390397,39,2020,6,9,3,20,9,23,7800,1,1,1,1,4,2,4,2,0,0,0,39.91260556,-83.80978056,9,0,0,1,1,1,0,1,10,0,20,10,20,14,20,30
390398,39,2020,5,27,4,23,39,89,3840,1,2,1,1,6,1,7,4,0,0,0,40.16356667,-82.68614167,53,0,0,1,1,4,0,3,1,0,,,,,,
390399,39,2020,5,31,1,9,30,127,0,1,2,2,3,3,1,4,1,0,0,228,39.756025,-82.24648056,54,11,0,1,1,1,0,1,1,0,,,,,,
390400,39,2020,6,19,6,23,57,139,0,1,1,1,1,1,1,1,1,1,0,85,40.66745556,-82.53516944,8,0,0,1,1,1,4,2,1,0,23,59,0,13,,
390401,39,2020,6,16,3,22,56,107,5250,1,1,1,1,3,1,5,1,0,0,134,40.48891667,-84.55139167,1,0,0,1,1,1,0,3,1,0,22,59,23,8,23,29
390402,39,2020,6,17,4,13,45,49,0,1,1,1,1,4,2,3,4,0,0,0,39.94638056,-83.11120833,42,0,0,3,2,4,0,1,10,0,13,58,14,0,14,41
390403,39,2020,5,16,7,7,48,49,2270,1,2,2,3,1,2,1,1,1,0,161,40.08304444,-83.13748056,25,0,0,1,1,3,0,1,1,0,7,48,7,53,8,28
390404,39,2020,6,17,4,23,52,95,8120,1,2,2,4,4,2,5,2,0,0,0,41.71021667,-83.55655833,12,1,0,3,3,1,0,2,1,0,23,53,23,57,0,14
390405,39,2020,6,11,5,18,8,95,6213,1,1,1,2,4,2,5,2,0,0,0,41.65261944,-83.414375,9,0,0,1,1,1,0,1,1,0,18,9,18,15,20,36
390406,39,2020,6,19,6,5,23,55,0,1,1,1,1,3,1,5,1,0,0,130,41.60681667,-81.14861389,34,0,0,3,3,4,0,2,10,0,5,22,5,29,,
390407,39,2020,5,29,6,23,24,165,7680,1,2,2,3,1,2,1,1,1,0,81,39.38055278,-84.23358611,12,2,0,1,1,1,0,2,1,0,23,24,23,42,0,3
390408,39,2020,5,23,7,21,45,35,1680,1,2,2,2,2,2,3,1,1,0,139,41.43641667,-81.70912778,12,6,0,2,4,1,0,3,1,0,21,47,21,50,,
390409,39,2020,5,20,4,6,6,149,0,1,2,2,2,4,1,7,2,0,0,0,40.22738056,-84.31931667,12,1,0,3,3,1,0,4,1,0,,,,,,