st_case,state,year,month,day,day_week,hour,minute,county,city,fatals_crash,vehicles_total,vehicles_in_transport,persons_total,route,rural_urban,functional_system,road_owner,nhs,special_jurisdiction,milepoint,latitude,longitude,first_harmful_event,manner_collision,rel_jct_interchange,rel_jct_location,intersection_type,relation_to_road,work_zone,light_condition,weather,school_bus_related,ems_notified_hour,ems_notified_min,ems_arrival_hour,ems_arrival_min,hospital_hour,hospital_min
390410,39,2020,5,22,6,16,50,61,1610,1,1,1,1,3,2,3,1,1,0,36,39.20888056,-84.47443056,19,0,0,1,1,4,0,1,1,0,16,49,16,56,,
390411,39,2020,7,4,7,23,12,49,1800,1,2,2,7,4,2,5,2,0,0,0,39.91540833,-82.87834722,12,6,0,2,3,1,0,2,1,0,23,13,23,17,23,44
390412,39,2020,7,5,1,14,24,95,8120,1,2,2,7,4,2,4,2,0,0,0,41.66350556,-83.58259444,12,6,0,2,3,1,0,1,1,0,14,25,14,30,,
390413,39,2020,7,3,6,22,20,95,8120,1,1,1,1,3,2,3,1,0,0,17,41.65280278,-83.6315,8,0,0,1,1,1,0,2,1,0,23,45,23,47,0,11
390414,39,2020,7,4,7,18,45,25,0,1,1,1,1,3,2,3,1,1,0,75,39.01818056,-84.19744167,30,0,0,1,1,4,0,1,1,0,18,43,18,45,19,7
390415,39,2020,7,5,1,19,10,119,0,1,1,1,1,2,2,4,1,0,0,27,39.85554444,-82.11938611,35,0,0,1,1,4,0,1,1,0,19,10,19,13,19,41
390416,39,2020,7,7,3,17,23,69,0,1,2,2,2,4,1,7,2,0,0,0,41.32606389,-84.13405556,12,6,0,2,2,1,0,1,1,0,17,24,17,35,,
390417,39,2020,7,4,7,14,23,19,0,1,1,1,1,4,1,6,2,0,0,0,40.70045,-81.18496667,59,0,0,1,1,4,0,1,1,0,14,30,14,33,15,6
390418,39,2020,7,10,6,6,45,95,8120,1,2,2,2,4,1,7,2,0,0,0,41.67813889,-83.56743611,12,6,0,2,2,1,0,1,1,0,6,46,6,59,7,14
390419,39,2020,7,4,7,22,0,155,0,1,1,1,2,4,2,7,2,0,0,0,41.17043333,-80.73309167,26,0,0,1,1,4,4,2,1,0,22,34,22,44,,
390420,39,2020,7,7,3,12,0,89,0,1,1,1,1,3,2,2,1,1,0,11,40.07894722,-82.74660278,31,0,0,1,1,3,0,1,10,0,,,,,,
390421,39,2020,7,5,1,20,58,45,0,1,1,1,1,2,2,2,1,1,0,205,39.65356389,-82.55929167,1,0,0,1,1,3,0,1,1,0,20,56,21,3,,
390422,39,2020,7,8,4,17,42,143,0,2,2,2,3,2,2,3,1,1,0,314,41.28400556,-82.87881389,12,1,0,2,2,1,0,1,2,0,17,46,17,56,,
390423,39,2020,7,6,2,16,24,73,0,1,2,2,2,3,1,4,1,0,0,34,39.43508056,-82.45280833,12,2,0,1,1,1,0,1,1,0,16,22,16,35,17,20
390424,39,2020,7,9,5,10,39,41,0,1,2,2,2,2,1,4,1,0,0,19,40.27384167,-83.21482778,12,6,1,2,2,1,0,1,1,0,10,34,10,40,11,27
390425,39,2020,7,5,1,19,57,7,0,1,1,1,3,1,1,1,1,1,0,40,41.77018333,-80.92281389,1,0,0,1,1,1,0,1,1,0,20,3,20,11,20,40
390426,39,2020,7,11,7,22,28,35,1680,1,1,1,1,6,2,4,4,0,0,0,41.55081667,-81.52952778,1,0,0,1,1,1,0,2,10,0,,,,,,
390427,39,2020,7,7,3,21,10,47,840,1,5,1,1,3,1,5,1,0,0,11,39.60593333,-83.39629167,14,0,0,1,1,4,0,5,1,0,21,15,21,23,,
390428,39,2020,7,15,4,6,54,17,3260,1,1,1,1,4,2,4,2,0,0,0,39.41848333,-84.57499444,8,0,0,1,1,1,4,4,1,0,6,54,6,59,,
390429,39,2020,7,18,7,22,16,49,1800,1,1,1,1,4,2,5,2,0,0,0,39.91553889,-82.88058889,8,0,0,1,1,1,0,2,10,0,22,18,22,21,22,47
390430,39,2020,7,17,6,21,55,151,1320,1,1,1,1,4,2,3,2,0,0,0,40.83614444,-81.38931389,8,0,0,3,2,1,0,3,1,0,21,56,22,1,22,9
390431,39,2020,7,19,1,17,44,49,1800,1,1,1,1,1,2,1,1,1,0,254,40.08751667,-82.98715833,42,0,0,1,1,4,0,1,10,0,17,46,17,51,18,14
390432,39,2020,7,17,6,11,59,49,2780,1,1,1,1,1,1,1,1,1,0,361,40.00817778,-82.88910278,1,0,0,1,1,1,0,1,1,0,12,2,12,11,12,25
390434,39,2020,7,9,5,13,53,17,5010,1,2,2,2,5,2,5,3,0,0,0,39.48946667,-84.36526111,12,7,0,1,1,1,0,1,1,0,13,53,13,59,,
390435,39,2020,7,12,1,1,29,25,0,1,1,1,1,2,1,3,1,1,0,241,38.77575,-84.07684444,35,0,0,1,1,4,0,2,1,0,1,27,1,38,,
390436,39,2020,7,13,2,15,44,155,0,1,2,2,4,2,2,3,1,1,0,91,41.21941667,-80.51994167,12,6,0,2,3,1,0,1,1,0,15,39,15,43,16,10
390437,39,2020,7,11,7,13,56,127,0,1,2,2,2,3,1,6,1,0,0,106,39.87998889,-82.30705556,12,2,0,1,1,1,0,1,1,0,13,50,13,54,,
390438,39,2020,7,9,5,20,0,145,0,1,1,1,2,4,1,7,2,0,0,0,38.67455556,-83.250725,34,0,0,1,1,4,0,1,1,0,,,,,,
390439,39,2020,7,13,2,13,55,97,0,1,1,1,1,3,1,5,1,0,0,42,39.91020556,-83.37593889,30,0,0,1,1,4,0,1,10,0,13,58,14,6,,
390440,39,2020,7,15,4,18,50,13,0,1,2,2,3,1,1,1,1,1,0,54,40.05931944,-81.12909444,12,1,0,1,1,1,0,1,1,0,18,50,18,54,,
390441,39,2020,7,15,4,21,39,113,8180,3,2,2,5,4,2,5,2,0,0,0,39.77590556,-84.2925,12,6,0,2,2,1,0,3,1,0,21,22,21,25,21,58
390442,39,2020,7,14,3,12,42,57,0,1,2,2,2,4,2,5,2,0,0,0,39.58631667,-84.10406667,12,1,0,8,1,1,0,1,1,0,12,49,12,53,,
390443,39,2020,7,16,5,16,10,101,0,2,1,1,3,2,2,3,1,1,0,72,40.54059722,-83.07468056,42,0,0,1,1,4,0,1,10,0,16,12,16,22,16,39
390444,39,2020,7,13,2,15,55,165,0,1,2,2,5,2,1,5,1,0,0,144,39.36990278,-84.06343056,12,6,0,2,2,1,0,1,10,0,15,54,15,59,,
390445,39,2020,7,16,5,12,53,15,5380,1,1,1,2,3,1,3,1,1,0,50,39.04282778,-83.92550556,38,0,0,1,1,3,0,1,10,0,12,54,12,57,13,7
390446,39,2020,7,15,4,11,9,75,0,1,1,1,1,4,1,6,2,0,0,0,40.63085,-82.00510833,49,0,0,2,2,1,0,1,1,0,11,16,11,23,12,21
390447,39,2020,7,17,6,18,47,173,0,2,1,1,2,5,1,7,3,0,0,0,41.25331389,-83.55685556,1,0,0,1,1,4,0,1,1,0,18,48,18,59,,
390448,39,2020,7,17,6,16,32,95,8120,1,2,2,3,6,6,96,96,0,0,0,41.64685833,-83.57713889,12,6,0,2,3,1,0,1,1,0,16,33,16,37,,
390449,39,2020,7,19,1,13,31,63,0,1,2,2,2,4,1,6,2,0,0,0,41.08019444,-83.59305278,12,6,0,2,2,1,0,1,10,0,13,35,13,41,14,4
390450,39,2020,7,25,7,23,16,49,1800,1,1,1,1,4,2,4,2,0,0,0,39.94573889,-82.89449722,8,0,0,1,1,1,0,3,10,0,23,19,23,22,23,35
390451,39,2020,7,24,6,13,8,61,1610,1,2,2,3,1,2,1,1,1,0,19,39.10965833,-84.52128056,12,1,0,1,1,1,0,1,1,0,13,14,13,19,,
390452,39,2020,7,22,4,14,34,153,3630,1,2,2,3,4,2,4,2,0,0,0,41.217275,-81.428425,12,6,0,2,3,1,0,1,1,0,14,35,14,44,15,6
390455,39,2020,5,27,4,17,9,17,0,1,1,1,1,4,2,7,2,0,0,0,39.42113333,-84.52547222,59,0,0,1,1,4,0,1,10,0,17,8,17,15,17,56
390456,39,2020,6,21,1,21,24,151,0,1,2,2,2,3,2,3,1,0,0,99,40.77424167,-81.34661389,12,2,0,1,1,1,0,3,10,0,21,22,21,26,,
390457,39,2020,6,28,1,4,58,35,7880,1,1,1,1,4,2,4,2,0,0,0,41.35067778,-81.82215556,43,0,0,1,1,4,0,4,1,0,,,,,,
390458,39,2020,6,20,7,17,14,59,0,1,2,2,2,4,1,6,2,0,0,0,40.03589722,-81.40505833,12,2,0,1,1,1,0,1,1,0,17,18,17,29,18,21
390459,39,2020,6,24,4,13,44,93,0,1,2,2,2,3,1,5,1,0,0,19,41.23753333,-82.30423056,12,6,0,2,2,1,0,1,1,0,13,44,13,48,,
390460,39,2020,6,23,3,5,10,45,0,1,1,1,2,2,1,2,1,1,0,235,39.61241667,-82.55020556,52,0,0,1,1,4,0,2,2,0,5,20,5,28,5,56
390461,39,2020,6,18,5,19,43,165,0,1,2,2,2,3,2,3,1,1,0,76,39.54763611,-84.19928056,12,2,0,1,1,1,0,1,1,0,19,45,19,51,20,15
390462,39,2020,6,23,3,10,0,133,0,1,1,1,2,3,2,3,1,1,0,76,41.15335833,-81.14956111,38,0,0,1,1,4,0,1,10,0,,,,,,
390463,39,2020,6,30,3,15,50,139,0,2,2,2,5,2,2,2,1,1,0,4,40.76191111,-82.71540556,12,6,0,1,1,1,0,1,1,0,15,58,16,6,16,47
390464,39,2020,6,25,5,15,26,17,0,1,1,1,1,2,1,3,1,1,0,27,39.34863056,-84.63766667,34,0,0,1,1,4,0,1,98,0,15,27,15,31,,
390465,39,2020,5,17,1,14,36,99,9230,1,2,2,4,4,2,5,2,0,0,0,41.06731667,-80.62821667,12,2,0,1,1,1,0,1,10,0,14,40,14,47,15,17
390466,39,2020,6,7,1,22,40,153,70,1,1,1,1,1,2,1,1,1,0,3,41.03551667,-81.56543611,1,0,1,5,1,8,0,3,1,0,8,56,9,4,,
390467,39,2020,7,14,3,15,43,49,1800,1,1,1,1,4,2,4,2,0,0,0,39.9425,-83.09750833,8,0,0,1,1,1,0,1,1,0,15,44,15,46,15,58
390468,39,2020,7,7,3,18,58,143,0,1,2,2,2,2,1,3,1,1,0,0,41.47150556,-83.41460556,12,6,0,2,2,1,0,1,2,0,18,45,18,53,19,17
390469,39,2020,7,5,1,15,2,23,0,1,2,2,3,3,2,5,1,0,0,222,39.95396667,-83.86454444,12,2,0,1,1,1,0,1,1,0,14,56,15,0,15,24
390470,39,2020,6,27,7,23,35,15,0,1,1,1,1,3,1,3,1,1,0,188,38.95581944,-83.69932778,8,0,0,1,1,1,0,2,1,0,6,40,6,51,,
390471,39,2020,7,15,4,6,51,63,0,1,1,1,1,4,1,6,2,0,0,0,40.90635556,-83.78571667,34,0,0,1,1,4,0,1,1,0,6,56,7,8,,
390472,39,2020,7,12,1,12,44,95,0,1,2,2,2,3,2,3,1,0,0,15,41.71821667,-83.66244167,12,1,0,1,1,1,0,1,1,0,12,46,12,51,13,16
390473,39,2020,7,11,7,0,33,113,8180,1,1,1,1,4,2,5,2,0,0,0,39.79403333,-84.29308056,35,0,0,1,1,4,0,2,1,0,0,41,0,48,,
390474,39,2020,6,17,4,14,20,159,0,1,2,2,3,3,1,5,1,0,0,47,40.16576389,-83.38965556,12,6,0,1,1,1,0,1,1,0,14,20,14,28,14,48
390475,39,2020,6,16,3,4,31,61,2652,1,3,3,3,1,2,1,1,1,0,202,39.29449722,-84.54410833,12,6,1,18,1,1,0,2,1,0,4,25,4,39,,
390476,39,2020,5,30,7,16,36,61,0,1,2,2,2,4,2,5,2,0,0,0,39.30953889,-84.63113056,12,6,0,5,1,1,0,1,10,0,16,38,16,50,17,20
390477,39,2020,5,23,7,21,53,35,8770,1,2,2,2,4,2,5,2,0,0,0,41.43974167,-81.92253889,12,2,0,3,2,1,0,3,1,0,21,55,22,1,22,24
390478,39,2020,5,24,1,12,43,149,0,1,1,1,1,3,1,5,1,0,0,16,40.37597222,-84.04424444,1,0,0,3,3,4,0,1,10,0,12,43,12,43,12,59
390479,39,2020,5,26,3,14,54,153,3139,1,2,2,6,4,2,5,2,0,0,0,40.93402222,-81.42903333,12,2,0,2,3,1,0,1,1,0,15,1,15,5,15,37
390480,39,2020,5,31,1,15,45,61,0,1,2,2,5,3,1,5,1,0,0,89,39.26231944,-84.69699444,12,8,0,1,1,1,0,1,1,0,15,45,15,51,16,25
390482,39,2020,7,8,4,17,11,3,0,1,3,3,6,3,1,4,1,0,0,183,40.73106667,-84.01065556,12,2,0,1,1,1,0,1,1,0,18,12,18,16,18,49
390484,39,2020,7,21,3,12,44,139,0,2,2,2,4,4,1,5,2,0,0,0,40.82887778,-82.55404167,12,2,0,1,1,1,0,1,1,0,12,41,12,51,13,11
390485,39,2020,7,19,1,1,5,153,8000,1,1,1,1,4,2,4,2,0,0,0,41.09308333,-81.42950556,8,0,0,1,1,1,0,2,1,0,1,8,1,12,1,29
390486,39,2020,3,27,6,7,39,21,0,2,2,2,3,4,1,5,2,0,0,0,40.05668056,-83.73669167,12,6,0,1,1,4,0,1,10,0,7,40,7,49,8,18
390487,39,2020,7,25,7,14,49,55,0,1,2,2,6,3,1,5,1,0,0,97,41.56237222,-81.12919444,12,6,0,2,2,1,0,1,1,0,14,49,14,57,15,42
390488,39,2020,7,26,1,14,27,1,0,1,2,2,4,3,1,5,1,0,0,44,38.70314167,-83.65626667,12,2,0,1,1,1,0,1,1,0,14,28,14,41,15,25
390489,39,2020,7,24,6,15,39,103,0,1,1,1,1,4,1,7,2,0,0,0,41.11048889,-81.93555833,59,0,0,1,1,4,0,1,1,0,15,38,15,46,16,10
390490,39,2020,7,23,5,22,38,87,0,1,1,1,1,4,1,7,2,0,0,0,38.47151667,-82.35130278,1,0,0,1,1,4,0,2,10,0,22,36,22,43,23,20
390491,39,2020,7,26,1,2,1,159,0,1,1,1,1,4,1,7,2,0,0,0,40.493925,-83.46918333,1,0,0,1,1,1,0,2,1,0,2,16,2,25,,
390492,39,2020,7,25,7,23,39,131,0,1,1,1,1,4,1,7,2,0,0,0,39.02940556,-83.10349167,35,0,0,1,1,4,0,2,1,0,,,,,,
390493,39,2020,6,4,5,16,12,49,1800,1,3,3,5,4,2,3,2,0,0,0,40.01494722,-82.99571389,12,1,0,1,1,1,0,1,2,0,16,17,16,17,,
390494,39,2020,6,16,3,18,38,71,0,1,1,1,1,2,1,4,1,0,0,35,39.20447778,-83.80326667,34,0,0,1,1,4,0,1,1,0,18,51,19,8,19,51
390495,39,2020,6,20,7,18,22,151,1320,1,2,2,2,4,2,3,2,0,0,0,40.80917222,-81.37191667,12,6,0,2,7,1,0,1,10,0,18,24,18,30,18,44
390496,39,2020,6,5,6,23,9,129,0,1,1,1,1,3,1,5,1,0,0,224,39.57291111,-82.893225,35,0,0,1,1,4,0,6,1,0,,,,,,
390497,39,2020,6,12,6,18,50,129,0,1,3,3,9,2,1,4,1,0,0,28,39.76023333,-83.22630833,12,8,0,1,1,1,0,1,1,0,18,50,18,53,19,30
390498,39,2020,6,15,2,17,34,151,0,1,2,2,3,3,1,4,1,0,0,122,40.83367222,-81.14804167,12,6,0,2,2,1,0,1,1,0,17,40,17,51,,
390499,39,2020,6,15,2,19,21,45,0,1,1,1,2,2,1,2,1,1,0,89,39.76935833,-82.69108889,1,0,1,18,1,1,0,1,1,0,19,24,19,42,20,15
390500,39,2020,6,18,5,13,20,131,0,1,2,2,3,3,2,5,1,0,0,133,39.06235833,-82.96262778,12,6,1,2,3,1,0,1,2,0,13,20,13,29,13,57
390501,39,2020,6,13,7,22,18,119,0,1,1,1,1,3,1,4,1,0,0,272,40.06940833,-82.06110556,8,0,0,8,1,1,0,2,1,0,22,16,22,19,22,36
390502,39,2020,6,18,5,0,58,9,8170,1,2,2,2,4,1,7,2,0,0,0,39.48983056,-82.07810278,12,8,0,1,1,1,0,2,10,0,0,54,1,11,,
390503,39,2020,6,16,3,16,53,85,0,1,1,1,1,1,2,1,1,1,0,126,41.65348056,-81.28393333,1,0,0,1,1,4,0,1,1,0,16,51,17,3,17,18
390504,39,2020,6,15,2,13,20,59,0,1,2,2,2,1,1,1,1,1,0,44,39.96003056,-81.530275,12,1,0,1,1,1,0,1,1,0,13,22,13,26,13,58
390505,39,2020,6,20,7,4,42,133,0,1,1,1,1,3,1,5,1,0,0,11,41.00551667,-81.14804444,30,0,0,1,1,4,0,2,1,0,,,,,,
390506,39,2020,6,30,3,5,52,151,0,1,1,1,1,4,2,4,2,0,0,0,40.77475278,-81.43033889,30,0,0,3,3,4,0,4,1,0,5,55,6,2,6,17
390507,39,2020,6,24,4,19,57,7,0,1,1,1,1,5,1,7,3,0,0,0,41.83655833,-80.87228889,18,0,0,1,1,1,0,1,1,0,19,56,19,57,20,18
390508,39,2020,6,16,3,12,4,155,2950,2,2,2,3,1,2,1,1,1,0,22,41.14848056,-80.69281667,18,0,0,1,1,1,0,1,1,0,12,8,12,14,12,41
390509,39,2020,6,7,1,13,48,95,8120,2,1,1,2,4,2,4,27,0,0,0,41.62173333,-83.68415,18,0,0,6,1,1,0,1,10,0,13,48,13,56,,
390510,39,2020,6,22,2,5,19,11,0,1,2,2,2,3,1,5,1,0,0,85,40.501225,-84.31673611,12,2,0,1,1,1,0,2,1,0,5,20,5,32,6,5
390511,39,2020,6,23,3,20,19,63,2610,1,1,1,2,1,2,1,1,1,0,180,41.06440833,-83.66586667,34,0,0,1,1,4,4,1,1,0,20,26,20,33,20,49
390512,39,2020,6,25,5,15,47,113,0,1,1,1,4,4,2,4,2,0,0,0,39.80448056,-84.19559167,33,0,0,1,1,4,0,1,10,0,16,3,16,15,16,32
390513,39,2020,6,27,7,5,13,35,8537,1,2,1,2,1,2,1,1,1,0,238,41.42485556,-81.53308889,14,0,1,18,1,1,0,3,2,0,5,13,5,17,,
390514,39,2020,6,23,3,13,59,9,0,2,2,2,4,2,1,3,1,1,0,217,39.197575,-82.05485278,12,6,0,1,1,1,0,1,2,0,13,57,14,7,14,30
390515,39,2020,6,30,3,17,5,77,0,1,1,1,1,3,1,5,1,0,0,149,41.27446667,-82.39400556,59,0,0,1,1,4,0,1,1,0,19,11,19,31,20,6
390516,39,2020,6,12,6,9,10,61,0,1,2,2,2,4,2,5,2,0,0,0,39.23456667,-84.76033056,12,6,0,1,1,1,0,1,10,0,9,13,9,27,9,53
390517,39,2020,6,24,4,17,20,149,0,1,3,3,3,3,1,5,1,0,0,78,40.39266944,-84.25507778,12,1,0,1,1,1,0,1,10,0,17,22,17,29,,
390518,39,2020,6,8,2,12,43,155,5900,1,1,1,1,6,6,96,96,0,0,0,41.18163611,-80.76367222,33,0,0,1,1,4,0,1,1,0,12,47,12,51,13,30
390519,39,2020,7,16,5,4,0,95,8120,1,2,2,3,3,2,3,1,1,0,172,41.63450833,-83.56138056,12,6,0,2,2,1,0,3,2,0,4,4,4,10,4,29
390520,39,2020,7,31,6,16,56,49,1800,1,1,1,1,4,2,3,2,0,0,0,40.05995833,-82.96158611,15,0,0,3,2,1,0,1,1,0,16,58,17,5,17,22
390521,39,2020,7,26,1,1,30,81,0,1,1,1,1,3,1,4,1,0,0,112,40.42459167,-80.76374444,24,0,0,1,1,4,0,2,1,0,1,33,1,40,2,0
390522,39,2020,7,29,4,19,0,151,0,1,2,2,4,1,2,1,1,1,0,47,40.73299722,-81.41962778,12,1,1,20,1,1,0,1,1,0,,,,,,
390523,39,2020,7,31,6,1,30,49,2780,1,1,1,1,1,1,1,1,1,0,386,39.99069167,-82.85670556,8,0,0,1,1,1,0,2,1,0,1,53,2,0,,
390524,39,2020,7,30,5,4,11,35,8537,1,1,1,3,4,2,4,2,0,0,0,41.44995556,-81.54180833,42,0,0,1,1,4,0,3,10,0,4,18,4,25,4,46
390525,39,2020,7,10,6,2,20,83,0,1,1,1,1,3,1,5,1,0,0,17,40.27691111,-82.32381667,34,0,0,1,1,4,0,2,1,0,2,43,2,53,3,44
390526,39,2020,7,27,2,18,27,41,0,1,2,2,3,4,2,4,2,0,0,0,40.21648056,-82.98462778,12,6,0,2,2,1,0,1,10,0,18,27,18,29,19,13
390527,39,2020,7,29,4,14,55,169,0,1,1,1,1,4,1,5,2,0,0,0,40.86286944,-81.842611110000007,34,0,0,1,1,4,0,1,1,0,14,55,15,0,,
390528,39,2020,7,30,5,5,36,71,3520,1,2,2,2,3,2,4,1,0,0,82,39.21805556,-83.61713056,12,2,0,3,2,1,0,2,10,0,5,43,5,46,6,29
390529,39,2020,7,29,4,23,28,5,0,4,2,2,8,1,2,1,1,1,0,60,40.84082222,-82.28619722,12,1,0,1,1,1,0,2,1,0,23,31,23,38,0,51
390530,39,2020,7,29,4,20,51,141,0,1,1,1,1,4,1,5,2,0,0,0,39.230575,-82.79641944,1,0,0,1,1,4,0,2,1,0,20,52,21,5,21,32
390531,39,2020,7,25,7,7,28,27,810,1,2,2,3,3,1,5,1,0,0,17,39.29537778,-83.98236667,12,6,0,2,4,1,0,1,1,0,7,37,7,43,8,52
390532,39,2020,7,31,6,18,43,161,0,1,1,1,3,4,1,6,2,0,0,0,40.91753056,-84.46318056,9,0,0,1,1,1,0,5,1,0,18,45,18,58,,
390533,39,2020,7,28,3,17,56,69,0,1,1,1,2,4,1,7,2,0,0,0,41.268025,-84.14550278,59,0,0,1,1,4,0,1,1,0,18,2,18,27,19,38
390534,39,2020,7,30,5,16,55,55,0,1,1,1,1,2,2,3,1,0,0,9,41.52255278,-81.37305833,8,0,0,1,1,1,0,1,1,0,16,56,17,2,17,14
390535,39,2020,6,19,6,12,50,35,1680,1,1,1,1,1,2,1,1,1,0,250,41.57275833,-81.56124167,52,0,0,1,1,4,4,1,1,0,12,52,12,58,13,21
390536,39,2020,6,21,1,22,12,35,1680,1,1,1,5,2,2,3,1,1,0,52,41.52039167,-81.62875556,8,0,0,3,3,1,0,3,2,0,22,18,22,22,22,41
390537,39,2020,7,28,3,22,12,153,70,1,2,2,2,3,2,4,1,0,0,34,41.041625,-81.48184722,12,6,0,2,2,1,0,3,1,0,22,12,22,21,22,36
390538,39,2020,7,8,4,1,9,153,70,1,2,2,3,4,2,4,2,0,0,0,41.05105833,-81.56638889,12,2,0,2,3,1,0,3,1,0,1,10,1,19,1,39
390539,39,2020,7,29,4,14,35,79,8670,1,2,2,2,3,2,4,1,0,0,282,39.14141667,-82.53213056,1,0,0,1,1,1,0,1,1,0,14,41,14,47,,
390540,39,2020,7,31,6,1,0,119,0,1,1,1,1,3,1,4,1,0,0,65,39.844225,-81.89573333,35,0,0,1,1,4,0,2,1,0,1,13,1,23,,
390541,39,2020,6,6,7,12,58,95,4840,1,2,2,5,2,2,3,1,1,0,191,41.55738056,-83.65079444,12,2,0,1,1,1,0,1,1,0,13,1,13,5,13,44
390542,39,2020,7,1,4,14,52,41,0,1,1,1,1,4,1,7,2,0,0,0,40.206625,-83.16618056,34,0,0,1,1,4,0,1,1,0,14,53,15,1,,
390543,39,2020,7,3,6,19,52,5,0,1,1,1,1,5,1,7,3,0,0,0,41.0141,-82.27169167,30,0,0,1,1,4,0,1,1,0,19,54,20,8,,
390544,39,2020,7,4,7,2,24,9,360,1,1,1,7,6,6,96,96,9,4,0,39.32706944,-82.09529444,33,0,0,8,1,4,0,3,10,0,2,56,3,2,,
390545,39,2020,7,3,6,1,35,61,7450,1,1,1,1,1,2,1,1,1,0,172,39.29111667,-84.43842222,24,0,0,5,1,4,0,3,1,0,1,41,1,49,,
390546,39,2020,7,4,7,19,23,49,0,1,3,3,3,4,2,4,2,0,0,0,40.01658333,-82.83215556,12,7,0,3,3,1,0,1,1,0,19,24,19,26,19,41
390547,39,2020,7,16,5,2,54,49,1800,1,1,1,1,4,2,5,2,0,0,0,39.94971389,-83.040275,8,0,1,18,1,1,0,3,10,0,3,16,3,21,3,34
390548,39,2020,6,7,1,16,48,35,1680,1,2,2,2,2,2,3,1,1,0,24,41.50658056,-81.64931667,12,6,0,2,2,1,0,5,10,0,16,51,16,57,17,15
390549,39,2020,6,9,3,2,35,35,1680,1,2,1,1,4,2,4,2,0,0,0,41.56853889,-81.55548056,33,0,0,1,1,4,0,3,1,0,2,33,2,35,2,44
390550,39,2020,8,10,2,14,5,49,1800,1,2,2,2,4,2,4,2,0,0,0,40.01455278,-82.98664167,12,6,0,2,3,1,0,1,1,0,14,8,14,11,14,21
390551,39,2020,7,10,6,13,47,145,0,1,1,1,2,3,1,5,1,0,0,102,38.80260833,-83.00871667,1,0,0,1,1,1,0,1,2,0,13,43,13,56,14,24
390552,39,2020,7,22,4,14,2,37,0,1,2,2,2,3,2,3,1,1,0,12,40.19527778,-84.79026111,12,2,0,1,1,1,0,1,10,0,14,4,14,7,14,44
390553,39,2020,7,17,6,22,40,85,2350,1,1,1,1,4,2,7,2,0,0,0,41.66850556,-81.41900278,33,0,0,1,1,4,0,2,1,0,22,40,22,44,23,6
390554,39,2020,7,24,6,16,36,33,0,1,1,1,4,3,1,5,1,0,0,97,40.89284444,-82.854825,34,0,0,3,3,4,0,1,1,0,16,39,16,48,17,29
390555,39,2020,7,21,3,21,54,151,0,1,3,3,3,4,2,4,2,0,0,0,40.78271111,-81.46586944,12,2,0,2,2,1,0,3,1,0,21,58,22,3,22,18
390556,39,2020,5,16,7,15,59,153,70,1,2,2,2,4,2,5,2,0,0,0,41.04663056,-81.50705833,12,6,0,2,2,1,0,1,1,0,16,5,16,6,16,26
390557,39,2020,7,18,7,1,11,61,6860,1,1,1,1,5,2,7,3,0,0,0,39.22305556,-84.43148056,33,0,0,1,1,4,0,3,1,0,1,14,1,18,,
390558,39,2020,7,17,6,16,22,155,0,1,2,2,2,4,2,5,2,0,0,0,41.234075,-80.559325,12,6,0,8,1,1,0,1,1,0,16,23,16,26,16,38
390559,39,2020,7,19,1,13,11,141,0,1,1,1,1,3,1,5,1,0,0,77,39.44609167,-82.81629444,52,0,0,1,1,4,0,1,1,0,13,11,13,21,,
390560,39,2020,7,20,2,3,16,1,0,1,1,1,1,4,1,7,2,0,0,0,38.83769167,-83.57106667,1,0,0,1,1,1,0,2,1,0,3,13,3,23,4,13
390561,39,2020,7,26,1,17,53,159,0,2,1,1,2,4,1,6,2,0,0,0,40.15105833,-83.395875,42,0,0,1,1,4,0,1,1,0,18,4,18,34,18,57
390562,39,2020,8,13,5,2,17,49,1800,1,1,1,1,1,2,1,1,1,0,245,40.06127222,-82.99788056,1,0,1,19,1,4,0,3,10,0,2,20,2,23,,
390563,39,2020,8,5,4,8,59,93,0,1,2,2,2,3,2,4,1,0,0,29,41.31691667,-81.91354167,12,6,0,8,1,1,0,1,1,0,9,19,9,40,10,15
390564,39,2020,8,2,1,2,50,9,0,1,3,3,3,2,1,3,1,1,0,194,39.25518056,-82.08179167,12,6,0,1,1,1,0,2,1,0,2,49,2,59,3,28
390565,39,2020,8,10,2,20,35,113,2090,1,1,1,1,6,2,4,4,0,0,0,39.75235833,-84.23541667,8,0,0,1,1,1,0,3,10,0,20,37,20,39,20,57
390566,39,2020,7,2,5,3,52,51,0,1,1,1,3,6,6,96,96,9,9,0,41.66612778,-84.34895,42,0,0,1,1,4,0,2,1,0,4,1,4,28,5,4
390567,39,2020,7,23,5,15,39,19,0,1,3,3,3,3,1,4,1,0,0,7,40.48261667,-80.93500556,12,8,0,1,1,1,0,1,10,0,15,45,15,54,,
390568,39,2020,8,2,1,23,36,41,0,1,1,1,5,4,2,6,2,0,0,0,40.16006944,-82.86793333,53,0,0,1,1,4,0,2,2,0,,,,,,