st_case,state,year,month,day,day_week,hour,minute,county,city,fatals_crash,vehicles_total,vehicles_in_transport,persons_total,route,rural_urban,functional_system,road_owner,nhs,special_jurisdiction,milepoint,latitude,longitude,first_harmful_event,manner_collision,rel_jct_interchange,rel_jct_location,intersection_type,relation_to_road,work_zone,light_condition,weather,school_bus_related,ems_notified_hour,ems_notified_min,ems_arrival_hour,ems_arrival_min,hospital_hour,hospital_min
390728,39,2020,9,10,5,5,7,77,0,1,2,2,2,3,1,4,1,0,1,25,41.02971111,-82.485325,12,1,0,2,2,1,0,2,5,0,5,35,5,39,,
390729,39,2020,9,5,7,22,51,145,0,1,2,2,3,4,1,5,2,0,0,0,38.61786111,-82.84275,12,1,0,2,3,1,0,2,10,0,22,56,23,9,0,18
390730,39,2020,6,20,7,4,0,157,0,1,1,1,1,3,2,4,1,0,0,181,40.53033333,-81.43260833,35,0,0,3,3,4,0,3,1,0,4,4,4,11,4,38
390731,39,2020,7,9,5,18,12,65,20,1,2,2,3,6,6,96,96,9,9,0,40.76778056,-83.82165,12,6,0,2,2,1,0,1,10,0,18,11,18,20,18,52
390732,39,2020,7,6,2,12,34,35,1680,1,1,1,2,1,2,1,1,1,0,143,41.47395278,-81.70045,25,0,1,19,1,3,0,1,1,0,12,44,12,51,13,9
390733,39,2020,8,3,2,17,18,61,7450,1,2,2,2,2,2,3,1,1,0,157,39.28508056,-84.39919167,12,6,0,8,1,1,0,1,10,0,17,18,17,25,17,37
390734,39,2020,8,8,7,2,30,35,1680,1,2,2,3,3,2,4,1,0,0,4,41.42357778,-81.64907222,1,0,0,2,2,1,0,3,1,0,2,31,2,34,2,48
390735,39,2020,8,9,1,23,58,35,1680,1,2,2,3,4,2,5,2,0,0,0,41.54103056,-81.60499167,33,0,0,1,1,4,0,3,1,0,0,2,0,9,0,24
390736,39,2020,9,18,6,1,3,151,1320,1,2,2,3,4,2,5,2,0,0,0,40.79374167,-81.39427222,12,6,0,2,2,1,0,3,1,0,1,4,1,8,1,42
390737,39,2020,9,8,3,18,23,59,0,1,1,1,1,3,1,6,1,0,0,61,40.04264722,-81.62177778,24,0,0,1,1,4,0,1,1,0,18,23,19,51,,
390738,39,2020,9,3,5,8,5,171,0,1,2,2,3,2,1,4,1,0,0,118,41.58646111,-84.38648056,12,6,0,2,2,1,0,1,5,0,8,8,8,19,8,55
390739,39,2020,9,10,5,17,41,151,0,1,1,1,1,6,6,96,96,9,9,0,40.732575,-81.418075,42,0,0,1,1,5,0,1,1,0,17,43,17,50,18,8
390740,39,2020,5,25,2,8,25,153,70,1,1,1,2,4,2,5,2,0,0,0,41.04921111,-81.51841667,30,0,0,1,1,4,0,1,1,0,8,25,8,29,8,51
390741,39,2020,8,19,4,0,55,35,1680,1,2,2,5,3,2,3,1,0,0,113,41.45843611,-81.77954167,12,6,0,2,3,1,0,3,10,0,1,17,1,22,1,38
390742,39,2020,7,10,6,10,27,35,1680,1,2,2,3,4,2,4,2,0,0,0,41.476075,-81.62138333,12,8,0,3,3,1,0,1,1,0,23,38,23,43,,
390743,39,2020,9,19,7,13,22,49,0,2,3,3,7,4,2,4,2,0,0,0,39.89034167,-83.15502778,12,1,0,1,1,1,0,1,1,0,13,24,13,33,13,52
390744,39,2020,8,4,3,22,49,153,3139,1,3,3,3,1,2,1,1,1,0,55,40.97670556,-81.48038333,8,0,0,1,1,1,0,2,10,0,22,49,22,56,,
390745,39,2020,7,2,5,10,7,35,6178,1,1,1,0,8,6,96,96,9,0,0,41.38582222,-81.91969444,33,0,0,8,1,4,0,1,1,0,10,8,10,13,,
390746,39,2020,9,19,7,3,7,49,1800,1,2,2,3,6,2,5,4,0,0,22,39.93502778,-82.89779167,12,2,0,1,1,1,0,3,1,0,3,9,3,14,3,38
390747,39,2020,8,17,2,18,26,91,7130,1,3,1,1,4,1,6,2,0,0,0,40.45788056,-83.67449722,30,0,0,1,1,4,0,1,1,0,18,28,18,30,,
390748,39,2020,7,20,2,22,5,3,4220,1,1,1,1,4,2,5,2,0,0,0,40.74269167,-84.11660833,8,0,0,3,2,1,0,3,10,0,22,6,22,7,,
390749,39,2020,8,27,5,4,25,65,0,1,1,1,1,4,1,7,2,0,0,0,40.79071667,-83.67726667,30,0,0,1,1,4,0,1,1,0,4,27,4,44,,
390750,39,2020,6,29,2,17,34,65,0,1,2,2,3,3,1,5,1,0,0,49,40.77652222,-83.78483889,12,6,0,2,2,1,0,1,1,0,17,36,17,53,18,31
390751,39,2020,6,25,5,23,48,23,7800,1,1,1,1,4,1,7,2,0,0,0,,,8,0,0,1,1,1,0,3,1,0,23,49,23,52,0,1
390752,39,2020,9,12,7,16,35,73,0,1,2,2,3,3,1,5,1,0,0,162,39.39685556,-82.36891944,12,2,0,1,1,1,0,1,10,0,16,35,16,49,,
390753,39,2020,9,9,4,13,0,101,0,1,2,2,2,3,1,4,1,0,0,251,40.62930833,-82.99130556,12,8,0,1,1,1,0,1,1,0,13,2,13,10,,
390754,39,2020,9,20,1,21,25,95,0,1,2,2,2,1,2,1,1,1,0,49,41.61338056,-83.68883056,12,6,1,2,3,1,0,3,1,0,21,24,21,31,22,1
390755,39,2020,9,18,6,4,1,95,6213,1,2,2,2,4,2,4,2,0,0,0,41.67350833,-83.45831944,12,2,0,1,1,1,0,3,1,0,4,3,4,12,5,2
390756,39,2020,9,11,6,20,16,157,5770,1,1,1,1,3,2,3,1,0,0,139,40.49180278,-81.45893889,8,0,0,3,7,1,0,3,1,0,20,17,20,19,20,34
390757,39,2020,6,11,5,20,13,123,0,1,1,1,2,5,6,96,96,9,9,0,41.56876667,-82.82171944,5,0,0,3,3,1,0,1,1,0,20,14,20,30,21,0
390758,39,2020,7,18,7,16,54,87,0,1,2,1,1,3,1,5,1,0,0,197,38.66492222,-82.47380833,39,0,0,1,1,4,0,1,1,0,16,49,16,58,17,41
390759,39,2020,6,8,2,13,40,17,5010,1,2,1,2,4,2,4,2,0,0,0,39.47809167,-84.34249444,31,0,0,1,1,4,0,1,10,0,13,46,13,50,14,5
390760,39,2020,9,23,4,19,42,49,1800,2,3,3,4,3,2,4,1,1,0,177,39.99270556,-82.98275556,12,1,0,3,3,1,0,3,1,0,19,43,19,45,20,9
390761,39,2020,9,24,5,23,5,49,1800,1,1,1,1,4,2,3,2,0,0,0,40.07361667,-82.86156667,33,0,0,3,6,4,0,3,1,0,23,7,23,19,23,37
390762,39,2020,9,14,2,16,47,17,5010,1,1,1,1,4,2,7,2,0,0,0,39.53880833,-84.34454722,9,0,0,2,2,1,0,1,1,0,16,36,16,42,16,56
390763,39,2020,9,20,1,4,46,145,0,1,1,1,2,4,1,7,2,0,0,0,38.92135833,-83.0501,35,0,0,1,1,4,0,2,10,0,3,48,4,4,4,47
390765,39,2020,9,21,2,16,30,119,0,1,2,2,2,3,1,5,1,0,0,200,39.92218333,-81.92063611,12,2,0,1,1,1,0,1,1,0,16,32,16,40,,
390767,39,2020,6,21,1,9,54,89,0,1,2,2,3,4,2,7,2,0,0,0,40.18189167,-82.40711667,12,6,0,3,3,1,0,1,1,0,9,56,9,59,10,32
390768,39,2020,8,9,1,19,24,23,7800,1,2,2,3,4,2,4,2,0,0,0,39.92592778,-83.77933333,12,6,0,2,3,1,0,1,10,0,19,24,19,27,19,35
390769,39,2020,8,18,3,20,11,103,0,1,2,2,3,2,1,3,1,1,0,112,41.04080556,-81.98234722,12,6,1,2,2,1,0,5,1,0,20,21,20,45,21,26
390770,39,2020,8,28,6,22,8,23,7800,1,1,1,1,2,2,4,1,0,0,170,39.92343333,-83.74519167,59,0,0,1,1,3,0,3,10,0,,,,,,
390771,39,2020,9,14,2,12,10,155,0,1,1,1,1,6,6,96,96,9,9,0,41.17389444,-80.80048611,1,0,0,1,1,1,0,1,1,0,12,19,12,22,12,54
390772,39,2020,9,27,1,20,43,49,1800,1,1,1,1,6,2,6,4,0,0,0,40.08529722,-82.96967778,8,0,0,1,1,1,0,2,1,0,20,41,20,48,21,5
390773,39,2020,8,29,7,20,39,47,8570,1,1,1,1,5,2,6,3,0,0,0,39.54754167,-83.44170556,9,0,0,2,2,1,0,3,1,0,20,38,20,40,20,53
390774,39,2020,9,25,6,18,30,133,0,2,1,1,4,1,1,1,1,1,0,207,41.09978333,-81.01091667,42,0,0,1,1,4,0,1,1,0,18,50,19,2,19,30
390775,39,2020,9,16,4,9,40,87,1750,1,2,2,2,4,2,7,2,0,0,0,38.49456667,-82.65001667,12,1,0,3,3,1,0,1,1,0,9,47,9,52,10,24
390776,39,2020,9,16,4,15,12,109,0,1,2,1,2,1,2,1,1,1,0,141,40.11840833,-84.21947778,14,0,0,1,1,3,4,1,10,0,15,11,15,25,15,41
390777,39,2020,9,18,6,7,40,161,0,1,2,2,5,3,1,5,1,0,0,51,40.80060833,-84.61369722,12,6,0,2,2,1,0,1,1,0,7,57,8,7,8,25
390778,39,2020,9,20,1,18,13,97,0,1,1,1,1,4,1,6,2,0,0,0,40.07389167,-83.24040833,34,0,0,1,1,4,0,1,1,0,18,16,18,20,18,40
390779,39,2020,9,16,4,14,30,1,0,1,2,2,3,3,1,5,1,0,0,124,38.95757222,-83.31549167,12,6,0,8,1,1,0,1,1,0,14,44,14,53,15,13
390780,39,2020,9,26,7,23,9,119,0,1,1,1,2,5,2,7,3,0,0,0,39.98285556,-81.994575,42,0,0,1,1,4,0,2,1,0,23,9,23,14,23,22
390781,39,2020,9,18,6,12,41,43,0,1,2,2,2,4,2,4,2,0,0,0,41.42268611,-82.65342778,12,2,0,1,1,1,0,1,1,0,13,36,13,40,,
390782,39,2020,9,14,2,8,23,49,2780,1,2,2,2,1,2,1,1,1,0,359,40.00780833,-82.87874722,12,7,0,1,1,1,0,1,1,0,8,24,8,31,8,50
390783,39,2020,8,29,7,12,16,35,1680,1,1,1,1,3,2,4,1,0,0,123,41.46431667,-81.76120556,30,0,0,8,1,4,0,1,10,0,12,19,12,23,12,36
390784,39,2020,10,5,2,20,8,49,0,1,1,1,1,2,2,3,1,1,0,72,39.95372778,-83.09967778,8,0,0,1,1,1,0,2,1,0,20,10,20,14,,
390785,39,2020,9,29,3,11,37,49,0,1,4,4,4,3,2,3,1,1,0,5,39.83205,-82.98413611,12,2,0,1,1,1,0,1,10,0,11,37,11,41,12,5
390786,39,2020,10,3,7,17,19,61,1610,1,2,2,3,4,2,4,2,0,0,0,39.14008056,-84.55143889,12,8,0,1,1,1,0,1,1,0,17,25,17,30,17,41
390787,39,2020,9,29,3,12,42,5,0,1,1,1,1,2,1,3,1,1,0,49,40.99098056,-82.38402778,1,0,0,1,1,1,1,1,10,0,12,53,13,24,14,19
390788,39,2020,9,24,5,8,32,35,1680,1,2,2,2,1,2,1,1,1,0,133,41.42148333,-81.70533611,59,0,1,5,1,4,0,1,10,0,8,35,8,51,,
390789,39,2020,10,3,7,12,55,93,0,1,2,2,5,3,1,4,1,0,0,18,41.30056389,-81.91235278,12,6,0,1,1,1,0,1,1,0,13,21,13,28,,
390790,39,2020,6,28,1,0,47,31,0,1,1,1,1,3,1,3,1,1,0,9,40.16021389,-81.93738056,35,0,0,1,1,4,0,2,1,0,0,49,0,58,,
390791,39,2020,9,6,1,19,46,133,0,1,2,2,2,3,2,5,1,0,0,45,41.298825,-81.14388889,12,6,0,2,3,1,0,2,10,0,19,49,19,49,20,45
390792,39,2020,9,2,4,3,25,35,1680,1,1,1,3,4,2,5,2,0,0,0,41.54690833,-81.58793889,33,0,0,1,1,4,0,2,1,0,3,28,3,33,3,55
390793,39,2020,9,9,4,16,50,61,0,1,2,1,2,1,2,1,1,1,0,119,39.19534167,-84.37811111,26,0,0,1,1,4,0,1,1,0,16,50,16,56,,
390794,39,2020,7,24,6,2,41,45,6520,1,1,1,2,3,2,3,1,0,0,16,39.90804167,-82.78324444,30,0,0,3,2,4,0,3,1,0,2,43,2,49,3,10
390795,39,2020,9,26,7,18,45,25,0,1,1,1,1,1,2,1,31,1,0,11,39.22610833,-84.281525,1,0,1,5,1,8,0,1,1,0,,,,,,
390796,39,2020,9,18,6,7,44,153,0,1,1,1,2,1,1,1,1,1,0,78,41.27353611,-81.54033889,1,0,0,1,1,4,0,1,1,0,8,0,8,7,8,36
390798,39,2020,9,24,5,5,18,23,0,1,1,1,1,4,2,4,2,0,0,0,39.93847778,-83.85725833,32,0,0,1,1,4,0,2,1,0,5,21,5,36,,
390799,39,2020,9,25,6,22,0,55,0,1,1,1,1,3,1,5,1,0,0,43,41.49095556,-81.08538889,32,0,0,1,1,4,0,2,1,0,,,,,,
390800,39,2020,8,30,1,22,38,157,8210,1,1,1,1,4,2,4,2,0,0,0,40.41031389,-81.35246944,1,0,0,3,3,4,0,6,1,0,22,38,22,43,23,2
390801,39,2020,8,1,7,15,15,95,6270,1,2,2,2,3,2,3,1,1,0,112,41.67683056,-83.66366667,12,2,0,1,1,1,0,1,2,0,15,26,15,32,15,53
390802,39,2020,9,26,7,16,41,143,0,1,2,2,4,2,1,3,1,1,0,51,41.43794444,-83.33221111,12,7,0,1,1,1,0,1,1,0,16,42,16,47,,
390803,39,2020,9,26,7,7,27,61,6090,1,2,2,2,1,2,1,1,1,0,56,39.15428611,-84.44231111,12,6,1,18,1,1,0,4,1,0,7,37,7,39,7,47
390804,39,2020,9,21,2,18,19,165,0,1,2,2,2,4,2,5,2,0,0,0,39.38929167,-84.34395,12,2,0,1,1,1,0,1,1,0,18,18,18,25,18,50
390805,39,2020,9,27,1,9,8,23,0,1,2,2,2,2,2,4,1,0,0,23,39.90870833,-84.03916111,12,6,0,2,2,1,0,1,1,0,9,8,9,17,,
390807,39,2020,9,25,6,15,48,71,0,2,2,2,3,2,1,4,1,0,0,18,39.20234167,-83.81554167,12,1,0,8,1,1,0,1,1,0,,,15,56,,
390808,39,2020,9,25,6,13,23,49,1300,1,7,7,9,2,2,2,1,1,0,310,39.85093056,-82.80415,12,2,0,1,1,1,0,1,1,0,13,26,13,30,14,2
390809,39,2020,9,25,6,18,30,97,0,1,1,1,1,3,2,5,1,0,0,30,39.74619444,-83.48066944,1,0,0,1,1,4,0,5,10,0,18,32,18,38,19,24
390810,39,2020,9,27,1,17,44,85,0,1,2,2,2,4,2,6,2,0,0,0,41.65724167,-81.21016389,12,2,0,1,1,1,0,1,1,0,17,46,17,51,18,17
390811,39,2020,9,27,1,20,30,161,0,1,2,2,3,2,1,3,1,1,0,73,40.92079444,-84.67788056,12,2,0,1,1,1,0,2,10,0,20,37,20,44,,
390812,39,2020,9,29,3,19,59,25,0,1,2,2,3,3,1,6,1,0,0,36,38.87246944,-84.17474722,12,6,0,2,2,1,0,2,2,0,20,0,20,8,20,58
390813,39,2020,9,26,7,6,20,155,0,1,1,1,1,4,2,3,2,0,0,0,41.25558056,-80.78855278,8,0,0,1,1,1,0,2,10,0,,,,,,
390814,39,2020,9,23,4,21,42,155,0,1,1,1,1,4,2,7,2,0,0,0,41.20321111,-80.77240556,19,0,0,1,1,5,0,2,1,0,21,43,21,47,22,27
390815,39,2020,8,31,2,20,37,113,2090,1,2,2,3,4,2,4,2,0,0,0,39.73724444,-84.14045278,12,6,0,2,2,1,0,3,1,0,20,38,20,47,21,5
390817,39,2020,9,27,1,0,34,99,0,1,1,1,1,2,1,4,1,0,0,24,40.957925,-80.83151667,34,0,0,1,1,4,0,2,1,0,0,11,0,26,0,54
390818,39,2020,9,29,3,1,15,49,0,1,2,2,2,3,2,4,1,0,0,4,39.80606667,-83.03043056,12,2,0,1,1,1,0,2,10,0,1,17,1,24,,
390819,39,2020,10,7,4,14,12,95,8120,1,1,1,1,6,2,7,4,0,0,0,41.65950278,-83.57923056,33,0,0,3,3,4,0,1,1,0,14,13,14,18,,
390820,39,2020,9,18,6,6,38,65,0,1,2,2,6,3,1,5,1,0,0,43,40.58684722,-83.84089167,12,6,0,2,2,1,0,4,1,0,6,48,6,57,,
390821,39,2020,9,12,7,22,57,153,70,1,2,1,1,1,2,1,1,1,0,106,41.03980833,-81.50488333,14,0,1,20,1,1,0,3,1,0,23,2,23,11,,
390822,39,2020,9,27,1,22,41,95,0,1,1,1,1,4,2,5,2,0,0,0,41.52251944,-83.73290833,42,0,0,1,1,4,0,2,1,0,22,48,0,23,2,13
390823,39,2020,9,24,5,20,20,43,3660,1,3,3,3,3,2,2,1,1,0,167,41.39131667,-82.57431667,24,0,0,1,1,4,0,2,1,0,21,20,21,26,21,59
390824,39,2020,10,14,4,1,31,113,2090,1,1,1,3,4,2,5,2,0,0,0,39.75800556,-84.21881111,33,0,0,1,1,4,0,3,1,0,1,33,1,46,,
390825,39,2020,7,29,4,19,5,151,0,1,1,1,1,5,2,5,3,0,0,0,40.86099722,-81.5006,35,0,0,3,3,4,0,8,98,0,,,,,,
390826,39,2020,10,16,6,23,10,61,1610,1,2,2,2,4,2,4,2,0,0,0,39.18151389,-84.44075556,12,2,0,1,1,1,0,3,1,0,23,13,23,19,23,39
390827,39,2020,10,2,6,14,0,95,8120,1,2,2,2,4,2,4,2,0,0,0,41.67153056,-83.5374,12,6,0,2,3,1,0,1,10,0,14,1,14,6,14,15
390828,39,2020,10,4,1,6,42,49,1800,1,4,4,4,1,2,1,1,1,0,163,39.95298889,-82.95132222,12,7,0,1,1,1,0,3,10,0,6,45,6,49,,
390829,39,2020,10,1,5,14,30,133,0,1,1,1,1,5,1,7,3,0,0,0,41.191225,-81.29195556,42,0,0,1,1,4,0,1,98,0,16,36,16,45,,
390830,39,2020,10,2,6,21,50,81,0,1,1,1,1,4,1,6,2,0,0,0,40.35788056,-80.83084444,35,0,0,1,1,4,0,2,10,0,21,58,22,0,22,34
390831,39,2020,10,1,5,20,42,93,0,1,1,1,1,4,1,5,2,0,0,0,41.27604722,-82.27467778,59,0,0,1,1,4,0,2,1,0,20,41,20,49,,
390832,39,2020,10,3,7,16,10,19,0,1,5,5,7,3,1,4,1,0,0,215,40.66143056,-81.04408056,12,7,0,1,1,1,0,1,10,0,16,16,16,29,17,6
390833,39,2020,10,8,5,20,10,49,1800,1,2,2,8,2,2,3,1,1,0,101,39.956725,-83.04597778,12,6,1,2,2,1,0,3,1,0,20,11,20,14,20,27
390834,39,2020,10,12,2,0,5,85,8960,1,1,1,1,1,2,1,1,1,0,6,41.5896,-81.47835833,1,0,0,1,1,4,0,3,1,0,0,7,0,14,0,41
390835,39,2020,10,15,5,14,11,95,8120,1,1,1,1,3,2,3,1,0,0,188,41.65651667,-83.53165556,8,0,0,1,1,1,0,1,10,0,14,13,14,17,14,29
390836,39,2020,10,15,5,18,49,61,1610,1,2,2,3,4,2,7,2,0,0,0,39.13094167,-84.53138056,12,6,0,1,1,1,0,3,2,0,18,50,18,51,19,3
390837,39,2020,10,15,5,10,19,61,1610,1,2,2,3,4,2,4,2,0,0,0,39.17618056,-84.51959167,12,6,0,2,3,1,0,1,10,0,10,21,10,27,10,45
390838,39,2020,10,15,5,20,22,113,6990,1,1,1,1,3,2,3,1,1,0,4,39.73970278,-84.12129444,8,0,0,1,1,1,0,2,10,0,20,22,20,28,,
390839,39,2020,10,2,6,20,44,109,8190,1,1,1,1,3,2,4,1,0,0,82,40.01506667,-84.2587,33,0,0,3,3,4,0,2,10,0,20,45,20,47,,
390840,39,2020,10,8,5,2,10,127,0,1,1,1,1,3,1,5,1,0,0,72,39.63664167,-82.22706111,52,0,0,1,1,4,0,2,10,0,,,2,27,,
390841,39,2020,10,6,3,14,12,147,0,1,1,1,3,5,1,7,3,0,0,0,41.24964444,-83.09305278,30,0,0,1,1,4,0,1,1,0,14,23,14,28,,
390842,39,2020,10,7,4,6,15,15,0,1,2,2,2,2,1,4,1,0,0,341,39.08450833,-83.92825,12,2,0,1,1,1,0,2,1,0,6,17,6,23,6,57
390843,39,2020,10,10,7,11,30,67,0,3,2,2,4,2,1,3,1,1,0,11,40.39583056,-81.26595,12,6,0,1,1,1,0,1,10,0,11,37,11,46,,
390844,39,2020,10,13,3,23,26,15,0,1,1,1,1,4,1,6,2,0,0,0,38.83851944,-83.91776667,1,0,0,1,1,1,0,2,1,0,,,23,32,,
390845,39,2020,10,10,7,18,26,5,0,1,1,1,1,3,1,5,1,0,0,67,40.65342778,-82.26628889,24,0,0,1,1,4,0,1,10,0,18,29,18,35,,
390846,39,2020,10,10,7,11,20,71,0,1,1,1,1,2,1,4,1,0,0,159,39.20752778,-83.57434167,59,0,0,1,1,4,0,1,10,0,11,22,11,28,,
390848,39,2020,9,26,7,0,28,61,1610,1,1,1,1,2,2,3,1,0,0,44,39.14113889,-84.49300556,8,0,0,3,2,1,0,6,1,0,0,29,0,35,0,47
390849,39,2020,9,23,4,23,45,7,0,1,1,1,1,5,1,7,3,0,0,0,41.63354167,-81.00281667,1,0,0,2,2,1,0,2,1,0,,,0,14,,
390850,39,2020,9,26,7,18,46,45,0,1,2,2,5,3,2,3,1,0,0,138,39.73490556,-82.58979444,12,6,0,2,3,1,0,1,1,0,18,39,18,45,,
390851,39,2020,9,26,7,0,1,93,0,1,1,1,1,4,1,7,2,0,0,0,41.35136667,-82.00107778,59,0,0,1,1,4,0,2,10,0,0,8,0,11,,
390852,39,2020,9,26,7,17,53,83,0,1,2,2,2,4,1,7,2,0,0,0,40.37405556,-82.60508056,12,6,0,2,2,1,0,1,1,0,17,55,18,9,,
390853,39,2020,10,9,6,4,10,95,8120,1,2,2,3,3,2,3,1,0,0,65,41.72158889,-83.56656667,12,6,0,8,1,1,0,3,10,0,4,11,4,17,,
390854,39,2020,10,4,1,9,30,55,0,1,1,1,1,3,1,4,1,0,0,103,41.47064722,-81.19656667,32,0,0,1,1,4,0,1,10,0,9,31,9,37,,
390855,39,2020,10,12,2,0,30,49,1800,1,1,1,1,6,2,7,4,0,0,0,39.95042778,-83.03425,8,0,0,1,1,1,0,2,1,0,1,43,1,48,,
390856,39,2020,10,3,7,19,55,137,0,1,1,1,1,3,1,5,1,0,0,150,41.08690556,-83.986575,35,0,0,1,1,4,0,5,10,0,20,0,20,8,,
390857,39,2020,10,4,1,13,54,77,0,1,2,2,2,3,1,5,1,0,0,26,41.23806667,-82.361125,12,6,0,2,2,1,0,1,2,0,13,57,14,5,14,34
390858,39,2020,10,3,7,14,13,15,0,1,2,2,2,2,1,4,1,0,0,213,38.90658889,-83.902575,12,6,0,8,1,1,0,1,10,0,14,13,14,18,,
390860,39,2020,10,15,5,6,42,113,0,1,1,1,1,5,2,5,3,0,0,0,39.61353889,-84.16458889,42,0,0,1,1,4,0,3,1,0,6,42,6,48,7,37
390861,39,2020,10,9,6,23,55,107,0,1,1,1,1,5,1,7,3,0,0,0,40.38426389,-84.80405,30,0,0,1,1,4,0,2,1,0,23,56,0,12,,
390862,39,2020,10,19,2,8,36,35,6000,1,1,1,1,6,2,7,4,0,0,0,41.40730278,-81.94927778,42,0,0,3,3,4,0,1,2,0,8,36,8,42,9,12
390863,39,2020,9,27,1,16,21,107,1430,1,3,3,4,4,1,7,2,0,0,0,40.53999167,-84.57420833,12,1,0,1,1,1,0,1,1,0,16,21,16,23,16,44
390864,39,2020,10,18,1,18,1,61,1610,1,1,1,1,3,2,2,1,1,0,138,39.20536667,-84.46370556,24,0,1,19,1,8,0,3,10,0,18,3,18,9,18,32
390865,39,2020,10,21,4,20,26,95,8120,1,1,1,1,2,2,4,1,0,0,202,41.60765833,-83.60563611,21,0,0,1,1,4,0,3,10,0,20,28,20,34,,
390866,39,2020,9,27,1,12,0,89,0,1,2,2,3,3,1,4,1,0,0,23,39.95503889,-82.41238611,12,2,0,1,1,1,0,1,1,0,12,3,12,9,12,49
390867,39,2020,9,28,2,21,33,161,0,1,1,1,1,5,1,7,3,0,0,0,40.85194444,-84.42691111,35,0,0,1,1,4,0,2,1,0,21,36,21,42,22,21
390868,39,2020,10,10,7,0,23,157,0,1,1,1,1,4,1,6,2,0,0,0,40.32761667,-81.49192222,24,0,0,1,1,4,0,2,1,0,0,28,0,39,1,12
390869,39,2020,10,7,4,20,35,155,0,1,1,1,1,3,1,4,1,0,0,114,41.27010833,-80.56818889,52,0,0,1,1,4,0,3,1,0,20,32,20,36,,
390870,39,2020,10,12,2,13,34,143,0,2,2,2,3,3,1,5,1,0,0,55,41.38684167,-82.97345556,12,6,0,2,2,1,0,1,10,0,13,35,13,43,14,7
390871,39,2020,10,6,3,4,22,153,70,1,3,3,3,3,2,2,1,1,0,22,41.09008333,-81.50035833,25,0,0,1,1,3,0,3,1,0,4,24,4,31,4,51
390872,39,2020,10,9,6,10,4,133,380,1,3,3,3,3,2,3,1,1,0,259,41.34386389,-81.37119167,12,1,0,1,1,1,0,1,1,0,10,5,10,7,,
390873,39,2020,10,10,7,19,52,15,0,1,1,1,1,2,1,4,1,0,0,217,38.93155833,-83.90301667,8,0,0,1,1,1,0,2,1,0,,,19,55,,
390874,39,2020,10,13,3,16,2,13,0,1,2,2,2,3,1,5,1,0,0,71,40.01499167,-80.84701389,12,2,0,1,1,1,0,1,1,0,16,1,16,21,16,53
390875,39,2020,10,18,1,3,15,111,0,1,1,1,1,3,1,3,1,1,0,83,39.62209167,-80.91883333,43,0,0,1,1,4,0,2,1,0,3,4,3,20,,
390876,39,2020,10,3,7,14,58,95,0,1,2,2,3,4,2,4,2,0,0,0,41.66727222,-83.72248056,12,6,0,2,3,1,0,1,10,0,15,5,15,15,15,37
390877,39,2020,9,10,5,16,10,89,0,1,1,1,3,3,1,4,1,0,0,72,40.03826944,-82.669875,34,0,0,1,1,4,0,1,1,0,16,12,16,24,17,12
390878,39,2020,9,11,6,14,23,35,1680,1,1,1,1,1,2,1,1,1,0,151,41.48716111,-81.69013056,8,0,0,1,1,1,0,1,1,0,14,29,14,34,15,0
390879,39,2020,9,12,7,14,50,35,1680,1,2,2,2,2,2,3,1,1,0,183,41.51870278,-81.64432222,12,6,0,2,3,1,0,1,1,0,14,55,15,1,15,13
390880,39,2020,9,19,7,6,28,35,1680,1,1,1,1,6,2,4,4,0,0,0,41.42196111,-81.69598611,59,0,0,1,1,4,0,3,1,0,6,28,6,34,6,50
390881,39,2020,8,30,1,22,20,61,1610,1,1,1,1,4,2,4,2,0,0,0,39.12776944,-84.55374167,8,0,0,1,1,4,0,3,1,0,22,22,22,24,,
390883,39,2020,10,20,3,20,27,49,0,1,3,3,4,2,2,3,1,1,0,73,39.95325278,-83.09869722,8,0,0,3,2,1,0,2,10,0,,,,,,
390884,39,2020,10,13,3,10,31,35,4970,1,2,2,2,2,2,3,1,1,0,71,41.37008333,-81.80216667,12,7,0,1,1,1,0,1,1,0,10,31,10,36,11,2
390885,39,2020,10,22,5,14,4,95,8120,1,3,3,4,2,2,3,1,1,0,291,41.72200556,-83.54743056,12,6,0,2,2,1,0,1,1,0,14,10,14,23,14,47
390886,39,2020,10,22,5,22,15,61,1610,1,1,1,1,1,2,1,1,1,0,1,39.1015,-84.496825,23,0,0,5,1,4,0,3,1,0,22,19,22,24,,
390887,39,2020,10,23,6,20,16,153,70,1,1,1,1,4,2,4,2,0,0,0,41.07106944,-81.49063056,8,0,0,1,1,1,0,3,10,0,20,17,20,41,,
390888,39,2020,10,22,5,5,30,165,0,1,1,1,1,3,1,5,1,0,0,2,39.26199444,-84.08697778,34,0,0,1,1,4,0,2,5,0,5,36,5,44,,
390889,39,2020,10,13,3,21,31,171,0,1,1,1,1,3,1,5,1,0,0,30,41.46934167,-84.61298056,24,0,0,3,3,4,0,2,1,0,21,31,21,39,22,1