st_case,state,year,month,day,day_week,hour,minute,county,city,fatals_crash,vehicles_total,vehicles_in_transport,persons_total,route,rural_urban,functional_system,road_owner,nhs,special_jurisdiction,milepoint,latitude,longitude,first_harmful_event,manner_collision,rel_jct_interchange,rel_jct_location,intersection_type,relation_to_road,work_zone,light_condition,weather,school_bus_related,ems_notified_hour,ems_notified_min,ems_arrival_hour,ems_arrival_min,hospital_hour,hospital_min
400503,40,2020,11,16,2,21,55,95,0,1,2,2,2,3,1,5,1,0,0,99,33.99839722,-96.7729,12,2,0,1,1,1,0,2,1,0,22,3,22,34,23,26
400504,40,2020,11,19,5,3,42,125,0,1,1,1,1,4,1,7,2,0,0,0,35.39079722,-96.89849722,32,0,0,1,1,4,0,2,1,0,,,,,,
400505,40,2020,11,4,4,19,35,109,3550,1,1,1,2,6,2,4,4,0,0,0,35.47209444,-97.6367,8,0,0,1,1,1,0,2,10,0,19,37,19,48,20,10
400506,40,2020,11,27,6,17,26,51,0,1,1,1,1,4,1,7,2,0,0,0,34.88409722,-97.95029722,34,0,0,1,1,4,0,1,1,0,,,,,,
400507,40,2020,12,5,7,3,51,49,0,1,1,1,1,3,1,5,1,0,0,112,34.78439722,-97.4055,42,0,0,1,1,4,0,2,1,0,,,,,,
400508,40,2020,12,9,4,19,22,27,3550,2,2,2,2,5,2,4,4,0,0,0,35.31949722,-97.52989722,12,1,0,3,2,1,0,3,10,0,,,,,,
400509,40,2020,11,3,3,8,4,41,0,1,3,3,5,2,1,5,1,0,0,72,36.20499722,-94.89329722,12,1,0,8,1,1,0,1,1,0,7,58,8,19,9,13
400510,40,2020,11,9,2,20,35,131,0,1,1,1,1,2,1,3,1,1,0,64,36.1644,-95.617,8,0,0,1,1,1,0,3,1,0,20,0,20,27,,
400511,40,2020,11,13,6,18,7,79,0,1,1,1,1,4,1,5,2,0,0,0,34.9558,-94.59269722,1,0,0,1,1,4,0,2,1,0,17,57,18,16,19,26
400512,40,2020,11,14,7,18,38,31,0,2,2,2,4,3,1,5,1,0,0,104,34.7537,-98.12409722,12,6,0,2,2,1,0,2,10,0,18,41,19,17,20,47
400513,40,2020,11,15,1,1,12,125,0,1,1,1,3,2,1,4,1,0,0,5,35.3774,-96.9962,8,0,0,1,1,1,0,2,1,0,1,8,1,28,,
400514,40,2020,11,16,2,18,16,55,0,1,1,1,1,2,1,4,1,0,0,152,34.8997,-99.50229722,34,0,0,1,1,4,4,2,1,0,,,,,,
400515,40,2020,9,26,7,11,23,15,160,1,1,1,2,6,1,4,4,0,0,0,35.05596944,-98.25149722,31,0,0,1,1,4,0,1,1,0,11,30,11,35,12,2
400516,40,2020,9,27,1,18,53,17,3320,1,2,2,4,3,2,3,1,0,0,0,35.39464167,-97.72461944,12,6,0,8,1,1,0,1,10,0,18,54,19,9,19,45
400517,40,2020,10,4,1,22,39,27,3430,1,2,2,4,3,1,4,1,0,0,0,35.18921111,-97.33546111,12,6,0,2,2,1,0,3,1,0,22,42,22,51,23,28
400518,40,2020,10,8,5,18,23,27,3430,1,1,1,1,6,2,7,4,0,0,0,35.20711944,-97.48153889,33,0,0,1,1,4,0,1,1,0,18,23,18,29,18,54
400519,40,2020,11,22,1,,,143,4780,1,1,1,1,6,2,4,4,0,0,0,36.1045,-95.85569444,8,0,0,2,2,1,0,3,2,0,2,31,2,36,2,52
400520,40,2020,11,29,1,15,58,109,3550,1,3,3,6,1,2,1,1,1,0,0,35.4609,-97.5716,24,0,0,1,1,3,0,1,1,0,15,56,16,5,16,34
400521,40,2020,10,13,3,10,23,145,4910,1,2,2,2,6,2,4,4,0,0,0,35.94431667,-95.39261667,12,6,0,8,1,1,0,1,1,0,10,27,10,46,11,20
400522,40,2020,10,20,3,21,35,27,3430,1,1,1,1,6,2,4,4,0,0,0,35.28455556,-97.49431667,8,0,0,1,1,1,0,2,10,0,21,37,21,47,22,8
400523,40,2020,10,26,2,11,43,27,3430,1,2,2,2,3,1,4,1,0,0,0,35.18936944,-97.26813611,12,6,0,1,1,1,0,1,98,0,11,43,12,7,12,32
400524,40,2020,11,16,2,18,48,109,360,1,1,1,1,6,2,4,4,0,0,0,35.50022778,-97.63665833,8,0,0,1,1,1,0,3,1,0,,,,,,
400525,40,2020,12,1,3,15,17,109,3550,1,1,1,1,6,2,3,4,0,0,0,35.43169722,-97.53019722,8,0,0,2,3,1,0,1,1,0,,,,,,
400526,40,2020,12,4,6,11,9,87,3870,1,5,5,6,1,2,1,1,1,0,0,35.01579722,-97.376,12,7,0,1,1,1,1,1,1,0,11,8,11,20,11,47
400527,40,2020,12,6,1,0,10,143,4780,1,1,1,1,6,2,4,4,0,0,0,36.01730833,-95.91157222,42,0,0,1,1,4,0,2,1,0,,,,,,
400528,40,2020,12,13,1,17,36,143,4780,1,1,1,1,6,2,7,4,0,0,0,36.1631,-95.899,8,0,0,1,1,1,0,2,4,0,17,39,17,46,18,6
400529,40,2020,11,16,2,16,11,95,2970,1,1,1,1,2,1,3,1,1,0,0,34.03139167,-96.72844722,21,0,0,1,1,4,0,1,1,0,16,14,16,18,,
400530,40,2020,11,18,4,17,11,143,4170,2,2,2,3,6,2,3,4,0,0,0,36.10459722,-96.09092778,5,0,0,2,3,1,0,5,1,0,17,10,17,17,18,14
400531,40,2020,11,22,1,8,52,111,0,1,1,1,1,1,1,1,1,1,0,0,35.43299722,-96.03409722,1,0,0,1,1,4,0,1,1,0,,,,,,
400532,40,2020,11,23,2,17,39,17,1540,1,2,2,2,2,2,3,1,1,0,0,35.49860278,-97.93731111,12,1,0,8,1,1,0,5,1,0,,,,,,
400533,40,2020,11,30,2,0,15,27,3430,3,1,1,4,4,1,7,2,0,0,0,35.26195833,-97.17697222,42,0,0,1,1,4,0,2,1,0,0,15,0,40,1,24
400534,40,2020,11,18,4,11,50,7,0,1,2,2,3,2,1,4,1,0,0,43,36.96919722,-100.87359722,12,1,0,8,1,1,0,1,1,0,,,,,,
400535,40,2020,11,18,4,19,41,139,0,1,2,2,2,2,1,3,1,1,0,179,36.6509,-101.52809722,12,1,0,3,2,1,0,2,1,0,19,43,19,46,,
400536,40,2020,11,20,6,18,30,109,3170,1,1,1,2,1,2,1,1,1,0,0,35.438,-97.41289722,1,0,0,1,1,1,0,3,1,0,18,29,18,35,18,57
400537,40,2020,11,21,7,7,34,103,0,1,2,1,2,1,1,1,1,1,0,0,36.41458333,-97.32745833,14,0,0,5,1,2,0,1,1,0,7,40,7,54,8,39
400538,40,2020,11,15,1,22,26,49,0,1,1,1,1,1,1,1,1,1,0,0,34.85309722,-97.32389722,57,0,0,1,1,3,0,2,1,0,,,,,,
400539,40,2020,11,17,3,20,10,107,0,1,1,1,1,2,1,4,1,0,0,96,35.48629444,-96.46659722,35,0,0,1,1,4,0,2,1,0,,,,,,
400540,40,2020,11,21,7,17,10,49,0,1,1,1,1,4,1,5,2,0,0,0,34.59159722,-97.19499722,42,0,0,1,1,4,0,1,10,0,,,,,,
400541,40,2020,11,23,2,15,28,97,0,1,2,2,2,3,1,5,1,0,0,17,36.50639722,-95.0596,12,1,0,1,1,1,0,1,10,0,,,,,,
400542,40,2020,11,23,2,16,41,125,0,1,2,2,3,4,1,7,2,0,0,0,35.1321,-96.98569722,12,6,0,8,1,1,0,1,1,0,16,29,16,42,17,16
400543,40,2020,11,24,3,19,45,133,0,1,2,2,5,2,1,4,1,0,0,86,35.175697220000004,-96.58259722,12,1,0,2,2,1,0,2,2,0,,,,,,
400544,40,2020,11,25,4,21,48,51,960,1,2,2,4,1,2,1,1,1,0,0,35.0424,-97.91079722,12,1,0,1,1,1,0,2,1,0,21,50,21,56,22,20
400545,40,2020,11,27,6,21,0,127,0,1,1,1,1,4,1,7,2,0,0,0,34.1713,-95.18259722,1,0,0,1,1,1,0,2,10,0,20,56,21,25,,
400547,40,2020,12,2,4,0,20,3,0,1,1,1,1,4,1,7,2,0,0,0,36.49219722,-98.15489722,1,0,0,1,1,1,0,2,10,0,0,29,0,49,,
400548,40,2020,12,2,4,6,51,83,0,1,2,2,3,3,1,5,1,0,0,103,36.0172,-97.58639722,12,2,0,1,1,1,0,4,10,0,6,52,7,16,7,57
400549,40,2020,12,2,4,9,19,143,0,1,2,2,4,4,1,7,2,0,0,0,35.90109722,-95.93099722,12,6,0,1,1,1,0,1,2,0,9,39,9,41,10,20
400550,40,2020,12,2,4,15,49,83,2000,1,2,2,2,6,2,4,4,0,0,0,35.87389722,-97.42149722,12,2,0,3,2,1,0,1,2,0,15,43,15,44,,
400551,40,2020,12,3,5,3,40,109,3550,1,1,1,1,1,2,1,1,1,0,0,35.4615,-97.5566,25,0,0,1,1,3,0,3,2,0,,,,,,
400552,40,2020,12,4,6,7,45,69,0,1,2,2,4,3,1,5,1,0,0,165,34.3571,-96.80429722,12,2,0,1,1,1,0,4,5,0,7,43,8,17,9,18
400553,40,2020,12,5,7,15,48,127,0,1,1,1,1,4,1,7,2,0,0,0,34.63739722,-95.4868,42,0,0,1,1,4,0,1,1,0,,,,,,
400554,40,2020,12,7,2,7,48,115,0,1,2,2,4,3,1,5,1,0,0,17,36.82759722,-94.69819722,12,6,0,1,1,1,0,1,1,0,7,49,7,54,8,41
400555,40,2020,12,8,3,15,17,143,4780,1,2,2,2,1,2,1,1,1,0,0,36.15939722,-95.97509722,20,0,0,1,1,8,0,1,1,0,,,,,,
400556,40,2020,12,10,5,8,26,143,4780,1,1,1,2,1,2,1,1,1,0,0,36.08239722,-96.04579722,8,0,0,1,1,1,0,1,10,0,,,,,,
400557,40,2020,12,10,5,18,21,19,0,2,2,2,5,3,1,5,1,0,0,35,34.3034,-97.09759722,12,2,0,1,1,1,0,2,1,0,18,22,18,57,19,52
400558,40,2020,12,13,1,7,53,123,0,1,1,1,1,4,1,7,2,0,0,0,34.84029722,-96.85809722,42,0,0,1,1,4,0,1,2,0,7,50,8,5,,
400559,40,2020,12,13,1,11,46,21,0,1,1,1,1,4,1,7,2,0,0,0,35.91109444,-94.90949444,42,0,0,1,1,4,0,1,4,0,11,30,11,39,12,42
400560,40,2020,12,16,4,3,22,85,0,1,2,2,2,1,1,1,1,1,0,0,34.01279722,-97.14379722,12,6,0,1,1,1,0,2,1,0,3,19,3,30,,
400561,40,2020,12,17,5,12,5,143,0,1,1,1,3,2,2,3,1,0,0,0,36.1524,-96.0638,1,0,0,1,1,4,0,1,1,0,,,,,,
400562,40,2020,12,18,6,23,54,97,0,1,1,1,2,3,1,5,1,0,0,160,36.40749722,-95.0198,42,0,0,1,1,4,0,2,1,0,23,52,0,19,,
400563,40,2020,12,19,7,20,59,19,210,2,2,2,5,1,2,1,1,1,0,0,34.2145,-97.16379722,12,1,0,1,1,1,0,2,1,0,20,56,21,5,22,3
400564,40,2020,12,17,5,23,21,143,4780,1,1,1,1,1,2,1,1,1,0,0,36.16149722,-95.8271,25,0,0,1,1,4,0,3,1,0,,,,,,
400565,40,2020,12,10,5,22,50,109,3550,1,1,1,2,6,2,7,4,0,0,0,35.5441,-97.58339722,43,0,0,1,1,4,0,3,10,0,22,50,22,55,23,30
400566,40,2020,12,9,4,8,18,101,3310,1,2,2,3,3,2,3,1,0,0,0,35.71123056,-95.36213333,12,6,0,2,2,1,0,1,1,0,8,20,8,28,8,56
400567,40,2020,12,19,7,17,23,71,3800,1,2,2,2,2,2,3,1,1,0,0,36.70116111,-97.06731389,12,6,0,2,2,1,0,5,1,0,17,21,17,29,17,43
400568,40,2020,4,25,7,17,13,113,4330,1,2,2,2,3,2,5,1,0,0,0,36.36864444,-96.04924167,12,6,0,2,2,1,0,1,1,0,,,,,,
400569,40,2020,7,5,1,14,27,137,1420,1,1,1,1,2,2,3,1,1,0,0,34.49250833,-97.96910556,42,0,0,1,1,6,0,1,1,0,14,39,14,46,15,8
400570,40,2020,7,14,3,21,25,85,3050,1,1,1,5,2,1,5,1,0,0,0,33.93665,-97.12630556,8,0,0,1,1,1,0,3,1,0,21,31,21,32,21,37
400571,40,2020,8,23,1,13,56,109,3170,1,1,1,1,6,2,4,4,0,0,0,35.45049722,-97.38844722,33,0,0,1,1,4,0,1,1,0,13,59,14,0,,
400572,40,2020,9,5,7,0,32,133,4240,2,3,3,4,2,2,3,1,1,0,0,35.19780556,-96.67509167,12,2,0,1,1,1,0,2,1,0,0,41,1,2,1,50
400573,40,2020,10,5,2,4,25,119,4460,1,2,2,2,3,2,3,1,0,0,0,36.11608333,-97.12281111,12,1,0,1,1,1,0,3,1,0,4,31,4,55,5,46
400574,40,2020,11,19,5,9,55,143,3630,1,3,3,3,6,2,4,4,0,0,0,36.27856389,-95.89231111,12,6,0,1,1,1,4,1,1,0,16,52,16,58,17,40
400575,40,2020,11,27,6,10,30,51,4800,1,3,3,3,3,1,5,1,0,0,0,35.29096389,-97.69920833,12,8,0,1,1,1,0,1,1,0,,,,,,
400576,40,2020,12,22,3,17,48,109,360,1,1,1,2,6,2,3,4,0,0,0,35.49335833,-97.63876944,8,0,0,1,1,1,0,3,1,0,17,51,17,58,18,37
400577,40,2020,12,27,1,23,54,27,3430,1,2,2,6,6,2,5,4,0,0,0,35.23270556,-97.37054444,12,6,0,2,2,1,0,3,1,0,23,54,0,0,0,48
400578,40,2020,12,28,2,6,21,27,3430,1,2,2,2,3,2,3,1,0,0,0,35.17967778,-97.43746944,12,2,0,1,1,1,0,2,1,0,6,21,6,28,6,45
400579,40,2020,12,31,5,6,57,97,3855,1,2,2,2,3,2,3,1,0,0,0,36.30016111,-95.25610278,12,6,0,2,2,1,0,2,10,0,6,58,7,7,8,22
400580,40,2020,12,22,3,6,30,95,0,1,1,1,1,2,1,5,1,0,0,112,34.01709722,-96.7959,8,0,0,1,1,1,0,2,1,0,6,43,6,50,,
400581,40,2020,12,22,3,12,42,103,3740,1,2,2,4,2,1,3,1,1,0,0,36.2896,-97.32139722,12,2,0,8,1,1,0,1,1,0,,,,,,
400582,40,2020,12,22,3,23,57,109,1480,1,1,1,2,6,2,4,4,0,0,0,35.63831111,-97.44409444,43,0,0,1,1,4,0,2,1,0,23,58,0,3,0,24
400583,40,2020,12,23,4,15,1,149,0,1,2,2,5,1,1,1,1,1,0,0,35.42269722,-99.3006,51,0,0,1,1,1,0,1,6,0,15,34,17,10,19,23
400584,40,2020,12,23,4,20,49,115,50,1,1,1,1,3,1,4,1,0,0,0,36.9283,-94.84189722,8,0,0,1,1,1,0,2,1,0,20,44,20,46,,
400585,40,2020,12,25,6,17,27,31,0,1,1,1,1,4,2,7,2,0,0,0,34.5529,-98.31719722,34,0,0,1,1,4,0,1,1,0,17,16,17,29,18,29
400586,40,2020,12,25,6,21,36,109,3550,1,1,1,1,1,2,1,1,1,0,0,35.46419722,-97.5772,8,0,0,1,1,1,0,2,1,0,,,,,,
400587,40,2020,12,26,7,1,20,115,0,1,1,1,1,4,1,5,2,0,0,0,36.97259722,-94.8542,38,0,0,3,3,5,0,2,1,0,1,33,1,42,,
400588,40,2020,12,27,1,0,23,89,0,1,1,1,1,2,1,3,1,0,0,11,34.36949722,-94.79099722,1,0,0,1,1,4,0,2,1,0,,,,,,
400589,40,2020,12,27,1,0,50,109,3550,1,1,1,1,1,2,1,1,1,0,0,35.53509444,-97.47979444,8,0,1,20,1,1,0,3,1,0,0,48,0,59,1,17
400590,40,2020,12,27,1,18,13,145,0,1,2,2,3,2,1,3,1,1,0,53,36.0317,-95.36709722,12,6,0,2,2,1,0,2,10,0,12,10,12,15,12,58
400591,40,2020,12,27,1,21,19,141,0,1,1,1,2,3,1,5,1,0,0,27,34.39209722,-98.9693,1,0,0,1,1,4,0,2,1,0,,,,,,
400592,40,2020,12,28,2,14,35,131,0,1,2,2,3,3,1,5,1,0,0,130,36.46679722,-95.4882,12,6,0,2,2,1,0,1,10,0,14,34,14,48,15,17
400593,40,2020,12,31,5,6,19,63,0,1,2,2,2,3,1,5,1,0,0,52,35.2319,-96.3502,12,1,0,1,1,1,0,2,10,0,,,,,,
400594,40,2020,12,31,5,17,18,1,0,1,2,2,2,3,1,5,1,0,0,0,35.89255,-94.77499444,12,2,0,1,1,1,0,2,2,0,17,17,17,29,18,23
400595,40,2020,12,24,5,8,24,143,590,1,1,1,1,3,2,1,1,1,0,0,35.99439722,-95.8245,18,0,0,1,1,4,0,1,10,0,8,21,8,24,9,2
400597,40,2020,11,11,4,19,28,87,3378,1,1,1,1,6,2,7,4,0,0,0,35.29495278,-97.63106944,8,0,0,1,1,1,0,3,1,0,19,28,19,37,,
400598,40,2020,12,11,6,6,34,27,3430,1,1,1,1,6,2,3,4,0,0,0,35.22410556,-97.43583333,8,0,0,1,1,1,0,2,10,0,6,34,6,41,7,18
400599,40,2020,8,20,5,19,4,31,2750,1,1,1,1,6,2,7,4,0,0,0,34.62701389,-98.42053056,9,0,0,2,2,1,0,1,10,0,15,2,15,10,,
400600,40,2020,10,7,4,19,4,27,3430,1,2,2,2,3,2,3,1,0,0,0,35.28940278,-97.42366944,12,6,0,1,1,1,0,2,1,0,19,4,19,14,19,33
400601,40,2020,12,12,7,7,15,143,4780,1,1,1,1,6,2,7,4,0,0,0,36.23519722,-95.9328,1,0,0,1,1,5,0,4,10,0,7,16,7,23,8,23
400602,40,2020,12,22,3,6,20,47,0,1,2,2,2,2,1,3,1,1,0,60,36.3977,-97.72929444,12,6,0,2,2,1,0,2,1,0,6,21,6,32,6,54
400603,40,2020,9,13,1,21,18,27,3430,1,1,1,1,4,1,5,2,0,0,0,35.22884167,-97.35299722,53,0,0,1,1,4,0,2,1,0,21,18,21,28,,
400604,40,2020,3,9,2,22,36,31,2750,1,1,1,1,3,2,3,1,1,0,0,34.5979,-98.42233333,8,0,0,3,3,1,0,2,10,0,22,38,22,42,23,16
400605,40,2020,5,21,5,16,31,31,2750,1,1,1,1,6,2,7,4,0,0,0,34.61161944,-98.38198889,38,0,0,1,1,5,0,1,10,0,3,20,3,25,3,53
400606,40,2020,5,21,5,9,56,153,3230,1,2,2,2,2,1,3,1,1,0,0,36.43505556,-99.21465833,12,6,0,8,1,1,0,1,1,0,9,58,10,10,,
400607,40,2020,5,31,1,21,58,91,1570,1,2,2,3,3,1,5,1,0,0,0,35.26518889,-95.58134444,12,2,0,1,1,1,0,2,1,0,22,2,22,3,23,4
400608,40,2020,12,11,6,15,41,143,4170,1,2,2,3,3,2,3,1,0,0,0,36.10829722,-96.117425,12,6,0,2,2,1,0,1,1,0,15,49,16,8,16,32
400609,40,2020,11,23,2,11,27,17,3550,1,3,3,5,3,2,3,1,0,0,0,35.41528333,-97.72459444,12,6,0,1,1,1,0,1,10,0,11,27,11,42,12,26
400610,40,2020,12,11,6,19,51,21,4600,1,3,3,6,2,2,3,1,0,0,0,35.89473889,-94.96966111,8,0,0,1,1,1,0,2,1,0,,,,,,
410001,41,2020,1,3,6,23,47,41,0,1,1,1,2,2,1,3,1,1,0,330,44.63463056,-123.94624167,24,0,0,1,1,4,0,2,1,0,11,47,12,10,,
410002,41,2020,1,9,5,9,55,35,0,1,2,2,2,2,1,5,1,0,0,210,42.01676944,-121.466925,12,6,0,1,1,1,0,1,1,0,9,56,10,8,,
410003,41,2020,1,8,4,6,49,57,0,1,2,2,3,4,1,6,2,0,0,16,45.43935833,-123.80119167,12,1,0,1,1,1,0,2,10,0,6,49,7,6,,
410004,41,2020,1,20,2,6,1,49,0,1,1,1,1,4,1,5,2,0,0,73,45.580075,-119.60121667,1,0,0,1,1,4,0,2,1,0,6,4,6,33,,
410005,41,2020,2,1,7,7,59,47,0,1,2,2,2,1,2,1,1,1,0,2508,44.87403333,-123.00012778,12,1,0,1,1,2,0,1,2,0,7,59,8,5,,
410006,41,2020,2,4,3,21,20,21,0,1,1,1,1,1,1,1,1,1,0,1494,45.80058056,-119.99971944,1,0,0,1,1,4,0,2,10,0,9,22,,,,
410007,41,2020,2,8,7,1,6,51,1650,1,2,2,2,1,2,1,1,1,0,256,45.58489722,-122.54425833,12,1,0,1,1,1,0,3,2,0,1,6,,,,
410008,41,2020,2,27,5,15,36,39,0,1,2,2,2,3,1,3,1,1,0,130,44.0687,-122.80351111,12,6,0,1,1,1,0,1,1,0,15,36,15,42,,
410009,41,2020,2,29,7,0,8,5,0,1,1,1,1,4,1,5,2,0,0,0,45.35218056,-122.35058611,38,0,0,1,1,4,0,2,10,0,,,,,,
410010,41,2020,3,1,1,20,40,67,1000,1,1,1,1,6,2,5,4,0,0,0,45.541425,-122.966425,33,0,0,1,1,4,0,3,1,0,20,40,20,43,,
410011,41,2020,3,2,2,7,22,21,0,1,1,1,1,4,1,7,2,0,0,20,45.21421389,-120.21648333,35,0,0,1,1,4,0,2,10,0,7,28,7,35,,
410012,41,2020,1,14,3,18,56,51,880,1,1,1,2,6,2,3,4,1,0,0,45.54477778,-122.45475833,8,0,0,1,1,1,0,2,2,0,,,,,,
410013,41,2020,1,16,5,7,13,39,660,1,2,2,2,6,2,5,4,0,0,0,44.05853056,-123.15364167,12,2,0,1,1,1,0,4,1,0,7,15,7,19,,
410014,41,2020,3,3,3,23,25,47,1810,1,1,1,1,6,2,4,4,0,0,0,44.91665556,-123.01681111,8,0,0,1,1,2,0,2,1,0,23,29,23,35,,
410015,41,2020,3,11,4,6,20,69,0,1,1,1,1,3,1,4,1,0,0,899,44.82662778,-119.83374167,59,0,0,1,1,4,0,4,1,0,3,33,3,34,,
410016,41,2020,3,17,3,15,27,39,690,1,1,1,1,2,2,3,1,1,0,1902,43.97459167,-124.10297778,9,0,0,3,2,1,1,1,1,0,15,29,15,30,,
410017,41,2020,3,19,5,6,55,1,0,1,2,1,3,1,1,1,1,1,0,3420,44.432275,-117.31878056,38,0,0,1,1,4,0,4,1,0,7,0,7,20,,
410018,41,2020,4,7,3,19,37,35,0,1,2,2,2,2,1,3,1,1,0,2590,42.42335,-121.84998056,12,2,0,1,1,1,0,5,1,0,19,37,19,48,,
410019,41,2020,1,4,7,1,50,47,1810,1,1,1,1,6,2,4,4,0,0,0,44.93848611,-122.99182778,15,0,0,1,1,1,0,3,1,0,1,49,1,55,,
410020,41,2020,1,10,6,18,18,49,0,1,1,1,1,3,1,4,1,0,0,190,45.62101389,-119.43498889,1,0,0,1,1,1,0,2,1,0,6,22,6,33,,
410021,41,2020,1,26,1,22,45,11,0,1,1,1,1,2,1,3,1,1,0,2783,43.05531111,-124.41525556,8,0,0,1,1,1,0,2,2,0,,,,,,
410022,41,2020,1,31,6,18,16,17,190,1,2,2,5,2,2,3,1,1,0,174,44.10921944,-121.31033889,12,6,0,2,2,1,0,2,10,0,18,16,18,22,,
410023,41,2020,3,20,6,18,0,19,0,2,2,2,2,3,1,4,1,0,0,77,43.24285,-123.22397222,12,1,0,1,1,1,0,1,1,0,,,,,,
410024,41,2020,3,24,3,3,35,51,880,2,6,6,8,1,2,1,1,1,0,121,45.54057222,-122.462125,12,1,0,1,1,1,0,3,2,0,,,,,,
410025,41,2020,4,17,6,17,35,39,0,1,2,2,4,3,1,5,1,0,0,9,44.03173333,-123.85985,24,0,0,1,1,4,0,1,1,0,17,41,17,56,,
410026,41,2020,4,16,5,19,52,43,2030,1,3,3,3,2,2,3,1,1,0,267,44.40016111,-122.74235,12,2,0,2,2,1,0,1,1,0,19,53,19,55,,
410027,41,2020,4,16,5,6,57,47,0,1,2,2,2,4,1,4,2,0,0,62,45.231125,-122.79566389,12,1,0,1,1,1,0,1,1,0,,,,,,
410028,41,2020,4,18,7,10,38,29,0,1,1,1,1,4,1,5,2,0,0,9,42.545,-122.54370833,42,0,0,1,1,4,0,1,1,0,10,38,11,3,,
410029,41,2020,3,4,4,6,34,5,0,1,1,1,1,3,2,3,1,1,0,87,45.40468889,-122.62322778,8,0,0,3,2,1,0,1,10,0,,,,,,
410030,41,2020,4,18,7,9,40,47,0,1,2,2,2,4,2,3,2,1,0,18,44.93958889,-122.95936111,12,6,0,2,2,1,0,1,2,0,9,40,9,46,,
410031,41,2020,4,20,2,15,38,5,0,1,2,2,2,4,1,6,2,0,0,16,45.39515833,-122.2183,12,2,0,1,1,1,0,1,1,0,,,,,,
410032,41,2020,4,23,5,15,25,39,0,1,1,1,1,4,1,7,2,0,0,14,44.04249444,-122.84042222,42,0,0,1,1,4,0,1,1,0,,,,,,
410033,41,2020,4,30,5,16,56,39,0,1,1,1,1,4,1,7,2,0,0,9,43.99479444,-122.88437778,38,0,0,1,1,4,0,1,1,0,16,54,17,0,,
410034,41,2020,5,17,1,14,9,57,0,2,3,3,4,2,2,3,1,1,0,634,45.48972778,-123.84593056,12,2,0,1,1,1,0,1,10,0,14,9,14,18,,
410035,41,2020,5,19,3,1,31,43,0,1,1,1,1,1,1,1,1,1,0,2187,44.42014722,-123.06118611,24,0,0,1,1,4,0,2,10,0,1,31,1,41,,
410036,41,2020,5,21,5,8,7,41,0,3,1,1,4,3,1,5,1,0,0,2,44.63761944,-123.77166111,35,0,0,1,1,4,0,1,10,0,8,8,8,27,,
410037,41,2020,5,21,5,22,1,5,800,1,1,1,1,3,2,3,1,1,0,109,45.37713333,-122.60227778,8,0,0,1,1,1,0,2,10,0,22,1,22,5,,
410038,41,2020,5,23,7,0,17,43,0,2,2,2,4,3,1,4,1,0,0,105,44.37264444,-122.90028889,12,2,0,1,1,1,0,2,1,0,,,,,,
410039,41,2020,5,24,1,1,29,43,0,1,2,2,2,3,1,3,1,1,0,645,44.64015556,-121.94358056,12,6,0,1,1,1,0,2,1,0,1,29,1,54,,
410040,41,2020,4,18,7,2,47,53,0,1,1,1,1,3,1,3,1,1,0,154,45.07162778,-123.71388056,42,0,0,1,1,4,0,2,10,0,2,47,3,7,,
410041,41,2020,4,27,2,13,27,41,0,1,1,1,1,3,1,4,1,0,0,111,44.40725278,-123.88931667,34,0,0,1,1,4,0,1,2,0,13,26,13,41,,
410042,41,2020,4,30,5,19,18,39,0,1,1,1,1,4,1,6,2,0,0,43,44.07042778,-123.23029167,9,0,0,1,1,2,0,1,1,0,19,17,19,24,,
410043,41,2020,5,2,7,16,23,23,0,1,2,2,2,2,1,3,1,1,0,1504,44.41435556,-119.18348333,12,2,0,1,1,1,0,1,1,0,16,24,16,44,,
410044,41,2020,5,4,2,0,21,29,1310,1,2,2,2,1,2,1,1,1,0,294,42.33621111,-122.87201111,8,0,0,1,1,1,0,2,1,0,0,21,0,28,,
410045,41,2020,5,7,5,19,10,55,0,1,3,3,4,2,1,3,1,1,0,466,45.11103333,-120.68673056,12,8,0,1,1,1,0,1,1,0,19,10,19,30,,
410046,41,2020,5,9,7,23,18,35,0,1,1,1,1,3,2,4,1,0,0,579,42.18763333,-121.81928056,42,0,0,1,1,4,0,2,1,0,11,20,11,28,,
410047,41,2020,5,27,4,15,50,19,0,1,1,1,1,3,1,4,1,0,0,543,43.29950833,-122.493125,24,0,0,1,1,4,0,1,1,0,,,,,,
410048,41,2020,5,30,7,13,33,57,0,1,2,2,3,2,1,3,1,1,0,902,45.17895278,-123.92326944,12,2,0,1,1,1,0,1,2,0,13,34,13,48,,
410049,41,2020,6,4,5,1,28,53,0,1,2,2,3,3,1,3,1,1,0,204,44.93278889,-123.14953333,12,2,0,1,1,1,0,2,1,0,1,29,1,35,,
410050,41,2020,6,6,7,17,40,43,20,1,1,1,1,1,2,1,1,1,0,2336,44.63613889,-123.06249167,35,0,0,1,1,4,0,1,1,0,17,40,17,45,,
410051,41,2020,5,13,4,15,12,41,0,1,1,1,2,2,1,3,1,1,0,156,44.66441944,-123.84899722,24,0,0,3,3,4,0,1,2,0,3,14,3,25,,
410052,41,2020,6,5,6,10,4,43,2030,1,1,1,1,6,2,5,4,0,0,0,44.39363333,-122.72915,8,0,0,3,3,1,0,1,10,0,10,4,10,6,,