st_case,state,year,month,day,day_week,hour,minute,county,city,fatals_crash,vehicles_total,vehicles_in_transport,persons_total,route,rural_urban,functional_system,road_owner,nhs,special_jurisdiction,milepoint,latitude,longitude,first_harmful_event,manner_collision,rel_jct_interchange,rel_jct_location,intersection_type,relation_to_road,work_zone,light_condition,weather,school_bus_related,ems_notified_hour,ems_notified_min,ems_arrival_hour,ems_arrival_min,hospital_hour,hospital_min
410053,41,2020,6,9,3,17,7,47,0,1,2,2,2,3,1,4,1,0,0,357,45.10830556,-122.88400833,12,2,0,1,1,1,0,1,1,0,17,7,17,18,,
410054,41,2020,6,10,4,4,0,17,0,2,2,2,3,2,1,3,1,1,0,528,43.75682778,-120.42673611,12,2,0,1,1,1,0,2,5,0,4,15,5,7,,
410055,41,2020,5,14,5,18,18,11,0,1,1,1,1,2,1,3,1,1,0,2521,43.20576944,-124.30642778,24,0,0,1,1,4,0,1,1,0,18,18,18,30,,
410056,41,2020,5,18,2,10,30,41,0,1,2,2,2,2,1,3,1,1,0,100,44.67680833,-123.88168056,12,6,0,1,1,1,0,1,2,0,10,49,11,0,,
410057,41,2020,5,19,3,16,15,43,0,1,2,2,2,3,1,4,1,0,0,260,44.29619722,-123.145875,12,2,0,1,1,1,0,1,10,0,16,22,16,38,,
410058,41,2020,6,13,7,19,21,19,0,1,2,2,3,2,1,3,1,1,0,2075,43.75354167,-124.12635278,12,6,0,1,1,1,0,1,10,0,19,22,19,29,,
410059,41,2020,6,14,1,14,42,17,0,1,2,2,7,2,1,3,1,1,0,47,44.05789167,-121.21935833,12,1,0,3,3,1,0,1,1,0,14,50,14,54,,
410060,41,2020,6,20,7,23,23,67,0,1,1,1,2,3,1,4,1,0,0,58,45.43929167,-122.97975556,34,0,0,1,1,4,0,2,1,0,,,,,,
410061,41,2020,6,22,2,18,9,35,0,1,1,1,1,3,1,3,1,1,0,121,42.19352778,-121.59575833,24,0,0,1,1,4,0,1,1,0,18,12,18,19,,
410062,41,2020,1,1,4,15,45,59,0,1,2,2,3,3,1,4,1,0,0,215,45.647575,-119.40666667,12,2,0,1,1,1,0,1,1,0,,,,,,
410063,41,2020,1,1,4,18,0,43,20,1,1,1,1,2,2,3,1,1,0,0,44.63212778,-123.07322778,8,0,0,3,2,1,0,3,10,0,18,23,18,28,,
410064,41,2020,1,7,3,22,21,43,0,1,1,1,1,4,2,5,2,0,0,21,44.62002778,-123.12830556,53,0,0,1,1,4,0,2,2,0,22,21,22,29,,
410065,41,2020,1,9,5,1,33,51,1650,1,1,1,1,1,2,1,1,1,0,54,45.53131944,-122.57084722,8,0,0,1,1,1,0,3,10,0,,,,,,
410066,41,2020,1,10,6,19,13,17,0,1,1,1,1,4,1,6,2,0,0,0,44.13822222,-121.38411111,1,0,0,1,1,4,0,2,4,0,19,14,19,33,,
410067,41,2020,1,12,1,15,39,57,0,1,1,1,1,4,1,5,2,0,0,34,45.38644444,-123.94493056,42,0,0,1,1,5,0,1,10,0,,,,,,
410068,41,2020,1,16,5,20,25,13,0,1,1,1,1,4,1,5,2,0,0,116,44.12021111,-120.91678611,8,0,0,1,1,1,0,2,4,0,20,25,20,42,,
410069,41,2020,1,17,6,20,11,67,180,1,2,2,3,6,2,3,4,1,0,0,45.48589722,-122.82625833,12,2,0,2,2,1,0,3,2,0,20,11,20,15,,
410070,41,2020,1,18,7,16,57,51,1650,1,2,2,2,6,2,3,4,0,0,0,45.54551667,-122.59631944,12,6,0,2,2,1,0,5,2,0,,,,,,
410071,41,2020,1,18,7,22,20,47,0,1,1,1,1,1,2,1,1,1,0,2714,45.14631111,-122.88526944,8,0,0,1,1,1,0,2,10,0,22,20,22,34,,
410072,41,2020,1,23,5,16,12,43,0,2,2,2,3,4,2,4,2,0,0,17,44.64656944,-123.02579167,12,6,0,2,2,1,0,1,10,0,16,12,16,18,,
410073,41,2020,2,17,2,13,13,15,0,1,1,1,1,2,1,3,1,1,0,3229,42.48058056,-124.41815278,42,0,0,1,1,4,0,9,99,0,,,,,,
410074,41,2020,1,25,7,9,35,51,1650,1,2,2,3,3,2,3,1,1,0,116,45.55891667,-122.55471389,12,6,0,2,2,1,0,1,10,0,,,,,,
410075,41,2020,1,29,4,15,55,19,0,1,1,1,1,2,1,3,1,1,0,2067,43.76181944,-124.12396944,35,0,0,1,1,4,0,1,2,0,15,56,16,4,,
410076,41,2020,2,22,7,6,29,7,0,1,2,2,3,2,1,3,1,1,0,820,46.16252778,-123.64751667,12,6,0,2,3,1,0,3,2,0,6,4,6,36,,
410077,41,2020,2,23,1,10,35,29,0,1,1,1,1,1,2,1,1,1,0,230,42.256225,-122.78695,1,0,0,1,1,1,0,1,1,0,10,39,10,45,,
410078,41,2020,2,29,7,5,20,17,0,1,1,1,1,2,1,3,1,1,0,970,44.29439444,-121.558475,8,0,0,1,1,1,0,2,10,0,5,20,5,35,,
410079,41,2020,2,29,7,18,20,51,1650,1,2,2,3,2,2,3,1,1,0,25,45.49683889,-122.6293,12,6,0,2,2,1,0,3,1,0,18,19,18,21,,
410080,41,2020,2,2,1,21,44,17,0,1,1,1,1,4,1,5,2,0,0,0,44.07040833,-121.06754167,1,0,0,1,1,1,0,2,10,0,21,44,21,53,,
410081,41,2020,2,5,4,17,16,67,0,1,2,2,2,4,1,4,2,0,0,0,45.41869444,-122.88620556,12,6,0,1,1,1,0,5,10,0,17,20,17,30,,
410082,41,2020,2,4,3,20,42,39,660,1,1,1,1,1,2,1,1,1,0,21,44.06192222,-123.08184722,8,0,0,1,1,1,0,2,1,0,20,48,20,55,,
410083,41,2020,2,6,5,11,18,7,0,1,2,2,2,2,1,3,1,1,0,921,46.16539722,-123.74684167,12,2,0,1,1,1,0,1,2,0,11,18,11,18,,
410084,41,2020,2,8,7,15,0,39,0,2,1,1,2,4,1,5,2,0,0,0,43.957125,-122.84282222,42,0,0,1,1,4,0,1,2,0,15,0,15,19,,
410085,41,2020,6,10,4,15,46,69,0,1,1,1,1,3,1,5,1,0,0,189,44.62358333,-120.11650556,35,0,0,1,1,4,0,1,1,0,15,52,16,35,,
410086,41,2020,6,29,2,11,40,65,0,1,2,2,3,2,1,3,1,1,0,853,44.96867778,-121.46936111,12,2,0,1,1,1,0,1,1,0,11,41,11,50,,
410087,41,2020,2,29,7,17,54,11,400,1,2,2,4,3,1,3,1,1,0,99,43.18363611,-124.20961667,12,2,0,1,1,1,0,5,1,0,17,54,18,0,,
410088,41,2020,6,19,6,15,15,45,0,2,5,5,8,2,1,3,1,1,0,1156,42.08071667,-117.73423333,12,6,0,1,1,1,0,1,1,0,15,30,15,54,,
410089,41,2020,7,4,7,14,32,65,0,1,2,2,3,2,1,4,1,0,0,375,45.21885833,-121.12335,12,1,0,3,3,1,0,1,1,0,14,32,14,38,,
410090,41,2020,7,6,2,14,0,3,0,1,1,1,1,4,1,5,2,0,0,10,44.47730556,-123.28574167,1,0,0,1,1,4,0,1,1,0,14,5,,,,
410091,41,2020,2,29,7,23,20,5,0,1,2,1,2,3,2,4,1,0,0,53,45.42955556,-122.65744167,14,0,0,1,1,2,0,2,98,0,,,,,,
410092,41,2020,4,10,6,23,43,47,0,1,1,1,1,1,1,1,1,1,0,2644,45.06233889,-122.96561667,8,0,0,1,1,1,0,2,1,0,11,43,11,48,,
410093,41,2020,5,18,2,10,0,29,0,1,1,1,1,4,1,6,2,0,0,10,42.21206389,-122.95000278,42,0,0,1,1,4,0,1,2,0,,,,,,
410094,41,2020,5,23,7,10,45,1,0,1,1,1,1,4,1,7,2,0,0,0,44.59306389,-117.26368611,1,0,0,1,1,4,0,1,10,0,10,53,11,36,,
410095,41,2020,5,28,5,15,37,9,0,1,2,2,2,4,1,4,2,0,0,34,45.79932778,-122.92929444,12,2,0,1,1,1,0,1,1,0,15,37,15,42,,
410096,41,2020,6,21,1,14,10,37,0,1,1,1,1,4,1,5,2,0,0,80,42.12129444,-120.615425,34,0,0,1,1,4,0,1,1,0,,,,,,
410097,41,2020,7,2,5,3,54,35,1170,1,1,1,1,2,2,3,3,1,0,53,42.23531389,-121.77758889,19,0,0,1,1,5,0,3,1,0,,,,,,
410098,41,2020,7,5,1,22,20,5,0,1,1,1,1,4,1,4,2,0,0,11,45.29978889,-122.4044,35,0,0,1,1,4,0,2,1,0,,,,,,
410099,41,2020,7,8,4,,,7,0,1,1,1,1,4,1,5,4,0,0,112,46.01042778,-123.87695833,34,0,0,1,1,4,0,9,1,0,10,55,11,2,,
410100,41,2020,6,1,2,12,31,51,880,1,2,1,1,1,2,1,1,1,0,126,45.54256111,-122.4889,14,0,0,1,1,2,0,1,1,0,12,26,12,34,,
410101,41,2020,6,5,6,17,50,5,0,2,1,1,2,3,1,5,1,0,0,256,45.26572222,-122.30234444,34,0,0,1,1,4,0,1,10,0,17,50,17,55,,
410102,41,2020,6,14,1,4,30,71,0,2,1,1,6,4,1,7,2,0,0,27,45.18879167,-123.51178056,34,0,0,1,1,4,0,2,1,0,6,19,6,28,,
410103,41,2020,6,20,7,3,10,67,0,1,1,1,1,4,1,7,2,0,0,0,45.54024444,-123.05106111,34,0,0,1,1,4,0,2,10,0,3,23,3,30,,
410104,41,2020,6,19,6,7,52,47,0,1,1,1,1,4,1,7,2,0,0,8,44.83116944,-122.85550833,38,0,0,1,1,4,0,1,1,0,7,53,8,8,,
410105,41,2020,6,26,6,19,32,41,0,1,1,1,2,2,1,3,1,1,0,1521,44.47844444,-124.079425,42,0,0,1,1,4,0,1,10,0,19,32,19,34,,
410106,41,2020,6,23,3,13,3,57,0,1,1,1,2,2,1,3,1,1,0,525,45.58803056,-123.94780833,8,0,0,3,3,1,0,1,1,0,13,4,13,9,,
410107,41,2020,3,5,5,14,17,11,0,1,2,2,4,2,2,3,1,1,0,2407,43.32886111,-124.20138333,12,6,0,2,3,1,0,1,1,0,2,19,2,23,,
410108,41,2020,3,11,4,18,45,17,0,1,1,1,2,4,1,5,2,0,0,,44.36339722,-121.20401944,42,0,0,1,1,4,0,1,1,0,,,,,,
410109,41,2020,3,20,6,15,24,19,0,1,2,2,4,3,1,4,1,0,0,285,43.298525,-122.90573056,12,6,0,8,1,1,0,1,1,0,,,,,,
410110,41,2020,3,24,3,15,38,39,0,1,1,1,1,3,1,5,1,0,0,11,43.98405833,-123.01102222,1,0,0,1,1,5,0,1,10,0,3,38,3,51,,
410111,41,2020,4,9,5,16,0,53,0,2,2,2,4,3,1,4,1,0,0,497,45.04321944,-123.20710833,12,6,0,2,2,1,1,1,1,0,16,2,16,7,,
410112,41,2020,4,9,5,,,39,0,1,1,1,1,4,1,5,2,0,0,76,43.974025,-123.206,24,0,0,1,1,4,0,2,1,0,20,14,20,17,,
410113,41,2020,5,9,7,15,5,23,0,1,1,1,1,3,1,5,1,0,0,19,44.77964722,-119.62267778,17,0,0,1,1,4,0,1,1,0,15,9,15,33,,
410114,41,2020,5,21,5,2,16,39,0,1,1,1,4,3,2,5,1,0,0,47,43.93169444,-123.01546667,38,0,0,1,1,5,0,2,10,0,2,10,2,15,,
410115,41,2020,6,18,5,20,0,47,0,1,1,1,1,4,1,7,2,0,0,19,44.99960833,-122.68243889,1,0,0,1,1,4,0,1,1,0,20,0,20,9,,
410116,41,2020,7,12,1,21,27,41,0,1,1,1,1,3,1,5,1,0,0,106,44.84504167,-123.98101111,34,0,0,1,1,4,0,5,1,0,21,25,21,42,,
410117,41,2020,7,13,2,13,37,29,0,1,1,1,2,1,2,1,1,1,0,391,42.41734444,-123.00866667,1,0,0,1,1,4,0,1,1,0,15,40,15,52,,
410118,41,2020,7,15,4,11,15,65,0,1,2,2,3,1,1,1,1,1,0,762,45.67899722,-121.289125,12,7,0,1,1,1,0,1,1,0,11,17,11,35,,
410119,41,2020,7,19,1,11,56,45,0,1,2,2,2,2,1,3,1,1,0,592,42.80594444,-117.73193056,12,2,0,1,1,1,0,1,1,0,11,58,12,41,,
410120,41,2020,7,2,5,23,35,53,0,1,1,1,2,4,1,5,2,0,0,78,44.95638056,-123.30449444,34,0,0,1,1,4,0,2,1,0,23,40,23,45,,
410121,41,2020,7,4,7,9,17,57,0,1,1,1,1,2,1,3,1,1,0,909,45.17081389,-123.93018611,42,0,0,1,1,4,0,1,10,0,,,,,,
410122,41,2020,7,5,1,18,2,5,0,1,2,2,3,4,2,6,2,0,0,6,45.44570833,-122.29058333,12,2,0,8,1,1,0,1,1,0,,,,,,
410123,41,2020,7,6,2,18,15,43,0,1,2,2,2,2,1,3,1,1,0,749,44.43609722,-121.93691389,12,2,0,8,1,1,0,1,10,0,18,20,18,51,,
410124,41,2020,7,6,2,22,56,17,0,1,2,2,3,2,2,3,1,1,0,1182,44.31646944,-121.17085556,12,2,0,1,1,1,0,2,1,0,,,,,,
410125,41,2020,7,8,4,16,53,17,0,1,2,2,2,2,1,3,1,1,0,13,44.27774167,-121.51721111,12,1,1,3,3,1,0,1,1,0,16,55,17,0,,
410126,41,2020,4,14,3,15,32,51,1650,1,2,2,4,2,2,3,4,1,0,85,45.49806944,-122.51066944,12,2,1,2,2,1,0,1,1,0,15,34,15,36,,
410127,41,2020,7,10,6,6,31,17,0,1,1,1,2,2,1,1,1,1,0,1507,43.89578056,-121.37287778,1,0,0,1,1,4,0,1,1,0,6,32,6,32,,
410128,41,2020,7,12,1,20,25,19,0,2,1,1,3,1,1,1,1,1,0,1446,43.49201389,-123.33061944,1,0,0,1,1,4,0,1,1,0,20,28,20,37,,
410129,41,2020,7,19,1,16,0,61,0,1,3,3,5,3,1,4,1,0,0,121,45.24163333,-117.92954444,12,8,0,1,1,1,0,1,1,0,16,9,16,16,,
410130,41,2020,7,20,2,17,57,35,1170,1,2,2,4,2,2,3,1,1,0,2751,42.21861389,-121.78970556,26,0,0,1,1,4,0,1,1,0,17,57,17,58,,
410131,41,2020,7,21,3,22,46,29,0,2,1,1,2,3,1,4,1,0,0,120,42.50079167,-122.91080278,11,0,0,1,1,1,0,2,1,0,22,46,22,57,,
410132,41,2020,7,21,3,16,32,43,1850,1,1,1,1,6,1,7,4,0,0,0,44.70477222,-122.85094444,9,0,0,3,2,1,0,1,1,0,16,32,16,35,,
410133,41,2020,7,25,7,2,0,67,0,1,1,1,2,4,1,4,2,0,0,0,45.4411,-122.95070556,34,0,0,1,1,4,0,2,1,0,,,,,,
410134,41,2020,5,21,5,15,15,5,0,1,2,2,2,3,2,3,1,1,0,79,45.43256111,-122.36131944,12,2,0,1,1,1,0,1,2,0,15,15,15,19,,
410135,41,2020,7,26,1,18,40,45,0,1,1,1,2,1,1,1,1,1,0,3638,44.15860833,-117.11572222,1,0,0,1,1,3,0,1,1,0,18,46,19,0,20,17
410136,41,2020,7,28,3,17,22,47,0,1,2,2,5,4,2,4,2,0,0,20,45.03518611,-123.00055278,12,6,0,2,2,1,0,1,1,0,,,,,,
410137,41,2020,9,20,1,17,47,29,1310,1,3,3,3,6,2,4,4,0,0,0,42.35688889,-122.85568889,12,1,0,3,3,1,0,1,5,0,,,,,,
410138,41,2020,9,23,4,20,1,67,0,1,1,1,1,4,2,4,2,0,0,0,45.54240278,-122.84043056,59,0,0,3,2,4,0,5,2,0,,,,,,
410139,41,2020,7,11,7,21,20,41,1225,1,3,3,3,2,2,3,1,1,0,1136,44.98435278,-124.00724167,12,6,0,1,1,1,0,5,1,0,21,22,21,26,,
410140,41,2020,7,29,4,20,30,53,0,1,1,1,1,3,1,4,1,0,0,10,44.83199444,-123.34533056,42,0,0,1,1,4,0,2,1,0,22,0,23,23,,
410141,41,2020,7,1,4,10,47,19,0,1,1,1,1,2,1,3,1,1,0,2177,43.69831389,-124.11148889,42,0,0,1,1,4,0,1,1,0,10,47,10,53,,
410142,41,2020,7,14,3,,,35,0,1,1,1,1,4,1,5,2,0,0,230,42.56411667,-121.68123333,42,0,0,1,1,4,0,9,1,0,11,8,11,24,,
410143,41,2020,7,16,5,9,15,19,0,1,1,1,1,4,1,6,2,0,0,72,43.57573889,-123.82986667,1,0,0,1,1,5,0,1,1,0,9,35,9,38,,
410144,41,2020,7,28,3,7,19,5,0,1,5,5,5,3,1,4,1,0,0,118,45.38793056,-122.45852778,12,6,0,1,1,1,0,1,1,0,7,20,7,25,,
410145,41,2020,7,26,1,19,7,41,0,1,1,1,1,3,1,4,1,0,0,145,44.39590833,-123.82819444,34,0,0,1,1,4,0,1,1,0,19,7,19,21,,
410146,41,2020,7,30,5,21,30,7,770,1,1,1,2,2,2,3,1,1,0,174,46.04325278,-123.91345833,8,0,0,3,3,1,0,2,1,0,21,30,21,33,,
410147,41,2020,7,26,1,14,59,47,0,1,3,3,7,3,1,3,1,1,0,381,44.75736944,-122.33113333,12,6,0,1,1,1,0,1,1,0,14,59,15,17,,
410148,41,2020,7,31,6,17,45,53,1810,1,1,1,1,3,2,3,1,1,0,258,44.94634722,-123.04473056,23,0,0,1,1,4,0,1,1,0,17,45,17,49,,
410149,41,2020,8,1,7,13,22,17,0,2,2,2,3,2,2,3,1,1,0,1185,44.31273056,-121.17152778,12,6,0,2,2,1,0,1,1,0,13,22,13,26,,
410150,41,2020,8,7,6,14,18,1,0,1,1,1,1,1,1,1,1,1,0,2917,44.96084167,-117.86361944,1,0,0,1,1,4,0,1,1,0,14,13,14,29,,
410151,41,2020,8,9,1,14,25,65,0,1,1,1,1,2,1,4,1,0,0,616,44.9904,-120.99489167,1,0,0,1,1,4,0,1,1,0,14,34,15,1,,
410152,41,2020,8,10,2,11,9,59,0,1,2,2,3,3,1,5,1,0,0,77,45.88544167,-119.02126944,12,2,0,1,1,1,0,1,1,0,11,11,11,26,,
410153,41,2020,8,11,3,10,17,7,0,1,2,2,2,2,1,3,1,1,0,320,45.84953056,-123.96044722,12,2,0,1,1,1,0,1,1,0,10,17,10,21,,
410154,41,2020,8,14,6,13,36,39,660,1,1,1,1,6,2,3,4,1,0,0,44.05218056,-123.11405833,8,0,0,3,2,1,0,1,98,0,13,36,13,37,,
410155,41,2020,8,16,1,11,27,17,0,1,1,1,3,3,1,5,1,0,0,898,44.30076667,-121.60216944,1,0,0,1,1,4,0,1,1,0,11,27,11,33,,
410156,41,2020,8,17,2,16,13,55,0,1,1,1,1,2,1,3,1,1,0,309,45.32859444,-120.76868611,38,0,0,1,1,4,0,1,10,0,16,15,16,27,,
410157,41,2020,8,18,3,3,57,33,0,1,1,1,1,2,1,3,1,1,0,214,42.27717778,-123.61676389,34,0,0,1,1,4,0,2,1,0,3,47,4,0,,
410158,41,2020,8,18,3,13,24,31,0,1,4,4,8,2,1,3,1,1,0,1000,44.5706,-121.16023056,12,1,0,1,1,1,0,1,1,0,13,24,13,31,,
410159,41,2020,8,22,7,17,48,19,0,1,1,1,1,3,1,3,1,1,0,392,43.66403056,-123.48740556,17,0,0,1,1,4,0,1,1,0,17,48,18,10,,
410160,41,2020,8,26,4,17,7,29,0,1,1,1,1,4,2,5,2,0,0,3,42.27293889,-122.82983333,8,0,0,1,1,2,0,1,1,0,17,8,17,12,,
410161,41,2020,8,26,4,4,45,43,0,1,1,1,1,1,2,1,1,1,0,2326,44.62284167,-123.06185278,8,0,0,1,1,1,0,2,1,0,4,45,4,48,,
410162,41,2020,8,29,7,14,29,65,0,1,1,1,1,3,1,5,1,0,0,0,45.22509722,-121.12461667,35,0,0,1,1,4,0,1,1,0,14,30,14,37,,
410163,41,2020,4,30,5,10,50,43,0,1,1,1,1,4,1,7,2,0,0,16,44.48229444,-122.82666667,9,0,0,1,1,1,0,1,1,0,10,50,,,,
410164,41,2020,5,15,6,1,41,51,1650,1,1,1,1,6,2,3,4,1,0,0,45.57701667,-122.64610556,30,0,0,1,1,4,0,2,2,0,,,,,,
410165,41,2020,7,8,4,19,10,7,0,1,2,2,2,2,2,3,1,1,0,191,46.01935556,-123.91139167,12,1,0,1,1,1,0,1,1,0,19,11,19,18,,
410166,41,2020,7,9,5,13,53,57,0,1,2,2,2,2,1,3,1,1,0,681,45.42679722,-123.82421667,12,6,0,2,2,1,0,1,1,0,13,52,13,56,,
410167,41,2020,7,10,6,19,35,5,0,1,1,1,2,3,2,3,1,1,0,46,45.41468056,-122.56006111,1,0,0,1,1,4,0,1,98,0,,,,,,
410168,41,2020,9,2,4,16,0,29,0,1,2,2,2,3,2,3,1,1,0,0,42.42318056,-122.84669444,12,2,0,1,1,1,0,1,1,0,16,4,16,8,,
410169,41,2020,9,3,5,20,12,43,0,1,2,2,2,3,1,3,1,1,0,30,44.56408889,-123.19763056,12,6,0,2,3,1,0,5,1,0,20,12,,,,
410170,41,2020,9,4,6,2,28,51,1650,1,1,1,2,6,2,3,4,1,0,0,45.52364444,-122.65638611,8,0,0,1,1,1,0,3,1,0,,,,,,
410171,41,2020,9,5,7,5,3,51,880,2,2,1,2,6,2,3,4,1,0,0,45.54549444,-122.46703333,14,0,0,1,1,2,0,3,1,0,,,,,,
410172,41,2020,9,6,1,20,43,5,0,1,2,2,5,4,2,4,2,0,0,32,45.35731389,-122.71877778,12,6,0,1,1,1,0,2,1,0,20,43,20,49,,
410173,41,2020,9,6,1,13,9,11,0,1,1,1,1,2,1,3,1,1,0,2320,43.4572,-124.22934167,9,0,0,1,1,2,0,1,1,0,13,12,13,20,,
410174,41,2020,9,6,1,20,27,7,0,1,1,1,1,2,1,3,1,1,0,307,45.78431944,-123.43861389,18,0,0,1,1,4,0,2,10,0,20,49,21,0,,
410175,41,2020,9,7,2,19,28,9,0,1,1,1,1,2,2,3,1,1,0,218,45.77105833,-122.87923333,23,0,0,1,1,4,0,1,10,0,19,31,19,36,,
410176,41,2020,9,10,5,7,31,39,0,1,3,3,3,3,1,3,1,1,0,68,43.95069722,-122.88914722,12,8,0,1,1,1,0,1,5,0,7,32,7,39,,
410177,41,2020,9,11,6,18,16,31,0,1,1,1,1,2,1,3,1,1,0,1142,44.68843889,-121.15302222,35,0,0,1,1,4,0,5,5,0,6,16,6,20,,
410178,41,2020,9,15,3,19,2,33,0,1,2,2,2,2,1,3,1,1,0,115,42.36245,-123.518025,12,2,0,1,1,1,0,1,5,0,19,8,19,13,,
410179,41,2020,9,16,4,20,30,71,0,1,2,2,2,3,2,3,1,1,0,485,45.20275556,-123.12800556,12,6,0,2,3,1,0,2,5,0,20,35,20,40,,
410180,41,2020,9,19,7,21,15,19,0,2,2,2,3,3,2,3,1,1,0,750,43.13980278,-123.39068333,12,6,0,2,3,1,0,2,1,0,,,,,,
410181,41,2020,9,20,1,7,10,43,0,1,1,1,1,2,1,3,1,1,0,669,44.40359444,-122.08025556,42,0,0,1,1,4,0,1,1,0,7,13,7,55,,
410182,41,2020,9,22,3,3,45,51,1650,1,2,2,2,1,2,1,1,1,0,2947,45.45088056,-122.72836667,12,2,0,1,1,1,0,3,1,0,,,,,,
410183,41,2020,6,12,6,15,30,17,0,1,3,3,6,2,2,3,1,1,0,1178,44.31985556,-121.17222778,12,1,0,1,1,1,0,1,1,0,15,30,15,35,,
410184,41,2020,7,12,1,18,0,67,700,1,2,2,2,2,2,3,1,1,0,185,45.52010833,-123.09118889,12,6,0,2,2,1,0,1,1,0,18,7,18,9,,
410185,41,2020,7,17,6,0,20,19,1460,1,1,1,1,6,2,4,4,0,0,0,43.01355556,-123.29338611,34,0,0,1,1,4,0,2,1,0,0,25,0,32,,
410186,41,2020,7,25,7,1,40,53,0,2,1,1,3,4,1,6,2,0,0,21,44.80236944,-123.35313333,32,0,0,1,1,4,0,2,1,0,1,44,1,59,,
410187,41,2020,7,25,7,13,43,71,0,1,1,1,2,4,1,5,2,0,0,13,45.24346389,-123.19853889,34,0,0,1,1,4,0,1,1,0,13,44,13,49,,
410188,41,2020,8,1,7,16,24,5,0,1,1,1,1,4,2,4,2,0,0,120,45.29354167,-122.53781111,42,0,0,1,1,4,0,1,1,0,16,24,16,30,,
410189,41,2020,8,2,1,18,20,5,0,1,2,2,2,3,2,3,1,1,0,72,45.46116111,-122.57908056,12,98,0,2,3,1,0,1,1,0,18,20,18,24,,
410190,41,2020,8,3,2,0,0,7,0,1,1,1,1,2,1,5,1,0,0,31,45.86455833,-123.766675,35,0,0,1,1,4,0,2,98,0,,,,,,
410191,41,2020,8,7,6,16,59,59,0,1,1,1,1,4,1,5,2,0,0,30,45.66294167,-118.89678889,34,0,0,1,1,4,0,1,1,0,16,59,17,4,,
410192,41,2020,8,7,6,10,55,39,0,1,1,1,1,4,1,5,2,0,0,32,44.18557222,-123.07143889,38,0,0,1,1,5,0,1,1,0,10,58,11,12,,
410193,41,2020,8,8,7,0,23,43,0,1,1,1,1,4,1,5,2,0,0,176,44.35931111,-123.19231944,1,0,0,1,1,4,0,2,1,0,0,23,0,23,,
410194,41,2020,8,10,2,20,17,5,0,1,1,1,1,2,1,3,1,1,0,190,45.36653611,-122.15801944,8,0,0,1,1,1,0,5,1,0,20,17,,,,
410195,41,2020,8,12,4,10,45,19,0,1,1,1,1,3,1,3,1,1,0,513,43.67473056,-123.30798611,42,0,0,1,1,4,0,1,1,0,10,45,10,56,,
410196,41,2020,8,14,6,0,45,45,0,1,2,2,2,3,1,4,1,0,0,180,44.14124444,-116.93958889,12,2,0,1,1,1,0,2,1,0,0,46,0,57,,
410197,41,2020,8,17,2,12,25,5,0,1,1,1,1,3,1,5,1,0,0,317,45.26893611,-122.34675833,35,0,0,1,1,4,0,1,1,0,0,28,0,36,,
410198,41,2020,8,18,3,13,30,57,0,1,1,1,1,3,1,5,1,0,0,41,45.12407222,-123.879775,3,0,0,1,1,4,0,1,1,0,13,30,13,45,,
410199,41,2020,8,19,4,13,50,71,0,1,2,2,2,4,1,5,2,0,0,86,45.38156944,-123.09494722,12,6,0,2,2,1,0,1,1,0,13,52,14,0,,
410200,41,2020,8,20,5,9,51,25,0,1,1,1,1,2,1,3,1,1,0,1239,43.511625,-119.12998056,38,0,0,1,1,5,0,1,1,0,9,51,10,0,,
410201,41,2020,8,20,5,15,50,59,1610,1,2,2,2,3,2,3,1,1,0,0,45.67305,-118.76188611,12,6,0,2,3,1,0,1,1,0,15,52,15,54,,
410202,41,2020,8,22,7,20,40,55,0,1,1,1,1,2,1,3,1,1,0,57,45.59546111,-120.71824722,8,0,0,1,1,1,0,1,1,0,20,38,20,51,,
410203,41,2020,9,5,7,12,20,39,0,1,2,2,2,3,1,3,1,1,0,143,43.91254722,-122.797875,12,1,0,8,1,1,0,1,1,0,12,23,12,25,,
410204,41,2020,9,1,3,11,5,37,0,1,1,1,1,3,1,5,1,0,0,449,42.07804722,-119.57455278,1,0,0,1,1,4,0,1,1,0,11,5,11,40,,
410205,41,2020,9,5,7,23,49,59,1610,1,2,2,3,1,2,1,1,1,0,2095,45.66385833,-118.80938056,8,0,0,1,1,1,0,2,1,0,23,49,23,56,,
410206,41,2020,9,5,7,21,40,19,0,2,2,2,4,3,1,3,1,1,0,474,43.66561944,-123.36972778,12,6,0,2,3,1,0,2,1,0,21,40,21,44,,
410207,41,2020,9,9,4,13,30,39,0,2,3,3,6,3,1,3,1,1,0,597,43.61211667,-122.10699167,12,2,0,1,1,1,0,1,1,0,13,32,13,45,,
410208,41,2020,9,11,6,18,42,51,1650,1,2,2,4,6,2,4,4,0,0,0,45.52288889,-122.64756944,12,6,0,2,2,1,0,1,5,0,18,42,18,47,,
410210,41,2020,9,29,3,13,12,19,0,2,2,2,4,3,2,4,1,0,0,230,43.392325,-123.35758056,12,6,0,2,2,1,0,1,1,0,13,12,13,14,,
410211,41,2020,9,25,6,0,21,65,0,1,1,1,1,2,1,3,1,1,0,750,45.11524167,-121.57619722,42,0,0,1,1,4,0,2,1,0,0,21,0,40,,