st_case,state,year,month,day,day_week,hour,minute,county,city,fatals_crash,vehicles_total,vehicles_in_transport,persons_total,route,rural_urban,functional_system,road_owner,nhs,special_jurisdiction,milepoint,latitude,longitude,first_harmful_event,manner_collision,rel_jct_interchange,rel_jct_location,intersection_type,relation_to_road,work_zone,light_condition,weather,school_bus_related,ems_notified_hour,ems_notified_min,ems_arrival_hour,ems_arrival_min,hospital_hour,hospital_min
410381,41,2020,12,16,4,20,30,51,1650,1,1,1,1,3,2,3,1,1,0,0,45.45988889,-122.70774167,15,0,0,3,2,1,0,3,10,0,,,,,,
410382,41,2020,12,17,5,7,3,51,670,2,2,2,2,6,2,3,4,1,0,0,45.52757778,-122.45162778,12,2,0,1,1,1,0,8,98,0,,,,,,
410384,41,2020,12,22,3,20,36,59,0,1,2,2,2,4,2,7,2,0,0,10,45.87189167,-119.28645,12,6,0,2,2,1,0,3,1,0,20,35,20,42,,
410385,41,2020,12,23,4,20,39,51,1650,1,1,1,1,6,2,3,4,1,0,0,45.53355833,-122.54042778,8,0,0,1,1,2,0,6,98,0,,,,,,
410386,41,2020,12,24,5,9,7,17,0,2,2,2,2,4,2,5,2,0,0,0,44.31168611,-121.17691389,12,2,0,1,1,1,0,1,1,0,9,7,9,11,,
410387,41,2020,12,25,6,15,6,59,0,2,1,1,2,2,1,3,1,1,0,530,45.10188889,-118.98611111,1,0,0,1,1,4,0,1,4,0,15,6,15,40,,
410388,41,2020,12,28,2,11,38,47,0,1,2,2,4,4,1,3,2,1,0,0,44.99430556,-122.82483889,12,6,0,2,2,1,0,1,1,0,11,39,11,43,,
410389,41,2020,12,31,5,19,36,51,1650,1,1,1,1,6,2,4,4,0,0,0,45.50037778,-122.53765278,8,0,0,1,1,1,0,3,2,0,,,,,,
410390,41,2020,12,30,4,8,58,61,0,1,2,2,2,3,2,3,1,1,0,49,45.29942222,-118.04510833,12,2,0,3,2,1,0,1,4,0,8,58,9,4,,
410392,41,2020,12,31,5,14,41,41,0,1,2,2,10,3,1,3,1,1,0,97,45.03868611,-123.80925833,12,6,0,8,1,1,0,1,2,0,14,14,14,57,,
410394,41,2020,12,12,7,23,18,51,880,1,1,1,1,6,2,7,4,0,0,0,45.48619444,-122.47537222,42,0,0,1,1,4,0,3,2,0,,,,,,
410395,41,2020,11,6,6,20,50,51,880,3,2,2,7,6,2,7,3,0,0,0,45.47000833,-122.43545556,12,2,0,1,1,1,0,3,2,0,,,,,,
410396,41,2020,11,7,7,3,32,47,0,1,2,2,3,3,1,4,1,0,0,355,45.11047222,-122.88078889,12,2,0,1,1,1,0,2,5,0,3,32,3,57,,
410397,41,2020,11,7,7,11,20,7,0,1,2,2,3,4,1,7,2,0,0,25,46.07617778,-123.43804167,12,2,0,1,1,1,0,1,2,0,11,22,11,40,,
410398,41,2020,11,8,1,9,42,35,0,1,3,3,8,2,1,3,1,1,0,1815,43.51585278,-121.65296389,12,2,0,1,1,1,0,1,10,0,10,4,10,12,,
410399,41,2020,9,4,6,18,40,51,1650,1,1,1,1,6,2,4,4,0,0,0,45.51918333,-122.47973889,8,0,0,1,1,98,0,8,98,0,,,,,,
410400,41,2020,10,2,6,17,15,3,420,1,1,1,1,3,1,3,1,1,0,,44.43837222,-123.27707222,8,0,0,1,1,1,0,6,98,0,,,,,,
410401,41,2020,10,5,2,16,27,51,1650,1,1,1,1,6,2,3,4,1,0,0,45.52046389,-122.47030556,15,0,0,3,2,1,0,1,1,0,,,,,,
410402,41,2020,10,6,3,21,16,51,880,1,2,2,2,6,2,3,4,1,0,0,45.49037222,-122.47555278,12,6,0,2,2,1,0,3,1,0,,,,,,
410403,41,2020,10,13,3,7,36,31,0,1,1,1,4,4,1,7,2,0,0,20,44.7042,-121.17384722,30,0,0,1,1,4,0,1,10,0,7,36,7,45,,
410404,41,2020,10,15,5,20,48,43,0,1,1,1,8,4,1,7,2,0,0,14,44.4033,-123.17672778,34,0,0,1,1,4,0,2,1,0,20,49,20,55,,
410405,41,2020,10,17,7,19,38,67,180,1,1,1,2,6,2,4,4,0,0,0,45.51992222,-122.83963333,8,0,0,3,2,1,0,3,10,0,,,,,,
410406,41,2020,10,23,6,15,18,53,0,1,1,1,1,4,1,5,2,0,0,17,44.821425,-123.18847778,42,0,0,1,1,4,0,1,1,0,,,,,,
410407,41,2020,11,18,4,18,6,51,880,1,1,1,1,6,2,3,4,1,0,0,45.49503333,-122.40697222,8,0,0,1,1,1,0,8,98,0,,,,,,
410408,41,2020,11,20,6,18,7,17,1720,1,1,1,2,6,2,3,4,1,0,0,44.28831111,-121.17396944,8,0,0,1,1,1,0,3,1,0,,,,,,
410409,41,2020,11,30,2,23,3,1,0,1,1,1,4,4,1,5,2,0,0,102,44.80285556,-117.90669167,1,0,0,1,1,4,0,8,98,0,,,,,,
410412,41,2020,12,7,2,7,16,29,1310,1,2,2,4,1,2,1,1,1,0,272,42.31215833,-122.85006944,12,2,1,2,2,1,0,4,5,0,7,16,,,,
410413,41,2020,12,14,2,6,45,67,0,1,2,2,2,4,1,4,2,0,0,0,45.57293611,-123.00877222,12,2,0,1,1,1,0,2,10,0,6,45,6,45,,
410414,41,2020,12,15,3,14,16,3,0,1,2,2,2,2,2,3,1,1,0,527,44.54648056,-123.32616389,12,1,0,1,1,1,0,1,2,0,,,,,,
410415,41,2020,10,12,2,19,55,67,0,1,1,1,1,1,2,1,1,1,0,2901,45.40348333,-122.74440833,8,0,0,1,1,1,0,3,10,0,19,59,20,2,,
410416,41,2020,10,13,3,9,10,35,0,1,1,1,1,2,1,3,1,1,0,2455,42.62160833,-121.87828333,42,0,0,1,1,4,0,1,1,0,9,1,9,10,,
410417,41,2020,10,13,3,19,52,43,0,1,1,1,1,7,2,5,1,0,0,2344,44.64805833,-123.06103333,8,0,0,1,1,4,0,2,1,0,,,,,,
410418,41,2020,10,15,5,14,35,43,20,1,1,1,1,6,2,4,4,0,0,0,44.58923056,-123.10837778,10,0,0,6,1,1,0,1,1,0,,,,,,
410419,41,2020,10,16,6,14,46,41,0,1,2,2,3,2,2,3,1,1,0,1432,44.60274722,-124.05645278,12,2,0,1,1,1,0,1,1,0,,,,,,
410420,41,2020,10,16,6,20,0,27,0,1,2,2,3,4,1,7,2,0,0,0,45.52328611,-121.56863056,12,2,0,1,1,1,0,2,10,0,20,2,20,6,,
410421,41,2020,10,17,7,14,41,47,1810,1,1,1,1,6,2,7,4,0,0,0,44.953275,-122.98878611,9,0,0,1,1,1,0,1,1,0,14,41,14,45,,
410422,41,2020,10,17,7,22,10,15,0,1,1,1,1,2,1,3,1,1,0,2949,42.82759444,-124.48280556,59,0,0,1,1,4,0,2,1,0,22,18,22,25,,
410423,41,2020,10,27,3,0,0,29,0,1,1,1,1,3,1,4,1,0,0,367,42.70563333,-122.58941111,34,0,0,1,1,4,0,8,98,0,,,,,,
410424,41,2020,10,18,1,6,30,11,0,1,1,1,3,3,1,5,1,0,0,113,43.41511111,-124.05428056,35,0,0,1,1,4,0,2,5,0,6,41,7,2,,
410425,41,2020,10,19,2,17,56,53,480,1,1,1,1,6,2,4,4,0,0,0,44.92903333,-123.31503333,8,0,0,1,1,1,0,1,98,0,,,,,,
410426,41,2020,10,21,4,9,30,57,0,1,1,1,2,3,1,5,1,0,0,115,45.78323333,-123.82091111,34,0,0,1,1,4,0,1,2,0,9,42,9,53,,
410427,41,2020,10,22,5,3,53,51,1650,1,2,2,2,1,2,1,1,1,0,57,45.53221667,-122.56594167,12,2,0,1,1,1,0,3,1,0,,,,,,
410428,41,2020,10,26,2,17,5,5,0,1,2,2,2,3,1,4,1,0,0,197,45.33172778,-122.34895833,12,2,0,2,2,1,0,1,1,0,17,7,17,13,,
410429,41,2020,10,29,5,14,53,59,1350,1,3,3,4,3,2,3,1,1,0,312,45.94103056,-118.38755,12,1,0,3,3,1,0,1,1,0,14,53,14,59,,
410430,41,2020,10,29,5,5,45,3,0,1,2,2,2,3,1,3,1,1,0,75,44.63952778,-123.15994722,12,2,0,1,1,1,0,2,5,0,5,45,5,55,,
410431,41,2020,10,30,6,15,16,41,0,1,5,5,10,2,1,3,1,1,0,197,44.63789444,-123.78830556,12,8,0,1,1,1,0,1,1,0,15,16,15,26,,
410432,41,2020,10,31,7,18,9,57,0,1,1,1,1,2,1,3,1,1,0,307,45.77958056,-123.42661667,35,0,0,1,1,4,0,1,1,0,18,10,18,25,,
410433,41,2020,11,2,2,9,45,37,0,1,1,1,2,2,1,3,1,1,0,1480,42.13378333,-120.3199,34,0,0,1,1,4,0,1,1,0,9,49,9,58,,
410434,41,2020,11,3,3,14,10,45,0,1,1,1,1,2,1,3,1,1,0,264,42.97881389,-117.16387778000001,35,0,0,1,1,4,0,1,1,0,14,10,14,31,,
410435,41,2020,11,3,3,12,13,31,0,2,3,3,4,2,1,3,1,1,0,1127,44.70418611,-121.16441111,12,2,0,1,1,1,0,1,10,0,12,19,12,22,,
410436,41,2020,11,4,4,20,45,5,0,1,4,4,4,3,2,3,1,1,0,75,45.45636944,-122.57909167,12,1,0,1,1,1,0,3,10,0,20,46,20,50,,
410437,41,2020,11,13,6,20,4,45,0,1,2,2,2,2,1,3,1,1,0,2668,44.11265,-117.36241667,12,6,0,2,2,1,0,2,10,0,20,6,20,18,,
410438,41,2020,6,17,4,22,0,13,0,1,2,2,2,4,1,5,2,0,0,10,44.27419722,-120.81165,12,2,0,1,1,1,0,8,98,0,,,,,,
410439,41,2020,10,31,7,17,17,19,0,1,1,1,2,3,1,3,1,1,0,337,43.65064722,-123.62323333,34,0,0,1,1,4,0,1,1,0,17,17,17,30,,
410440,41,2020,11,10,3,13,50,67,0,1,3,3,4,2,1,3,1,1,0,344,45.77945556,-123.35669167,12,8,0,1,1,1,0,1,10,0,13,50,12,2,,
410441,41,2020,11,11,4,7,42,17,0,1,2,2,3,2,1,3,1,1,0,1587,43.79407222,-121.44386389,12,6,0,1,1,1,0,1,1,0,7,45,7,59,,
410442,41,2020,11,11,4,16,24,33,0,1,1,1,1,1,2,1,1,1,0,629,42.51782222,-123.36446389,1,0,0,1,1,1,0,1,1,0,16,25,16,30,,
410443,41,2020,11,12,5,3,30,43,0,1,1,1,1,4,1,5,2,0,0,20,44.42025278,-122.71252222,42,0,0,1,1,4,0,2,1,0,,,,,,
410444,41,2020,11,13,6,7,53,43,0,1,2,2,2,2,2,3,1,1,0,251,44.42274722,-122.77358056,12,6,0,1,1,1,0,1,2,0,,,,,,
410445,41,2020,11,25,4,8,20,67,1515,1,1,1,1,6,1,6,4,0,0,0,45.5965,-123.00290556,8,0,0,3,2,1,0,1,2,0,8,20,8,24,,
410446,41,2020,11,29,1,15,56,39,0,1,1,1,1,4,1,5,2,0,0,68,43.97841667,-123.18681944,24,0,0,1,1,4,0,1,1,0,15,56,16,10,,
410447,41,2020,11,29,1,18,30,37,0,1,1,1,1,3,1,4,1,0,0,920,42.72321667,-120.65311667,35,0,0,1,1,4,0,2,1,0,19,15,19,47,,
410448,41,2020,12,1,3,17,8,53,1810,1,1,1,3,6,2,4,4,0,0,0,44.947875,-123.09433611,8,0,0,3,3,1,0,3,1,0,17,8,17,12,,
410449,41,2020,12,8,3,15,4,41,1225,1,4,1,3,2,2,3,1,1,0,1138,44.980675,-124.008725,14,0,0,1,1,2,0,1,2,0,15,4,15,4,,
410450,41,2020,12,12,7,9,10,35,0,1,2,2,4,2,1,3,1,1,0,2900,42.03025833,-121.87697222,12,2,0,1,1,1,0,1,5,0,9,12,9,40,,
410451,41,2020,12,12,7,2,0,29,0,1,1,1,1,4,1,7,2,0,0,21,42.36953889,-123.02365278,42,0,0,1,1,4,0,2,99,0,,,,,,
410452,41,2020,12,12,7,12,15,19,0,1,1,1,3,3,1,4,1,0,0,501,43.29178056,-122.56395833,42,0,0,1,1,4,0,1,10,0,,,,,,
410453,41,2020,12,14,2,11,10,35,0,1,3,3,7,2,1,3,1,1,0,1940,43.34088056,-121.75114721999999,12,2,0,1,1,1,0,1,10,0,11,10,11,25,,
410454,41,2020,12,19,7,1,50,67,0,1,2,2,2,4,2,4,2,0,0,0,45.46025,-122.90049167,12,2,0,2,3,1,0,2,1,0,,,,,,
410456,41,2020,12,26,7,18,21,39,1292,1,1,1,1,3,1,3,1,1,0,144,44.03120556,-123.85946944,17,0,0,3,3,4,0,3,10,0,18,21,18,40,,
410457,41,2020,12,28,2,5,20,39,660,1,2,2,3,4,2,4,2,0,0,13,44.07605278,-123.13825,12,6,0,2,3,1,0,2,1,0,5,20,5,24,,
410458,41,2020,11,24,3,22,40,51,1650,1,2,2,3,6,2,4,4,0,0,0,45.51910556,-122.53263611,12,6,0,2,3,1,0,3,2,0,,,22,47,,
410459,41,2020,11,16,2,17,49,47,0,1,2,2,2,3,1,3,1,1,0,243,44.78632222,-122.58107222,12,6,0,1,1,1,0,2,10,0,17,49,17,54,,
410460,41,2020,11,16,2,19,52,37,0,1,1,1,1,2,1,3,1,1,0,733,42.68864444,-120.15908611,58,0,0,1,1,4,0,2,1,0,,,,,,
410461,41,2020,11,17,3,9,0,39,0,1,1,1,1,3,1,3,1,1,0,144,44.07588056,-122.77742222,34,0,0,1,1,4,0,1,98,0,9,1,9,11,,
410462,41,2020,11,17,3,21,39,67,1000,1,1,1,1,3,2,3,1,1,0,117,45.51017778,-122.96931111,8,0,0,1,1,1,0,2,2,0,21,42,21,42,,
410463,41,2020,11,18,4,16,15,11,0,1,1,1,1,3,1,3,1,1,0,314,43.01845278,-123.99171667,34,0,0,1,1,4,0,1,2,0,16,20,16,29,,
410464,41,2020,11,18,4,17,22,5,0,2,2,2,3,2,1,3,1,1,0,211,45.41834444,-122.31894167,12,6,0,2,2,1,0,2,2,0,17,20,17,30,,
410465,41,2020,11,19,5,19,25,5,0,1,1,1,1,3,2,3,1,1,0,95,45.39470833,-122.61552222,8,0,0,1,1,1,0,3,2,0,19,25,19,29,,
410466,41,2020,11,19,5,8,47,35,0,1,2,2,2,3,1,3,1,1,0,150,42.23210278,-121.59706389,12,2,0,1,1,1,0,1,1,1,8,47,9,0,,
410467,41,2020,11,19,5,12,51,17,0,2,4,4,6,2,1,3,1,1,0,1691,43.65405833,-121.51711944,12,1,0,1,1,1,0,1,1,0,12,52,13,4,,
410468,41,2020,11,19,5,2,13,51,1650,1,1,1,1,3,2,3,1,1,0,48,45.5926,-122.66763889,35,0,0,1,1,4,0,3,2,0,2,14,2,19,,
410469,41,2020,11,20,6,14,59,67,0,1,2,2,2,3,1,4,1,0,0,,,,12,2,0,1,1,1,0,8,98,0,,,,,,
410470,41,2020,11,20,6,19,45,19,2257,1,2,2,4,3,2,3,1,1,0,717,43.11246111,-123.44216667,12,6,0,2,2,1,0,2,10,0,,,,,,
410471,41,2020,11,21,7,10,13,67,1000,1,1,1,1,6,2,4,4,0,0,0,45.53589167,-122.94125,33,0,0,1,1,4,0,1,10,0,,,,,,
410472,41,2020,11,22,1,17,50,47,1810,1,1,1,2,1,2,1,1,1,0,2562,44.94911389,-122.99047222,8,0,0,1,1,1,0,2,2,0,17,50,17,55,,
410473,41,2020,11,24,3,2,33,27,0,2,1,1,3,1,1,1,1,1,0,673,45.69541944,-121.44709722,25,0,0,1,1,4,0,2,1,0,2,45,2,54,,
410474,41,2020,8,9,1,,,57,0,1,1,1,1,4,1,7,2,0,0,17,45.59806111,-123.42493056,35,0,0,1,1,4,0,9,98,0,,,,,,
420001,42,2020,1,3,6,7,44,69,7460,1,1,1,1,3,2,3,1,0,0,121,41.44407778,-75.67271389,8,0,0,1,1,1,0,1,2,0,,,,,,
420002,42,2020,1,5,1,19,9,11,0,1,1,1,1,3,1,4,1,0,0,165,40.48946944,-75.63771389,42,0,0,1,1,4,0,2,98,0,,,,,,
420003,42,2020,1,7,3,9,27,25,0,1,1,1,2,3,1,5,1,0,0,25,40.92961111,-75.89853889,42,0,0,1,1,4,0,1,98,0,,,,,,
420004,42,2020,1,8,4,12,19,87,0,1,1,1,1,2,2,2,99,1,0,249,40.59870833,-77.56061389,25,0,0,1,1,3,0,1,4,0,12,21,12,35,,
420005,42,2020,1,11,7,5,12,3,408,1,2,2,5,3,2,3,1,1,0,131,40.34538611,-79.97302778,12,2,0,1,1,1,0,3,2,0,5,12,5,18,5,46
420006,42,2020,1,14,3,7,17,51,0,1,2,2,3,2,1,3,99,1,0,301,39.77764444,-79.50101111,12,2,0,1,1,1,0,4,98,0,7,20,7,26,8,14
420007,42,2020,1,14,3,17,33,31,0,1,1,1,1,2,1,3,99,1,0,66,41.26344444,-79.48938889,49,0,0,1,1,1,0,5,98,0,,,,,,
420008,42,2020,1,15,4,4,35,51,0,2,1,1,4,2,1,3,99,1,0,20,40.00191667,-79.8584,24,0,0,1,1,4,0,2,5,0,4,40,4,50,5,30
420009,42,2020,1,9,5,8,10,87,4430,1,2,2,2,2,2,3,99,1,0,28,40.59562222,-77.58144444,12,6,0,8,1,1,0,1,98,0,,,,,,
420010,42,2020,1,15,4,16,33,29,0,1,1,1,1,3,2,5,1,0,0,75,40.0041,-75.81127222,42,0,0,1,1,5,0,1,98,0,,,,,,
420011,42,2020,1,11,7,5,25,101,6540,1,2,2,2,3,2,4,1,1,0,2,39.97938056,-75.09314167,12,2,0,1,1,1,0,3,98,0,,,,,,
420012,42,2020,1,17,6,8,47,73,8830,1,2,2,2,3,1,3,1,1,0,20,40.88235278,-80.33179444,12,6,0,2,3,1,0,1,98,0,8,46,8,51,9,44
420013,42,2020,1,19,1,23,39,87,0,1,1,1,1,3,1,4,1,0,0,139,40.65428333,-77.63046389,24,0,0,3,3,4,0,2,98,0,23,42,23,51,,
420014,42,2020,1,19,1,4,30,41,0,1,1,1,1,3,2,4,1,0,0,225,40.19893611,-77.15211111,42,0,0,1,1,4,0,2,5,0,,,,,,
420015,42,2020,1,22,4,14,9,101,6540,1,2,2,3,1,2,1,1,1,0,164,39.89843056,-75.18140278,12,1,1,18,1,1,0,1,1,0,,,,,,
420016,42,2020,1,18,7,3,10,69,0,1,1,1,1,3,2,5,1,0,0,87,41.35698333,-75.52901944,24,0,0,1,1,4,0,2,98,0,3,8,3,17,,
420017,42,2020,1,12,1,4,34,19,0,1,1,1,1,3,1,4,1,0,0,68,40.77408889,-80.05428056,24,0,0,3,3,4,0,2,8,0,4,34,4,44,,
420018,42,2020,2,1,7,21,15,99,0,1,1,1,2,5,1,7,3,0,0,0,40.32761667,-77.22451944,34,0,0,1,1,4,0,2,2,0,21,16,21,40,22,23
420019,42,2020,1,25,7,6,41,43,0,1,2,1,2,1,1,1,31,1,0,2514,40.20990278,-76.71156667,14,0,0,1,1,2,0,2,2,0,,,,,,
420020,42,2020,2,7,6,20,40,17,0,1,2,2,2,3,2,3,1,1,0,29,40.20398333,-75.09499167,8,0,0,3,3,1,0,3,98,0,20,40,20,44,21,12
420021,42,2020,2,6,5,17,49,91,0,1,2,1,1,3,2,5,1,0,0,3,40.007625,-75.29530833,8,0,0,1,1,1,0,3,2,0,17,50,17,55,18,10
420022,42,2020,2,3,2,16,8,79,0,2,2,2,2,3,2,4,1,0,0,144,41.09385278,-75.93555278,12,2,0,1,1,1,0,1,98,0,16,7,16,23,,
420023,42,2020,2,4,3,8,7,121,0,2,2,2,2,3,1,3,1,1,0,42,41.22553889,-79.95990556,12,2,0,1,1,1,0,1,10,0,,,,,,
420024,42,2020,2,7,6,19,9,91,0,1,1,1,2,3,2,4,1,0,0,39,40.14009444,-75.16554444,39,0,0,1,1,5,0,3,98,0,19,9,19,16,19,55
420025,42,2020,2,8,7,4,32,17,0,1,1,1,1,5,1,7,3,0,0,0,40.51866389,-75.13081944,17,0,0,1,1,4,0,2,98,0,4,32,4,41,,
420026,42,2020,2,13,5,19,45,79,0,1,1,1,1,2,1,4,1,0,0,155,41.20165278,-76.07347778,8,0,0,1,1,1,0,2,10,0,,,,,,
420027,42,2020,2,15,7,1,23,51,0,2,1,1,2,3,1,7,1,0,0,9,39.95641111,-79.86128889,39,0,0,1,1,4,0,3,98,0,1,24,1,39,,
420028,42,2020,2,12,4,21,4,11,0,1,1,1,1,3,1,5,1,0,0,86,40.51143333,-76.32107778,42,0,0,1,1,4,0,2,12,0,,,,,,
420029,42,2020,2,14,6,19,48,101,6540,1,1,1,1,3,2,3,1,1,0,66,40.02912778,-75.14686667,8,0,0,3,2,1,0,3,98,0,,,,,,
420030,42,2020,2,10,2,1,45,91,0,1,1,1,2,5,1,3,3,1,0,0,40.14104444,-75.32616667,33,0,0,3,3,4,0,2,98,0,,,,,,
420031,42,2020,2,20,5,23,11,91,3970,1,2,2,4,3,2,3,1,1,0,26,40.09699722,-75.12585,8,0,0,1,1,1,0,3,98,0,23,11,23,16,,
420032,42,2020,2,24,2,16,7,43,0,1,3,3,4,2,2,4,99,0,0,283,40.36220278,-76.66726111,12,6,0,2,4,1,0,1,98,0,,,,,,
420033,42,2020,2,19,4,14,32,101,6540,1,2,2,2,6,2,7,4,0,0,0,39.98813889,-75.2327,12,6,0,2,3,1,0,1,98,0,14,32,14,40,15,2
420034,42,2020,2,10,2,16,43,101,6540,1,1,1,1,2,2,3,99,1,0,82,40.07888333,-75.03020278,8,0,0,1,1,1,0,1,98,0,,,,,,
420035,42,2020,2,14,6,11,26,91,0,1,2,2,3,2,2,3,99,1,0,36,39.99543889,-75.26779167,12,6,0,2,2,1,0,1,98,0,11,27,11,30,11,49
420036,42,2020,2,26,4,14,45,65,0,1,2,2,3,2,1,3,99,1,0,1,40.910325,-79.00089444,12,6,0,1,1,1,0,1,1,0,,,,,,
420037,42,2020,1,16,5,20,29,17,0,1,1,1,1,5,1,7,3,0,0,0,40.09927778,-74.94188889,33,0,0,1,1,4,0,3,98,0,20,29,20,32,20,48
420038,42,2020,2,18,3,12,28,99,0,1,1,1,1,3,1,6,1,0,0,19,40.41577222,-77.25841111,42,0,0,1,1,4,0,1,98,0,23,25,23,33,,
420039,42,2020,2,29,7,19,39,115,0,1,1,1,2,3,1,6,1,0,0,109,41.848725,-75.63341111,42,0,0,1,1,4,0,2,98,0,,,,,,
420040,42,2020,2,25,3,14,8,43,0,1,1,1,2,3,1,5,1,0,0,34,40.21254722,-76.64680278,35,0,0,1,1,4,0,1,98,0,,,,,,
420041,42,2020,2,5,4,8,51,73,0,1,2,2,3,3,2,4,1,0,0,21,40.86068056,-80.24657778,12,2,0,1,1,1,0,1,98,0,8,52,8,56,,
420042,42,2020,2,28,6,1,20,11,0,1,1,1,1,3,2,4,1,0,0,92,40.31374444,-75.71748333,42,0,0,1,1,4,0,2,98,0,,,,,,
420043,42,2020,2,4,3,19,6,125,1070,1,2,2,2,3,2,4,1,0,0,26,40.26961944,-80.18399444,12,2,0,2,2,1,0,3,2,0,19,6,19,15,19,56
420044,42,2020,2,13,5,11,3,3,1740,1,1,1,1,8,6,96,96,0,0,0,40.44098889,-80.07265,8,0,0,1,1,1,0,1,98,0,11,4,11,12,,
420045,42,2020,3,3,3,5,40,101,6540,1,1,1,1,3,2,3,1,1,0,56,39.96453056,-75.13433889,8,0,0,3,4,1,0,4,2,0,5,42,5,46,6,5
420046,42,2020,3,2,2,3,26,17,0,1,1,1,1,2,2,2,99,1,0,28,40.15114444,-74.9486,8,0,0,1,1,1,0,2,98,0,,,,,,
420047,42,2020,3,10,3,7,48,129,5645,1,2,2,2,3,2,3,1,1,0,76,40.5014,-79.67928611,12,6,1,2,3,1,0,1,10,0,8,1,8,9,9,6
420048,42,2020,3,7,7,9,20,115,0,1,2,2,3,3,1,4,1,0,0,29,41.68438889,-75.91856667,12,2,0,1,1,1,0,1,98,0,9,16,9,34,9,53
420049,42,2020,3,2,2,16,37,85,0,1,1,1,1,1,1,1,1,1,0,86,41.18583333,-80.35633611,32,0,0,1,1,4,0,1,99,0,16,41,16,53,17,11
420050,42,2020,3,4,4,22,38,121,0,1,2,2,3,3,1,4,1,0,0,7,41.59313889,-79.83646667,12,2,0,1,1,1,0,2,12,0,22,38,23,3,23,52
420051,42,2020,3,15,1,17,34,85,0,1,2,2,2,2,1,5,99,0,0,246,41.46365,-80.20008611,12,6,0,2,2,1,0,1,1,0,17,36,17,49,,
420052,42,2020,3,22,1,1,8,25,0,1,1,1,1,3,1,4,1,0,0,46,40.91185,-75.83697222,42,0,0,1,1,4,0,2,98,0,,,,,,
420053,42,2020,4,5,1,23,50,91,6780,1,1,1,1,3,2,3,1,1,0,9,40.253813890000004,-75.6596,8,0,0,3,2,1,0,2,2,0,23,51,23,56,,
420054,42,2020,3,22,1,14,2,3,0,1,1,1,1,5,1,7,3,0,0,0,40.538325,-80.15704167,1,0,0,1,1,1,0,1,98,0,14,4,14,10,,
420055,42,2020,3,5,5,13,10,75,0,1,1,1,1,5,1,7,3,0,0,0,40.32700833,-76.44205,43,0,0,1,1,5,0,1,98,0,,,,,,
420056,42,2020,4,12,1,21,5,129,5880,1,1,1,2,3,2,3,1,1,0,13,40.56910278,-79.75132778,11,0,0,1,1,1,0,2,98,0,21,9,21,11,21,45
420057,42,2020,3,20,6,22,22,67,0,1,1,1,1,5,1,7,3,0,0,0,40.49383333,-77.3995,1,0,0,1,1,4,0,2,98,0,,,,,,
420058,42,2020,2,24,2,20,46,101,6540,1,1,1,1,6,2,7,4,0,0,0,39.97747778,-75.14844444,8,0,0,3,2,1,0,3,98,0,20,49,21,2,,
420059,42,2020,2,12,4,5,19,73,0,1,2,2,2,3,1,5,1,0,0,34,40.86061944,-80.31149167,12,2,0,1,1,1,0,2,98,0,5,17,5,25,6,4
420060,42,2020,2,27,5,23,8,29,0,1,1,1,1,3,2,5,1,0,0,22,40.10288333,-75.55691667,42,0,0,1,1,4,0,2,98,0,,,,,,
420061,42,2020,3,7,7,15,13,33,0,1,3,3,6,1,1,1,1,1,0,995,41.13838611,-78.73718889,12,8,0,1,1,1,0,1,98,0,,,,,,
420062,42,2020,3,3,3,7,6,101,6540,1,1,1,1,2,2,3,99,1,0,93,40.02943889,-75.10226667,30,0,0,1,1,3,0,4,2,0,7,6,7,10,7,41
420063,42,2020,3,14,7,23,43,125,0,1,1,1,1,5,1,7,3,0,0,0,40.18480556,-80.26946667,33,0,0,1,1,4,0,2,4,0,22,42,23,44,,
420064,42,2020,2,12,4,22,52,79,2960,1,2,2,1,3,2,2,1,1,0,269,41.268375,-75.869425,12,1,0,1,1,1,0,2,4,0,22,52,22,58,23,22
420065,42,2020,3,10,3,18,38,29,0,1,1,1,1,1,1,1,31,1,0,3078,40.09566389,-75.73569167,1,0,0,1,1,2,0,5,98,0,18,38,18,57,19,23
420066,42,2020,4,4,7,17,30,85,0,1,1,1,1,3,1,1,1,1,0,1169,41.202275,-80.16014167,34,0,1,5,1,4,0,1,98,0,17,30,17,40,,
420067,42,2020,3,7,7,12,2,71,0,3,2,2,4,2,2,2,99,1,0,365,40.13128333,-76.21444444,12,2,1,18,1,1,0,1,98,0,,,,,,
420068,42,2020,4,8,4,23,39,127,0,2,2,2,3,2,1,4,99,0,0,4,41.57533333,-75.45113889,12,2,0,1,1,1,0,2,98,0,23,42,23,45,0,10
420069,42,2020,4,19,1,0,9,3,6600,1,1,1,1,6,2,7,4,0,0,0,40.45166667,-79.88473333,24,0,0,3,3,4,0,3,98,0,,,,,,
420070,42,2020,4,9,5,15,41,11,0,1,1,1,1,5,1,7,3,0,0,0,40.48505,-76.13053889,44,0,0,1,1,1,0,1,98,0,,,,,,
420071,42,2020,4,25,7,0,32,115,0,1,1,1,1,5,1,7,3,0,0,0,41.77525,-76.09238889,59,0,0,1,1,4,0,2,98,0,0,30,0,49,,
420072,42,2020,3,23,2,12,18,17,0,1,2,2,2,2,2,3,99,1,0,14,40.075175,-74.95855278,12,2,0,1,1,1,0,1,2,0,12,18,12,23,12,42