st_case,state,year,month,day,day_week,hour,minute,county,city,fatals_crash,vehicles_total,vehicles_in_transport,persons_total,route,rural_urban,functional_system,road_owner,nhs,special_jurisdiction,milepoint,latitude,longitude,first_harmful_event,manner_collision,rel_jct_interchange,rel_jct_location,intersection_type,relation_to_road,work_zone,light_condition,weather,school_bus_related,ems_notified_hour,ems_notified_min,ems_arrival_hour,ems_arrival_min,hospital_hour,hospital_min
420234,42,2020,6,17,4,11,11,71,0,1,1,1,2,3,1,6,1,0,0,71,40.27805556,-76.20246667,99,0,0,1,1,1,0,1,98,0,11,12,11,26,12,55
420235,42,2020,7,2,5,22,48,7,4140,1,1,1,1,3,2,4,1,0,0,78,40.83964167,-80.31879167,31,0,0,1,1,4,0,3,98,0,22,52,23,7,,
420236,42,2020,7,4,7,8,30,125,0,1,1,1,1,1,2,1,1,1,0,426,40.24440278,-80.20178889,42,0,1,19,1,4,0,1,1,0,8,27,8,38,11,33
420237,42,2020,7,18,7,17,25,127,0,1,2,2,3,3,1,4,1,0,0,413,41.73771667,-75.18994722,12,6,0,2,2,1,0,1,98,0,,,,,,
420238,42,2020,7,16,5,10,36,21,0,1,1,1,1,3,1,6,1,0,0,9,40.64521667,-78.64322778,42,0,0,1,1,5,0,1,1,0,,,,,,
420239,42,2020,7,12,1,15,52,129,5645,1,1,1,1,3,2,3,1,1,0,77,40.5028,-79.67867222,24,0,1,19,1,3,0,1,98,0,15,41,15,42,,
420240,42,2020,7,14,3,6,23,125,0,1,1,1,1,3,1,5,1,0,0,57,40.22840833,-80.10595556,17,0,0,1,1,5,0,2,98,0,6,22,6,48,,
420241,42,2020,7,17,6,14,2,51,0,1,2,2,2,2,1,3,99,1,0,38,39.98540556,-79.837125,12,2,0,2,3,1,0,1,98,0,14,11,14,26,15,28
420242,42,2020,7,4,7,21,45,129,0,1,2,2,2,3,2,5,1,0,0,50,40.36393056,-79.57380556,12,1,0,1,1,1,0,2,1,0,,,,,,
420243,42,2020,7,13,2,16,51,3,570,1,1,1,3,6,2,7,4,0,0,0,40.49993056,-80.05865278,43,0,0,3,3,5,0,1,98,0,16,51,17,4,17,25
420244,42,2020,6,25,5,2,28,131,0,1,3,3,3,3,1,4,1,0,0,132,41.57323333,-76.03438611,12,6,0,1,1,1,0,2,1,0,,,,,,
420245,42,2020,4,19,1,21,35,101,6540,1,3,3,3,2,2,3,99,1,0,69,40.01219444,-75.16192778,8,0,0,1,1,1,0,6,98,0,,,,,,
420246,42,2020,6,24,4,15,56,71,0,1,2,2,2,2,1,3,99,1,0,282,39.99544444,-76.04306389,12,2,0,3,3,1,0,1,98,0,15,55,,,,
420247,42,2020,7,7,3,13,51,101,6540,1,2,2,5,1,2,1,1,1,0,215,39.95824167,-75.14121389,12,1,0,1,1,1,0,1,1,0,,,,,,
420248,42,2020,6,24,4,23,38,99,0,2,3,3,3,3,1,5,1,0,0,129,40.42478333,-77.34551667,12,7,0,1,1,1,0,2,98,0,23,37,0,6,0,52
420249,42,2020,7,4,7,22,59,101,6540,1,2,2,2,2,2,3,99,1,0,2,40.02173611,-75.13975556,12,6,0,2,2,1,0,3,98,0,,,,,,
420250,42,2020,6,8,2,17,22,3,6600,1,2,2,3,3,2,3,1,1,0,29,40.48305556,-80.04880833,12,6,0,8,1,1,0,1,98,0,17,20,17,29,17,43
420251,42,2020,6,1,2,14,23,101,6540,2,5,2,15,6,2,7,4,0,0,0,39.92008056,-75.21300556,12,2,0,1,1,1,0,1,98,0,,,,,,
420252,42,2020,7,12,1,19,4,91,6780,1,2,2,2,3,2,3,1,1,0,142,40.24401944,-75.61544722,12,2,0,2,4,1,0,1,10,0,19,5,19,8,19,51
420253,42,2020,7,10,6,14,12,11,0,1,3,3,4,3,1,4,1,0,0,159,40.47584167,-76.16118056,12,8,0,1,1,1,0,1,2,0,,,,,,
420254,42,2020,3,6,6,6,15,17,0,1,4,4,11,1,2,1,1,1,0,376,40.09634444,-74.91621667,12,1,0,1,1,1,0,4,1,0,,,,,,
420255,42,2020,6,20,7,0,36,125,0,1,1,1,1,5,1,7,3,0,0,0,40.19955556,-79.97485833,24,0,0,1,1,4,0,2,98,0,0,46,0,56,,
420256,42,2020,6,27,7,2,41,11,0,1,1,1,1,5,1,7,3,0,0,0,40.25262222,-75.78749722,1,0,0,1,1,4,0,2,98,0,,,,,,
420257,42,2020,3,17,3,8,58,1,0,1,1,1,1,5,1,7,3,0,0,0,39.85025,-77.02781944,10,0,0,6,1,1,0,1,98,0,,,,,,
420258,42,2020,3,6,6,14,37,133,0,1,2,1,2,3,1,4,1,0,0,409,40.03974722,-76.89155833,14,0,0,1,1,2,0,1,98,0,,,,,,
420259,42,2020,7,5,1,3,4,43,0,1,1,1,1,1,2,1,1,1,0,11,40.23330278,-76.79710833,35,0,0,1,1,4,0,2,98,0,,,,,,
420260,42,2020,6,18,5,12,43,5,0,1,1,1,1,3,1,5,1,0,0,34,40.95263611,-79.46432778,1,0,0,1,1,1,0,1,98,0,,,,,,
420261,42,2020,4,12,1,22,27,133,8120,1,3,1,1,3,1,4,1,0,0,29,39.74855556,-76.59129167,53,0,0,1,1,4,0,3,2,0,,,,,,
420262,42,2020,5,12,3,21,30,133,0,1,1,1,1,2,1,3,99,1,0,267,40.03159167,-76.54435556,8,0,0,1,1,1,0,2,98,0,,,,,,
420263,42,2020,3,17,3,4,34,133,0,1,2,2,2,2,2,3,99,1,0,164,39.9838,-76.72219722,12,6,0,2,3,1,0,3,2,0,4,37,4,42,,
420264,42,2020,5,20,4,14,29,55,0,1,2,2,2,2,2,5,99,0,0,37,39.77502778,-77.72935833,12,6,0,2,3,1,0,1,1,0,,,,,,
420265,42,2020,1,27,2,13,37,133,0,2,2,2,3,3,2,4,1,0,0,198,39.89568611,-76.56558056,53,0,0,1,1,4,0,1,98,0,13,38,13,43,14,18
420266,42,2020,5,13,4,21,42,101,6540,1,4,2,4,3,2,4,1,0,0,19,40.02394167,-75.110475,12,6,0,3,3,1,0,3,98,0,,,,,,
420267,42,2020,5,28,5,5,45,3,6600,1,2,2,4,1,2,1,1,1,0,760,40.42574167,-79.90151944,12,1,0,1,1,1,0,4,2,0,5,39,5,51,6,31
420268,42,2020,4,5,1,1,23,133,0,1,1,1,1,3,1,7,1,0,0,27,40.10501667,-76.90394167,39,0,0,1,1,5,0,3,98,0,2,28,2,43,,
420269,42,2020,6,14,1,3,16,133,0,1,1,1,2,1,2,1,1,1,0,336,40.14829444,-76.81740278,25,0,1,19,1,3,0,2,98,0,4,16,4,25,,
420270,42,2020,5,31,1,0,12,101,6540,1,3,3,3,3,2,3,1,1,0,39,39.99085833,-75.15523056,12,6,0,2,2,1,0,3,98,0,,,,,,
420271,42,2020,6,28,1,17,17,3,0,1,2,2,2,3,2,4,1,0,0,87,40.616275,-79.86799722,12,11,0,2,3,1,0,1,98,0,17,16,17,22,,
420272,42,2020,6,23,3,7,52,133,0,1,3,3,3,3,1,4,1,0,0,76,39.80950278,-76.375375,12,8,0,1,1,1,0,1,98,0,7,47,7,59,8,37
420273,42,2020,6,13,7,14,34,101,6540,1,2,2,2,3,2,3,1,1,0,25,40.03935556,-75.18483889,12,6,0,2,2,1,0,1,98,0,,,,,,
420274,42,2020,6,8,2,19,47,133,0,1,1,1,1,3,1,7,1,0,0,19,39.79068056,-76.77983611,39,0,0,1,1,4,0,5,98,0,19,47,19,56,,
420275,42,2020,6,25,5,20,55,101,6540,1,1,1,1,3,2,3,1,1,0,31,39.92988611,-75.14446111,8,0,0,3,3,1,0,3,98,0,,,,,,
420276,42,2020,6,26,6,22,35,133,0,1,2,2,3,2,2,3,99,1,0,63,39.92386389,-76.87513889,12,8,0,1,1,11,0,2,98,0,23,50,0,30,,
420277,42,2020,4,10,6,9,50,133,0,1,2,2,2,3,2,4,1,0,0,25,39.92718056,-76.749125,43,0,0,1,1,4,0,1,10,0,,,,,,
420278,42,2020,6,12,6,1,5,125,0,1,1,1,1,1,2,1,1,1,0,209,40.16231667,-80.19498056,59,0,1,19,1,8,1,3,98,0,1,8,1,32,,
420279,42,2020,6,26,6,16,48,1,0,1,1,1,2,5,1,7,3,0,0,0,39.859775,-77.02841667,33,0,0,1,1,5,0,1,98,0,,,,,,
420280,42,2020,7,11,7,12,34,43,0,1,2,2,2,3,2,4,1,0,0,39,40.34145833,-76.90878611,12,2,0,1,1,1,0,1,98,0,,,,,,
420281,42,2020,7,18,7,15,1,127,0,1,1,1,2,3,1,4,1,0,0,272,41.55513611,-75.24956667,34,0,0,1,1,4,0,1,1,0,15,1,15,8,,
420282,42,2020,7,2,5,8,54,133,0,1,2,2,2,3,2,2,1,1,0,223,40.00485833,-76.62125,12,1,1,20,1,1,0,1,98,0,8,57,9,4,9,41
420283,42,2020,7,9,5,21,19,99,0,1,1,1,2,3,1,4,1,0,0,50,40.34075833,-77.32493056,53,0,0,1,1,4,0,2,98,0,,,,,,
420284,42,2020,6,27,7,20,48,133,0,1,2,2,3,3,2,4,1,0,0,164,39.91746944,-76.63081944,1,0,0,8,1,1,0,5,98,0,,,,,,
420285,42,2020,7,22,4,8,0,27,540,1,1,1,1,9,2,99,99,0,0,0,40.91219722,-77.77791667,8,0,0,3,2,1,0,1,1,0,,,,,,
420286,42,2020,8,2,1,1,44,85,0,2,2,2,2,5,1,7,3,0,0,0,41.48395278,-80.30849167,12,2,0,1,1,1,0,2,98,0,,,,,,
420287,42,2020,5,22,6,11,0,101,6540,1,4,4,5,1,2,1,1,1,0,205,39.94309444,-75.14310833,12,1,0,1,1,1,0,1,2,0,,,,,,
420288,42,2020,8,2,1,2,17,69,2120,1,1,1,1,3,2,1,1,1,0,7,41.41888333,-75.60270556,25,0,1,5,1,4,0,3,98,0,,,,,,
420289,42,2020,8,5,4,9,30,7,0,1,1,1,1,5,1,7,3,0,0,0,40.77407778,-80.47511944,1,0,0,1,1,1,0,1,10,0,9,35,10,2,,
420290,42,2020,8,27,5,18,41,11,6900,1,2,2,2,6,2,7,4,0,0,0,40.347625,-75.93531667,12,6,0,2,2,1,0,1,98,0,,,,,,
420291,42,2020,8,12,4,5,40,91,0,1,1,1,1,3,2,3,1,1,0,30,40.17575556,-75.43581667,8,0,0,1,1,1,0,2,98,0,5,41,5,46,,
420292,42,2020,8,15,7,4,0,27,0,1,1,1,1,1,1,1,1,1,0,81,40.88031944,-77.76280278,35,0,0,1,1,3,0,3,98,0,,,,,,
420293,42,2020,8,13,5,16,6,21,0,1,2,2,2,3,2,4,1,0,0,9,40.30539167,-78.82901667,12,6,0,2,3,1,0,1,98,0,,,,,,
420294,42,2020,8,9,1,16,6,33,0,1,1,1,2,5,1,7,3,0,0,0,41.19811944,-78.60379167,34,0,0,1,1,4,0,1,98,0,,,,,,
420295,42,2020,8,14,6,22,15,103,0,1,2,2,2,3,1,7,1,0,0,0,41.49032222,-75.15603889,12,2,0,1,1,1,0,2,98,0,,,,,,
420296,42,2020,3,9,2,13,45,101,6540,1,1,1,1,3,2,3,1,1,0,5,39.90541667,-75.17355556,8,0,0,3,7,1,0,1,98,0,13,47,13,55,14,18
420297,42,2020,7,17,6,18,42,71,0,1,1,1,2,3,2,4,1,0,0,38,40.13855556,-76.58644167,8,0,0,1,1,1,0,1,1,0,,,,,,
420298,42,2020,8,13,5,6,27,85,0,1,2,2,2,2,1,4,99,0,0,146,41.22602222,-80.26493056,12,1,0,1,1,1,0,4,1,0,8,12,8,12,,
420299,42,2020,6,25,5,19,10,49,0,1,1,1,1,3,1,5,1,0,0,369,42.21442222,-79.89776667,42,0,0,1,1,4,0,1,98,0,23,10,23,17,,
420300,42,2020,6,13,7,4,28,11,6900,1,1,1,2,3,2,3,1,1,0,6,40.35301667,-75.93360556,30,0,0,1,1,4,0,2,98,0,,,,,,
420301,42,2020,7,4,7,22,56,49,0,1,2,2,3,2,1,3,99,1,0,87,41.87539167,-79.88656667,12,11,0,2,2,1,0,2,1,0,22,56,23,14,,
420302,42,2020,7,18,7,19,45,29,0,1,2,2,2,3,2,5,1,0,0,12,39.99735556,-75.48393056,12,1,0,1,1,1,0,1,98,0,19,49,20,5,20,21
420303,42,2020,7,15,4,21,52,129,0,1,1,1,1,3,1,4,1,0,0,46,40.15243056,-79.33111944,11,0,0,2,3,1,0,2,1,0,21,50,21,52,,
420304,42,2020,3,8,1,13,18,91,0,1,3,3,4,3,1,3,1,1,0,94,40.34799167,-75.54207222,12,6,0,2,2,1,0,1,98,0,,,,,,
420305,42,2020,6,16,3,14,35,3,9310,1,2,2,2,3,2,4,1,0,0,61,40.35447778,-80.00430278,33,0,0,1,1,4,0,1,98,0,14,33,14,36,15,11
420306,42,2020,6,14,1,20,47,101,6540,1,2,2,2,3,2,4,1,0,0,66,40.0643,-75.05382222,12,6,0,2,2,1,0,3,98,0,,,,,,
420307,42,2020,5,8,6,14,36,71,0,1,1,1,1,3,1,4,1,0,0,49,39.77609167,-76.14696667,35,0,0,1,1,4,0,1,2,0,14,33,14,40,,
420308,42,2020,7,8,4,17,2,101,6540,1,2,2,3,6,2,7,4,0,0,0,40.05318056,-75.15670556,12,6,0,2,2,1,0,1,98,0,,,,,,
420309,42,2020,4,27,2,6,21,7,0,1,2,2,2,3,1,5,1,0,0,9,40.72529167,-80.22449167,12,6,0,2,2,1,0,1,98,0,6,25,6,45,7,22
420310,42,2020,6,27,7,21,7,43,3500,1,2,2,5,3,2,4,1,0,0,14,40.26306111,-76.86877222,12,11,0,2,2,1,0,3,98,0,21,7,21,14,21,21
420311,42,2020,6,29,2,18,25,21,0,1,1,1,1,5,1,7,3,0,0,0,40.56415556,-78.67490833,24,0,0,1,1,4,0,1,98,0,,,,,,
420312,42,2020,7,10,6,21,26,11,0,2,3,2,2,2,2,2,99,1,0,164,40.41935833,-75.92654444,12,1,0,1,1,1,0,2,98,0,,,,,,
420313,42,2020,6,18,5,17,37,133,0,1,1,1,1,3,1,4,1,0,0,392,40.02205833,-76.87006944,31,0,0,1,1,4,0,1,98,0,17,35,17,43,,
420314,42,2020,7,25,7,13,25,19,0,1,1,1,2,5,1,7,3,0,0,0,40.85026667,-79.91239167,39,0,0,3,3,4,0,1,98,0,13,28,13,37,13,59
420315,42,2020,7,3,6,21,57,71,0,1,2,2,2,3,2,7,1,0,0,13,40.13861667,-76.53203056,12,6,0,2,3,1,0,2,98,0,21,59,22,8,22,55
420316,42,2020,7,21,3,13,10,101,6540,1,1,1,2,6,2,7,4,0,0,0,39.96964444,-75.26173889,42,0,0,1,1,4,0,1,98,0,,,,,,
420317,42,2020,7,26,1,20,46,129,0,1,2,2,4,3,2,4,1,0,0,62,40.36391667,-79.67095556,12,6,0,2,4,1,0,2,98,0,20,29,20,32,,
420318,42,2020,7,10,6,21,11,91,9020,1,3,1,1,1,2,1,1,1,0,165,40.07338611,-75.32219167,14,0,0,1,1,2,2,3,2,0,21,7,21,16,21,49
420319,42,2020,8,11,3,18,5,51,0,1,1,1,1,3,1,7,1,0,0,3,39.96849167,-79.72331667,42,0,0,1,1,4,0,1,98,0,18,8,18,17,19,22
420320,42,2020,8,21,6,22,59,115,0,1,1,1,2,3,1,6,1,0,0,88,41.71599722,-75.58931667,11,0,0,1,1,1,0,2,99,0,,,,,,
420321,42,2020,6,13,7,23,34,91,6000,1,2,2,2,3,2,4,1,0,0,28,40.11375556,-75.32306944,12,2,0,8,1,1,0,3,98,0,,,,,,
420322,42,2020,4,14,3,9,5,15,7410,1,1,1,1,8,6,96,96,0,0,0,41.97813611,-76.51794167,8,0,0,8,1,2,0,1,8,0,,,,,,
420323,42,2020,6,24,4,9,11,101,6540,1,3,3,3,1,2,1,31,1,0,0,39.90771667,-75.14371667,12,8,0,1,1,1,0,1,98,0,,,,,,
420324,42,2020,7,29,4,17,24,1,0,1,2,2,3,3,1,3,1,1,0,105,39.96698611,-77.07685833,12,1,0,3,2,1,0,1,1,0,,,,,,
420325,42,2020,8,22,7,11,13,87,0,2,2,2,4,2,2,2,99,1,0,98,40.65030556,-77.58294167,12,6,0,7,1,1,0,1,98,0,,,,,,
420326,42,2020,8,5,4,13,42,27,0,1,2,2,2,3,2,2,1,1,0,95,40.81171667,-77.82911667,12,6,1,2,2,1,0,1,98,0,13,42,13,47,14,13
420327,42,2020,7,31,6,3,12,39,0,1,1,1,1,3,1,5,1,0,0,45,41.48803056,-80.06212222,7,0,0,3,3,4,0,2,98,0,2,55,,,,
420328,42,2020,5,14,5,9,7,133,0,1,2,1,1,3,2,3,1,1,0,313,39.959216670000004,-76.75313056,8,0,0,1,1,5,1,1,1,0,,,,,,
420329,42,2020,8,18,3,10,57,111,0,1,1,1,1,5,1,7,3,0,0,0,40.04760833,-79.05271944,8,0,0,1,1,1,0,1,1,0,,,,,,
420330,42,2020,7,19,1,13,37,117,0,1,2,2,7,2,1,3,99,1,0,79,41.742725,-77.46204167,1,0,0,8,1,1,0,1,98,0,13,37,13,51,,
420331,42,2020,8,7,6,17,0,7,0,1,1,1,1,3,2,5,1,0,0,1,40.71052778,-80.27919167,58,0,0,1,1,4,0,1,98,0,17,7,17,31,18,8
420332,42,2020,8,12,4,7,48,99,0,1,2,2,2,5,1,7,3,0,0,0,40.38255556,-77.26533056,12,2,0,1,1,1,0,1,98,0,,,,,,
420333,42,2020,8,18,3,22,21,33,0,1,1,1,4,3,1,5,1,0,0,65,41.07195556,-78.15753611,30,0,0,1,1,4,0,2,98,0,,,,,,
420334,42,2020,8,22,7,0,45,19,0,1,1,1,1,3,1,6,1,0,0,31,40.99211389,-79.92390278,1,0,0,3,4,2,0,2,99,0,,,,,,
420335,42,2020,9,2,4,7,49,17,0,1,2,2,2,2,2,2,99,1,0,3,40.25746111,-75.20438056,12,2,0,1,1,1,0,1,98,0,,,,,,
420336,42,2020,8,21,6,14,32,19,0,1,1,1,1,3,1,4,1,0,0,257,40.915766669999996,-79.80884167,24,0,0,1,1,4,0,1,98,0,14,29,14,43,16,49
420337,42,2020,9,7,2,22,1,121,6210,1,1,1,1,3,2,4,1,0,0,183,41.44311667,-79.70659167,1,0,0,1,1,4,0,6,98,0,22,2,22,14,,
420338,42,2020,8,30,1,22,6,129,0,1,1,1,3,3,2,5,1,0,0,64,40.29731389,-79.66950556,35,0,0,1,1,4,0,2,1,0,22,7,22,11,22,57
420339,42,2020,9,4,6,23,54,3,6645,1,1,1,1,3,2,4,1,0,0,10,40.49575278,-79.77502778,18,0,0,1,1,4,0,3,98,0,23,54,0,4,,
420340,42,2020,8,30,1,21,44,91,0,1,1,1,1,3,2,3,1,1,0,53,40.13043056,-75.40675,33,0,0,3,2,4,0,2,98,0,21,45,21,51,22,16
420341,42,2020,6,28,1,18,46,69,0,2,1,1,2,5,1,7,3,0,0,0,41.53008333,-75.59469167,42,0,0,1,1,4,0,1,98,0,18,48,18,59,19,31
420342,42,2020,3,27,6,9,14,79,4090,1,2,2,2,3,2,3,1,1,0,4,41.2531,-75.88893056,12,6,0,3,2,1,0,1,98,0,9,16,9,17,,
420343,42,2020,7,12,1,13,41,15,0,1,2,2,3,3,1,6,1,0,0,23,41.84263056,-76.62124167,1,0,0,1,1,1,0,1,98,0,13,37,13,57,,
420344,42,2020,9,2,4,9,38,3,6600,1,1,1,1,6,2,7,4,0,0,0,40.44679444,-79.95057778,8,0,0,3,2,1,0,1,98,0,9,37,9,44,9,57
420345,42,2020,9,3,5,21,10,17,0,1,3,3,3,3,2,3,1,1,0,125,40.17383611,-75.07591111,12,2,0,1,1,1,0,2,2,0,21,15,21,22,22,0
420346,42,2020,7,8,4,15,30,17,0,1,4,4,4,3,2,3,1,1,0,89,40.20553333,-75.12905278,12,8,0,1,1,1,0,1,98,0,15,35,15,38,16,12
420347,42,2020,7,18,7,20,7,115,0,1,1,1,1,5,1,7,3,0,0,0,41.66193056,-75.74816667,5,0,0,1,1,1,0,5,98,0,19,58,20,13,20,34
420348,42,2020,4,29,4,17,0,69,200,1,1,1,1,3,2,5,1,0,0,23,41.49654167,-75.53567778,1,0,0,1,1,1,0,1,98,0,17,1,17,7,17,34
420349,42,2020,9,3,5,19,21,11,0,1,2,2,3,3,2,4,1,0,0,72,40.29610278,-75.89848056,1,0,0,3,3,1,0,1,10,0,23,19,23,26,,
420350,42,2020,9,20,1,23,19,129,0,1,1,1,1,3,2,7,1,0,0,0,40.39505556,-79.63365833,1,0,0,2,4,1,0,2,98,0,,,,,,
420351,42,2020,6,30,3,0,57,101,6540,1,1,1,1,3,2,3,1,1,0,61,40.02228333,-75.14839722,8,0,0,1,1,1,0,3,98,0,,,,,,
420352,42,2020,6,26,6,22,23,101,6540,1,1,1,1,3,2,5,1,0,0,26,40.03664167,-75.06944167,8,0,0,1,1,1,0,3,98,0,,,,,,
420353,42,2020,8,5,4,13,11,33,0,1,1,1,1,5,1,7,3,0,0,0,41.10708889,-78.64091389,42,0,0,1,1,4,0,1,98,0,,,,,,
420354,42,2020,9,5,7,10,47,43,0,1,2,2,3,2,1,4,99,0,0,100,40.56379444,-76.78134444,12,1,0,1,1,1,0,1,98,0,10,46,10,57,,
420355,42,2020,7,10,6,1,45,101,6540,1,2,2,3,3,2,3,1,1,0,47,40.06309722,-75.05167778,12,6,0,2,2,1,0,3,98,0,,,,,,
420356,42,2020,7,23,5,20,3,43,0,1,4,4,9,3,2,3,1,1,0,11,40.27890556,-76.83690833,12,6,0,2,2,1,0,1,98,0,,,,,,
420357,42,2020,7,5,1,20,15,101,6540,1,1,1,3,6,2,3,4,1,0,0,39.89269167,-75.22321944,24,0,0,1,1,3,0,5,98,0,,,,,,
420358,42,2020,8,26,4,17,37,41,0,1,2,2,3,3,1,4,1,0,0,265,40.19629444,-77.07727778,12,6,0,1,1,1,0,1,98,0,17,36,17,48,18,17
420359,42,2020,8,20,5,23,56,41,0,1,4,1,4,1,1,1,1,1,0,372,40.13103333,-77.34575833,14,0,0,1,1,2,0,3,98,0,23,55,0,11,1,55
420360,42,2020,8,25,3,14,40,1,0,1,1,1,1,2,9,2,99,1,0,26,39.74590556,-77.27530556,31,0,0,1,1,3,0,1,98,0,,,,,,
420361,42,2020,6,18,5,14,0,95,0,1,2,2,2,3,1,5,1,0,0,13,40.83848333,-75.24586667,12,6,0,2,2,1,0,1,2,0,,,,,,
420362,42,2020,6,27,7,13,28,11,3460,1,1,1,1,8,6,96,96,0,0,0,40.54846667,-75.99960833,43,0,0,8,1,6,0,1,98,0,,,,,,
420363,42,2020,8,31,2,11,1,3,6600,1,2,2,2,1,2,1,1,1,0,715,40.43508611,-79.98176667,12,7,0,1,1,1,0,1,98,0,10,56,11,5,,
420364,42,2020,9,20,1,20,24,125,0,1,1,1,1,3,1,5,1,0,0,93,40.07738056,-80.40082222,42,0,0,1,1,4,0,2,1,0,20,22,20,45,,
420365,42,2020,7,12,1,20,37,101,6540,1,1,1,1,3,2,3,1,1,0,29,40.00371389,-75.18736389,9,0,0,1,1,2,0,3,98,0,,,,,,
420366,42,2020,8,2,1,1,11,27,0,1,1,1,1,3,2,5,1,0,0,246,40.91438056,-77.71270833,32,0,0,1,1,4,0,2,99,0,1,12,1,20,,
420367,42,2020,9,25,6,18,1,11,0,1,3,2,4,3,1,5,1,0,0,44,40.40933056,-76.20413056,12,2,0,8,1,1,0,1,98,0,,,,,,
420368,42,2020,9,19,7,23,35,59,0,1,2,2,2,3,1,4,1,0,0,80,39.92864444,-80.39957778,12,2,0,1,1,1,0,2,98,0,23,35,23,57,,
420369,42,2020,7,13,2,10,35,101,6540,1,1,1,1,6,2,7,4,0,0,0,39.96561389,-75.23209167,8,0,0,1,1,1,0,1,98,0,,,,,,
420370,42,2020,9,6,1,23,29,101,6540,1,1,1,1,3,2,3,1,1,0,75,39.93786667,-75.16680556,8,0,0,3,2,1,0,3,98,0,23,20,23,25,23,37
420371,42,2020,7,28,3,22,15,101,6540,1,1,1,1,3,2,4,1,0,0,39,39.99690278,-75.11651944,8,0,0,1,1,1,0,3,98,0,,,,,,
420372,42,2020,8,30,1,0,42,101,6540,2,2,2,6,6,2,7,4,0,0,0,40.00712778,-75.09406944,12,6,0,2,2,1,0,3,98,0,,,,,,
420373,42,2020,8,4,3,15,33,101,6540,1,1,1,1,3,2,3,1,1,0,35,40.04623056,-75.06041944,19,0,0,1,1,5,0,1,6,0,,,,,,
420374,42,2020,7,21,3,19,24,5,0,1,1,1,1,3,1,6,1,0,0,36,40.66593889,-79.56848611,42,0,0,1,1,4,0,1,98,0,19,26,19,38,,
420375,42,2020,8,29,7,19,38,71,0,1,1,1,2,3,1,4,1,0,0,138,39.91195556,-76.10866389,49,0,0,1,1,1,0,5,10,0,19,38,19,53,20,43
420376,42,2020,7,13,2,7,21,41,4400,1,2,2,4,1,2,1,1,1,0,411,40.23668333,-76.89395556,12,1,0,1,1,1,0,1,1,0,7,24,7,33,7,57
420377,42,2020,7,26,1,10,49,29,0,1,2,2,3,1,1,1,31,1,0,3212,40.07627778,-75.50194722,12,1,0,1,1,1,0,1,1,0,10,37,10,44,,
420378,42,2020,7,26,1,22,40,101,6540,1,2,2,1,3,2,3,1,1,0,45,39.99998056,-75.15314167,12,6,0,2,2,1,0,3,98,0,,,,,,
420379,42,2020,7,26,1,21,24,101,6540,1,2,2,4,6,2,7,4,0,0,0,40.01504167,-75.13516667,12,6,0,2,2,1,0,3,98,0,21,19,21,23,,
420380,42,2020,9,29,3,6,19,115,0,1,1,1,1,1,1,1,1,1,0,2234,41.86879167,-75.71445556,1,0,0,1,1,4,0,2,98,0,6,22,6,39,,
420381,42,2020,8,11,3,15,42,73,0,1,1,1,1,3,1,5,1,0,0,34,40.86084167,-80.31093056,30,0,0,1,1,4,0,1,98,0,15,42,15,52,,
420382,42,2020,9,12,7,22,12,129,6087,1,1,1,1,3,2,7,1,0,0,9,40.29505556,-79.75201667,34,0,0,1,1,4,0,2,98,0,22,13,22,22,,
420383,42,2020,9,8,3,18,53,71,0,1,1,1,1,3,1,6,1,0,0,53,39.89203333,-76.32580556,42,0,0,1,1,4,0,5,98,0,,,,,,
420384,42,2020,7,27,2,5,48,101,6540,1,1,1,1,3,2,3,1,1,0,52,40.00925556,-75.15123889,8,0,0,3,2,1,0,4,98,0,,,,,,
420385,42,2020,8,25,3,22,58,101,6540,1,2,2,3,1,2,1,1,1,0,321,40.04914722,-74.99726667,12,7,0,1,1,1,0,3,98,0,23,5,23,13,,
420386,42,2020,8,7,6,10,27,17,0,1,1,1,1,1,2,1,1,1,0,342,40.06604167,-74.9665,24,0,0,1,1,4,0,1,98,0,10,27,10,34,10,53
420387,42,2020,8,19,4,17,23,101,6540,1,1,1,1,3,2,4,1,1,0,48,40.04694444,-75.13839722,5,0,0,1,1,1,0,1,98,0,,,,,,
420388,42,2020,8,20,5,19,40,101,6540,1,1,1,1,3,2,3,1,1,0,26,40.10891111,-75.02585278,5,0,0,8,1,1,0,1,98,0,,,,,,
420389,42,2020,8,26,4,23,0,29,0,1,1,1,1,3,1,5,1,0,0,6,39.89461944,-75.90336667,35,0,0,1,1,4,0,2,98,0,,,,,,
420390,42,2020,8,17,2,14,30,129,2013,1,1,1,1,1,1,1,31,1,0,924,40.11428056,-79.35052778,44,0,0,1,1,1,4,1,98,0,14,39,15,12,16,11
420391,42,2020,8,21,6,19,59,101,6540,1,2,2,5,3,2,3,1,1,0,42,40.01152778,-75.06979444,12,6,0,2,2,1,0,3,98,0,,,,,,
420392,42,2020,8,22,7,19,45,101,6540,1,1,1,2,6,2,7,4,0,0,0,39.9185,-75.20927778,8,0,0,1,1,1,0,1,98,0,,,,,,