st_case,state,year,month,day,day_week,hour,minute,county,city,fatals_crash,vehicles_total,vehicles_in_transport,persons_total,route,rural_urban,functional_system,road_owner,nhs,special_jurisdiction,milepoint,latitude,longitude,first_harmful_event,manner_collision,rel_jct_interchange,rel_jct_location,intersection_type,relation_to_road,work_zone,light_condition,weather,school_bus_related,ems_notified_hour,ems_notified_min,ems_arrival_hour,ems_arrival_min,hospital_hour,hospital_min
420709,42,2020,11,24,3,2,25,67,0,1,1,1,1,3,1,4,1,0,0,401,40.67707222,-77.16308333,8,0,0,1,1,1,0,2,98,0,2,24,2,34,,
420710,42,2020,12,28,2,7,7,29,0,1,2,1,4,2,2,2,99,1,0,166,40.06210833,-75.47507778,25,0,0,1,1,3,0,1,98,0,7,8,7,15,,
420711,42,2020,11,20,6,22,29,91,8707,1,2,2,2,3,2,4,1,0,0,87,40.09220833,-75.32651111,12,6,0,8,1,1,0,3,98,0,,,,,,
420712,42,2020,12,10,5,8,19,101,6540,1,3,3,3,3,2,3,1,1,0,67,40.03062778,-75.146575,12,2,0,3,2,1,0,1,98,0,8,20,8,23,8,39
420713,42,2020,11,19,5,6,32,129,0,1,2,2,2,3,2,3,1,1,0,152,40.51582778,-79.60757222,12,2,0,1,1,1,0,2,98,0,6,23,6,41,,
420714,42,2020,1,3,6,5,40,95,0,1,2,2,2,3,2,2,1,1,0,146,40.83260833,-75.30065,12,6,1,2,2,1,0,3,98,0,,,,,,
420715,42,2020,11,15,1,15,5,11,3460,1,2,2,5,3,2,3,1,1,0,156,40.54859722,-75.98842778,12,6,0,2,3,1,0,1,98,0,,,,,,
420716,42,2020,2,8,7,19,26,61,0,1,1,1,1,3,1,5,1,0,0,143,40.20080556,-78.0661,35,0,0,1,1,4,0,2,4,0,19,22,19,40,,
420717,42,2020,11,14,7,14,32,125,0,1,1,1,2,5,1,7,3,0,0,0,40.42534167,-80.31001389,24,0,0,1,1,4,0,1,98,0,14,21,14,32,,
420718,42,2020,11,12,5,5,42,131,0,1,2,2,2,3,1,4,1,0,0,14,41.40938889,-75.99506389,12,2,0,1,1,1,0,3,2,0,5,34,5,42,6,58
420719,42,2020,12,23,4,5,0,59,0,1,2,2,2,1,1,1,1,1,0,33,39.76043611,-80.08188056,12,2,0,1,1,1,0,2,98,0,4,33,4,47,5,5
420720,42,2020,11,9,2,11,15,95,660,1,1,1,1,3,2,4,1,0,0,33,40.65776667,-75.37826667,59,0,0,1,1,4,0,1,1,0,,,,,,
420721,42,2020,11,7,7,21,58,133,0,1,1,1,1,5,1,7,3,0,0,0,39.769475,-76.56546944,35,0,0,1,1,4,0,2,1,0,21,59,22,21,,
420722,42,2020,7,12,1,3,10,95,660,1,2,1,1,6,2,7,4,0,0,0,40.63209167,-75.35448056,8,0,0,3,3,1,0,3,98,0,,,,,,
420723,42,2020,11,7,7,22,5,133,0,1,1,1,1,3,2,5,1,0,0,17,39.96516111,-76.6132,43,0,0,1,1,5,0,2,98,0,22,7,22,18,,
420724,42,2020,11,6,6,22,45,33,0,1,1,1,2,5,1,7,3,0,0,0,40.99325,-78.29943333,11,0,0,1,1,1,0,2,98,0,23,58,0,11,,
420725,42,2020,10,27,3,14,32,61,0,1,1,1,1,3,1,5,1,0,0,220,40.19792222,-77.95706667,35,0,0,1,1,4,0,1,98,0,,,,,,
420726,42,2020,11,3,3,7,23,95,2270,1,4,2,0,6,2,7,4,0,0,0,40.68539167,-75.22495278,8,0,0,1,1,1,0,1,98,0,,,,,,
420727,42,2020,10,25,1,11,19,45,3547,1,2,1,3,5,2,7,3,0,0,0,39.97928056,-75.32275556,33,0,0,3,3,4,0,1,98,0,,,,,,
420728,42,2020,11,3,3,18,30,3,6600,1,1,1,1,6,2,7,4,0,0,0,40.44185556,-80.05712778,35,0,0,1,1,4,0,5,98,0,,,,,,
420729,42,2020,10,22,5,17,21,63,0,1,1,1,2,3,1,6,1,0,0,3,40.59323889,-79.22711667,35,0,0,1,1,4,0,1,98,0,17,20,17,30,17,55
420730,42,2020,10,16,6,15,7,25,0,1,1,1,1,3,1,5,1,0,0,65,40.80399444,-75.79511111,42,0,0,1,1,5,0,1,98,0,,,,,,
420731,42,2020,10,13,3,22,0,3,6600,1,1,1,1,6,2,7,4,0,0,0,40.46946667,-80.00844167,42,0,0,1,1,5,0,2,98,0,22,1,22,1,22,21
420732,42,2020,9,27,1,15,48,95,0,1,7,7,14,2,2,2,99,1,0,47,40.68008056,-75.330725,12,1,0,1,1,1,1,1,98,0,15,57,16,10,16,45
420733,42,2020,10,10,7,16,10,35,4175,1,1,1,2,5,1,7,3,0,0,0,41.03546389,-77.4437,32,0,0,1,1,4,0,1,1,0,16,7,16,26,,
420734,42,2020,10,9,6,16,35,95,0,2,1,1,2,5,1,7,3,0,0,0,40.752975,-75.19756667,35,0,0,1,1,4,0,1,98,0,18,53,19,0,,
420735,42,2020,9,26,7,19,17,117,0,1,1,1,1,5,1,7,3,0,0,0,41.84476389,-76.91755,42,0,0,1,1,4,0,2,1,0,19,33,19,59,20,52
420736,42,2020,2,21,6,23,51,3,0,1,2,2,2,3,2,3,1,1,0,122,40.55499444,-79.95810556,12,2,0,1,1,1,0,2,1,0,23,51,0,0,0,22
420737,42,2020,12,30,4,9,50,101,6540,2,1,1,3,3,2,3,1,1,0,47,40.00396944,-75.19062778,42,0,0,1,1,5,0,1,98,0,9,54,9,58,10,54
420738,42,2020,12,23,4,11,43,101,6540,1,1,1,1,3,2,3,1,1,0,25,39.89130833,-75.22861944,24,0,0,1,1,4,0,1,98,0,11,41,11,51,,
420739,42,2020,4,11,7,22,40,61,0,1,1,1,2,5,1,7,3,0,0,0,40.42530556,-78.13877778,42,0,0,1,1,4,0,2,98,0,22,34,22,47,,
420740,42,2020,12,23,4,16,47,63,0,1,2,2,5,3,1,5,1,0,0,2,40.60966111,-79.03389444,12,8,0,1,1,1,0,1,98,0,16,49,17,1,17,40
420741,42,2020,11,10,3,9,24,101,6540,1,5,4,4,2,2,3,99,1,0,101,40.03745556,-75.038975,12,8,0,1,1,1,0,1,98,0,9,25,9,28,,
420742,42,2020,12,21,2,2,20,101,6540,1,1,1,1,3,2,3,1,1,0,7,40.02385556,-75.13185278,42,0,0,1,1,4,0,3,98,0,2,18,2,21,2,30
420743,42,2020,12,15,3,9,50,101,6540,1,1,1,1,3,2,3,1,1,0,66,39.97384444,-75.11829444,30,0,0,1,1,4,0,1,98,0,9,52,9,58,10,16
420744,42,2020,1,9,5,14,37,33,0,1,3,3,4,2,2,3,99,1,0,246,40.99887778,-78.36376667,12,1,0,3,3,1,0,1,98,0,14,43,14,49,16,0
420745,42,2020,12,14,2,19,55,101,6540,1,1,1,1,3,2,4,1,0,0,42,39.99482222,-75.11190556,8,0,0,1,1,1,0,3,98,0,19,55,20,0,20,30
420746,42,2020,5,5,3,22,50,125,8880,1,1,1,1,3,2,4,1,0,0,6,40.1803,-80.24818333,8,0,0,2,3,1,0,3,2,0,,,,,,
420747,42,2020,12,13,1,16,0,101,6540,1,2,2,2,3,2,3,1,1,0,53,40.023575,-75.076375,12,6,0,8,1,1,0,1,98,0,16,0,16,11,16,37
420748,42,2020,12,12,7,19,2,101,6540,1,2,2,3,3,2,3,1,1,0,9,40.0088,-75.147625,12,6,0,2,2,1,0,3,98,0,19,3,19,12,19,18
420749,42,2020,12,1,3,14,51,63,0,1,2,2,6,3,1,4,1,0,0,127,40.47198333,-79.04371667,35,0,0,1,1,4,0,1,4,0,14,50,14,58,15,53
420750,42,2020,3,5,5,18,32,63,0,1,1,1,1,8,6,96,96,0,0,0,40.44266389,-79.228655560000007,8,0,0,8,1,1,0,3,98,0,18,26,18,32,,
420751,42,2020,11,24,3,11,0,101,6540,3,2,1,4,3,2,3,1,1,0,26,40.0063,-75.11583889,14,0,0,1,1,7,0,1,98,0,10,58,,,12,55
420752,42,2020,1,21,3,12,15,13,0,1,3,3,4,3,2,4,1,0,0,13,40.65720556,-78.20937222,12,8,0,2,4,1,0,1,98,0,,,,,,
420753,42,2020,11,27,6,12,5,101,6540,1,2,2,2,3,2,3,1,1,0,35,40.00576667,-75.09898889,12,6,0,2,2,1,0,1,98,0,12,8,12,13,12,40
420754,42,2020,1,13,2,17,14,63,0,1,2,2,4,3,1,6,1,0,0,43,40.74168889,-78.82273611,12,6,0,2,2,1,0,1,98,0,17,11,17,27,18,51
420755,42,2020,11,24,3,17,29,63,0,1,1,1,4,2,2,3,1,1,0,79,40.54370556,-79.15498611,8,0,0,1,1,1,0,3,1,0,17,23,17,25,,
420756,42,2020,3,26,5,19,8,95,2270,1,2,2,2,3,2,3,1,1,0,53,40.67513889,-75.21410556,12,6,0,2,2,1,0,1,98,0,,,,,,
420757,42,2020,9,26,7,19,40,13,0,1,1,1,1,1,1,1,1,1,0,500,40.699,-78.21303333,11,0,0,1,1,1,0,2,1,0,,,,,,
420758,42,2020,9,26,7,22,34,95,0,1,1,1,2,3,2,3,1,1,0,124,40.72586667,-75.40360278,24,0,0,1,1,4,0,2,98,0,,,,,,
420759,42,2020,9,24,5,17,10,3,2660,1,1,1,1,3,2,4,1,0,0,41,40.50173056,-79.94539167,46,0,0,3,3,4,0,1,98,0,17,11,17,16,17,34
420760,42,2020,9,22,3,8,33,21,6700,1,1,1,3,6,1,7,4,0,0,0,40.38876667,-78.67283611,30,0,0,3,3,4,0,1,98,0,,,,,,
420761,42,2020,9,25,6,3,57,95,0,1,1,1,1,3,2,4,1,0,0,14,40.64785278,-75.30835278,35,0,0,1,1,4,0,3,98,0,6,2,6,8,,
420762,42,2020,11,12,5,4,40,101,6540,1,1,1,1,6,2,7,4,0,0,0,40.02656944,-75.15078889,8,0,0,2,7,1,0,3,98,0,4,38,,,5,49
420763,42,2020,9,6,1,22,47,7,0,1,1,1,1,3,1,5,1,0,0,37,40.84340556,-80.38578056,38,0,0,1,1,4,0,2,98,0,22,43,22,47,23,34
420764,42,2020,4,25,7,16,21,95,0,1,1,1,1,2,1,3,99,1,0,69,40.68316667,-75.29030278,24,0,1,19,1,4,0,1,1,0,,,,,,
420765,42,2020,8,29,7,8,0,115,3472,1,2,2,2,1,1,1,1,1,0,2173,41.79510278,-75.68679722,12,1,0,1,1,1,0,1,98,0,7,58,8,21,,
420766,42,2020,4,24,6,15,47,77,0,1,2,2,4,1,2,1,1,1,0,21,40.57935833,-75.69934722,12,1,0,1,1,1,0,1,2,0,,,,,,
420767,42,2020,4,24,6,10,58,61,0,1,2,2,3,2,1,3,99,1,0,12,40.55354167,-78.16594167,12,6,0,8,1,1,0,1,2,0,,,,,,
420768,42,2020,8,25,3,7,53,61,9459,1,1,1,1,3,1,4,1,0,0,93,40.18131389,-78.11618611,1,0,0,1,1,1,0,1,98,0,,,,,,
420769,42,2020,8,6,5,12,25,91,8708,1,1,1,1,3,2,5,1,0,0,0,40.40341667,-75.49199722,24,0,0,1,1,4,0,1,98,0,12,25,12,35,12,59
420770,42,2020,4,18,7,18,30,95,0,1,1,1,1,2,2,2,99,1,0,87,40.68289722,-75.25683056,38,0,0,1,1,5,0,1,98,0,,,,,,
420771,42,2020,7,24,6,22,0,67,0,1,2,2,5,3,1,6,1,0,0,18,40.57614722,-77.36392778,12,6,0,2,2,1,0,2,98,0,,,,,,
420772,42,2020,4,28,3,14,46,99,0,1,1,1,1,5,1,7,3,0,0,0,40.39291667,-77.22558056,9,0,0,8,1,1,0,1,1,0,,,,,,
420773,42,2020,5,10,1,0,51,77,110,1,2,2,3,6,2,7,4,0,0,0,40.59794167,-75.46599722,12,2,0,1,1,1,0,3,98,0,,,,,,
420774,42,2020,5,7,5,21,2,77,0,1,1,1,1,3,2,5,1,0,0,69,40.69419167,-75.60741667,1,0,0,1,1,1,0,2,98,0,,,,,,
420775,42,2020,5,3,1,2,15,77,0,1,1,1,1,3,2,5,1,0,0,23,40.69914167,-75.56954167,1,0,0,1,1,1,0,2,99,0,,,,,,
420776,42,2020,7,24,6,22,25,115,0,1,1,1,1,3,1,6,1,0,0,21,41.67168889,-75.71338056,52,0,0,1,1,4,0,2,98,0,,,,,,
420777,42,2020,7,22,4,16,30,13,0,2,2,2,2,3,1,4,1,0,0,237,40.53905,-78.47773611,12,6,0,1,1,1,0,1,98,0,,,,,,
420778,42,2020,5,9,7,23,30,77,0,1,1,1,1,3,2,4,1,0,0,14,40.54702778,-75.56594167,40,0,0,1,1,4,0,2,98,0,,,,,,
420779,42,2020,7,21,3,5,25,33,0,1,1,1,1,3,1,3,1,1,0,133,41.03648611,-78.39917222,8,0,0,3,3,1,0,4,98,0,,,,,,
420780,42,2020,4,8,4,18,33,25,0,1,1,1,1,3,1,5,1,0,0,26,40.93061667,-75.89602778,11,0,0,1,1,1,0,1,98,0,,,,,,
420781,42,2020,12,20,1,1,35,101,6540,1,1,1,3,3,2,4,1,0,0,22,40.09299444,-74.96294167,33,0,0,1,1,3,0,3,98,0,1,35,1,47,2,9
420782,42,2020,12,13,1,1,20,101,6540,2,2,2,2,3,2,3,1,1,0,33,40.03007778,-75.08713611,12,1,0,1,1,1,0,3,98,0,1,18,1,29,,
420783,42,2020,5,22,6,15,8,95,0,1,2,2,3,3,1,4,1,0,0,163,40.78685556,-75.16734722,12,2,0,1,1,1,0,1,2,0,,,,,,
420784,42,2020,9,18,6,19,36,3,0,2,1,1,2,3,2,5,1,0,0,74,40.25683333,-79.90618889,1,0,0,1,1,5,0,5,98,0,,,,,,
420785,42,2020,9,10,5,0,52,11,6900,1,1,1,1,3,2,3,1,1,0,3,40.33221389,-75.92994444,9,0,0,2,2,1,0,3,98,0,,,,,,
420786,42,2020,5,18,2,14,22,77,0,1,2,2,3,3,2,3,1,1,0,63,40.63765278,-75.48856111,12,6,0,8,1,1,0,1,98,0,,,,,,
420787,42,2020,5,30,7,23,31,119,0,1,2,2,6,2,2,3,99,1,0,108,41.02766389,-76.86774167,12,1,0,1,1,1,0,2,1,0,,,,,,
420788,42,2020,6,21,1,15,5,77,0,2,2,2,3,3,2,3,1,1,0,114,40.71273333,-75.52349167,12,2,0,1,1,1,0,1,98,0,,,,,,
420789,42,2020,5,25,2,17,15,77,0,1,2,2,2,3,2,3,1,1,0,76,40.66081389,-75.50907222,12,6,0,2,2,1,0,1,98,0,,,,,,
420790,42,2020,6,18,5,0,53,11,0,1,1,1,2,3,2,3,1,1,0,35,40.37463889,-75.926925,8,0,0,3,2,1,0,3,98,0,,,,,,
420791,42,2020,1,8,4,2,26,129,3591,1,1,1,1,2,2,2,1,1,0,166,40.30224167,-79.51898611,59,0,0,1,1,4,0,2,98,0,2,31,3,1,3,39
420792,42,2020,1,23,5,17,51,87,0,1,1,1,1,3,2,4,1,0,0,7,40.60060278,-77.55964722,17,0,0,1,1,5,0,3,98,0,17,51,17,57,18,16
420793,42,2020,1,26,1,11,14,97,7530,1,2,2,3,3,2,4,1,0,0,94,40.78430556,-76.55854167,12,6,0,2,2,1,0,1,98,0,,,,,,
420794,42,2020,5,20,4,5,34,17,0,1,1,1,1,3,1,4,1,0,0,67,40.55443056,-75.26480833,32,0,0,1,1,4,0,2,98,0,,,,,,
420795,42,2020,11,24,3,17,3,51,0,1,2,2,3,2,2,2,99,1,0,172,39.8686,-79.69491944,12,1,1,18,1,1,0,3,98,0,17,45,17,51,18,21
420796,42,2020,1,28,3,14,22,51,0,2,2,2,2,3,2,4,1,0,0,19,40.02538611,-79.63241667,12,6,0,1,1,1,0,1,10,0,,,,,,
420797,42,2020,2,8,7,11,55,37,0,1,2,2,2,3,2,4,1,0,0,176,40.99451111,-76.47735833,12,6,0,2,2,1,0,1,98,0,,,,,,
420798,42,2020,12,24,5,22,48,55,0,1,6,1,1,2,2,3,99,1,0,197,39.98005,-77.62434722,59,0,0,1,1,4,0,3,2,0,22,48,22,53,,
420799,42,2020,10,16,6,10,40,101,6540,1,1,1,1,3,2,3,1,1,0,18,40.02596667,-75.12294167,42,0,0,1,1,5,0,1,98,0,,,,,,
420800,42,2020,12,23,4,15,14,129,0,1,1,1,1,4,2,7,3,0,0,0,40.29636111,-79.41485833,42,0,0,1,1,4,0,1,98,0,15,43,15,54,16,31
420801,42,2020,12,13,1,20,10,81,0,1,1,1,1,6,1,7,3,0,0,0,41.24639167,-76.55589722,42,0,0,1,1,4,0,2,98,0,14,31,14,49,,
420802,42,2020,3,4,4,12,8,29,4565,2,1,1,2,3,1,7,1,0,0,5,39.83765278,-75.83913056,42,0,0,1,1,4,0,1,98,0,,,,,,
420803,42,2020,3,5,5,23,48,97,0,1,1,1,1,5,1,7,3,0,0,0,40.90398889,-76.76944167,23,0,0,1,1,4,0,3,98,0,23,48,0,6,0,19
420804,42,2020,7,8,4,14,7,75,0,1,6,6,7,1,1,1,1,1,0,867,40.41700556,-76.55598333,12,1,0,1,1,1,0,1,2,0,13,35,13,36,16,43
420805,42,2020,2,14,6,9,6,101,6540,1,2,2,2,3,2,3,1,1,0,10,39.99576111,-75.16859722,12,6,0,2,3,1,0,1,98,0,,,,,,
420806,42,2020,2,22,7,18,47,45,1296,1,1,1,1,1,2,1,1,1,0,3,39.84724167,-75.38799167,44,0,1,20,1,1,0,2,98,0,,,,,,
420807,42,2020,2,22,7,3,52,71,0,1,2,2,2,3,2,2,1,1,0,29,40.156275,-76.57286944,12,1,0,1,1,1,0,2,98,0,,,,,,
420808,42,2020,8,26,4,21,32,101,6540,2,2,1,1,6,2,7,4,0,0,0,39.96448056,-75.19331667,8,0,0,1,1,4,0,3,98,0,,,,,,
420809,42,2020,2,23,1,19,39,101,6540,1,1,1,1,3,2,3,1,1,0,17,40.04626389,-75.11260556,8,0,0,2,3,1,0,3,98,0,19,39,19,49,20,5
420810,42,2020,2,24,2,18,1,71,0,1,2,2,4,3,2,4,1,0,0,127,40.03728333,-76.26448889,12,6,0,2,3,1,0,3,1,0,18,2,18,11,18,30
420811,42,2020,10,15,5,4,48,77,0,1,3,3,3,1,1,1,31,1,0,464,40.46855833,-75.45125556,8,0,0,1,1,1,0,2,98,0,,,,,,
420812,42,2020,2,27,5,2,35,97,5520,1,2,1,2,6,2,7,3,0,0,0,40.79405833,-76.41237778,14,0,0,1,1,7,0,3,98,0,,,,,,
420813,42,2020,3,7,7,2,20,55,1230,1,1,1,3,6,2,7,4,0,0,0,39.92658056,-77.64952778,33,0,0,1,1,4,0,3,98,0,2,22,2,30,4,9
420814,42,2020,3,8,1,13,27,45,5120,1,1,1,1,3,2,3,1,1,0,31,39.883394439999996,-75.40028889,42,0,0,1,1,4,0,1,98,0,13,18,13,26,13,42
420815,42,2020,10,5,2,17,48,51,8690,1,4,2,2,3,2,4,1,0,0,5,39.89966667,-79.71258056,12,6,0,2,2,1,0,1,98,0,17,53,18,8,18,31
420817,42,2020,11,18,4,17,40,45,0,1,3,1,1,5,1,7,3,0,0,0,39.96078056,-75.30228333,14,0,0,1,1,2,0,3,98,0,17,40,17,47,,
420818,42,2020,4,14,3,21,53,101,6540,1,1,1,1,6,2,3,4,1,0,0,39.95819167,-75.150925,8,0,0,1,1,1,0,3,98,0,,,,,,
420819,42,2020,4,25,7,18,39,107,3579,1,1,1,1,3,1,5,1,0,0,53,40.64432778,-76.54719167,1,0,0,1,1,4,0,1,98,0,,,,,,
420820,42,2020,4,26,1,11,23,9,0,1,2,2,4,3,1,3,1,1,0,121,40.11354722,-78.55959444,12,2,0,1,1,1,0,1,2,0,,,,,,
420821,42,2020,11,11,4,15,11,75,0,3,3,3,5,1,1,1,1,1,0,875,40.42116944,-76.54171667,12,1,0,1,1,1,0,1,2,0,,,,,,
420822,42,2020,11,9,2,18,55,101,6540,1,2,2,2,2,2,3,99,1,0,57,40.05030278,-75.0515,8,0,0,1,1,1,0,3,98,0,18,57,19,4,19,47
420823,42,2020,10,15,5,20,13,101,6540,1,3,1,1,6,2,7,4,0,0,0,40.03090556,-75.08322222,5,0,0,1,1,1,0,3,98,0,20,12,20,27,20,32
420824,42,2020,10,14,4,12,33,55,0,1,3,3,3,2,1,3,99,1,0,32,39.92747222,-77.91687778,12,2,0,1,1,1,0,1,1,0,12,32,12,42,,
420825,42,2020,6,14,1,3,58,111,0,1,1,1,1,3,1,4,1,0,0,43,40.03526667,-79.21390556,34,0,0,1,1,4,0,2,1,0,,,,,,
420826,42,2020,6,15,2,11,44,37,0,2,2,2,5,3,1,4,1,0,0,232,41.12661389,-76.35968056,24,0,0,1,1,4,0,1,98,0,,,,,,
420827,42,2020,6,15,2,12,30,75,0,2,2,2,2,3,2,3,1,1,0,59,40.35181389,-76.45136389,12,2,0,1,1,1,0,1,98,0,,,,,,
420828,42,2020,6,15,2,0,14,101,6540,1,1,1,1,3,2,3,1,1,0,26,39.891475,-75.22618333,24,0,0,1,1,4,0,3,98,0,,,,,,
420829,42,2020,6,17,4,16,2,63,0,1,1,1,1,5,1,7,3,0,0,0,40.70048611,-79.04715556,34,0,0,1,1,4,0,1,1,0,15,57,16,19,16,50
420830,42,2020,6,17,4,17,5,39,0,1,2,2,2,3,1,5,1,0,0,20,41.51548889,-80.46401667,12,6,0,2,3,1,0,1,98,0,16,59,17,16,17,42
420831,42,2020,6,20,7,17,10,131,0,1,2,2,3,3,1,6,1,0,0,0,41.39098611,-76.02458611,12,8,0,1,1,1,0,1,98,0,17,8,17,15,17,44
420832,42,2020,2,21,6,20,23,17,0,3,1,1,4,3,2,5,1,0,0,5,40.19576944,-74.81516111,33,0,0,1,1,3,0,3,98,0,20,31,20,39,20,57
420833,42,2020,2,9,1,18,16,71,0,1,1,1,2,5,1,7,3,0,0,0,39.78782778,-76.08475556,32,0,0,1,1,4,0,2,98,0,18,16,18,29,19,14
420834,42,2020,1,7,3,10,29,37,0,1,1,1,2,5,1,7,3,0,0,0,41.20810833,-76.43189722,42,0,0,1,1,4,0,1,98,0,,,,,,
420835,42,2020,6,20,7,15,57,95,3590,1,1,1,1,3,2,4,1,0,0,36,40.58692222,-75.34135,8,0,0,3,3,1,0,1,98,0,,,,,,
420836,42,2020,6,21,1,4,43,111,0,1,1,1,1,3,1,4,1,0,0,311,40.06293056,-78.82840833,32,0,0,1,1,4,0,2,98,0,,,,,,
420837,42,2020,10,12,2,15,27,63,0,1,3,3,3,3,1,4,1,0,0,329,40.70118611,-78.98800833,12,2,0,1,1,1,0,1,98,0,15,24,15,45,16,48
420838,42,2020,6,21,1,1,19,79,0,1,1,1,1,3,2,4,1,0,0,17,40.99259167,-75.99543056,24,0,0,1,1,4,0,2,98,0,1,17,1,26,,
420839,42,2020,9,5,7,17,53,51,8690,1,3,3,3,2,2,3,99,1,0,16,39.89450278,-79.71466667,12,2,0,1,1,1,0,1,98,0,17,59,18,1,18,44
420840,42,2020,6,21,1,17,40,101,6540,1,1,1,2,3,2,3,1,1,0,20,40.02563889,-75.20251944,9,0,0,2,3,1,0,1,98,0,,,,,,
420841,42,2020,8,27,5,16,7,27,0,1,3,3,3,3,1,5,1,0,0,185,40.94431944,-77.72071389,12,6,0,2,3,1,0,1,1,0,,,,,,
420842,42,2020,6,22,2,11,57,45,8715,1,2,2,2,3,2,4,1,0,0,24,39.92908333,-75.27258611,1,0,0,8,1,1,0,1,98,0,11,56,12,0,12,22
420843,42,2020,2,26,4,13,48,95,0,1,1,1,2,3,2,5,1,0,0,46,40.74900833,-75.40091389,42,0,0,1,1,4,0,1,98,0,,,,,,
420844,42,2020,6,25,5,12,8,81,0,1,2,2,4,3,1,4,1,0,0,176,41.19488889,-77.23370556,12,1,0,1,1,1,0,1,98,0,12,11,12,16,12,56
420845,42,2020,6,25,5,18,19,107,0,1,1,1,1,5,1,7,3,0,0,0,40.65992778,-76.608975,5,0,0,1,1,1,0,1,98,0,,,,,,
420846,42,2020,6,26,6,23,57,55,0,1,2,2,3,1,1,1,1,1,0,242,40.01575,-77.5324,12,1,0,1,1,1,0,2,1,0,23,59,0,55,1,32
420847,42,2020,8,16,1,11,15,45,0,1,3,3,5,3,1,1,1,1,0,38,39.84635,-75.39002222,25,0,1,5,1,4,0,1,2,0,11,14,11,18,11,38
420848,42,2020,6,26,6,7,53,95,8820,1,1,1,1,3,2,4,1,0,0,4,40.75678056,-75.59478889,8,0,0,8,1,1,0,1,98,0,,,,,,
420849,42,2020,6,29,2,2,0,77,660,1,1,1,1,3,2,2,1,1,0,0,40.64758333,-75.41480556,59,0,1,5,1,4,0,3,98,0,,,,,,
420850,42,2020,8,14,6,15,30,45,0,1,3,2,2,3,2,3,1,1,0,67,39.91731667,-75.43941667,12,8,0,1,1,1,0,1,98,0,15,36,15,37,,
420851,42,2020,6,29,2,7,5,97,0,1,1,1,1,3,1,5,1,0,0,123,40.71713056,-76.64094444,9,0,0,2,3,1,0,1,1,0,7,13,7,24,7,30
420852,42,2020,6,30,3,3,24,77,0,1,1,1,1,1,1,1,1,1,0,441,40.58081389,-75.72819444,24,0,0,1,1,4,1,2,98,0,,,,,,
420853,42,2020,8,9,1,15,11,123,0,1,3,3,3,3,1,4,1,0,0,253,41.91511667,-79.33795556,12,6,0,8,1,1,0,1,1,0,15,14,15,43,,
420854,42,2020,7,2,5,18,34,63,0,1,2,2,2,2,2,3,1,1,0,15,40.44095556,-79.24505833,12,6,0,2,2,1,0,1,98,0,18,30,18,41,19,42
420855,42,2020,7,4,7,3,29,95,0,1,2,2,5,3,2,2,1,1,0,24,40.67156944,-75.29306667,12,2,0,1,1,1,0,3,1,0,,,,,,
420856,42,2020,7,18,7,22,8,81,9380,2,3,3,6,6,2,7,4,0,0,0,41.22745556,-77.045725,12,2,0,2,3,1,0,3,98,0,22,8,22,20,,
420857,42,2020,7,7,3,21,10,101,6540,1,1,1,1,3,2,3,1,1,0,15,39.96905833,-75.18399167,9,0,0,1,1,1,0,3,98,0,,,,,,
420858,42,2020,6,8,2,11,12,51,0,1,3,2,4,5,1,7,3,0,0,0,39.95941667,-79.67752778,12,1,0,1,1,1,0,1,1,0,,,,,,
420859,42,2020,7,8,4,11,52,79,0,1,1,1,1,3,1,6,1,0,0,1,41.34381667,-75.86941667,24,0,0,1,1,4,0,1,98,0,11,54,12,8,,
420860,42,2020,7,10,6,18,14,81,0,1,1,1,1,3,1,4,1,0,0,26,41.23144722,-76.67790833,35,0,0,1,1,4,0,1,2,0,18,10,18,21,,
420861,42,2020,7,11,7,17,51,51,0,1,1,1,1,5,1,7,3,0,0,0,39.80994444,-79.41198056,42,0,0,1,1,4,0,1,1,0,17,54,18,10,,
420862,42,2020,5,5,3,0,0,101,6540,1,3,2,3,6,2,7,4,0,0,0,40.01383611,-75.12597778,12,6,0,2,2,1,0,3,98,0,,,,,,
420863,42,2020,7,16,5,1,4,45,1540,1,2,2,8,3,2,3,1,1,0,60,39.907575,-75.28651667,12,6,0,2,2,1,0,3,98,0,1,6,1,9,1,38
420864,42,2020,7,16,5,22,49,101,6540,1,2,2,3,3,2,3,1,1,0,11,39.91139444,-75.242675,12,6,0,2,7,1,0,3,98,0,,,,,,
420865,42,2020,7,17,6,0,8,101,6540,1,1,1,2,3,2,3,1,1,0,7,40.02371389,-75.1325,42,0,0,1,1,4,0,3,98,0,,,,,,
420866,42,2020,11,30,2,23,7,89,0,1,3,3,3,2,1,3,99,1,0,29,40.90554167,-75.47549722,12,6,0,2,3,1,0,3,2,0,,,,,,
420867,42,2020,7,18,7,14,29,51,0,1,1,1,2,2,1,3,1,1,0,21,39.74587778,-79.90168333,24,0,0,1,1,4,1,1,98,0,14,28,14,44,15,16
420868,42,2020,8,6,5,1,37,29,0,1,1,1,1,3,2,4,1,0,0,38,39.75449167,-76.03090833,8,0,0,1,1,1,0,2,98,0,1,40,1,58,2,30