st_case,state,year,month,day,day_week,hour,minute,county,city,fatals_crash,vehicles_total,vehicles_in_transport,persons_total,route,rural_urban,functional_system,road_owner,nhs,special_jurisdiction,milepoint,latitude,longitude,first_harmful_event,manner_collision,rel_jct_interchange,rel_jct_location,intersection_type,relation_to_road,work_zone,light_condition,weather,school_bus_related,ems_notified_hour,ems_notified_min,ems_arrival_hour,ems_arrival_min,hospital_hour,hospital_min
420869,42,2020,7,18,7,21,34,79,0,1,1,1,1,3,2,1,1,1,0,6,41.20210556,-75.9079,1,0,1,5,1,4,0,2,98,0,,,,,,
420870,42,2020,10,9,6,21,27,105,0,1,1,1,1,5,1,7,3,0,0,0,41.78360556,-78.19795556,35,0,0,3,3,4,0,2,98,0,21,23,21,32,21,45
420871,42,2020,7,18,7,10,57,79,9353,1,2,2,4,3,2,3,1,1,0,23,41.23552222,-75.86415556,12,6,0,2,2,1,0,1,98,0,11,0,11,6,11,23
420872,42,2020,7,18,7,1,20,15,0,1,1,1,1,5,1,7,3,0,0,0,41.76485278,-76.26650278,1,0,0,1,1,4,0,2,98,0,,,,,,
420873,42,2020,7,19,1,17,52,89,0,1,1,1,2,5,1,7,3,0,0,0,41.06779722,-75.43885833,93,0,0,1,1,5,0,1,98,0,,,,,,
420874,42,2020,4,26,1,16,17,89,0,1,1,1,3,1,2,1,1,1,0,2972,41.05698333,-75.32356944,34,0,0,1,1,4,0,1,2,0,,,,,,
420875,42,2020,5,2,7,1,33,75,0,1,1,1,1,2,2,3,1,1,0,133,40.36863611,-76.33501667,59,0,0,1,1,4,0,3,98,0,,,,,,
420876,42,2020,5,18,2,12,45,43,3500,1,4,4,7,6,2,7,4,0,0,0,40.26619167,-76.86424444,12,6,0,2,2,1,1,1,98,0,12,46,12,51,13,17
420877,42,2020,5,3,1,13,3,109,0,1,1,1,1,3,1,5,1,0,0,123,40.83574167,-77.19311111,1,0,0,1,1,1,0,1,98,0,,,,,,
420878,42,2020,5,5,3,20,26,101,6540,1,1,1,3,3,2,4,1,0,0,8,40.07689167,-74.978725,8,0,0,2,3,1,0,3,98,0,,,,,,
420879,42,2020,5,31,1,12,24,33,0,1,1,1,2,5,1,7,3,0,0,0,40.75696667,-78.55383056,1,0,0,1,1,1,0,1,98,0,,,,,,
420880,42,2020,5,6,4,22,40,71,0,1,1,1,1,3,2,4,1,0,0,165,40.08409167,-76.22712778,8,0,0,1,1,1,0,2,2,0,,,,,,
420881,42,2020,3,9,2,22,4,101,6540,1,1,1,2,2,2,3,99,1,0,111,40.03464722,-75.07153056,8,0,0,1,1,1,0,3,98,0,,,,,,
420882,42,2020,5,10,1,18,7,71,0,1,2,2,3,2,1,3,1,1,0,20,39.74933611,-76.16398611,12,6,0,2,2,1,0,1,98,0,18,5,18,12,19,7
420883,42,2020,3,23,2,6,31,51,0,1,1,1,1,5,1,7,3,0,0,0,39.92243611,-79.71840556,8,0,0,1,1,1,0,3,98,0,,,,,,
420884,42,2020,4,3,6,20,29,109,500,1,1,1,1,6,2,7,4,0,0,0,40.74888611,-77.16741667,30,0,0,1,1,4,0,6,98,0,,,,,,
420885,42,2020,5,13,4,0,17,51,0,1,1,1,1,2,2,3,1,1,0,343,40.10539444,-79.55604722,11,0,0,1,1,1,0,2,98,0,,,,,,
420886,42,2020,8,30,1,11,46,107,0,1,2,2,3,3,1,7,1,0,0,115,40.90301667,-76.11923611,12,6,0,1,1,1,0,1,98,0,3,7,3,22,,
420887,42,2020,10,19,2,11,35,87,0,1,1,1,1,2,2,2,1,1,0,90,40.65656389,-77.59343333,24,0,0,1,1,4,0,1,98,0,11,36,11,45,,
420888,42,2020,10,20,3,17,10,89,0,1,2,2,2,3,1,5,1,0,0,56,40.90591944,-75.50031667,12,6,0,2,4,1,0,1,1,0,,,,,,
420889,42,2020,6,4,5,22,1,77,0,1,1,1,2,5,1,7,3,0,0,0,40.61598611,-75.48036111,33,0,0,3,3,4,0,3,2,0,,,,,,
420890,42,2020,6,7,1,8,35,77,0,1,1,1,2,3,1,4,1,0,0,3,40.54523333,-75.67241389,9,0,0,2,2,1,0,1,98,0,,,,,,
420891,42,2020,6,7,1,0,38,25,0,1,1,1,3,5,1,7,3,0,0,0,40.92460833,-75.93965833,42,0,0,1,1,4,0,2,98,0,,,,,,
420892,42,2020,7,3,6,11,28,61,0,1,1,1,1,3,1,6,1,0,0,29,40.24648889,-77.90277778,1,0,0,1,1,1,0,1,98,0,,,,,,
420893,42,2020,7,11,7,12,6,107,0,1,1,1,1,3,2,5,1,0,0,178,40.60688889,-76.08096667,31,0,0,1,1,4,0,1,1,0,,,,,,
420894,42,2020,7,23,5,20,30,77,0,1,1,1,2,5,1,7,3,0,0,0,40.57256667,-75.64690833,33,0,0,1,1,4,0,5,10,0,,,,,,
420895,42,2020,5,16,7,15,59,55,0,1,2,2,3,2,1,3,1,1,0,78,39.90508611,-77.846375,12,6,0,8,1,1,0,1,1,0,,,,,,
420896,42,2020,10,8,5,19,28,77,110,1,1,1,2,6,2,7,4,0,0,0,40.61125833,-75.44840833,8,0,0,3,2,1,0,3,98,0,19,28,19,35,19,45
420897,42,2020,4,4,7,4,13,71,0,1,1,1,1,2,2,2,1,1,0,469,40.22198611,-76.07265556,8,0,0,1,1,1,0,2,98,0,,,,,,
420898,42,2020,4,26,1,12,24,51,0,1,1,1,1,3,1,6,1,0,0,66,39.90535556,-79.88068889,35,0,0,1,1,4,0,1,2,0,,,,,,
420899,42,2020,10,1,5,20,13,77,0,1,1,1,1,5,1,7,3,0,0,0,40.59790556,-75.41203333,33,0,0,1,1,4,0,3,98,0,,,,,,
420900,42,2020,5,17,1,0,10,19,0,2,1,1,3,3,2,3,1,1,0,7,40.68269444,-79.93540278,19,0,0,3,3,5,0,2,98,0,,,,,,
420901,42,2020,9,8,3,8,29,77,110,1,1,1,1,6,2,7,4,0,0,0,40.58345556,-75.45177778,19,0,0,3,3,5,0,1,98,0,,,,,,
420902,42,2020,10,30,6,23,35,89,8475,1,1,1,1,1,2,1,1,1,0,12,41.08794722,-75.39594167,42,0,0,1,1,3,0,2,98,0,,,,,,
420903,42,2020,11,25,4,17,37,129,8520,1,1,1,2,6,2,7,3,0,0,0,40.38727778,-79.74381667,42,0,0,1,1,5,0,3,2,0,17,38,17,49,18,14
420904,42,2020,11,11,4,17,26,71,6355,1,2,2,2,2,2,3,1,1,0,246,40.00557778,-76.10865833,12,2,0,1,1,1,0,2,2,0,17,26,17,32,18,20
420905,42,2020,5,17,1,0,16,123,0,1,1,1,1,3,1,7,1,0,0,31,41.91931111,-79.04621111,1,0,0,1,1,1,0,2,98,0,,,,,,
420906,42,2020,5,21,5,21,47,55,3343,1,1,1,1,5,1,7,3,0,0,0,39.94719444,-77.62820833,9,0,0,1,1,1,0,3,98,0,,,,,,
420907,42,2020,6,12,6,10,40,101,6540,1,1,1,1,3,2,3,1,1,0,42,40.05495278,-75.05396111,8,0,0,3,2,99,0,1,98,0,,,,,,
420908,42,2020,5,25,2,9,26,111,0,1,2,2,2,3,2,5,1,0,0,79,39.97054167,-79.02809167,12,6,0,2,3,1,0,1,98,0,,,,,,
420909,42,2020,5,25,2,1,31,85,0,1,1,1,1,2,1,4,99,0,0,277,41.33979444,-80.09114722,1,0,0,1,1,1,0,3,98,0,,,,,,
420910,42,2020,4,8,4,17,37,121,0,1,1,1,1,3,1,5,1,0,0,27,41.24075556,-79.84931667,35,0,0,1,1,4,0,1,98,0,17,38,17,59,18,9
420911,42,2020,5,27,4,22,18,51,0,1,1,1,1,3,2,5,1,0,0,28,40.00188333,-79.90489444,1,0,0,1,1,1,0,3,98,0,,,,,,
420912,42,2020,5,30,7,17,55,51,0,1,1,1,1,3,2,4,1,0,0,156,39.94230278,-79.88292222,39,0,0,1,1,4,0,1,98,0,,,,,,
420913,42,2020,6,14,1,5,58,45,0,1,1,1,1,1,2,1,1,1,0,15,39.83141667,-75.42840556,57,0,0,1,1,3,1,4,98,0,,,,,,
420914,42,2020,6,4,5,14,7,37,0,1,2,2,4,2,2,3,1,1,0,60,41.00648333,-76.43036111,12,6,0,8,1,1,0,1,98,0,,,,,,
420915,42,2020,6,4,5,16,25,75,4340,1,2,2,3,6,2,7,4,0,0,0,40.34830556,-76.42735556,12,6,0,2,2,1,0,1,98,0,16,30,16,31,17,39
420916,42,2020,9,11,6,9,21,15,0,1,1,1,1,3,1,5,1,0,0,75,41.88419722,-76.50347778,42,0,0,1,1,4,0,1,1,0,9,20,9,30,10,3
420917,42,2020,10,14,4,16,10,77,110,1,2,2,2,3,2,3,1,1,0,17,40.57372778,-75.45181667,12,6,0,2,2,1,0,1,98,0,,,,,,
420918,42,2020,10,26,2,6,25,77,0,2,2,1,2,1,1,1,1,1,0,596,40.55961667,-75.44748889,14,0,0,1,1,2,0,2,2,0,,,,,,
420919,42,2020,10,23,6,18,20,51,0,1,1,1,2,5,1,7,3,0,0,0,39.96846111,-79.60805278,39,0,0,1,1,4,0,1,98,0,18,21,18,25,18,45
420920,42,2020,12,5,7,4,45,77,0,1,1,1,1,2,2,2,99,1,0,22,40.59918056,-75.56148056,8,0,1,18,1,1,0,3,2,0,,,,,,
420921,42,2020,11,10,3,0,35,77,0,1,1,1,1,3,1,5,1,0,0,60,40.6805,-75.76038889,32,0,0,1,1,4,0,3,5,0,,,,,,
420922,42,2020,6,4,5,22,20,45,0,1,1,1,2,3,2,4,1,0,0,2,39.90030556,-75.25999444,33,0,0,1,1,4,0,3,98,0,22,21,22,28,22,55
420923,42,2020,6,6,7,19,36,111,0,1,1,1,2,5,1,7,3,0,0,0,39.87439444,-79.35308889,35,0,0,1,1,4,0,1,98,0,,,,,,
420924,42,2020,7,30,5,1,41,83,0,1,1,1,2,3,1,4,1,0,0,171,41.83004444,-78.427875,8,0,0,1,1,1,0,2,2,0,,,,,,
420925,42,2020,6,7,1,13,46,79,0,1,1,1,2,5,1,7,3,0,0,0,41.24293611,-75.97568056,5,0,0,1,1,1,0,1,98,0,13,44,13,56,14,52
420926,42,2020,6,7,1,12,2,113,0,1,1,1,1,3,1,5,1,0,0,127,41.51129722,-76.64467778,34,0,0,1,1,4,0,1,98,0,11,59,12,5,,
420927,42,2020,12,10,5,6,11,77,0,1,1,1,1,3,2,4,1,0,0,24,40.66120556,-75.43541667,8,0,0,1,1,1,0,3,5,0,,,,,,
420928,42,2020,12,11,6,8,58,77,660,1,2,2,2,6,2,7,4,0,0,0,40.64177778,-75.40795556,59,0,0,1,1,4,0,1,1,0,,,,,,
420929,42,2020,6,7,1,11,9,45,1270,1,2,2,2,3,2,3,1,1,0,16,39.83850833,-75.37533611,12,6,0,2,2,1,0,1,98,0,11,10,11,15,11,29
420930,42,2020,6,9,3,11,9,51,0,1,2,2,2,2,2,2,1,1,0,147,39.86795833,-79.73876667,12,2,0,1,1,1,0,1,98,0,11,5,11,6,11,38
420931,42,2020,12,18,6,14,26,101,6540,1,2,1,1,6,2,7,4,0,0,0,39.99726944,-75.16205833,14,0,0,1,1,2,0,1,98,0,14,28,14,39,15,20
420932,42,2020,12,3,5,15,54,77,110,1,1,1,1,3,2,4,1,0,0,51,40.58914167,-75.47349444,46,0,0,3,7,4,0,1,98,0,,,,,,
420933,42,2020,7,1,4,18,9,97,0,1,1,1,1,3,1,5,1,0,0,3,40.91546667,-76.67865278,11,0,0,1,1,1,0,1,98,0,18,12,18,19,18,47
420934,42,2020,7,20,2,20,41,111,0,1,1,1,1,3,1,3,1,1,0,73,40.21498056,-78.73013333,1,0,0,1,1,4,0,5,98,0,,,,,,
420935,42,2020,7,4,7,11,19,111,0,1,1,1,2,6,1,7,3,0,0,0,39.89418611,-78.99554444,1,0,0,1,1,1,0,1,98,0,,,,,,
420936,42,2020,7,19,1,3,6,45,7020,2,1,1,2,2,2,3,1,1,0,74,39.87218611,-75.32935,30,0,0,1,1,4,0,3,98,0,3,7,3,13,3,28
420937,42,2020,7,21,3,11,55,101,6540,1,1,1,1,3,2,3,1,1,0,13,39.98584722,-75.11148889,8,0,0,3,2,1,0,1,98,0,,,,,,
420938,42,2020,7,21,3,21,50,45,0,1,2,2,2,3,2,4,1,0,0,10,39.83086389,-75.43950833,12,6,0,2,2,1,0,3,98,0,21,50,21,54,22,8
420939,42,2020,12,21,2,12,47,77,0,1,2,2,2,3,2,3,1,1,0,0,40.53376667,-75.60240556,12,2,0,2,4,1,0,1,98,0,,,,,,
420940,42,2020,7,22,4,13,38,55,8920,1,1,1,1,6,2,7,4,0,0,0,39.74420556,-77.54657778,42,0,0,3,2,4,0,1,98,0,,,,,,
420941,42,2020,12,8,3,20,45,29,0,1,1,1,1,3,2,4,1,0,0,198,40.04415833,-75.53278056,30,0,0,1,1,4,0,2,98,0,20,57,21,13,21,19
420942,42,2020,7,24,6,10,3,129,0,1,1,1,1,3,1,5,1,0,0,14,40.37679722,-79.29411111,7,0,0,1,1,4,0,1,98,0,10,3,10,29,11,2
420943,42,2020,7,24,6,21,12,97,0,1,2,2,3,3,2,4,1,0,0,31,40.97378611,-76.87691944,12,2,0,1,1,1,0,2,1,0,21,10,21,14,21,58
420944,42,2020,8,1,7,19,37,101,6540,1,2,2,2,3,2,3,1,1,0,34,39.98718889,-75.2,12,6,0,8,1,1,0,1,98,0,,,,,,
420945,42,2020,12,4,6,11,48,21,0,1,1,1,2,5,1,7,3,0,0,0,40.43590556,-78.58056667,35,0,0,1,1,4,0,1,98,0,,,,,,
420946,42,2020,7,30,5,21,8,101,6540,2,1,1,5,3,2,3,1,1,0,2,39.92095833,-75.24663333,42,0,0,1,1,5,0,3,98,0,,,,,,
420947,42,2020,7,31,6,23,13,55,3343,1,1,1,6,3,2,5,1,0,0,166,39.93396389,-77.54551111,53,0,0,1,1,4,0,2,98,0,,,,,,
420948,42,2020,7,31,6,15,0,17,0,1,1,1,1,3,2,5,1,0,0,25,40.44675278,-75.44583056,30,0,0,1,1,4,0,1,98,0,,,,,,
420949,42,2020,7,18,7,22,42,45,0,1,2,2,7,2,2,3,1,1,0,170,39.95969167,-75.31419444,12,6,0,2,2,1,0,3,98,0,22,41,22,49,23,5
420950,42,2020,7,12,1,16,2,27,0,1,1,1,1,6,2,7,3,0,0,0,40.79993333,-77.88599167,9,0,0,1,1,1,0,1,98,0,,,,,,
420951,42,2020,8,11,3,14,4,93,0,2,2,2,4,3,1,4,1,0,0,52,41.10262778,-76.72017778,12,6,0,2,2,1,0,1,1,0,,,,,,
420952,42,2020,8,12,4,13,40,79,9080,1,1,1,1,3,2,3,1,1,0,50,40.97101389,-76.00985278,33,0,0,1,1,4,0,1,98,0,,,,,,
420953,42,2020,8,8,7,12,53,65,950,1,1,1,2,1,1,1,1,1,0,798,41.16785556,-79.07535278,23,0,0,1,1,4,0,1,98,0,,,,,,
420954,42,2020,8,12,4,1,20,79,4090,1,1,1,1,3,2,2,1,1,0,273,41.27167778,-75.87620556,52,0,0,1,1,4,0,3,98,0,1,27,1,35,1,50
420955,42,2020,8,15,7,9,33,45,1270,1,1,1,1,1,2,1,1,1,0,30,39.84135556,-75.40205278,1,0,0,1,1,1,0,1,98,0,9,31,9,39,9,52
420956,42,2020,8,9,1,9,4,35,0,1,1,1,2,3,1,4,1,0,0,329,41.27030278,-77.59671667,35,0,0,1,1,4,0,1,1,0,,,,,,
420957,42,2020,8,24,2,9,14,71,0,1,2,2,2,5,1,7,3,0,0,0,39.87737778,-76.18914722,12,6,0,2,2,1,0,1,1,0,9,14,9,21,,
420958,42,2020,9,6,1,17,48,35,0,2,2,2,3,5,1,7,3,0,0,0,41.16899167,-77.70790278,12,1,0,1,1,1,0,1,98,0,,,,,,
420959,42,2020,8,25,3,19,39,3,0,1,1,1,1,3,2,2,1,1,0,238,40.66641389,-79.71596111,24,0,0,1,1,4,0,1,98,0,19,38,19,45,,
420960,42,2020,9,6,1,21,18,101,6540,1,2,2,3,3,2,3,1,1,0,30,39.97869167,-75.15788333,12,9,0,3,2,1,0,3,98,0,,,,,,
420961,42,2020,8,28,6,22,23,9,0,1,2,2,3,3,1,5,1,0,0,268,40.06946944,-78.64314444,12,6,0,1,1,1,0,2,98,0,,,,,,
420962,42,2020,7,2,5,14,33,5,6045,1,1,1,1,3,1,6,1,0,0,13,40.77498889,-79.62576389,59,0,0,1,1,4,0,1,98,0,14,27,14,41,15,3
420963,42,2020,9,8,3,19,3,75,0,1,1,1,1,3,1,5,1,0,0,120,40.5127,-76.51388333,20,0,0,1,1,4,0,1,98,0,,,,,,
420964,42,2020,8,29,7,19,30,97,0,1,1,1,1,3,1,7,1,0,0,88,40.74333333,-76.59543333,42,0,0,1,1,4,0,1,99,0,19,46,20,0,20,26
420965,42,2020,9,9,4,9,45,45,0,1,2,2,2,1,2,1,1,1,0,35,39.918175,-75.36244444,12,1,0,1,1,1,0,1,98,0,,,,,,
420966,42,2020,9,3,5,7,8,101,6540,2,1,1,2,3,2,3,1,1,0,5,39.97688333,-75.11956111,42,0,0,1,1,4,0,1,98,0,,,,,,
420967,42,2020,9,11,6,15,58,17,515,1,2,2,2,3,1,5,3,0,0,115,40.43487778,-75.17124167,12,2,0,1,1,1,0,1,98,0,,,,,,
420968,42,2020,9,11,6,12,7,17,6480,1,2,2,3,3,2,3,1,0,0,41,40.15596667,-74.92270556,12,6,0,8,1,1,0,1,98,0,,,,,,
420969,42,2020,9,18,6,0,24,51,0,1,2,1,2,3,1,3,1,1,0,66,39.89273611,-79.82813056,14,0,0,1,1,2,0,2,1,0,0,33,0,36,,
420970,42,2020,9,15,3,23,25,129,0,1,2,2,2,2,1,3,1,1,0,155,40.39855833,-79.42211111,12,6,0,2,2,1,0,3,1,0,,,,,,
420971,42,2020,9,16,4,22,56,45,1270,1,1,1,2,2,2,3,1,1,0,60,39.86173611,-75.3502,5,0,0,1,1,1,0,3,98,0,22,58,23,4,23,17
420972,42,2020,9,7,2,22,18,9,0,1,1,1,1,3,1,4,1,0,0,4,40.14268611,-78.341975,30,0,0,1,1,4,0,2,1,0,,,,,,
420973,42,2020,9,17,5,15,14,79,8225,1,1,1,1,1,1,1,1,1,0,2547,41.02371389,-76.10239722,1,0,0,1,1,5,0,1,98,0,15,13,15,29,,
420974,42,2020,9,1,3,2,57,9,0,1,1,1,1,2,1,4,99,0,0,296,39.99927778,-78.29251111,24,0,0,1,1,4,0,2,98,0,,,,,,
420975,42,2020,9,22,3,15,7,109,0,1,2,2,2,3,1,5,1,0,0,95,40.80615556,-77.20025833,12,6,0,2,3,1,0,1,98,0,15,4,15,14,15,47
420976,42,2020,10,2,6,19,10,101,6540,1,1,1,1,3,2,7,1,0,0,21,39.96665,-75.22489444,15,0,0,3,2,99,0,5,98,0,19,13,19,20,19,51
420977,42,2020,9,22,3,14,11,121,0,1,2,2,2,3,1,5,1,0,0,23,41.28718611,-79.74686944,12,1,0,1,1,1,0,1,1,0,,,,,,
420978,42,2020,10,3,7,15,59,79,6660,1,1,1,2,6,2,7,4,0,0,0,41.242275,-75.93456667,8,0,0,3,10,1,0,1,98,0,15,59,16,4,16,36
420979,42,2020,9,25,6,4,19,101,6540,1,1,1,4,3,2,3,1,1,0,18,39.95957778,-75.17291111,33,0,0,1,1,4,0,3,98,0,4,23,4,28,5,8
420980,42,2020,9,27,1,13,27,123,6605,2,2,2,4,3,1,4,1,0,0,189,41.83087222,-79.39383056,12,6,0,1,1,1,0,1,98,0,,,,,,
420981,42,2020,10,3,7,2,44,101,6540,1,2,2,3,3,2,3,1,1,0,29,39.97729444,-75.15823056,12,6,0,2,2,1,0,3,98,0,2,43,,,4,27
420982,42,2020,9,28,2,19,47,29,0,1,1,1,1,3,2,5,1,0,0,17,39.98505833,-75.89235278,18,0,0,8,1,1,0,2,98,0,19,48,19,53,20,34
420983,42,2020,9,21,2,13,12,55,0,1,1,1,1,3,1,5,1,0,0,14,39.97785556,-77.91330556,1,0,0,1,1,4,0,1,1,0,13,11,13,24,,
420984,42,2020,9,30,4,0,2,37,0,1,1,1,1,3,1,7,1,0,0,20,40.84166111,-76.46777222,19,0,0,1,1,5,0,2,98,0,0,3,0,15,1,39
420985,42,2020,9,18,6,11,20,101,6540,1,2,1,2,6,2,7,4,0,0,0,40.02645278,-75.04583889,14,0,0,1,1,2,0,1,98,0,11,31,11,37,,
420986,42,2020,10,2,6,15,56,101,6540,1,2,2,2,3,2,3,1,1,0,9,39.91438333,-75.15262778,12,6,0,2,3,1,0,1,98,0,15,46,,,16,8
420987,42,2020,10,7,4,22,10,101,6540,1,1,1,1,6,2,7,4,0,0,0,40.01496111,-75.13456667,8,0,0,1,1,1,0,3,98,0,22,13,22,21,,
420988,42,2020,10,9,6,18,49,75,0,1,2,2,6,2,2,3,1,1,0,139,40.37326111,-76.32398056,12,6,0,8,1,1,0,5,1,0,18,45,18,55,19,43
420989,42,2020,10,6,3,7,40,101,6540,1,2,2,3,3,2,3,1,1,0,8,39.88480278,-75.25058056,12,6,0,1,1,1,0,1,98,0,7,20,7,34,8,8
420990,42,2020,10,9,6,7,55,101,6540,1,2,1,1,3,2,4,1,0,0,33,40.00029444,-75.09815,14,0,0,1,1,4,0,1,98,0,7,55,8,3,8,29
420991,42,2020,10,9,6,13,10,55,6863,1,2,2,2,5,1,7,3,0,0,0,39.80313056,-77.57965833,12,6,0,2,2,1,0,1,98,0,13,9,13,19,13,42
420992,42,2020,10,20,3,7,12,93,1890,1,1,1,1,3,2,3,1,1,0,117,40.96951667,-76.61645,8,0,0,3,3,1,0,4,10,0,7,14,7,17,8,6
420993,42,2020,10,18,1,22,37,17,0,1,1,1,1,3,1,4,1,0,0,11,40.50669167,-75.18816389,1,0,0,1,1,1,0,2,98,0,22,40,22,45,,
420994,42,2020,10,10,7,22,9,101,6540,1,1,1,1,3,2,3,1,1,0,27,40.02690833,-75.0943,24,0,0,1,1,4,0,3,98,0,22,7,22,25,,
420995,42,2020,10,20,3,5,19,51,0,1,1,1,1,3,2,3,1,1,0,28,39.93879444,-79.73100278,59,0,0,3,2,3,0,3,1,0,5,19,5,23,5,45
420996,42,2020,10,12,2,6,41,37,630,1,2,2,3,2,2,3,1,1,0,154,41.04864167,-76.2609,12,6,0,2,2,1,0,4,98,0,,,,,,
420997,42,2020,10,17,7,13,50,123,6605,1,1,1,1,3,1,7,1,0,0,81,41.8001,-79.4692,1,0,0,1,1,4,0,1,98,0,15,6,15,25,,
420998,42,2020,10,6,3,11,20,75,4340,1,1,1,1,6,2,7,4,0,0,0,40.34999444,-76.42584167,19,0,0,3,2,5,0,1,98,0,11,21,11,24,,
420999,42,2020,11,3,3,1,38,45,8715,1,2,2,2,3,2,3,1,1,0,14,39.95412222,-75.30176111,12,2,0,1,1,1,0,3,98,0,1,38,1,45,2,18
421000,42,2020,10,24,7,11,26,101,6540,2,1,1,2,3,2,3,1,1,0,37,39.99291667,-75.21766111,42,0,0,3,7,4,0,1,98,0,11,27,,,,
421001,42,2020,11,3,3,10,47,51,0,1,2,2,6,3,1,5,1,0,0,38,39.96684167,-79.69538889,12,6,0,8,1,1,0,1,1,0,10,59,11,10,11,39
421002,42,2020,11,3,3,5,6,17,0,1,2,2,2,2,2,2,1,1,0,119,40.19722222,-74.79674167,12,1,0,1,1,1,0,2,98,0,5,15,5,25,5,40
421003,42,2020,11,8,1,15,55,89,1950,1,2,2,2,3,1,5,1,0,0,1,40.96889722,-75.12288333,12,2,0,1,1,1,0,1,1,0,,,,,,
421004,42,2020,10,20,3,19,22,101,6540,1,1,1,1,6,2,7,4,0,0,0,39.97550833,-75.22957222,30,0,0,3,2,4,0,5,98,0,,,,,,
421005,42,2020,11,10,3,8,30,101,6540,1,1,1,1,5,2,7,4,0,0,0,39.98430833,-75.23582778,8,0,0,1,1,1,0,1,8,0,8,30,8,33,9,3
421006,42,2020,11,8,1,15,39,111,3971,1,2,2,2,3,1,5,1,0,0,92,40.12542222,-79.03919167,12,6,0,1,1,1,0,1,98,0,,,,,,
421007,42,2020,11,9,2,6,19,71,1550,1,2,2,2,3,2,4,1,0,0,20,40.03258889,-76.49546944,12,2,0,1,1,1,0,4,98,0,6,22,6,32,7,0
421008,42,2020,11,10,3,13,37,17,0,2,2,2,3,3,2,4,1,0,0,39,40.34421944,-75.35994167,12,6,0,2,2,1,0,1,98,0,13,39,13,48,14,13
421009,42,2020,11,9,2,14,54,45,1270,1,2,2,2,1,2,1,1,1,0,58,39.86130833,-75.35175556,12,6,1,2,4,1,0,1,98,0,14,57,15,3,15,30
421010,42,2020,11,16,2,12,22,125,0,1,2,2,2,3,2,4,1,0,0,9,40.18934722,-80.24101389,12,6,0,2,3,1,0,1,98,0,12,23,12,26,12,55
421011,42,2020,12,27,1,18,7,79,9340,1,1,1,1,3,2,3,1,1,0,8,41.24098056,-75.89969722,8,0,0,1,1,1,0,3,98,0,18,8,18,11,18,26
421012,42,2020,11,17,3,8,51,79,1860,1,2,2,3,3,2,3,1,1,0,335,41.33066667,-75.95075278,12,6,0,8,1,1,0,1,98,0,8,52,8,58,9,21
421013,42,2020,11,10,3,18,29,71,0,1,1,1,1,3,2,4,1,0,0,265,40.11811944,-76.04905833,8,0,0,1,1,1,0,3,98,0,18,30,18,38,19,12
421014,42,2020,11,18,4,12,23,17,999,1,2,2,2,3,2,5,1,0,0,32,40.33027778,-75.12925278,12,6,0,8,1,1,0,1,1,0,12,24,12,28,12,39
421015,42,2020,8,24,2,20,22,55,0,1,2,2,2,3,2,4,1,0,0,37,39.77105833,-77.56855,12,6,0,2,2,1,0,2,98,0,,,,,,
421016,42,2020,11,19,5,15,20,97,0,1,1,1,1,3,1,4,1,0,0,45,40.87472222,-76.51403056,24,0,0,1,1,4,0,1,98,0,15,19,15,25,16,19
421017,42,2020,11,10,3,19,30,57,0,1,1,1,1,3,1,6,1,0,0,65,39.76602778,-78.28283333,30,0,0,1,1,4,0,2,98,0,,,,,,
421018,42,2020,11,20,6,22,54,3,3380,1,2,2,2,1,2,1,1,1,0,671,40.42050278,-80.04940556,12,7,0,1,1,1,0,3,98,0,22,45,22,45,,
421019,42,2020,11,14,7,12,22,45,0,1,1,1,2,1,2,1,1,1,0,8,39.82510556,-75.43779167,34,0,0,1,1,4,0,1,1,0,12,12,12,28,,
421020,42,2020,11,20,6,3,20,101,6540,1,2,2,2,1,2,1,1,1,0,145,39.88640556,-75.21325,12,2,0,1,1,1,0,3,1,0,3,34,3,44,4,23
421021,42,2020,10,24,7,18,56,45,1450,1,1,1,2,3,2,4,1,0,0,39,39.92875833,-75.30357222,8,0,0,1,1,1,0,2,98,0,18,54,18,58,19,28
421022,42,2020,10,27,3,20,25,101,6540,1,1,1,1,6,2,7,3,0,0,0,40.00153333,-75.10425556,21,0,0,2,7,1,0,3,98,0,20,27,20,31,21,0
421023,42,2020,10,28,4,18,3,101,6540,1,1,1,1,6,2,7,4,0,0,0,40.04503889,-75.06625556,19,0,0,1,1,5,0,2,98,0,18,0,,,20,4
421024,42,2020,11,1,1,1,55,79,0,1,1,1,2,6,2,7,3,0,0,0,41.02829167,-76.01496944,35,0,0,1,1,4,0,2,98,0,1,56,2,7,,
421025,42,2020,11,20,6,15,42,101,6540,1,1,1,2,3,2,3,1,1,0,20,39.95561389,-75.21465278,8,0,0,3,2,1,0,1,98,0,15,44,15,49,16,36
421026,42,2020,11,24,3,14,34,81,0,1,2,2,3,3,1,5,1,0,0,54,41.287175,-76.53905833,12,6,0,2,3,1,0,1,1,0,14,33,14,49,,
421027,42,2020,12,3,5,18,15,45,1450,1,1,1,1,3,2,4,1,0,0,39,39.92776667,-75.30301944,8,0,0,1,1,1,0,3,1,0,18,16,18,21,18,48