st_case,state,year,month,day,day_week,hour,minute,county,city,fatals_crash,vehicles_total,vehicles_in_transport,persons_total,route,rural_urban,functional_system,road_owner,nhs,special_jurisdiction,milepoint,latitude,longitude,first_harmful_event,manner_collision,rel_jct_interchange,rel_jct_location,intersection_type,relation_to_road,work_zone,light_condition,weather,school_bus_related,ems_notified_hour,ems_notified_min,ems_arrival_hour,ems_arrival_min,hospital_hour,hospital_min
421028,42,2020,11,25,4,16,8,75,0,1,2,2,2,3,1,6,1,0,0,75,40.28316389,-76.48851667,12,2,0,1,1,1,0,1,98,0,,,,,,
421029,42,2020,12,1,3,5,14,75,0,1,2,2,3,3,1,5,1,0,0,54,40.42860833,-76.42292778,12,6,0,2,2,1,0,2,98,0,,,,,,
421030,42,2020,11,28,7,2,44,51,0,1,2,2,2,3,1,3,1,1,0,77,39.99975,-79.76183333,12,2,0,1,1,1,0,2,98,0,2,46,2,52,,
421031,42,2020,12,7,2,20,1,71,0,1,1,1,1,5,1,7,3,0,0,0,40.10423056,-76.06412778,8,0,0,1,1,1,0,2,98,0,20,4,20,7,,
421032,42,2020,11,28,7,3,1,17,9503,1,1,1,1,3,1,6,1,0,0,45,40.27257222,-74.9624,59,0,0,1,1,4,0,2,1,0,3,12,3,22,4,17
421033,42,2020,12,8,3,0,5,101,6540,1,2,2,2,6,2,7,4,0,0,0,40.00543889,-75.14585556,12,6,0,2,2,1,0,3,98,0,,,,,,
421034,42,2020,12,1,3,16,53,97,0,1,2,2,3,3,1,6,1,0,0,33,40.8902,-76.75246667,12,2,0,1,1,1,0,2,98,0,19,28,19,31,20,5
421035,42,2020,12,1,3,7,55,55,0,1,1,1,1,3,1,4,1,0,0,385,40.22142778,-77.69864722,8,0,0,1,1,1,0,1,1,0,,,,,,
421036,42,2020,11,14,7,12,43,17,0,1,1,1,1,2,2,3,99,1,0,44,40.09386667,-74.90901667,30,0,0,1,1,4,0,1,98,0,12,45,12,50,13,12
421037,42,2020,10,29,5,1,32,49,0,1,2,2,2,3,1,5,1,0,0,77,41.95698611,-80.137191670000007,12,2,0,1,1,1,0,2,98,0,1,24,1,39,2,11
421038,42,2020,12,12,7,14,43,71,0,1,2,2,2,3,1,6,1,0,0,28,39.8414,-76.09321667,12,6,0,2,2,1,0,1,98,0,14,43,14,55,15,42
421039,42,2020,12,13,1,12,34,75,4340,1,2,2,3,6,2,7,4,0,0,0,40.3454,-76.42871667,12,6,0,2,2,1,0,1,98,0,12,35,12,39,13,34
421040,42,2020,12,28,2,21,52,17,0,1,2,2,2,3,2,3,1,1,0,166,40.49341111,-75.38098611,12,6,0,8,1,1,0,2,1,0,,,,,,
421041,42,2020,12,14,2,7,53,71,0,3,1,1,1,3,1,6,1,0,0,68,39.81843333,-76.13496111,49,0,0,2,2,1,0,1,2,0,7,51,8,2,8,45
421042,42,2020,12,23,4,15,46,45,0,1,2,2,2,2,2,3,99,1,0,56,39.89543889,-75.49706111,12,6,0,2,3,1,0,1,10,0,,,,,,
421043,42,2020,12,29,3,20,24,69,0,1,2,2,2,2,1,3,99,1,0,235,41.57543333,-75.46899722,12,6,0,2,3,1,0,3,98,0,20,25,20,45,,
421044,42,2020,12,30,4,18,9,17,0,1,1,1,3,3,2,7,1,0,0,6,40.10042778,-74.95380833,8,0,0,2,3,1,0,2,98,0,18,10,18,15,18,29
421045,42,2020,12,15,3,4,12,75,0,1,1,1,2,3,1,5,1,0,0,18,40.30008056,-76.24716667,42,0,0,1,1,5,0,2,98,0,4,8,4,21,,
421046,42,2020,12,15,3,16,24,121,0,1,1,1,2,5,1,7,3,0,0,0,41.50166111,-79.95126389,35,0,0,1,1,4,0,2,1,0,16,22,16,40,16,45
421047,42,2020,5,27,4,18,3,101,6540,1,2,2,5,2,2,3,99,1,0,88,40.02782778,-75.06011389,12,2,0,3,2,1,0,1,98,0,,,,,,
421048,42,2020,12,11,6,13,26,121,0,1,1,1,1,3,1,6,1,0,0,62,41.56947778,-79.75890556,30,0,0,1,1,4,0,1,98,0,13,25,13,37,14,8
421049,42,2020,12,22,3,8,31,37,0,1,1,1,1,3,1,6,1,0,0,41,41.286219440000004,-76.372575,42,0,0,1,1,4,0,1,98,0,8,28,8,47,,
421050,42,2020,12,31,5,5,19,71,0,1,1,1,1,5,1,7,3,0,0,0,40.10786111,-76.56047222,8,0,0,1,1,1,0,2,98,0,5,20,5,27,,
421051,42,2020,12,23,4,22,32,89,0,1,1,1,2,5,1,7,3,0,0,0,41.14501389,-75.5586,42,0,0,3,3,4,0,2,98,0,,,,,,
421052,42,2020,12,31,5,20,35,55,0,1,1,1,2,5,1,7,3,0,0,0,40.20978333,-77.72570556,35,0,0,8,1,4,0,2,1,0,,,,,,
421053,42,2020,12,2,4,10,30,37,0,1,1,1,2,3,1,4,1,0,0,11,41.27695556,-76.43153889,35,0,0,1,1,4,0,1,10,0,10,27,10,44,11,22
421054,42,2020,6,1,2,22,33,101,6540,2,2,2,6,3,2,4,1,0,0,1,40.08634444,-75.03889722,12,6,0,1,1,1,0,3,98,0,,,,,,
421055,42,2020,12,31,5,10,22,109,0,1,2,2,2,3,1,5,1,0,0,72,40.77641667,-77.20835278,59,0,0,3,2,4,0,1,10,0,10,20,10,50,13,28
421056,42,2020,12,31,5,9,39,71,0,1,2,2,5,5,1,7,3,0,0,0,40.11332778,-76.45113056,12,6,0,2,2,1,0,1,2,0,9,40,9,50,10,26
421057,42,2020,12,17,5,8,38,71,0,1,2,2,2,3,1,3,1,1,0,100,39.82313333,-76.20249167,12,1,0,1,1,1,0,1,98,0,8,39,8,47,,
421058,42,2020,6,20,7,13,9,85,0,1,2,2,2,2,1,5,99,0,0,235,41.448025,-80.20624444,12,6,0,8,1,1,0,1,98,0,,,,,,
421059,42,2020,11,30,2,10,8,17,0,1,1,1,1,5,1,7,3,0,0,0,40.19810833,-75.07363889,42,0,0,1,1,4,0,1,2,0,10,10,10,20,,
421060,42,2020,8,5,4,15,23,73,0,1,1,1,1,3,1,5,1,0,0,61,40.85633611,-80.43603333,35,0,0,1,1,4,0,1,98,0,,,,,,
421061,42,2020,1,5,1,4,36,69,0,1,1,1,1,3,2,4,1,0,0,74,41.36750833,-75.602125,42,0,0,1,1,4,0,2,12,0,4,37,4,44,,
440001,44,2020,1,11,7,17,21,7,50,1,1,1,5,6,2,4,4,0,0,0,41.79764167,-71.45774444,8,0,0,3,3,1,0,3,10,0,19,4,19,9,,
440002,44,2020,1,22,4,22,36,7,180,1,1,1,1,3,2,3,4,1,0,10,41.87283889,-71.39860556,8,0,0,1,1,1,0,3,1,0,22,32,22,37,22,53
440003,44,2020,2,9,1,2,46,9,194,1,1,1,1,1,1,1,1,1,0,,41.53517778,-71.68006944,24,0,0,1,1,4,0,2,1,0,2,46,2,59,,
440004,44,2020,1,9,5,19,4,7,260,1,1,1,1,3,2,3,1,1,0,,42.00220278,-71.50573889,8,0,0,1,1,1,0,1,1,0,19,4,19,9,19,24
440005,44,2020,2,14,6,14,19,7,206,1,1,1,1,1,2,1,1,1,0,,41.88390278,-71.51880833,42,0,0,1,1,4,0,1,1,0,14,20,14,26,,
440006,44,2020,3,5,5,4,39,7,190,1,5,5,5,1,2,1,1,1,0,,41.82920556,-71.41783056,8,0,0,1,1,1,0,3,1,0,4,40,4,44,,
440007,44,2020,1,26,1,12,34,5,100,1,1,1,1,3,2,2,1,1,0,2,41.51090556,-71.36605556,33,0,1,19,1,12,0,1,1,0,12,31,12,36,13,15
440009,44,2020,3,25,4,23,36,7,59,1,1,1,2,5,1,7,3,0,0,,41.77081111,-71.78948611,98,0,0,1,1,4,0,2,1,0,23,46,23,53,,
440010,44,2020,3,27,6,19,34,9,208,1,1,1,1,5,2,5,3,0,0,11,41.47146667,-71.45125278,8,0,0,1,1,1,0,5,1,0,19,35,19,40,19,51
440011,44,2020,3,29,1,14,45,7,112,1,1,1,1,8,2,3,1,1,0,18,41.88156667,-71.46716111,46,0,0,3,2,4,0,1,2,0,14,49,14,55,15,18
440012,44,2020,4,6,2,16,35,3,230,1,1,1,1,2,2,3,1,1,0,412,41.69616944,-71.45888889,33,0,0,1,1,4,0,1,1,0,16,36,16,44,17,0
440013,44,2020,5,13,4,9,23,7,59,1,2,2,2,3,1,4,1,0,0,19,41.854075,-71.75700833,12,6,0,1,1,1,0,1,1,0,9,23,9,32,,
440014,44,2020,5,14,5,11,57,9,240,1,1,1,1,5,2,4,3,0,0,2,41.38034167,-71.8301,8,0,0,3,3,1,0,1,1,0,11,57,11,59,12,48
440015,44,2020,5,15,6,3,31,7,190,1,1,1,1,3,2,2,1,1,0,37,41.81383333,-71.44001667,25,0,1,19,1,4,0,3,2,0,3,28,3,35,,
440017,44,2020,5,22,6,23,20,5,135,1,1,1,1,3,2,3,1,1,0,13,41.52438056,-71.29801944,9,0,0,2,3,1,0,3,1,0,23,17,23,19,,
440018,44,2020,5,23,7,9,27,9,240,1,1,1,1,3,1,4,1,0,0,54,41.39951667,-71.74729167,30,0,0,3,2,4,0,1,2,0,9,27,9,39,10,5
440019,44,2020,4,10,6,12,7,3,245,1,1,1,1,3,2,3,1,1,0,148,41.69576111,-71.52735833,8,0,0,3,2,1,0,1,1,0,12,3,12,5,12,30
440020,44,2020,3,10,3,20,12,7,190,1,1,1,2,6,2,5,4,0,0,5,41.82680278,-71.38608611,8,0,0,1,1,1,0,3,10,0,20,13,20,20,20,33
440021,44,2020,5,24,1,19,31,3,230,1,1,1,1,1,2,1,1,1,0,1,41.69403056,-71.47597778,34,0,1,5,1,4,0,1,1,0,19,27,19,38,19,55
440022,44,2020,5,29,6,10,14,3,55,1,5,5,5,3,2,3,1,1,0,7,41.66275278,-71.48324167,12,7,0,1,1,1,1,1,1,0,10,17,10,21,10,56
440024,44,2020,4,28,3,15,35,9,194,1,1,1,2,1,1,1,1,1,0,11,41.4518,-71.78087778,34,0,0,1,1,4,0,1,1,0,15,36,15,43,16,29
440025,44,2020,6,7,1,13,39,7,260,1,2,2,4,3,2,3,1,1,0,431,42.01459167,-71.46643056,12,6,0,2,3,1,0,1,1,0,13,39,13,44,14,18
440026,44,2020,5,15,6,15,7,7,190,1,2,2,2,6,2,4,4,0,0,11,41.82987778,-71.43175833,12,2,0,8,1,1,0,1,1,0,15,,15,,,
440027,44,2020,6,9,3,21,0,7,190,1,2,1,1,3,2,3,4,1,0,307,41.80516667,-71.41966111,14,0,0,1,1,7,0,3,1,0,21,0,21,3,21,29
440029,44,2020,6,14,1,17,7,7,105,1,3,3,6,2,2,3,1,0,0,146,41.83031944,-71.53064722,12,6,0,2,3,1,0,1,1,0,17,6,17,8,,
440030,44,2020,6,18,5,4,0,7,112,1,1,1,1,3,2,5,1,0,0,77,41.93351667,-71.46624444,33,0,1,3,2,4,0,2,5,0,4,3,4,8,4,34
440031,44,2020,6,21,1,8,43,7,180,2,2,2,4,3,2,3,1,1,0,139,41.87839444,-71.35426389,12,1,0,3,2,1,0,1,1,0,8,43,8,49,9,8
440032,44,2020,5,25,2,21,14,7,190,1,2,2,3,6,2,4,4,0,0,1,41.81205833,-71.41891944,12,6,0,2,2,1,0,3,1,0,21,18,21,20,21,30
440033,44,2020,6,25,5,2,40,5,150,1,1,1,1,6,2,4,4,0,0,7,41.47848889,-71.31183889,8,0,0,1,1,1,0,3,1,0,2,44,2,46,3,36
440034,44,2020,6,28,1,21,30,7,159,1,1,1,2,3,2,2,1,1,0,98,41.96041667,-71.49376111,8,0,0,3,2,1,0,3,1,0,21,30,21,35,21,53
440035,44,2020,7,15,4,16,18,9,194,1,1,1,1,1,1,1,1,1,0,380,41.52584722,-71.68430556,31,0,0,1,1,3,0,1,1,0,16,18,16,23,16,56
440037,44,2020,7,18,7,1,21,7,180,1,2,2,5,6,2,4,4,0,0,1,41.88344722,-71.37267778,12,2,0,1,1,1,0,2,1,0,1,24,1,29,,
440038,44,2020,7,18,7,20,43,7,190,1,1,1,1,6,2,4,4,0,0,8,41.831275,-71.39952778,19,0,0,1,1,5,0,3,1,0,20,,20,,,
440039,44,2020,7,29,4,0,7,3,239,1,1,1,1,1,2,1,1,1,0,380,41.64957778,-71.61273611,42,0,0,1,1,4,0,3,1,0,0,8,0,19,,
440040,44,2020,8,2,1,19,15,3,239,1,1,1,2,1,2,1,1,1,0,210,41.65920556,-71.55525278,42,0,0,1,1,4,0,1,10,0,19,17,19,26,19,59
440041,44,2020,8,3,2,16,30,7,62,1,2,2,2,2,1,3,1,1,0,48,41.91915556,-71.70966667,12,2,0,1,1,1,0,1,1,0,16,30,16,38,,
440042,44,2020,8,6,5,10,15,7,57,1,1,1,1,3,2,2,1,1,0,16,41.77785556,-71.33104444,9,0,0,1,1,2,0,1,1,0,10,20,10,30,10,43
440043,44,2020,8,9,1,12,30,9,15,1,1,1,3,9,1,5,1,0,0,71,41.180225,-71.59418056,30,0,0,1,1,4,0,1,1,0,12,33,12,36,12,55
440044,44,2020,8,15,7,14,20,9,15,1,2,2,3,9,1,7,3,0,0,12,41.15648056,-71.54979444,12,2,0,2,3,1,0,1,10,0,14,23,14,27,14,38
440045,44,2020,8,26,4,5,16,7,190,1,2,2,2,6,2,7,4,0,0,0,41.85367778,-71.42885278,33,0,0,3,3,4,0,1,1,0,5,27,5,32,,
440047,44,2020,9,11,6,21,31,7,180,1,2,2,3,3,2,3,1,1,0,10,41.87299444,-71.3986,12,99,0,3,10,1,0,3,1,0,21,31,21,35,,
440048,44,2020,9,21,2,12,33,9,208,1,1,1,1,3,1,3,1,1,0,138,41.50008889,-71.58899167,30,0,0,1,1,4,0,1,1,0,12,33,12,39,,
440049,44,2020,9,21,2,21,53,9,208,1,1,1,1,5,2,5,3,0,0,6,41.4795,-71.4501,41,0,0,1,1,4,0,2,1,0,21,55,22,2,22,27
440050,44,2020,9,25,6,10,47,7,50,1,1,1,1,6,2,4,4,0,0,43,41.79950278,-71.44739167,8,0,0,3,3,1,0,1,1,0,10,48,10,52,,
440051,44,2020,10,8,5,23,3,7,190,1,1,1,1,3,2,3,1,1,0,51,41.81162778,-71.40515833,39,0,0,1,1,4,0,3,1,0,23,6,23,10,23,29
440052,44,2020,10,14,4,8,35,7,206,1,1,1,1,8,2,5,1,0,0,7,41.87333333,-71.50326667,8,0,0,2,3,1,0,1,1,0,8,38,8,45,9,15
440053,44,2020,10,14,4,11,1,3,230,1,1,1,1,3,2,3,1,1,0,221,41.70207778,-71.40412778,33,0,0,1,1,4,0,1,1,0,11,4,11,11,11,33
440054,44,2020,10,19,2,5,0,3,230,1,2,2,2,1,2,1,1,1,0,157,41.70464167,-71.47381667,12,1,0,1,1,1,1,3,1,0,5,3,5,9,,
440055,44,2020,10,25,1,2,55,3,230,1,1,1,4,2,2,3,1,1,0,192,41.63436944,-71.46831111,24,0,0,1,1,4,0,3,1,0,2,55,2,59,3,16
440057,44,2020,11,1,1,1,32,7,190,1,1,1,1,1,2,1,1,1,0,385,41.84026944,-71.41068056,42,0,0,1,1,4,0,3,1,0,1,35,1,40,,
440058,44,2020,11,1,1,1,44,7,180,1,3,3,2,1,2,1,1,1,0,429,41.88910556,-71.37883333,12,11,1,18,1,1,4,3,1,0,1,41,1,46,,
440059,44,2020,11,1,1,1,49,9,194,1,1,1,1,1,1,1,1,1,0,73,41.51301667,-71.69168056,30,0,0,1,1,4,0,3,1,0,1,55,2,4,2,54
440060,44,2020,11,3,3,6,4,7,190,1,1,1,1,1,2,1,1,1,0,44,41.84023333,-71.41106667,25,0,0,1,1,3,0,1,1,0,6,1,6,4,6,45
440061,44,2020,11,14,7,20,19,7,50,1,2,2,5,3,2,4,1,0,0,107,41.78195278,-71.51009722,12,2,0,1,1,1,0,3,1,0,20,32,20,42,,
440062,44,2020,10,18,1,7,34,9,111,1,1,1,1,3,2,2,1,0,0,34,41.58040833,-71.50240556,33,0,0,1,1,4,0,1,1,0,7,36,7,47,8,11
440063,44,2020,11,19,5,16,27,7,206,1,2,2,3,8,2,4,1,0,0,5,41.86453056,-71.54460833,12,2,0,1,1,1,0,1,1,0,16,28,16,33,17,15
440064,44,2020,12,8,3,16,55,7,57,1,1,1,1,3,2,3,1,1,0,24,41.79663889,-71.36390833,8,0,0,1,1,1,0,2,1,0,16,57,17,1,17,15
440065,44,2020,12,12,7,0,50,5,150,1,1,1,5,8,2,4,4,0,0,14,41.46939167,-71.32604444,30,0,0,1,1,4,0,3,5,0,0,51,0,55,1,15
440066,44,2020,9,4,6,9,32,9,240,1,1,1,1,3,2,4,3,0,0,8,41.36658611,-71.8298,30,0,0,1,1,4,0,1,1,0,9,30,9,37,10,38
440067,44,2020,9,8,3,0,48,7,62,1,1,1,1,2,1,3,1,1,0,3,41.921725,-71.74331944,53,0,0,1,1,4,0,2,1,0,0,50,1,3,,
440068,44,2020,9,13,1,0,34,9,45,1,1,1,1,8,1,7,1,0,0,0,41.355525,-71.71886389,33,0,0,3,3,4,0,2,1,0,0,35,0,40,0,59
440069,44,2020,9,19,7,21,6,7,180,1,1,1,1,1,2,1,1,1,0,14,41.87445556,-71.38096667,8,0,0,1,1,1,0,3,1,0,21,8,21,10,,
440072,44,2020,6,21,1,13,34,7,206,1,3,3,4,2,2,3,1,1,0,135,41.87486389,-71.56295556,12,6,0,1,1,1,0,1,1,0,13,42,13,47,,
440073,44,2020,9,6,1,17,37,9,137,1,1,1,1,6,2,7,4,0,0,0,41.43101944,-71.45934167,8,0,0,98,1,1,0,1,1,0,17,32,17,45,18,22
440074,44,2020,11,8,1,13,17,3,230,1,1,1,1,6,2,5,4,0,0,0,41.75286389,-71.38380278,33,0,0,1,1,4,0,1,1,0,13,20,13,22,13,34
440075,44,2020,9,7,2,3,22,7,190,1,1,1,1,3,2,3,1,1,0,0,41.78826944,-71.39568333,8,0,0,3,2,1,0,3,1,0,3,22,3,27,,
450001,45,2020,1,1,4,2,30,3,0,1,1,1,10,1,1,1,1,1,0,127,33.62741111,-81.81038889,42,0,0,1,1,3,0,2,1,0,,,,,,
450002,45,2020,1,1,4,3,30,25,0,1,1,1,1,3,1,4,1,0,0,,34.75436667,-79.96071667,1,0,0,1,1,4,0,2,1,0,,,,,,
450003,45,2020,1,1,4,21,30,23,0,1,1,1,1,1,1,1,1,1,0,517,34.55400833,-81.00793611,35,0,0,1,1,3,0,2,1,0,,,,,,
450004,45,2020,1,3,6,1,39,1,0,1,2,2,2,3,1,3,1,1,0,,34.18938056,-82.26113056,12,2,0,1,1,1,0,2,2,0,,,,,,
450005,45,2020,1,3,6,17,10,15,0,1,1,1,1,3,1,4,1,0,0,,33.35001111,-80.15348889,34,0,0,1,1,4,0,5,1,0,,,,,,
450006,45,2020,1,3,6,17,37,21,0,1,1,1,1,3,2,4,1,0,0,86,35.04233889,-81.67648056,8,0,0,1,1,4,0,5,1,0,,,,,,
450007,45,2020,1,4,7,19,18,19,1170,1,1,1,1,3,1,4,1,0,0,88,32.745625,-80.20160278,32,0,0,1,1,4,0,3,1,0,,,,,,
450008,45,2020,1,4,7,19,5,79,0,1,1,1,1,2,2,3,1,0,0,,34.07856944,-80.99731111,8,0,0,1,1,1,0,2,1,0,,,,,,
450009,45,2020,1,4,7,7,10,51,1730,1,1,1,1,2,2,3,1,1,0,0,33.75651944,-78.82498889,8,0,0,3,2,1,0,3,2,0,,,,,,
450010,45,2020,1,6,2,9,15,45,0,1,2,2,4,3,2,4,1,0,0,4,34.73198611,-82.38479722,12,6,0,2,3,1,0,1,1,0,,,,,,
450011,45,2020,1,6,2,21,20,91,0,1,1,1,2,3,2,3,1,0,0,316,35.11626389,-81.07426389,8,0,0,3,2,1,0,3,1,0,,,,,,
450012,45,2020,1,8,4,3,30,1,0,1,1,1,1,3,1,4,1,0,0,,34.27668611,-82.42573611,59,0,0,1,1,4,0,6,1,0,,,,,,
450013,45,2020,1,9,5,18,25,91,0,1,1,1,4,3,2,4,1,0,0,8,34.854675,-80.93041944,8,0,0,1,1,1,0,3,1,0,,,,,,
450014,45,2020,1,9,5,17,22,51,0,1,2,2,3,3,1,5,1,0,0,114,34.03623889,-78.85166111,12,2,0,1,1,1,0,5,1,0,,,,,,
450015,45,2020,1,10,6,6,48,57,0,1,4,4,4,2,1,3,1,1,0,38,34.82765833,-80.80354167,12,6,0,2,3,1,0,4,1,0,,,,,,
450016,45,2020,1,11,7,11,0,43,0,1,1,1,1,3,1,4,1,0,0,,33.69093333,-79.29443889,34,0,0,1,1,4,0,1,10,0,,,,,,
450017,45,2020,1,11,7,13,47,91,0,1,2,2,2,3,1,5,1,0,0,3,34.850997220000004,-81.03435833,12,2,0,1,1,1,0,1,10,0,,,,,,
450018,45,2020,1,11,7,22,20,41,0,1,1,1,2,3,1,4,1,0,0,14,34.12018889,-79.75830556,59,0,0,3,3,4,0,2,2,0,,,,,,
450019,45,2020,1,13,2,10,14,19,1805,1,1,1,1,3,2,4,1,0,0,4,32.93443889,-80.04938056,8,0,0,1,1,4,0,1,10,0,,,,,,
450020,45,2020,1,14,3,4,15,45,0,1,1,1,1,3,2,4,1,0,0,71,34.97769167,-82.33184167,38,0,0,1,1,4,0,2,2,0,,,,,,
450021,45,2020,1,14,3,12,4,19,1805,1,2,2,2,3,2,3,1,1,0,,32.9748,-80.04303889,12,6,0,1,1,1,0,1,1,0,,,,,,
450022,45,2020,1,9,5,21,52,45,1060,1,1,1,1,2,2,3,1,1,0,,34.93571944,-82.27718056,8,0,0,1,1,1,0,2,1,0,,,,,,
450023,45,2020,1,15,4,2,25,15,1680,1,1,1,2,2,2,3,1,1,0,0,33.18691111,-80.00135,1,0,0,3,2,3,0,3,10,0,,,,,,
450024,45,2020,1,15,4,5,30,47,0,1,1,1,1,3,2,3,1,1,0,4,34.16258611,-82.12716944,34,0,0,1,1,4,0,2,1,0,,,,,,
450025,45,2020,1,15,4,5,50,59,0,1,2,2,3,3,1,4,1,0,0,85,34.58826111,-82.10108333,12,2,0,1,1,1,0,2,5,0,,,,,,
450026,45,2020,1,15,4,1,17,79,520,1,1,1,1,3,2,3,1,1,0,4,34.04341111,-81.04318889,59,0,0,1,1,4,0,2,1,0,,,,,,
450027,45,2020,1,15,4,18,42,29,0,1,1,1,1,3,1,4,1,0,0,,32.98659444,-80.78141944,8,0,0,1,1,1,0,2,1,0,,,,,,
450028,45,2020,1,16,5,21,8,35,0,1,1,1,1,3,2,4,1,0,0,19,32.99736111,-80.21713889,8,0,0,1,1,1,0,2,1,0,,,,,,
450029,45,2020,1,18,7,6,20,51,0,1,3,3,3,3,1,4,1,0,0,,33.84903611,-78.84015,12,2,0,1,1,1,0,2,1,0,,,,,,
450030,45,2020,1,18,7,15,40,13,0,1,1,1,1,2,1,3,1,1,0,,32.56945,-80.7434,42,0,0,1,1,4,0,1,1,0,,,,,,
450031,45,2020,1,18,7,16,40,83,0,1,1,1,1,3,2,4,1,0,0,,34.87328889,-81.95073056,30,0,0,1,1,4,0,5,2,0,,,,,,
450032,45,2020,1,20,2,16,32,31,0,1,2,2,6,2,1,3,1,0,0,140,34.41290278,-79.99085278,12,6,0,2,2,1,0,1,1,0,,,,,,
450033,45,2020,1,21,3,6,55,83,0,1,2,2,2,3,2,4,1,0,0,15,34.97600556,-81.98575556,12,6,0,2,2,1,0,4,1,0,,,,,,
450034,45,2020,1,22,4,5,2,75,0,1,1,1,1,3,1,4,1,0,0,,33.32628056,-80.82671111,32,0,0,1,1,4,0,2,1,0,,,,,,
450035,45,2020,1,22,4,11,54,15,0,1,2,2,2,2,1,3,1,0,0,,33.18130833,-80.217975,12,6,0,2,2,1,0,1,1,0,,,,,,
450036,45,2020,1,22,4,12,21,13,0,2,2,2,4,2,2,3,1,1,0,53,32.28382222,-80.88224722,12,6,0,2,4,1,0,1,1,0,,,,,,
450037,45,2020,1,22,4,14,15,41,0,1,1,1,1,3,1,5,1,0,0,0,33.93187778,-79.61816944,1,0,0,1,1,4,0,1,1,0,,,,,,
450038,45,2020,1,23,5,19,14,83,2460,1,1,1,1,2,2,3,1,1,0,164,34.94694722,-81.93945556,8,0,0,1,1,1,0,3,1,0,,,,,,
450039,45,2020,1,23,5,20,7,87,0,1,2,2,2,3,1,3,1,1,0,126,34.59613056,-81.42745278,12,2,0,1,1,1,0,2,1,0,,,,,,
450040,45,2020,1,23,5,21,30,71,0,1,1,1,1,3,1,7,1,0,0,38,34.21152778,-81.44969444,53,0,0,1,1,4,0,2,1,0,,,,,,
450041,45,2020,1,23,5,21,55,63,0,1,1,1,1,3,1,7,1,0,0,31,33.86377222,-81.23621944,8,0,0,1,1,1,0,2,1,0,,,,,,
450042,45,2020,1,24,6,21,13,57,1350,1,1,1,1,2,2,3,1,1,0,,34.73547222,-80.777833330000007,8,0,0,1,1,1,0,6,2,0,,,,,,
450043,45,2020,1,24,6,16,28,91,0,1,2,2,3,2,2,3,1,0,1,18,34.84770556,-80.93266111,12,6,0,1,1,1,0,1,2,0,,,,,,
450044,45,2020,1,24,6,21,45,41,0,1,1,1,1,2,2,3,1,0,0,,34.23862778,-79.80986389,18,0,0,1,1,4,0,2,2,0,,,,,,
450045,45,2020,1,25,7,1,0,51,0,1,2,2,2,3,2,3,1,1,0,50,33.74027222,-79.02341389,12,1,0,1,1,1,0,6,10,0,,,,,,
450046,45,2020,1,25,7,1,25,51,0,1,2,2,2,2,2,3,1,1,0,120,33.713675,-78.89970556,12,6,0,1,1,1,0,2,2,0,,,,,,
450047,45,2020,1,25,7,22,35,13,0,1,3,3,5,2,2,3,1,1,0,57,32.181525,-80.72298611,12,6,0,2,3,1,0,6,1,0,,,,,,
450048,45,2020,1,27,2,22,10,81,0,2,1,1,3,3,1,4,1,0,0,,34.045025,-81.69824444,34,0,0,1,1,4,0,2,1,0,,,,,,
450049,45,2020,1,28,3,21,42,15,0,1,1,1,1,2,2,3,1,1,0,0,33.03736111,-80.15276111,8,0,0,1,1,1,0,2,1,0,,,,,,
450050,45,2020,1,28,3,6,0,31,0,1,1,1,1,3,1,4,1,0,0,,34.35744167,-80.03564444,34,0,0,1,1,4,0,2,1,0,,,,,,
450051,45,2020,1,29,4,5,51,3,0,1,1,1,1,2,2,3,1,0,0,73,33.42858056,-81.88698333,50,0,0,1,1,1,0,2,1,0,,,,,,
450052,45,2020,1,29,4,17,25,15,0,1,1,1,1,3,2,3,1,1,0,52,32.97636111,-80.039175,1,0,0,1,1,4,0,5,10,0,,,,,,
450053,45,2020,1,29,4,20,15,49,0,1,1,1,1,3,1,4,1,0,0,,32.75340278,-81.21442222,19,0,0,3,3,4,0,2,2,0,,,,,,
450054,45,2020,1,30,5,12,0,29,0,1,1,1,1,3,1,4,1,0,0,95,33.090975,-80.80871944,42,0,0,1,1,4,0,1,1,0,,,,,,
450055,45,2020,1,30,5,9,30,51,0,2,2,2,3,3,1,3,1,1,0,272,34.00577778,-78.76127222,12,6,0,2,3,1,0,1,1,0,,,,,,
450056,45,2020,1,31,6,20,0,79,1220,1,3,3,3,1,2,1,1,1,0,965,34.14544167,-81.23673333,12,6,0,1,1,1,0,2,2,0,,,,,,
450057,45,2020,1,31,6,23,0,35,0,2,2,2,4,1,1,1,1,1,0,790,33.22845,-80.59078056,12,11,0,1,1,1,0,6,2,0,,,,,,
450058,45,2020,2,1,7,17,45,79,0,1,1,1,1,3,1,4,1,0,0,0,34.12469722,-81.02831667,40,0,0,1,1,4,0,5,1,0,,,,,,
450059,45,2020,2,1,7,22,5,63,0,1,2,2,2,3,1,7,1,0,0,44,33.86620278,-81.26165556,12,6,0,2,3,1,0,2,1,0,,,,,,
450060,45,2020,2,2,1,4,40,15,1072,1,1,1,1,3,2,5,1,0,0,2,32.92176389,-80.01505833,1,0,0,1,1,4,0,3,1,0,,,,,,
450061,45,2020,2,3,2,0,30,19,1316,1,1,1,1,3,2,5,1,0,0,0,32.98619444,-80.11195,42,0,0,1,1,4,0,6,1,0,,,,,,