st_case,state,year,month,day,day_week,hour,minute,county,city,fatals_crash,vehicles_total,vehicles_in_transport,persons_total,route,rural_urban,functional_system,road_owner,nhs,special_jurisdiction,milepoint,latitude,longitude,first_harmful_event,manner_collision,rel_jct_interchange,rel_jct_location,intersection_type,relation_to_road,work_zone,light_condition,weather,school_bus_related,ems_notified_hour,ems_notified_min,ems_arrival_hour,ems_arrival_min,hospital_hour,hospital_min
450408,45,2020,6,28,1,12,35,79,0,1,2,2,2,1,2,1,1,1,0,683,34.06030833,-81.04948611,12,7,0,1,1,1,0,1,1,0,,,,,,
450409,45,2020,6,29,2,3,35,11,0,1,1,1,1,2,1,3,1,0,0,0,33.27342778,-81.38505556,51,0,0,3,3,4,0,3,1,0,,,,,,
450410,45,2020,6,29,2,12,45,57,0,1,3,3,4,3,1,3,1,1,0,0,34.75081111,-80.51752778,12,2,0,1,1,1,0,1,1,0,,,,,,
450411,45,2020,6,30,3,19,0,7,0,2,2,1,1,3,1,4,1,0,0,0,34.48120833,-82.73168056,8,0,0,1,1,4,0,1,1,0,,,,,,
450412,45,2020,4,12,1,5,4,83,0,1,1,1,1,3,2,3,1,1,0,0,34.97468611,-81.93583056,42,0,0,3,2,4,0,2,1,0,,,,,,
450413,45,2020,6,18,5,1,0,79,0,1,1,1,4,1,1,1,1,1,0,683,34.05563611,-81.05608889,16,0,0,1,1,1,0,2,1,0,,,,,,
450414,45,2020,4,4,7,8,55,13,0,1,1,1,1,3,2,5,1,0,0,4,32.22386667,-80.73896111,8,0,0,3,3,1,0,1,1,0,,,,,,
450415,45,2020,5,22,6,23,0,83,0,1,1,1,1,4,2,7,1,0,0,2,34.96806667,-82.17544444,33,0,0,1,1,4,0,2,1,0,,,,,,
450416,45,2020,6,22,2,20,50,25,0,1,3,3,4,3,1,4,1,0,0,0,34.70319167,-80.28180833,12,6,0,1,1,1,0,2,1,0,,,,,,
450417,45,2020,6,8,2,0,48,35,0,1,1,1,1,4,1,4,1,0,0,0,33.02926667,-80.26980278,1,0,0,1,1,1,0,3,1,0,,,,,,
450418,45,2020,6,28,1,0,5,25,0,1,1,1,1,3,1,4,1,0,0,0,34.51635556,-79.93316389,34,0,0,1,1,4,0,2,1,0,,,,,,
450419,45,2020,7,1,4,0,21,7,0,1,1,1,3,4,1,7,2,0,0,0,34.46207222,-82.73950278,42,0,0,1,1,4,0,2,1,0,,,,,,
450420,45,2020,3,2,2,19,45,13,1145,1,3,3,6,2,1,3,1,1,0,0,32.21618611,-80.73781111,12,6,0,2,2,1,0,3,1,0,,,,,,
450421,45,2020,5,27,4,4,56,19,410,1,1,1,1,3,2,3,1,1,0,2163,32.83088611,-79.98843611,8,0,0,1,1,1,0,3,2,0,,,,,,
450422,45,2020,7,1,4,5,5,49,0,1,1,1,1,2,1,3,1,1,0,0,32.73351944,-81.24179444,8,0,0,2,3,1,0,2,1,0,,,,,,
450423,45,2020,5,21,5,11,10,63,2790,1,3,3,4,3,2,3,1,0,0,0,34.00129444,-81.102825,12,6,0,2,2,1,0,1,1,0,,,,,,
450424,45,2020,6,10,4,15,40,7,0,1,3,3,5,4,2,5,1,0,0,8,34.47854722,-82.63326944,12,6,0,2,2,1,0,1,1,0,,,,,,
450425,45,2020,6,14,1,1,35,83,2460,1,1,1,1,3,2,4,1,0,0,159,34.93036667,-81.95398889,33,0,0,1,1,4,0,3,1,0,,,,,,
450426,45,2020,6,22,2,1,20,83,0,1,1,1,3,4,2,5,2,0,0,5,34.92268611,-81.90521667,43,0,0,1,1,4,0,3,1,0,,,,,,
450427,45,2020,6,25,5,12,11,15,985,1,2,2,2,2,2,3,1,1,0,23,33.018308330000004,-80.03615,12,6,0,2,2,1,0,1,1,0,,,,,,
450428,45,2020,5,22,6,3,57,45,1060,1,1,1,1,3,2,4,1,0,0,55,34.87803889,-82.24086667,42,0,0,1,1,4,0,2,1,0,,,,,,
450430,45,2020,7,1,4,12,0,3,0,1,1,1,1,3,1,4,1,0,0,61,33.37505,-81.86498056,35,0,0,1,1,4,0,1,1,0,,,,,,
450431,45,2020,7,1,4,23,4,71,0,1,1,1,1,2,1,3,1,0,0,168,34.24027778,-81.56498056,9,0,0,1,1,1,0,2,1,0,,,,,,
450432,45,2020,7,1,4,23,10,49,0,1,3,3,3,3,1,4,1,0,0,51,32.77215833,-80.96823611,12,2,0,1,1,1,0,6,1,0,,,,,,
450433,45,2020,7,2,5,9,10,55,0,2,2,2,3,2,1,3,1,1,0,110,34.23683889,-80.66338333,12,1,0,1,1,1,1,1,1,0,,,,,,
450434,45,2020,7,2,5,14,56,3,0,1,2,2,5,2,2,3,1,1,0,183,33.58951667,-81.69508611,12,2,0,2,2,1,0,1,1,0,,,,,,
450435,45,2020,7,3,6,22,35,19,1170,1,2,2,3,3,1,3,1,0,0,51,32.73134722,-80.26431667,12,2,0,2,3,1,0,3,1,0,,,,,,
450436,45,2020,7,3,6,13,45,21,0,1,1,1,1,3,1,3,1,0,0,102,34.97203333,-81.53335278,34,0,0,1,1,4,0,1,1,0,,,,,,
450437,45,2020,7,4,7,14,45,7,0,1,1,1,2,1,1,1,1,1,0,111,34.51576667,-82.87911667,1,0,0,1,1,3,0,1,1,0,,,,,,
450438,45,2020,7,4,7,20,30,7,0,1,1,1,1,3,1,7,1,0,0,17,34.44778056,-82.77528333,52,0,0,1,1,4,0,5,99,0,,,,,,
450439,45,2020,7,5,1,15,25,35,0,1,1,1,3,3,1,4,1,0,0,0,33.04303889,-80.38473611,35,0,0,1,1,4,0,1,1,0,,,,,,
450440,45,2020,7,5,1,16,0,89,0,1,1,1,1,3,1,3,1,0,0,87,33.69658056,-79.86080278,42,0,0,1,1,4,0,1,1,0,,,,,,
450441,45,2020,7,5,1,17,45,53,0,1,1,1,1,3,1,7,1,0,0,9,32.61991944,-80.89062778,42,0,0,1,1,4,0,1,1,0,,,,,,
450442,45,2020,7,5,1,23,18,83,0,2,1,1,3,3,2,5,1,0,0,56,35.05789444,-81.94793056,1,0,0,1,1,4,0,2,10,0,,,,,,
450443,45,2020,7,5,1,14,3,19,763,1,2,2,2,4,1,7,2,0,0,0,32.5793,-80.2911,12,2,0,1,1,1,0,1,1,0,,,,,,
450444,45,2020,7,6,2,19,18,33,620,1,3,3,4,3,2,3,1,1,0,108,34.43846389,-79.37099722,12,1,0,2,2,1,0,1,1,0,,,,,,
450445,45,2020,7,7,3,21,40,41,870,1,1,1,2,2,2,3,1,1,0,0,34.19353056,-79.7698,8,0,0,1,1,1,0,6,1,0,,,,,,
450446,45,2020,7,7,3,1,30,33,0,1,1,1,1,3,1,7,1,0,0,11,34.56373056,-79.39905278,42,0,0,1,1,4,0,2,1,0,,,,,,
450447,45,2020,7,8,4,10,1,3,0,1,1,1,1,3,1,4,1,0,0,66,33.45951111,-81.56701389,53,0,0,1,1,4,0,1,1,0,,,,,,
450448,45,2020,7,8,4,23,5,35,0,1,1,1,1,3,1,7,1,0,0,9,33.21780278,-80.41649444,1,0,0,1,1,4,0,6,1,0,,,,,,
450449,45,2020,7,8,4,23,40,31,0,1,1,1,2,2,2,3,1,1,0,9,34.25795556,-79.83501944,8,0,0,1,1,1,0,2,1,0,,,,,,
450450,45,2020,7,8,4,21,35,19,1805,1,2,2,3,3,2,4,1,0,0,30,32.84518056,-79.95943889,8,0,0,1,1,1,0,2,10,0,,,,,,
450451,45,2020,7,9,5,23,13,49,0,2,1,1,1,4,1,7,1,0,0,0,32.82905833,-81.09153611,18,0,0,1,1,5,0,2,1,0,,,,,,
450452,45,2020,7,9,5,21,9,27,0,1,1,1,1,3,1,4,1,0,0,0,33.60519167,-80.22235833,9,0,0,1,1,1,0,3,1,0,,,,,,
450453,45,2020,7,10,6,18,9,45,0,1,1,1,4,3,2,5,1,0,0,10,34.86483333,-82.28883333,1,0,0,1,1,4,0,1,1,0,,,,,,
450454,45,2020,7,10,6,18,50,15,0,1,1,1,1,3,1,4,1,0,0,0,33.08894167,-80.07397778,32,0,0,1,1,4,0,1,2,0,,,,,,
450455,45,2020,7,10,6,23,30,7,0,1,1,1,1,3,2,4,1,0,0,156,34.46155833,-82.66270278,59,0,0,3,2,4,0,6,1,0,,,,,,
450456,45,2020,7,11,7,3,20,47,0,1,1,1,1,3,2,4,1,0,0,57,34.24176667,-82.15450833,18,0,0,1,1,1,0,2,10,0,,,,,,
450458,45,2020,7,11,7,11,23,45,0,1,1,1,1,2,2,3,1,1,0,14,34.83342222,-82.46555833,59,0,0,1,1,4,0,1,1,0,,,,,,
450459,45,2020,7,11,7,13,50,9,0,1,2,2,5,3,1,4,1,0,0,73,33.37669722,-81.11968611,12,2,0,1,1,1,0,1,1,0,,,,,,
450460,45,2020,7,12,1,6,20,15,0,1,1,1,1,3,2,5,1,0,0,19,32.96974167,-80.0052,9,0,0,1,1,1,0,4,1,0,,,,,,
450461,45,2020,7,12,1,1,5,85,0,1,1,1,1,2,2,2,1,1,0,169,33.94673889,-80.35181944,8,0,0,1,1,1,0,2,1,0,,,,,,
450462,45,2020,7,12,1,17,5,23,0,1,1,1,2,3,1,7,1,0,0,0,34.63589167,-80.92709167,52,0,0,1,1,4,0,1,1,0,,,,,,
450463,45,2020,7,12,1,9,43,53,0,1,2,2,2,3,1,4,1,0,0,16,32.25800556,-81.04120278,12,2,0,1,1,1,0,1,1,0,,,,,,
450464,45,2020,7,14,3,16,15,71,0,1,2,1,1,1,1,1,1,1,0,822,34.255875,-81.49275556,14,0,0,1,1,4,0,1,1,0,,,,,,
450465,45,2020,7,15,4,0,42,51,0,1,2,2,2,3,1,6,1,0,0,0,33.92953611,-78.76626667,12,6,0,8,1,1,0,6,1,0,,,,,,
450466,45,2020,7,15,4,12,30,73,0,2,2,2,4,3,1,4,1,0,0,18,34.63914167,-83.06174167,12,2,0,1,1,1,0,1,1,0,,,,,,
450467,45,2020,7,15,4,14,45,39,0,1,1,1,1,3,1,4,1,0,0,0,34.27246944,-81.12466111,42,0,0,1,1,4,0,1,1,0,,,,,,
450468,45,2020,7,15,4,20,8,79,0,1,3,3,7,1,1,1,1,1,0,943,34.15432778,-81.25915,12,1,0,1,1,1,0,2,1,0,,,,,,
450469,45,2020,7,16,5,0,1,7,0,1,2,2,3,3,1,3,1,0,0,89,34.43776667,-82.60945833,12,6,0,2,2,1,0,2,1,0,,,,,,
450470,45,2020,7,16,5,12,55,29,0,3,2,2,3,2,1,3,1,0,0,0,32.77089167,-80.71439167,12,2,0,1,1,1,0,1,1,0,,,,,,
450471,45,2020,7,16,5,18,10,9,0,1,2,2,2,2,1,3,1,0,0,100,33.19441944,-81.01986944,12,2,0,1,1,1,0,1,1,0,,,,,,
450472,45,2020,7,16,5,22,40,21,0,1,2,2,2,2,1,3,1,0,0,0,35.17686944,-81.800025,12,6,0,2,3,1,0,2,1,0,,,,,,
450473,45,2020,7,18,7,6,7,51,0,1,1,1,1,4,2,7,1,0,0,0,33.86905,-78.62553333,8,0,0,1,1,1,0,2,1,0,,,,,,
450474,45,2020,7,15,4,5,18,47,0,1,1,1,1,2,2,3,1,1,0,207,34.20777778,-82.14453056,8,0,0,1,1,1,0,3,1,0,,,,,,
450475,45,2020,7,18,7,22,45,45,0,1,1,1,1,3,2,5,1,0,0,37,34.72013333,-82.19886111,34,0,0,1,1,4,0,2,10,0,,,,,,
450476,45,2020,7,19,1,7,50,15,0,1,1,1,1,3,1,4,1,0,0,39,33.36055278,-80.18120833,34,0,0,1,1,4,0,1,1,0,,,,,,
450477,45,2020,7,19,1,0,50,51,0,1,1,1,4,2,1,3,1,1,0,0,34.02078889,-79.22101667,8,0,0,1,1,1,0,2,1,0,,,,,,
450478,45,2020,7,19,1,9,45,17,0,1,2,2,2,3,1,4,1,0,0,0,33.72505833,-80.65289444,12,6,0,2,2,1,0,1,1,0,,,,,,
450479,45,2020,7,19,1,7,59,7,0,1,1,1,1,3,2,7,1,0,0,7,34.521275,-82.52458056,41,0,0,1,1,4,0,1,1,0,,,,,,
450480,45,2020,7,19,1,21,39,91,0,1,1,1,3,3,2,7,1,0,0,6,35.07778889,-81.12461111,42,0,0,1,1,4,0,2,1,0,,,,,,
450481,45,2020,7,20,2,14,47,85,0,1,1,1,4,1,1,1,1,1,0,1439,33.99855,-80.00903889,1,0,0,1,1,3,0,1,1,0,,,,,,
450482,45,2020,7,22,4,0,5,51,0,1,1,1,1,3,1,3,1,0,0,156,33.85601667,-78.75837778,8,0,0,1,1,1,0,2,1,0,,,,,,
450483,45,2020,7,22,4,13,0,25,0,1,1,1,1,3,1,3,1,1,0,163,34.76922222,-80.24521667,34,0,0,1,1,4,0,1,1,0,,,,,,
450484,45,2020,7,24,6,4,50,41,0,2,2,2,3,2,1,3,1,1,0,0,33.89611944,-79.445125,12,2,0,1,1,1,0,2,1,0,,,,,,
450485,45,2020,7,24,6,13,12,71,0,1,1,1,1,3,2,4,1,0,0,182,34.25608056,-81.63576667,34,0,0,1,1,4,0,1,1,0,,,,,,
450486,45,2020,7,24,6,22,25,31,0,1,1,1,1,3,2,5,1,0,0,43,34.40719167,-80.08013889,8,0,0,1,1,1,0,2,1,0,,,,,,
450487,45,2020,7,25,7,18,35,73,0,1,1,1,1,3,2,4,1,0,0,62,34.67484167,-82.91739167,52,0,0,1,1,4,0,1,1,0,,,,,,
450488,45,2020,7,25,7,9,55,43,0,1,2,2,5,2,1,3,1,1,0,0,33.32676944,-79.31635278,12,6,0,2,2,1,0,1,1,0,,,,,,
450489,45,2020,7,25,7,20,15,37,0,1,1,1,1,2,1,3,1,0,0,0,33.92123056,-82.11883056,34,0,0,1,1,4,0,5,1,0,,,,,,
450490,45,2020,7,26,1,2,8,79,0,3,1,1,3,2,2,3,1,1,0,125,34.10995556,-80.89764167,42,0,0,1,1,4,0,2,10,0,,,,,,
450491,45,2020,7,26,1,19,5,67,0,1,2,2,3,3,1,3,1,0,0,147,34.07619722,-79.30289722,12,6,0,2,2,1,0,1,1,0,,,,,,
450492,45,2020,7,28,3,12,30,41,0,2,4,2,3,2,2,3,1,1,0,0,34.19658056,-79.67879167,12,1,0,1,1,1,0,1,1,0,,,,,,
450493,45,2020,7,28,3,16,40,41,0,1,2,2,3,2,1,3,1,1,0,182,33.91203056,-79.63736944,12,1,0,1,1,1,0,1,1,0,,,,,,
450494,45,2020,7,28,3,18,0,5,0,1,1,1,1,2,1,3,1,0,0,0,32.99276667,-81.28607778,42,0,0,1,1,4,0,1,1,0,,,,,,
450495,45,2020,7,29,4,21,12,19,1245,1,1,1,1,3,1,4,1,0,0,37,32.75333056,-80.10631944,8,0,0,1,1,1,0,3,2,0,,,,,,
450496,45,2020,7,29,4,15,10,89,0,1,1,1,1,3,1,4,1,0,0,0,33.44125833,-79.63888333,34,0,0,1,1,4,0,1,1,0,,,,,,
450497,45,2020,7,30,5,7,55,51,0,1,2,2,2,3,2,4,1,0,0,7,33.71646667,-78.94943056,12,2,0,1,1,1,0,1,1,0,,,,,,
450498,45,2020,7,30,5,10,40,57,0,1,2,2,2,3,1,4,1,0,0,0,34.70269167,-80.68043056,12,2,0,1,1,1,0,1,10,0,,,,,,
450499,45,2020,7,30,5,23,25,35,0,1,1,1,1,3,1,4,1,0,0,0,32.97841667,-80.30660556,34,0,0,1,1,4,0,2,1,0,,,,,,
450500,45,2020,7,30,5,23,40,83,0,1,1,1,1,2,2,3,1,1,0,0,34.98448333,-81.92719167,33,0,0,1,1,3,0,2,1,0,,,,,,
450501,45,2020,7,31,6,1,52,35,0,1,1,1,1,1,1,1,1,1,0,0,33.2993,-80.52970833,42,0,0,1,1,3,0,2,1,0,,,,,,
450502,45,2020,7,31,6,3,0,25,0,1,2,2,3,3,1,4,1,0,0,0,34.78590556,-80.488875,12,6,0,2,2,1,0,2,1,0,,,,,,
450503,45,2020,2,8,7,22,53,19,410,1,1,1,1,3,2,7,1,0,0,0,32.89576667,-80.00103889,38,0,0,1,1,5,0,3,1,0,,,,,,
450504,45,2020,2,19,4,19,15,37,0,1,1,1,1,3,1,4,1,0,0,129,33.62841667,-81.97311667,8,0,0,1,1,1,0,2,2,0,,,,,,
450505,45,2020,7,1,4,9,50,15,0,1,4,2,2,1,2,1,1,1,0,126,32.89099444,-79.96157222,14,0,0,1,1,1,0,1,1,0,,,,,,
450506,45,2020,3,25,4,20,34,91,0,1,1,1,1,3,2,4,1,0,0,0,35.09219167,-80.93365278,8,0,0,1,1,1,0,2,1,0,,,,,,
450507,45,2020,4,22,4,11,24,83,0,2,2,2,5,2,2,3,1,1,0,0,34.97901667,-81.93284167,12,6,0,1,1,1,0,1,1,0,,,,,,
450508,45,2020,7,4,7,12,30,7,0,1,2,2,5,2,1,3,1,0,0,72,34.63891111,-82.68965278,12,2,0,1,1,1,0,1,1,0,,,,,,
450509,45,2020,8,1,7,23,15,7,0,1,2,2,3,3,2,4,1,0,0,56,34.70983889,-82.50116667,12,6,0,2,2,1,0,6,1,0,,,,,,
450510,45,2020,8,2,1,0,10,59,0,1,2,2,5,3,1,4,1,0,0,26,34.32119722,-82.09178889,12,2,0,1,1,1,0,2,1,0,,,,,,
450511,45,2020,8,2,1,14,25,55,0,1,2,2,3,3,1,4,1,0,0,171,34.36304722,-80.30631667,12,6,0,2,2,1,0,1,1,0,,,,,,
450512,45,2020,8,2,1,20,57,19,1292,1,1,1,1,4,2,7,2,0,0,0,32.61323889,-80.07888056,33,0,0,1,1,4,0,1,1,0,,,,,,
450513,45,2020,8,2,1,22,45,19,410,1,1,1,1,2,2,3,1,1,0,0,32.78993611,-80.0309,9,0,1,20,1,1,0,2,1,0,,,,,,
450514,45,2020,8,3,2,21,0,17,0,1,1,1,3,2,1,3,1,0,0,0,33.85530556,-81.01098611,42,0,0,1,1,4,0,2,2,0,,,,,,
450515,45,2020,8,3,2,16,0,59,0,1,2,2,5,3,1,4,1,0,0,0,34.39703889,-82.12097778,12,6,0,1,1,1,0,1,2,0,,,,,,
450516,45,2020,8,4,3,15,35,75,0,1,1,1,3,3,1,5,1,0,0,54,33.56430556,-80.78484444,1,0,0,1,1,1,0,1,1,0,,,,,,
450517,45,2020,8,5,4,23,54,15,0,2,1,1,2,1,2,1,1,1,0,0,33.03845278,-80.14858056,1,0,1,5,1,4,0,3,1,0,,,,,,
450518,45,2020,7,2,5,12,25,75,0,5,3,3,9,1,1,1,1,1,0,1486,33.54888056,-80.81546667,57,0,0,1,1,3,0,1,1,0,,,,,,
450519,45,2020,6,9,3,16,0,63,0,1,2,2,2,3,2,4,1,0,0,0,34.05204167,-81.15793056,12,6,0,2,2,1,0,1,1,0,,,,,,
450520,45,2020,8,6,5,13,45,73,0,1,1,1,1,3,1,7,1,0,0,52,34.59748056,-82.97636667,53,0,0,1,1,4,0,1,1,0,,,,,,
450521,45,2020,8,6,5,17,30,45,0,1,1,1,1,3,2,3,1,0,0,219,35.00178889,-82.48159722,33,0,0,1,1,4,0,1,1,0,,,,,,
450522,45,2020,8,6,5,21,5,7,0,1,1,1,1,3,2,3,1,1,0,0,34.51361944,-82.68925556,8,0,0,1,1,1,0,6,1,0,,,,,,
450523,45,2020,8,7,6,11,20,39,0,1,1,1,3,3,2,4,1,0,0,235,34.34295556,-81.08400556,42,0,0,1,1,4,0,1,1,0,,,,,,
450524,45,2020,8,7,6,8,10,51,0,1,2,2,2,3,1,4,1,0,0,0,33.90286944,-78.90086667,12,2,0,1,1,1,0,1,1,0,,,,,,
450525,45,2020,8,7,6,16,25,53,0,1,1,1,1,1,1,1,1,1,0,51,32.24498611,-81.13856667,42,0,0,1,1,3,0,1,1,0,,,,,,
450526,45,2020,8,7,6,17,43,51,1825,2,2,2,3,2,2,3,1,1,0,277,33.8248,-78.68421667,12,6,0,8,1,1,0,1,1,0,,,,,,
450527,45,2020,8,7,6,22,20,45,0,1,2,2,2,3,2,4,1,0,0,43,34.81967778,-82.27632778,12,6,0,2,2,1,0,3,1,0,,,,,,
450528,45,2020,8,8,7,0,31,83,0,1,1,1,1,2,2,3,1,1,0,73,35.06770556,-81.87651389,8,0,0,1,1,1,0,2,1,0,,,,,,
450529,45,2020,8,8,7,13,50,13,0,1,2,2,5,2,2,3,1,1,0,0,32.30064167,-80.95596944,12,6,0,2,2,1,0,1,1,0,,,,,,
450530,45,2020,8,8,7,22,2,49,2680,1,1,1,1,2,1,3,1,0,0,105,32.85161111,-81.08734167,8,0,0,1,1,1,0,3,1,0,,,,,,
450531,45,2020,8,9,1,2,20,91,0,1,1,1,4,3,1,4,1,0,0,30,34.87229167,-81.18028889,42,0,0,1,1,4,0,2,1,0,,,,,,
450532,45,2020,8,9,1,21,10,29,0,1,2,2,2,3,1,4,1,0,0,7,32.95876944,-80.70931667,12,6,0,2,4,1,0,3,1,0,,,,,,
450533,45,2020,8,9,1,0,32,19,0,1,1,1,1,3,1,4,1,0,0,0,32.74948056,-80.17628611,30,0,0,1,1,4,0,3,2,0,,,,,,
450534,45,2020,8,11,3,3,50,83,0,1,1,1,1,3,1,4,1,0,0,0,35.12856667,-81.88095833,30,0,0,1,1,4,0,2,5,0,,,,,,
450535,45,2020,8,11,3,12,27,55,0,1,2,2,2,3,2,3,1,0,0,87,34.22608889,-80.69615556,12,2,0,2,2,1,0,1,1,0,,,,,,
450536,45,2020,8,11,3,16,0,69,0,1,2,1,3,2,1,3,1,0,0,0,34.58851944,-79.75154444,14,0,0,1,1,4,0,1,1,0,,,,,,
450537,45,2020,8,11,3,16,28,45,0,1,2,2,2,3,2,4,1,0,0,0,34.77693889,-82.42984167,12,6,0,2,2,1,0,1,1,0,,,,,,
450538,45,2020,8,12,4,16,15,59,480,1,1,1,1,3,2,4,1,0,0,104,34.45692778,-81.86816667,42,0,0,1,1,5,0,1,1,0,,,,,,
450539,45,2020,4,9,5,10,50,63,0,1,1,1,1,3,2,4,1,0,0,0,33.91750278,-81.16589167,1,0,0,2,3,1,0,1,1,0,,,,,,
450540,45,2020,7,28,3,15,38,85,0,1,1,1,1,3,2,4,1,0,0,0,33.90181944,-80.45046667,31,0,0,1,1,4,0,1,1,0,,,,,,
450541,45,2020,8,12,4,13,45,91,0,1,2,2,3,3,1,3,1,0,0,30,35.11965556,-81.30783056,12,2,0,1,1,1,0,1,1,0,,,,,,
450542,45,2020,8,12,4,22,50,13,0,1,1,1,1,3,2,3,1,1,0,0,32.29820833,-80.93534167,42,0,0,1,1,4,0,2,1,0,,,,,,
450543,45,2020,8,12,4,16,11,19,0,1,2,2,2,2,1,3,1,1,0,649,33.0771,-79.50943056,12,1,0,1,1,1,0,1,1,0,,,,,,
450544,45,2020,8,13,5,8,55,45,0,1,1,1,1,2,2,3,1,1,0,27,34.83487778,-82.44074444,8,0,0,3,2,1,0,1,1,0,,,,,,
450545,45,2020,8,13,5,20,10,7,0,1,1,1,1,4,1,7,2,0,0,0,34.61220833,-82.69013333,31,0,0,1,1,5,0,5,1,0,,,,,,
450546,45,2020,8,14,6,6,18,7,0,1,1,1,1,3,2,4,1,0,0,0,34.46151389,-82.66274444,8,0,0,2,2,1,0,2,1,0,,,,,,
450547,45,2020,8,14,6,20,50,41,0,1,1,1,1,1,1,1,1,1,0,1534,34.12836667,-79.89171667,42,0,0,1,1,3,0,2,1,0,,,,,,
450548,45,2020,8,15,7,13,50,63,2790,1,1,1,2,3,2,4,1,0,0,93,33.97098056,-81.09053889,8,0,0,2,3,1,0,1,2,0,,,,,,
450549,45,2020,8,15,7,22,0,45,1040,1,1,1,4,4,2,7,2,0,0,0,34.84449722,-82.36518889,19,0,0,1,1,4,0,3,1,0,,,,,,
450550,45,2020,8,15,7,23,15,11,0,2,2,2,3,2,1,3,1,1,0,0,33.34385,-81.23848056,12,2,0,1,1,1,0,2,1,0,,,,,,
450551,45,2020,7,29,4,21,0,79,520,1,2,2,2,3,2,4,1,0,0,3,34.09485,-80.85598611,8,0,0,1,1,1,0,2,10,0,,,,,,
450552,45,2020,8,16,1,1,25,29,0,1,1,1,1,3,1,4,1,0,0,0,32.94625278,-80.68021389,34,0,0,1,1,4,0,3,1,0,,,,,,
450553,45,2020,8,16,1,15,50,55,0,1,1,1,2,3,2,4,1,0,0,2,34.17626667,-80.81802778,40,0,0,1,1,4,0,1,1,0,,,,,,
450554,45,2020,8,16,1,17,32,69,0,1,2,2,2,3,1,4,1,0,0,0,34.75576667,-79.82853056,12,6,0,1,1,1,0,1,1,0,,,,,,
450555,45,2020,8,17,2,22,56,79,520,2,1,1,2,3,2,4,1,0,0,24,34.04236667,-81.02001667,31,0,0,1,1,4,0,3,2,0,,,,,,
450556,45,2020,8,17,2,15,55,63,0,1,2,2,2,2,1,3,1,1,0,58,34.01128333,-81.39547778,12,1,0,2,3,1,0,1,1,0,,,,,,
450557,45,2020,8,17,2,22,10,27,0,1,1,1,1,3,1,5,1,0,0,90,33.67724444,-80.34598056,8,0,0,1,1,1,0,2,1,0,,,,,,
450558,45,2020,8,18,3,13,59,3,0,1,1,1,2,3,2,3,1,1,0,0,33.47618611,-81.69299722,32,0,0,1,1,4,0,1,1,0,,,,,,
450559,45,2020,8,19,4,0,26,7,0,1,1,1,1,3,1,4,1,0,0,0,34.43520556,-82.61310556,42,0,0,1,1,4,0,2,1,0,,,,,,
450560,45,2020,8,21,6,5,0,85,0,1,2,2,2,3,1,3,1,0,0,6,33.98958056,-79.92001111,12,2,0,1,1,1,0,2,1,0,,,,,,
450561,45,2020,8,21,6,13,50,1,0,1,2,2,2,3,1,4,1,0,0,0,34.09475,-82.57113889,12,6,0,2,2,1,0,1,2,0,,,,,,
450562,45,2020,8,22,7,1,0,91,0,1,1,1,1,3,1,4,1,0,0,143,34.88905556,-81.18657778,35,0,0,1,1,4,0,2,1,0,,,,,,
450563,45,2020,8,22,7,2,12,83,0,1,1,1,1,1,1,1,1,1,0,405,34.65536944,-81.9218,42,0,0,1,1,4,0,6,1,0,,,,,,
450564,45,2020,8,22,7,20,25,13,0,1,1,1,1,3,2,7,1,0,0,5,32.39258333,-80.74853611,8,0,0,1,1,2,0,2,1,0,,,,,,
450565,45,2020,8,22,7,23,2,83,0,1,2,2,2,3,2,4,1,0,0,149,35.01451944,-81.95936944,12,6,0,2,3,1,0,3,1,0,,,,,,
450566,45,2020,8,23,1,2,50,45,1040,4,1,1,5,3,1,4,1,0,0,9,34.86733056,-82.39188889,42,0,0,1,1,4,0,3,1,0,,,,,,
450567,45,2020,4,16,5,6,46,7,0,1,2,2,3,1,1,1,1,1,0,206,34.58335556,-82.68329444,12,1,0,1,1,1,0,2,1,0,,,,,,
450568,45,2020,8,23,1,23,4,71,0,1,1,1,2,1,1,1,1,1,0,0,34.25395278,-81.48910278,8,0,0,1,1,1,0,3,10,0,,,,,,
450569,45,2020,8,23,1,14,15,73,0,1,1,1,1,3,1,4,1,0,0,10,34.68278611,-83.10343056,1,0,0,1,1,1,0,1,1,0,,,,,,
450570,45,2020,8,23,1,17,45,59,0,1,2,2,4,4,2,7,2,0,0,0,34.51684167,-81.99763333,12,6,0,2,3,1,0,1,10,0,,,,,,
450571,45,2020,8,23,1,21,30,89,0,1,1,1,1,3,1,5,1,0,0,0,33.74808056,-79.85621667,42,0,0,1,1,4,0,6,1,0,,,,,,
450572,45,2020,8,24,2,3,50,69,0,1,1,1,1,3,1,3,1,1,0,154,34.58638611,-79.67231667,8,0,0,1,1,1,0,2,1,0,,,,,,
450573,45,2020,8,25,3,7,50,51,0,1,3,3,6,3,1,4,1,0,0,0,33.92995278,-78.73816111,12,8,0,1,1,1,0,1,1,0,,,,,,
450574,45,2020,8,25,3,16,0,41,0,1,2,2,2,2,1,3,1,0,0,0,33.93370556,-79.94436944,12,2,0,2,3,1,0,1,1,0,,,,,,
450575,45,2020,8,26,4,0,15,15,0,1,1,1,1,3,1,4,1,0,0,63,33.02513889,-79.855275,42,0,0,1,1,4,0,2,1,0,,,,,,
450576,45,2020,8,26,4,3,56,45,0,1,1,1,1,3,2,3,1,1,0,0,34.77465278,-82.38194167,8,0,0,1,1,1,0,2,1,0,,,,,,
450577,45,2020,8,27,5,3,15,51,0,1,1,1,1,3,2,4,1,0,0,0,33.59895833,-79.06193889,33,0,0,3,3,4,0,2,1,0,,,,,,
450578,45,2020,8,27,5,5,40,35,0,1,1,1,1,1,1,1,1,1,0,822,33.28331111,-80.56311944,8,0,0,1,1,1,0,2,1,0,,,,,,
450579,45,2020,8,27,5,6,43,45,0,1,1,1,1,2,1,3,1,1,0,0,34.63435833,-82.39103889,31,0,0,1,1,4,0,2,1,0,,,,,,