st_case,state,year,month,day,day_week,hour,minute,county,city,fatals_crash,vehicles_total,vehicles_in_transport,persons_total,route,rural_urban,functional_system,road_owner,nhs,special_jurisdiction,milepoint,latitude,longitude,first_harmful_event,manner_collision,rel_jct_interchange,rel_jct_location,intersection_type,relation_to_road,work_zone,light_condition,weather,school_bus_related,ems_notified_hour,ems_notified_min,ems_arrival_hour,ems_arrival_min,hospital_hour,hospital_min
450580,45,2020,8,27,5,19,18,15,0,1,2,2,4,3,2,4,1,0,0,0,33.08540278,-80.09869167,12,6,0,1,1,1,0,1,1,0,,,,,,
450581,45,2020,8,28,6,16,35,39,0,1,2,2,2,2,1,3,1,0,0,33,34.27819167,-81.07490278,12,6,0,2,2,1,0,1,1,0,,,,,,
450582,45,2020,8,28,6,19,50,75,0,1,2,2,2,3,1,5,1,0,0,50,33.29133056,-80.35720833,12,6,0,2,2,1,0,5,1,0,,,,,,
450583,45,2020,8,29,7,20,40,63,0,1,1,1,1,2,1,3,1,1,0,0,33.77409167,-81.10411667,59,0,0,1,1,4,0,2,1,0,,,,,,
450584,45,2020,8,29,7,21,0,51,0,1,2,2,2,3,1,3,1,1,0,0,33.97669444,-78.74316944,12,1,0,8,1,1,0,2,1,0,,,,,,
450585,45,2020,8,30,1,1,25,77,0,3,1,1,4,3,2,4,1,0,0,0,34.66151667,-82.83023889,35,0,0,1,1,4,0,2,1,0,,,,,,
450586,45,2020,8,30,1,8,23,83,0,1,2,2,2,3,2,4,1,0,0,0,35.14195833,-82.076275,12,2,0,1,1,1,0,1,1,0,,,,,,
450587,45,2020,8,30,1,20,48,29,0,1,2,2,6,3,1,4,1,0,0,0,32.98880833,-80.85984722,12,2,0,1,1,1,0,2,1,0,,,,,,
450588,45,2020,8,30,1,22,40,77,0,1,3,3,5,2,2,3,1,1,0,244,34.83139167,-82.49663056,24,0,0,1,1,4,0,2,1,0,,,,,,
450589,45,2020,8,31,2,6,15,19,0,1,1,1,1,1,2,1,1,1,0,2154,32.85723333,-79.99087778,8,0,0,1,1,1,0,4,1,0,,,,,,
450590,45,2020,8,31,2,18,43,19,85,1,1,1,1,3,1,4,1,0,0,0,33.02058889,-79.59265833,34,0,0,1,1,4,0,5,1,0,,,,,,
450591,45,2020,8,31,2,13,50,19,1650,1,1,1,1,2,2,3,1,1,0,0,32.756725,-80.32420278,9,0,0,1,1,1,0,1,1,0,,,,,,
450592,45,2020,8,7,6,8,14,79,520,1,1,1,1,3,2,5,1,0,0,0,33.98289167,-80.92182778,43,0,0,3,10,1,0,1,1,0,,,,,,
450593,45,2020,9,1,3,0,45,53,0,1,1,1,1,3,1,4,1,0,0,48,32.48920556,-81.18058611,34,0,0,1,1,4,0,2,1,0,,,,,,
450594,45,2020,9,1,3,20,50,69,0,1,2,2,3,3,1,4,1,0,0,184,34.70094444,-79.57935278,12,6,0,2,2,1,0,2,10,0,,,,,,
450595,45,2020,9,2,4,18,45,87,0,1,2,2,4,3,1,3,1,0,0,83,34.81855278,-81.63563056,12,6,0,2,2,1,0,1,1,0,,,,,,
450596,45,2020,9,2,4,0,50,45,0,1,1,1,1,3,2,4,1,0,0,26,34.87485833,-82.42906667,8,0,0,1,1,1,0,6,1,0,,,,,,
450597,45,2020,9,2,4,6,49,81,0,1,1,1,1,2,1,3,1,1,0,100,34.00743611,-81.77936944,8,0,0,2,2,1,0,4,1,0,,,,,,
450598,45,2020,9,2,4,19,3,3,0,1,1,1,1,3,2,3,1,0,0,15,33.5153,-81.907397219999993,8,0,0,1,1,4,0,1,1,0,,,,,,
450599,45,2020,9,3,5,2,25,83,0,1,1,1,1,1,2,1,1,1,0,748,35.01298056,-81.97221667,8,0,0,1,1,1,0,2,1,0,,,,,,
450600,45,2020,9,3,5,12,2,53,0,1,2,2,3,2,1,3,1,1,0,0,32.31085556,-80.98494722,12,6,0,2,2,1,0,1,1,0,,,,,,
450601,45,2020,9,3,5,20,25,15,0,2,2,2,3,2,1,3,1,0,0,0,33.29966667,-79.68278611,12,2,0,1,1,1,0,2,1,0,,,,,,
450602,45,2020,9,4,6,1,15,89,0,1,1,1,1,3,1,4,1,0,0,32,33.54740556,-79.54398056,34,0,0,1,1,4,0,3,1,0,,,,,,
450603,45,2020,9,4,6,3,55,57,0,1,1,1,1,3,1,4,1,0,0,215,34.763575,-80.62935833,34,0,0,1,1,4,0,2,1,0,,,,,,
450604,45,2020,9,4,6,14,55,35,0,1,4,4,8,2,2,3,1,0,0,0,32.97173333,-80.25061667,12,1,0,1,1,1,0,1,1,0,,,,,,
450605,45,2020,9,5,7,3,34,45,0,1,2,2,2,3,2,4,1,0,0,0,34.88675833,-82.39140556,12,6,0,2,2,1,0,2,1,0,,,,,,
450606,45,2020,9,5,7,8,5,15,0,2,2,2,3,3,2,4,1,0,0,0,33.03393611,-80.09045833,12,2,0,1,1,1,0,1,1,0,,,,,,
450607,45,2020,9,5,7,21,0,33,0,1,1,1,1,3,1,3,1,0,0,69,34.36163056,-79.35628056,8,0,0,1,1,1,0,2,1,0,,,,,,
450608,45,2020,9,6,1,0,37,63,0,1,3,3,4,1,1,1,1,1,0,0,33.81995556,-81.44850833,12,1,0,1,1,1,0,2,1,0,,,,,,
450609,45,2020,9,6,1,1,58,31,0,1,1,1,2,3,1,5,1,0,0,26,34.12265833,-80.09123056,34,0,0,1,1,4,0,2,1,0,,,,,,
450610,45,2020,9,6,1,3,25,19,0,1,3,3,4,1,2,1,1,1,0,2140,32.84414722,-79.98221667,12,1,0,1,1,1,0,2,1,0,,,,,,
450611,45,2020,9,6,1,9,28,45,0,1,1,1,2,3,1,4,1,0,0,75,34.64489167,-82.43710278,42,0,0,1,1,4,0,1,1,0,,,,,,
450612,45,2020,9,6,1,12,43,41,0,2,2,2,3,2,1,3,1,0,0,0,34.16329167,-79.72352778,12,6,0,1,1,1,0,1,1,0,,,,,,
450613,45,2020,9,6,1,13,20,47,0,1,1,1,1,3,1,4,1,0,0,64,34.28022778,-82.15380278,42,0,0,1,1,4,0,1,1,0,,,,,,
450614,45,2020,9,6,1,22,45,51,0,1,2,2,2,3,1,4,1,0,0,0,33.92311667,-78.75866667,12,6,0,2,3,1,0,6,1,0,,,,,,
450615,45,2020,9,7,2,22,38,79,0,1,2,2,2,1,2,1,1,1,0,728,34.07350278,-80.9686,12,1,0,1,1,1,0,2,1,0,,,,,,
450616,45,2020,9,9,4,22,25,15,0,1,1,1,3,3,2,3,1,1,0,0,32.97295556,-80.02158889,8,0,0,1,1,1,0,3,1,0,,,,,,
450617,45,2020,9,10,5,5,4,43,0,2,2,2,5,2,1,3,1,1,0,0,33.43036944,-79.52681667,12,2,0,1,1,1,0,6,5,0,,,,,,
450618,45,2020,9,10,5,14,50,5,0,1,1,1,3,2,1,3,1,0,0,19,33.07928889,-81.32733611,35,0,0,1,1,4,0,1,1,0,,,,,,
450619,45,2020,9,10,5,21,50,69,0,1,1,1,1,3,1,3,1,0,0,257,34.71186667,-79.69121389,59,0,0,1,1,4,0,2,1,0,,,,,,
450620,45,2020,7,18,7,22,5,91,0,1,2,2,2,3,2,3,1,1,0,250,34.937225,-81.04449167,12,6,0,2,2,1,0,3,1,0,,,,,,
450621,45,2020,7,27,2,18,48,83,0,1,2,2,2,3,2,4,1,0,0,118,34.86645556,-81.95530278,12,2,0,2,2,1,0,5,10,0,,,,,,
450622,45,2020,8,31,2,17,44,19,0,1,2,2,2,3,2,3,1,1,0,66,32.74335833,-79.96871667,12,1,0,1,1,1,0,1,1,0,,,,,,
450623,45,2020,8,9,1,0,42,67,1720,1,1,1,1,3,2,4,1,0,0,260,34.21781667,-79.25754722,8,0,0,1,1,1,0,3,1,0,,,,,,
450624,45,2020,8,21,6,1,47,51,540,1,2,2,4,2,2,3,1,1,0,0,33.79058056,-78.99698611,12,6,0,2,2,1,0,3,1,0,,,,,,
450625,45,2020,9,4,6,21,27,19,0,1,1,1,1,3,1,4,1,0,0,0,32.74641667,-80.39153056,9,0,0,1,1,1,0,2,1,0,,,,,,
450626,45,2020,9,10,5,21,45,27,0,1,1,1,1,3,1,4,1,0,0,33,33.65425833,-80.46116111,34,0,0,1,1,4,0,2,1,0,,,,,,
450627,45,2020,9,11,6,10,5,19,1710,1,1,1,1,3,2,3,1,1,0,17,32.79163889,-79.87961667,8,0,0,3,2,1,0,1,1,0,,,,,,
450628,45,2020,9,10,5,14,6,85,0,1,2,2,2,3,1,5,1,0,0,88,33.97899167,-80.54036667,12,6,0,8,1,1,0,1,1,0,,,,,,
450629,45,2020,9,11,6,5,20,33,0,1,1,1,1,3,1,4,1,0,0,116,34.29970833,-79.33739444,34,0,0,1,1,4,0,2,5,0,,,,,,
450630,45,2020,9,11,6,17,15,45,0,4,2,2,5,3,2,4,1,0,0,0,34.97978056,-82.24390833,12,2,0,1,1,1,0,1,1,0,,,,,,
450631,45,2020,9,11,6,23,22,19,1805,1,1,1,1,3,2,3,1,1,0,19,32.90115833,-79.99843056,9,0,0,1,1,11,0,3,1,0,,,,,,
450632,45,2020,9,12,7,0,30,85,0,1,1,1,1,2,2,3,1,0,0,131,33.95260278,-80.34182778,8,0,0,1,1,1,0,6,1,0,,,,,,
450633,45,2020,9,12,7,8,55,83,0,1,1,1,1,2,2,3,1,1,0,0,35.00003056,-82.00443889,32,0,0,1,1,4,0,1,1,0,,,,,,
450634,45,2020,9,12,7,15,25,57,0,2,1,1,4,3,1,3,1,0,0,24,34.52636667,-80.55530833,35,0,0,1,1,4,0,1,2,0,,,,,,
450635,45,2020,9,14,2,5,50,3,0,2,2,2,3,3,1,3,1,1,0,203,33.65954444,-81.75521667,12,2,0,1,1,1,0,2,1,0,,,,,,
450636,45,2020,9,15,3,0,37,45,0,2,1,1,3,3,2,3,1,1,0,96,34.89083333,-82.37913333,1,0,0,1,1,1,0,2,1,0,,,,,,
450637,45,2020,9,17,5,0,33,79,0,2,1,1,1,1,2,1,1,1,0,965,34.12864444,-81.20533333,8,0,0,1,1,1,0,2,2,0,,,,,,
450638,45,2020,9,17,5,5,45,63,0,1,1,1,1,2,2,3,1,1,0,261,33.972125,-81.13775278,8,0,0,3,3,1,0,3,2,0,,,,,,
450639,45,2020,9,17,5,11,42,77,2020,2,2,2,2,3,2,4,1,0,0,0,34.83889722,-82.48555833,12,6,0,1,1,1,0,1,2,0,,,,,,
450640,45,2020,9,17,5,13,30,83,0,1,2,2,2,1,2,1,1,1,0,632,34.91105278,-82.11213889,12,1,0,1,1,1,0,1,2,0,,,,,,
450641,45,2020,9,13,1,7,9,71,0,1,1,1,1,3,1,3,1,0,0,132,34.33606389,-81.60637778,35,0,0,1,1,4,0,4,1,0,,,,,,
450642,45,2020,9,18,6,0,7,21,0,1,1,1,1,2,1,3,1,1,0,161,35.09978333,-81.54665278,8,0,0,1,1,1,0,6,2,0,,,,,,
450643,45,2020,9,18,6,7,1,41,870,1,2,2,2,2,2,3,1,1,0,273,34.21083056,-79.77610833,12,1,0,2,3,1,0,4,2,0,,,,,,
450644,45,2020,9,19,7,11,17,13,2080,4,3,3,7,2,1,3,1,0,0,0,32.39363611,-80.67375556,12,6,0,1,1,1,0,1,1,0,,,,,,
450645,45,2020,9,19,7,1,20,39,0,1,1,1,1,3,2,4,1,0,0,0,34.34503333,-81.09889444,34,0,0,1,1,4,0,2,1,0,,,,,,
450646,45,2020,9,19,7,5,45,51,0,2,1,1,2,3,1,4,1,0,0,0,34.00513333,-78.85825833,42,0,0,3,3,4,0,2,1,0,,,,,,
450647,45,2020,9,19,7,23,30,15,0,1,1,1,1,3,2,4,1,0,0,39,33.00810833,-80.08834722,8,0,0,1,1,1,0,3,1,0,,,,,,
450648,45,2020,9,19,7,23,5,59,0,1,1,1,3,3,1,4,1,0,0,117,34.35537778,-81.80042778,32,0,0,1,1,4,0,2,1,0,,,,,,
450649,45,2020,9,19,7,13,14,15,985,2,2,2,5,2,1,3,1,0,0,0,33.05438056,-80.10095833,12,2,0,1,1,1,0,1,1,0,,,,,,
450650,45,2020,9,20,1,16,35,29,0,2,2,2,6,1,1,1,1,1,0,0,32.87379167,-80.71930833,12,2,0,1,1,1,0,1,1,0,,,,,,
450651,45,2020,9,20,1,17,25,63,0,1,3,3,4,1,1,1,1,1,0,565,33.96711389,-81.20565556,24,0,0,1,1,4,1,1,1,0,,,,,,
450652,45,2020,9,21,2,5,58,81,0,1,2,2,2,3,1,4,1,0,0,0,34.051475,-81.90779167,12,8,0,1,1,1,0,2,1,0,,,,,,
450653,45,2020,9,20,1,18,10,15,0,1,3,3,5,3,2,4,1,0,0,43,33.00489722,-80.08780278,12,1,0,1,1,1,0,1,1,0,,,,,,
450654,45,2020,9,21,2,16,28,33,0,1,1,1,2,3,1,5,1,0,0,20,34.51852778,-79.38034167,8,0,0,1,1,1,0,1,1,0,,,,,,
450655,45,2020,9,21,2,0,32,51,1825,1,2,2,2,2,2,3,1,1,0,290,33.83746667,-78.66828056,12,6,0,1,1,1,0,3,1,0,,,,,,
450656,45,2020,9,22,3,20,11,59,0,1,1,1,1,3,1,4,1,0,0,0,34.47715278,-82.16322778,8,0,0,1,1,1,0,2,1,0,,,,,,
450657,45,2020,9,23,4,7,33,7,0,1,1,1,1,2,1,3,1,1,0,218,34.49279167,-82.54451667,42,0,0,1,1,4,0,1,1,0,,,,,,
450658,45,2020,9,23,4,15,39,67,0,1,1,1,1,3,1,4,1,0,0,0,34.23499444,-79.17218056,42,0,0,1,1,4,0,1,1,0,,,,,,
450659,45,2020,9,23,4,23,10,79,0,1,1,1,1,2,2,3,1,1,0,0,34.09316667,-80.92454167,8,0,0,1,1,1,0,3,1,0,,,,,,
450660,45,2020,9,24,5,23,21,17,0,1,1,1,1,2,1,3,1,1,0,93,33.68421944,-80.70651944,34,0,0,1,1,4,0,2,99,0,,,,,,
450661,45,2020,9,24,5,0,30,43,0,1,1,1,1,3,1,4,1,0,0,0,33.56870556,-79.42233056,34,0,0,1,1,4,0,6,1,0,,,,,,
450662,45,2020,9,25,6,6,9,7,0,1,2,2,2,3,2,3,1,1,0,89,34.52641389,-82.78550278,12,2,0,1,1,1,0,2,2,0,,,,,,
450663,45,2020,9,21,2,11,40,15,985,1,3,3,3,2,2,3,1,1,0,0,32.98644722,-80.04103056,12,1,0,1,1,1,0,1,1,0,,,,,,
450664,45,2020,9,25,6,12,25,77,0,1,2,2,4,3,1,3,1,0,0,0,34.88711667,-82.51852222,12,2,0,1,1,1,0,1,10,0,,,,,,
450665,45,2020,9,25,6,15,36,41,0,1,3,3,4,2,1,3,1,1,0,89,33.88779722,-79.79575278,12,6,0,1,1,1,0,1,10,0,,,,,,
450666,45,2020,9,25,6,16,55,15,0,2,1,1,3,3,1,4,1,0,0,40,33.14576667,-79.89581667,42,0,0,1,1,4,0,1,10,0,,,,,,
450667,45,2020,9,25,6,17,25,41,0,1,2,2,3,2,2,3,1,1,0,283,34.22196667,-79.78976944,12,6,0,2,2,1,0,1,10,0,,,,,,
450668,45,2020,9,26,7,2,0,45,0,2,1,1,2,3,1,4,1,0,0,29,34.95000278,-82.48485556,42,0,0,1,1,4,0,2,1,0,,,,,,
450669,45,2020,9,26,7,9,46,19,2100,1,1,1,1,2,2,3,1,1,0,0,32.78183056,-80.19328611,8,0,0,1,1,1,0,1,1,0,,,,,,
450670,45,2020,9,26,7,17,58,49,0,1,1,1,1,3,1,4,1,0,0,0,32.77164167,-81.12458889,42,0,0,1,1,4,0,1,1,0,,,,,,
450671,45,2020,9,27,1,1,55,39,0,1,1,1,2,3,1,4,1,0,0,165,34.35684167,-81.15042222,8,0,0,1,1,1,0,2,5,0,,,,,,
450672,45,2020,9,28,2,19,5,19,1805,1,2,2,2,3,2,3,1,1,0,0,32.85646667,-80.03506667,12,7,0,3,2,1,0,5,2,0,,,,,,
450673,45,2020,9,28,2,3,29,21,0,1,2,2,2,1,1,1,1,1,0,865,35.07451667,-81.74418056,12,1,0,1,1,1,4,2,1,0,,,,,,
450674,45,2020,9,28,2,4,30,29,0,1,2,2,2,2,1,3,1,0,0,82,32.737058330000004,-80.58774722,12,6,0,1,1,1,0,2,2,0,,,,,,
450675,45,2020,9,30,4,4,58,7,0,1,1,1,1,4,1,7,1,0,0,0,34.49420278,-82.86524167,8,0,0,1,1,1,0,2,1,0,,,,,,
450676,45,2020,9,30,4,16,0,77,0,1,2,2,2,2,1,2,1,1,0,128,34.77531389,-82.67086944,12,1,0,1,1,1,0,1,1,0,,,,,,
450677,45,2020,9,30,4,23,57,91,0,1,1,1,1,3,1,4,1,0,0,0,35.00948889,-81.26693611,34,0,0,1,1,4,0,2,1,0,,,,,,
450678,45,2020,10,2,6,6,45,47,0,1,1,1,1,2,1,3,1,1,0,324,34.31923056,-82.22375833,1,0,0,1,1,3,0,4,1,0,,,,,,
450680,45,2020,10,3,7,23,11,83,0,1,2,2,2,3,1,3,1,0,0,9,35.11835833,-82.21034167,12,1,0,1,1,1,0,2,1,0,,,,,,
450681,45,2020,10,2,6,22,10,19,1805,1,1,1,2,4,2,7,2,0,0,0,32.96768056,-80.11669722,42,0,0,1,1,4,0,3,1,0,,,,,,
450682,45,2020,10,3,7,12,9,49,0,1,1,1,1,2,1,3,1,0,0,220,32.91171389,-81.08117778,42,0,0,1,1,4,0,1,1,0,,,,,,
450683,45,2020,10,3,7,2,10,25,0,1,1,1,2,3,1,4,1,0,0,11,34.63838333,-80.40413056,8,0,0,1,1,1,0,2,1,0,,,,,,
450684,45,2020,10,3,7,4,39,75,0,1,1,1,1,3,1,4,1,0,0,0,33.40700556,-80.30365278,8,0,0,1,1,1,0,2,1,0,,,,,,
450685,45,2020,10,3,7,16,10,3,0,1,1,1,1,1,1,1,1,1,0,100,33.60130833,-81.86353889,24,0,0,1,1,4,0,1,1,0,,,,,,
450686,45,2020,10,4,1,20,11,7,0,1,1,1,1,3,2,4,1,0,0,0,34.6054,-82.45621944,8,0,0,1,1,1,0,2,1,0,,,,,,
450687,45,2020,9,25,6,22,5,19,763,1,2,2,3,3,1,3,1,0,0,43,32.56041667,-80.27988056,12,6,0,2,3,1,0,6,2,0,,,,,,
450688,45,2020,10,4,1,20,5,19,85,1,1,1,2,2,1,3,1,1,0,567,33.02493056,-79.62948889,8,0,0,1,1,1,0,2,1,0,,,,,,
450689,45,2020,10,5,2,0,40,45,0,1,1,1,1,3,2,4,1,0,0,0,34.86661667,-82.42598056,33,0,0,1,1,4,0,6,1,0,,,,,,
450690,45,2020,10,5,2,11,45,87,0,1,2,2,2,3,1,3,1,0,0,127,34.69886667,-81.65808889,12,2,0,1,1,1,0,1,1,0,,,,,,
450691,45,2020,10,5,2,22,15,71,0,1,1,1,1,2,1,4,1,0,0,21,34.36814167,-81.74859167,34,0,0,1,1,4,0,2,1,0,,,,,,
450692,45,2020,10,6,3,5,40,75,0,1,2,2,2,2,1,3,1,1,0,0,33.46302778,-80.49420833,12,1,0,1,1,1,0,4,1,0,,,,,,
450693,45,2020,10,7,4,7,55,25,0,1,2,2,2,3,1,4,1,0,0,101,34.69967778,-80.27674167,12,6,0,2,2,1,0,4,5,0,,,,,,
450694,45,2020,10,7,4,14,11,45,0,1,2,2,3,2,2,3,1,1,0,144,34.93158889,-82.28868056,12,6,0,2,2,1,0,1,1,0,,,,,,
450695,45,2020,10,7,4,15,10,39,0,1,2,2,4,2,1,3,1,0,0,0,34.27331111,-81.07343333,35,0,0,1,1,4,0,1,1,0,,,,,,
450696,45,2020,10,7,4,14,33,41,0,1,3,3,7,2,1,3,1,1,0,191,34.10427778,-79.78183056,12,1,0,1,1,1,0,1,1,0,,,,,,
450697,45,2020,10,8,5,6,45,13,0,1,2,2,3,2,1,3,1,1,0,0,32.23265833,-80.79733056,12,6,0,1,1,1,0,4,1,0,,,,,,
450698,45,2020,10,8,5,10,32,19,85,1,2,2,2,2,1,3,1,1,0,547,32.99053056,-79.64590278,12,6,0,2,3,1,0,1,1,0,,,,,,
450699,45,2020,10,9,6,23,0,3,0,1,1,1,1,3,2,3,1,1,0,0,33.60616111,-81.72508611,8,0,0,1,1,1,0,2,10,0,,,,,,
450700,45,2020,10,10,7,23,51,51,1730,1,1,1,2,2,2,3,1,0,0,0,33.73536944,-78.83255278,8,0,0,3,2,1,0,3,10,0,,,,,,
450701,45,2020,10,10,7,2,15,75,0,1,2,2,3,1,1,1,1,1,0,1647,33.36504167,-80.59900278,12,2,0,1,1,1,0,2,1,0,,,,,,
450702,45,2020,10,10,7,22,55,63,0,1,2,2,3,3,2,4,1,0,0,163,33.89028889,-81.21899722,12,6,0,1,1,1,0,2,2,0,,,,,,
450703,45,2020,10,11,1,3,0,29,0,1,1,1,2,1,1,1,1,1,0,582,32.96674722,-80.67684722,42,0,0,1,1,3,0,2,1,0,,,,,,
450704,45,2020,10,11,1,3,0,75,0,1,1,1,1,2,1,3,1,1,0,196,33.67182222,-81.11310556,34,0,0,1,1,4,0,2,10,0,,,,,,
450705,45,2020,10,11,1,22,0,23,0,1,1,1,1,3,1,3,1,1,0,43,34.76115278,-81.40019444,8,0,0,1,1,1,0,2,2,0,,,,,,
450706,45,2020,10,12,2,5,20,15,0,1,2,2,2,2,2,3,1,1,0,0,33.10663056,-80.07421944,12,1,0,1,1,1,0,4,1,0,,,,,,
450707,45,2020,10,12,2,16,37,83,0,1,2,2,4,3,2,4,1,0,0,0,34.99445278,-81.87823333,12,2,0,1,1,1,0,1,1,0,,,,,,
450708,45,2020,10,12,2,19,52,45,0,1,1,1,1,4,1,7,2,0,0,0,34.67246111,-82.41093611,53,0,0,1,1,4,0,2,1,0,,,,,,
450709,45,2020,10,13,3,9,50,45,0,1,2,2,2,2,2,3,1,1,0,0,34.83881667,-82.44476667,12,1,0,1,1,1,0,1,1,0,,,,,,
450710,45,2020,9,29,3,12,0,27,0,1,1,1,1,3,1,7,1,0,0,0,33.59257778,-80.20238056,34,0,0,1,1,4,0,1,2,0,,,,,,
450711,45,2020,10,13,3,14,22,83,0,1,2,2,2,3,1,4,1,0,0,0,35.16366944,-81.88861944,12,7,0,1,1,1,0,1,1,0,,,,,,
450712,45,2020,10,13,3,16,5,57,0,1,1,1,2,3,1,4,1,0,0,0,34.69785,-80.62879722,8,0,0,1,1,1,0,1,1,0,,,,,,
450713,45,2020,10,13,3,13,54,19,410,1,1,1,1,4,2,7,2,0,0,0,32.82570833,-80.09675833,8,0,0,2,3,1,0,1,1,0,,,,,,
450714,45,2020,10,14,4,0,20,79,0,1,1,1,2,1,2,1,1,1,0,52,33.95130556,-80.98526667,42,0,0,1,1,4,0,2,1,0,,,,,,
450715,45,2020,10,16,6,2,45,41,0,1,1,1,2,3,1,4,1,0,0,0,34.10605278,-79.93795,32,0,0,1,1,4,0,2,1,0,,,,,,
450716,45,2020,10,16,6,2,27,51,0,1,1,1,1,3,1,4,1,0,0,0,33.65130278,-79.01825833,25,0,0,1,1,3,0,2,1,0,,,,,,
450717,45,2020,10,16,6,7,25,79,0,1,2,2,3,3,2,4,1,0,0,92,34.11325833,-80.94755556,12,6,0,2,2,1,0,1,1,0,,,,,,
450718,45,2020,10,16,6,13,16,91,0,1,2,2,2,2,2,4,1,0,0,25,34.85899167,-80.93335556,12,6,0,2,3,1,0,1,10,0,,,,,,
450719,45,2020,10,16,6,16,0,41,0,1,3,2,4,3,2,4,1,0,0,0,34.18489444,-79.87079444,12,2,0,2,2,1,0,1,1,0,,,,,,
450720,45,2020,10,16,6,18,38,7,0,1,1,1,1,3,2,4,1,0,0,0,34.45846667,-82.64183889,1,0,0,1,1,4,0,5,1,0,,,,,,
450721,45,2020,10,16,6,20,30,85,0,1,1,1,1,2,1,3,1,1,0,249,33.90070556,-80.23508889,8,0,0,1,1,1,0,2,1,0,,,,,,
450722,45,2020,10,16,6,20,45,67,0,1,1,1,2,2,1,3,1,1,0,0,34.24859167,-79.41058889,8,0,0,1,1,1,0,2,1,0,,,,,,
450723,45,2020,10,16,6,21,16,85,0,1,1,1,1,3,2,3,1,1,0,92,33.98555833,-80.48987778,33,0,0,3,2,3,0,2,1,0,,,,,,
450724,45,2020,10,16,6,21,50,7,0,1,2,2,5,2,2,3,1,1,0,98,34.56034722,-82.69245833,8,0,0,1,1,1,0,2,1,0,,,,,,
450725,45,2020,10,17,7,16,47,19,0,1,1,1,1,3,2,3,1,1,0,44,32.85731667,-80.02815833,8,0,0,1,1,1,0,1,1,0,,,,,,
450726,45,2020,10,17,7,20,20,43,0,1,2,2,2,2,1,3,1,0,0,66,33.47775556,-79.27655833,12,2,0,1,1,1,0,6,1,0,,,,,,
450727,45,2020,10,17,7,11,31,83,0,1,1,1,1,1,2,1,1,1,0,57,34.99378611,-81.95209444,34,0,0,1,1,4,0,1,1,0,,,,,,
450728,45,2020,10,18,1,3,6,51,0,4,2,2,4,3,2,2,1,1,0,19,33.84810278,-78.69971944,12,2,0,1,1,1,0,2,1,0,,,,,,
450729,45,2020,10,18,1,4,42,91,0,1,1,1,1,2,2,3,1,1,0,0,35.07494167,-80.93513889,8,0,0,1,1,1,0,2,1,0,,,,,,
450730,45,2020,10,18,1,18,40,45,0,1,1,1,1,3,1,3,1,0,0,0,35.06403333,-82.24930278,32,0,0,1,1,4,0,2,1,0,,,,,,
450731,45,2020,10,18,1,18,55,59,0,1,1,1,3,1,1,1,1,1,0,597,34.47260833,-81.81160833,26,0,0,1,1,3,0,1,1,0,,,,,,
450732,45,2020,10,18,1,21,49,83,0,1,1,1,1,3,2,4,1,0,0,325,34.99771944,-82.00124444,8,0,0,1,1,1,0,2,1,0,,,,,,
450733,45,2020,9,12,7,21,37,13,240,1,1,1,1,2,2,3,1,1,0,73,32.26788889,-80.86102778,8,0,0,3,2,1,0,6,1,0,,,,,,
450734,45,2020,10,7,4,19,20,79,520,1,1,1,1,2,2,3,1,1,0,58,34.05315556,-81.02834444,8,0,0,1,1,1,0,3,1,0,,,,,,
450735,45,2020,10,10,7,0,1,3,1800,1,1,1,1,2,2,3,1,1,0,23,33.48458611,-81.94468056,8,0,0,1,1,4,0,2,1,0,,,,,,
450736,45,2020,10,11,1,20,14,79,520,1,2,2,2,3,2,4,1,0,1,26,33.98183056,-80.90756667,12,2,0,1,1,1,0,3,1,0,,,,,,
450737,45,2020,10,12,2,8,55,45,0,1,2,2,2,3,2,5,1,0,0,6,34.86760833,-82.28215556,12,2,0,1,1,1,0,1,10,0,,,,,,
450738,45,2020,10,13,3,13,40,85,2550,1,1,1,1,3,2,5,1,0,0,37,33.89963889,-80.39618889,53,0,0,1,1,4,0,1,1,0,,,,,,
450739,45,2020,10,16,6,6,37,63,2790,1,1,1,2,3,2,4,1,0,0,3,33.98004444,-81.08987778,8,0,0,1,1,1,0,2,10,0,,,,,,
450740,45,2020,10,18,1,19,14,19,1292,1,1,1,2,3,1,4,1,0,0,0,32.61514722,-80.15241667,8,0,0,1,1,1,0,6,1,0,,,,,,
450741,45,2020,10,19,2,3,10,53,0,1,2,2,2,1,1,1,1,1,0,166,32.38950833,-81.02456667,12,1,0,1,1,1,0,2,1,0,,,,,,
450742,45,2020,10,19,2,6,20,91,0,1,1,1,1,3,1,4,1,0,0,0,35.07444167,-81.17909167,42,0,0,1,1,4,0,2,1,0,,,,,,
450743,45,2020,10,19,2,2,49,35,0,1,1,1,1,3,2,4,1,0,0,0,32.99054722,-80.16266389,8,0,0,1,1,1,0,2,1,0,,,,,,
450744,45,2020,10,19,2,8,30,83,0,1,3,3,3,3,2,4,1,0,0,46,34.87808889,-82.04765556,12,6,0,2,2,1,0,1,1,0,,,,,,
450745,45,2020,10,8,5,20,15,77,0,1,2,2,3,3,2,3,1,0,0,232,34.89090833,-82.53563333,12,6,0,8,1,1,0,5,1,0,,,,,,
450746,45,2020,10,22,5,10,24,17,0,1,2,2,2,3,1,7,1,0,0,0,33.65877222,-80.75556389,12,1,0,1,1,1,0,1,10,0,,,,,,
450747,45,2020,10,22,5,20,50,23,0,1,2,2,3,1,1,1,1,1,0,551,34.61614444,-81.02083611,12,1,0,1,1,1,0,2,1,0,,,,,,
450748,45,2020,10,23,6,15,21,15,0,1,1,1,1,3,1,4,1,0,0,0,33.32140833,-80.16238889,53,0,0,1,1,4,0,1,1,0,,,,,,
450749,45,2020,10,23,6,17,50,63,0,1,2,2,2,3,2,5,1,0,0,186,33.90397778,-81.24609167,12,6,0,2,2,1,0,1,1,0,,,,,,