st_case,state,year,month,day,day_week,hour,minute,county,city,fatals_crash,vehicles_total,vehicles_in_transport,persons_total,route,rural_urban,functional_system,road_owner,nhs,special_jurisdiction,milepoint,latitude,longitude,first_harmful_event,manner_collision,rel_jct_interchange,rel_jct_location,intersection_type,relation_to_road,work_zone,light_condition,weather,school_bus_related,ems_notified_hour,ems_notified_min,ems_arrival_hour,ems_arrival_min,hospital_hour,hospital_min
450750,45,2020,10,23,6,20,45,75,0,1,2,2,2,2,1,3,1,1,0,23,33.42775556,-81.12871667,12,6,0,2,2,1,0,2,1,0,,,,,,
450751,45,2020,10,24,7,6,35,79,0,1,2,1,1,1,2,1,1,1,0,101,33.99180833,-80.95483056,14,0,0,1,1,1,0,3,10,0,,,,,,
450752,45,2020,10,24,7,21,35,55,0,1,1,1,2,3,1,4,1,0,0,0,34.39373056,-80.73282778,34,0,0,1,1,4,0,2,1,0,,,,,,
450753,45,2020,10,24,7,23,30,75,0,1,1,1,2,4,1,4,2,0,0,0,33.49862778,-81.10978056,32,0,0,1,1,4,0,2,1,0,,,,,,
450754,45,2020,10,25,1,4,20,43,0,1,1,1,1,3,1,4,1,0,0,0,33.48488889,-79.45970556,43,0,0,1,1,5,0,6,1,0,,,,,,
450755,45,2020,10,25,1,0,35,33,0,1,1,1,1,3,1,7,1,0,0,45,34.44266389,-79.40405278,1,0,0,1,1,4,0,2,1,0,,,,,,
450756,45,2020,10,25,1,3,20,75,0,2,1,1,3,2,1,3,1,1,0,22,33.45838611,-80.62493056,1,0,0,1,1,4,0,2,2,0,,,,,,
450757,45,2020,10,25,1,7,55,69,0,1,2,2,2,3,2,5,1,0,0,27,34.64625833,-79.66676944,12,6,0,2,2,1,0,2,2,0,,,,,,
450758,45,2020,10,25,1,10,12,83,0,1,2,2,2,3,2,4,1,0,0,0,35.02850556,-82.02152222,12,6,0,1,1,1,0,1,10,0,,,,,,
450759,45,2020,10,26,2,7,3,15,0,3,2,2,6,3,1,4,1,0,0,0,32.99228056,-79.93448056,12,2,0,1,1,1,0,6,10,0,,,,,,
450760,45,2020,10,26,2,15,0,15,0,1,1,1,1,3,2,4,1,0,0,0,32.97066944,-80.01178889,8,0,0,2,2,1,0,1,1,0,,,,,,
450761,45,2020,10,27,3,0,20,37,0,1,1,1,1,3,2,7,1,0,0,30,33.58696389,-81.96547778,53,0,0,1,1,4,0,2,1,0,,,,,,
450762,45,2020,10,22,5,14,10,59,0,1,2,2,2,3,1,3,1,0,0,48,34.74663056,-82.13900556,12,6,0,2,3,1,0,1,1,0,,,,,,
450763,45,2020,10,27,3,6,47,45,0,1,2,2,2,1,2,1,1,1,0,432,34.79508056,-82.38565833,12,7,0,1,1,1,0,2,1,0,,,,,,
450764,45,2020,10,27,3,10,59,83,0,1,2,2,2,3,2,5,1,0,0,62,35.05399167,-81.93425278,12,6,0,8,1,1,0,1,1,0,,,,,,
450765,45,2020,10,27,3,14,0,51,0,1,2,2,2,3,2,3,1,1,0,2,33.80703889,-79.01453611,12,2,0,1,1,1,0,1,1,0,,,,,,
450766,45,2020,10,27,3,17,52,15,0,1,1,1,2,1,1,1,1,1,0,1873,33.12685556,-80.289325,42,0,0,1,1,3,0,3,1,0,,,,,,
450767,45,2020,10,28,4,7,5,5,0,1,2,2,2,2,1,3,1,0,0,45,33.04436944,-81.31446944,12,6,0,2,3,1,0,4,1,0,,,,,,
450768,45,2020,10,29,5,15,12,41,0,1,1,1,1,3,2,4,1,0,0,17,33.86840833,-79.78290833,34,0,0,1,1,4,0,1,10,0,,,,,,
450769,45,2020,10,29,5,20,5,41,0,1,1,1,5,3,1,4,1,0,0,3,34.03426667,-79.93623056,34,0,0,1,1,4,0,6,1,0,,,,,,
450770,45,2020,10,30,6,6,5,29,0,1,2,2,2,1,1,1,1,1,0,455,32.78861944,-80.78048889,12,1,0,1,1,1,0,4,1,0,,,,,,
450771,45,2020,10,30,6,10,20,85,0,1,1,1,2,3,1,4,1,0,0,45,34.14048889,-80.4953,32,0,0,1,1,4,0,1,1,0,,,,,,
450772,45,2020,10,30,6,12,5,59,0,1,1,1,1,3,1,4,1,0,1,0,34.63255833,-82.21666667,34,0,0,3,3,4,0,1,1,0,,,,,,
450773,45,2020,10,31,7,17,55,75,0,3,2,2,3,3,1,4,1,0,0,0,33.39299167,-80.36835556,12,2,0,1,1,1,0,1,1,0,,,,,,
450774,45,2020,10,31,7,3,0,63,0,1,1,1,1,1,2,1,1,1,0,0,33.92762778,-81.07060556,34,0,0,1,1,4,0,2,1,0,,,,,,
450775,45,2020,10,31,7,17,56,45,0,1,1,1,2,3,2,3,1,0,0,41,34.87581944,-82.44286389,8,0,0,1,1,1,0,1,1,0,,,,,,
450776,45,2020,10,31,7,23,35,77,0,1,1,1,1,3,1,7,1,0,0,2,34.77144167,-82.59438333,53,0,0,1,1,4,0,2,2,0,,,,,,
450777,45,2020,10,21,4,19,53,15,0,1,2,2,2,2,1,3,1,1,0,0,33.348702780000004,-79.94329167,8,0,0,1,1,1,0,2,1,0,,,,,,
450778,45,2020,10,30,6,13,14,19,0,2,4,4,5,3,2,4,1,0,0,0,32.88413611,-79.81148611,12,1,0,1,1,1,0,1,1,0,,,,,,
450779,45,2020,10,30,6,20,50,19,410,1,2,2,6,3,2,4,1,0,0,0,32.81740278,-80.03926667,8,0,0,2,2,1,0,2,1,0,,,,,,
450780,45,2020,11,1,1,1,7,79,0,1,1,1,1,1,2,1,1,1,0,979,34.13709167,-81.21820833,26,0,0,1,1,3,4,2,2,0,,,,,,
450781,45,2020,11,1,1,18,9,63,0,1,1,1,1,2,1,3,1,1,0,119,33.84972778,-81.08576667,8,0,0,1,1,1,0,2,1,0,,,,,,
450782,45,2020,11,1,1,19,15,85,0,1,3,3,6,2,1,3,1,1,0,299,33.90699722,-80.14671667,12,6,0,2,2,1,0,2,1,0,,,,,,
450783,45,2020,10,11,1,0,15,57,1350,1,1,1,5,3,2,5,1,0,0,6,34.73255556,-80.78869167,5,0,0,3,3,1,0,2,2,0,,,,,,
450784,45,2020,11,1,1,2,30,19,410,1,1,1,2,4,2,7,2,0,0,0,32.968,-80.11793889,40,0,0,1,1,4,0,2,1,0,,,,,,
450785,45,2020,11,2,2,20,45,45,0,1,1,1,1,4,1,4,2,0,0,0,34.63858056,-82.23019444,1,0,0,1,1,1,0,2,1,0,,,,,,
450786,45,2020,11,3,3,15,27,79,0,1,2,2,2,3,2,5,1,0,0,7,34.11753056,-80.92985833,12,1,0,1,1,1,0,1,1,0,,,,,,
450787,45,2020,11,4,4,16,22,15,0,1,2,2,4,3,1,4,1,0,0,0,33.36393333,-79.91618056,12,1,0,1,1,1,0,1,1,0,,,,,,
450788,45,2020,11,5,5,0,25,29,0,1,1,1,2,3,1,4,1,0,0,56,32.80600833,-80.63586111,24,0,0,1,1,4,0,2,1,0,,,,,,
450789,45,2020,11,5,5,7,35,69,0,2,2,2,3,3,1,4,1,0,0,169,34.68509444,-79.56422222,12,2,0,1,1,1,0,1,1,0,,,,,,
450790,45,2020,11,6,6,19,14,45,0,1,1,1,2,2,2,3,1,1,0,0,34.93271111,-82.28541944,8,0,0,1,1,1,0,2,1,0,,,,,,
450791,45,2020,11,7,7,13,50,45,0,1,2,2,2,2,1,3,1,1,0,0,34.99769167,-82.41941389,12,1,0,1,1,1,0,1,10,0,,,,,,
450792,45,2020,11,7,7,16,20,79,0,1,2,2,2,3,2,4,1,0,0,0,33.94501667,-80.93778056,12,8,0,1,1,1,0,1,1,0,,,,,,
450793,45,2020,11,8,1,2,28,79,520,1,1,1,1,3,2,4,1,0,0,99,34.05910833,-80.91253056,8,0,0,1,1,1,0,2,1,0,,,,,,
450794,45,2020,11,8,1,1,47,51,0,1,1,1,1,2,2,3,1,1,0,0,33.57583056,-79.02653611,30,0,1,5,1,3,0,3,1,0,,,,,,
450795,45,2020,11,9,2,16,15,61,0,1,2,2,3,3,1,4,1,0,0,82,34.14600278,-80.43375556,12,6,0,2,2,1,0,1,1,0,,,,,,
450796,45,2020,11,8,1,6,40,41,870,1,2,2,2,3,2,4,1,0,0,0,34.16571944,-79.76333056,12,2,0,1,1,1,0,3,1,0,,,,,,
450797,45,2020,11,9,2,19,57,91,0,1,2,2,2,3,2,4,1,0,0,0,35.06550556,-81.11674444,12,2,0,1,1,1,0,2,1,0,,,,,,
450798,45,2020,11,9,2,20,0,83,0,1,1,1,5,3,2,4,1,0,0,32,35.00144722,-82.06661667,9,0,0,1,1,1,0,2,1,0,,,,,,
450799,45,2020,11,9,2,17,38,19,1450,1,1,1,1,3,2,5,1,0,0,27,33.00805833,-80.15248889,8,0,0,1,1,1,0,2,1,0,,,,,,
450800,45,2020,11,10,3,20,10,47,0,1,2,2,3,2,1,3,1,0,0,62,34.08429167,-82.20682222,12,1,0,1,1,1,0,2,10,0,,,,,,
450801,45,2020,11,10,3,23,30,51,0,1,1,1,1,2,1,3,1,1,0,0,33.83503889,-79.1376,34,0,0,1,1,4,0,2,1,0,,,,,,
450802,45,2020,11,10,3,19,50,63,0,1,2,2,2,2,2,3,1,1,0,154,33.88477778,-81.06720556,12,6,0,2,3,1,0,3,2,0,,,,,,
450803,45,2020,11,11,4,23,48,39,0,1,1,1,1,3,1,3,1,0,0,15,34.22306667,-81.14376389,42,0,0,1,1,4,0,2,2,0,,,,,,
450804,45,2020,11,12,5,6,20,57,0,1,1,1,1,3,1,4,1,0,0,40,34.71099444,-80.84511667,8,0,0,1,1,1,0,2,2,0,,,,,,
450805,45,2020,11,12,5,22,15,59,0,1,2,2,2,3,1,4,1,0,0,95,34.60733056,-82.11300833,12,6,0,2,2,1,0,3,2,0,,,,,,
450806,45,2020,11,12,5,0,41,51,0,1,1,1,1,3,1,4,1,0,0,38,33.88076111,-78.83095556,42,0,0,1,1,4,0,2,2,0,,,,,,
450807,45,2020,11,13,6,21,37,75,0,1,2,2,2,3,1,4,1,0,0,0,33.46806667,-80.45021944,12,2,0,1,1,1,0,6,1,0,,,,,,
450808,45,2020,11,14,7,16,45,83,0,1,2,2,2,3,2,3,1,0,0,0,35.03128056,-81.96865833,12,1,0,1,1,1,0,1,1,0,,,,,,
450809,45,2020,11,15,1,0,52,91,0,1,1,1,1,3,1,4,1,0,0,0,34.89601667,-81.36094167,34,0,0,1,1,4,0,2,1,0,,,,,,
450810,45,2020,11,15,1,2,11,59,0,5,2,2,5,1,1,1,1,1,0,158,34.59458611,-82.05483333,12,2,0,1,1,1,0,3,1,0,,,,,,
450811,45,2020,11,15,1,18,40,83,0,1,7,7,14,1,2,1,1,1,0,632,34.91293056,-82.10923333,12,1,0,1,1,1,0,6,1,0,,,,,,
450812,45,2020,11,15,1,5,45,3,20,1,3,3,3,3,2,4,1,0,0,0,33.53391667,-81.77253611,12,8,0,1,1,1,0,2,5,0,,,,,,
450813,45,2020,11,15,1,17,30,29,0,1,1,1,1,3,1,4,1,0,0,74,33.01234722,-80.55458889,32,0,0,1,1,4,0,1,1,0,,,,,,
450814,45,2020,11,16,2,17,50,13,2367,1,2,2,2,2,1,3,1,1,0,48,32.60161111,-80.79248333,12,6,0,2,2,1,0,3,1,0,,,,,,
450815,45,2020,11,16,2,17,55,29,0,1,2,2,2,3,1,4,1,0,0,0,32.94526944,-80.54186389,12,1,0,1,1,1,0,2,1,0,,,,,,
450816,45,2020,11,17,3,8,14,79,0,1,2,2,2,2,2,3,1,0,0,205,34.02952778,-81.08561944,12,6,0,2,3,1,0,1,1,0,,,,,,
450817,45,2020,11,17,3,16,31,7,0,1,2,2,5,3,1,4,1,0,0,374,34.73568056,-82.54495833,12,6,0,2,2,1,0,5,1,0,,,,,,
450818,45,2020,11,18,4,5,7,21,0,1,2,2,3,1,1,1,1,1,0,865,35.06295833,-81.77546667,12,1,1,5,1,1,4,2,1,0,,,,,,
450819,45,2020,11,18,4,13,25,3,0,1,2,2,2,3,2,3,1,0,0,85,33.42129167,-81.88228889,12,6,0,2,3,1,0,1,1,0,,,,,,
450820,45,2020,11,19,5,12,40,39,0,1,1,1,3,2,1,3,1,0,0,229,34.51186667,-81.15005556,34,0,0,1,1,4,0,1,1,0,,,,,,
450821,45,2020,11,19,5,7,41,91,0,1,2,2,2,3,1,4,1,0,0,0,34.90284444,-81.18118889,12,2,0,1,1,1,0,1,1,0,,,,,,
450822,45,2020,11,19,5,21,25,29,0,1,1,1,1,2,1,3,1,0,0,106,32.83174167,-80.85288889,32,0,0,1,1,4,0,2,1,0,,,,,,
450823,45,2020,11,20,6,8,20,75,0,1,2,2,6,3,1,7,1,0,0,47,33.42518889,-80.66363333,11,0,0,1,1,1,0,4,1,0,,,,,,
450824,45,2020,11,20,6,19,53,73,0,2,2,2,4,3,1,3,1,0,0,126,34.58147222,-82.91612778,12,6,0,2,2,1,0,2,1,0,,,,,,
450825,45,2020,11,20,6,20,27,15,0,1,1,1,1,3,1,4,1,0,0,0,33.06980833,-79.84505833,42,0,0,1,1,4,0,2,1,0,,,,,,
450826,45,2020,11,20,6,21,30,75,0,1,3,3,6,1,1,1,1,1,0,857,33.34158611,-80.53435,12,1,0,1,1,1,0,2,1,0,,,,,,
450827,45,2020,11,21,7,4,55,41,0,1,1,1,2,3,1,4,1,0,0,0,33.86258611,-79.60420833,53,0,0,1,1,4,0,2,1,0,,,,,,
450828,45,2020,11,21,7,18,27,45,0,1,2,2,2,2,2,3,1,1,0,257,34.81514167,-82.44136944,12,6,0,2,2,1,0,2,1,0,,,,,,
450829,45,2020,11,22,1,3,45,29,0,1,1,1,1,4,1,7,2,0,0,0,32.86761389,-80.42610833,42,0,0,1,1,4,0,2,1,0,,,,,,
450830,45,2020,11,22,1,18,0,77,0,1,4,4,5,3,1,4,1,0,0,4,34.80516111,-82.87815278,12,1,0,1,1,1,0,1,1,0,,,,,,
450831,45,2020,11,22,1,17,2,79,0,1,2,2,3,3,1,4,1,0,0,0,33.86076111,-80.85466111,12,2,0,2,2,1,0,1,2,0,,,,,,
450832,45,2020,8,23,1,20,53,27,0,1,1,1,1,2,1,3,1,0,0,222,33.72175,-80.19458611,34,0,0,1,1,4,0,2,99,0,,,,,,
450833,45,2020,9,11,6,6,48,91,0,1,2,2,2,2,2,3,1,1,0,95,34.93312778,-80.99583889,12,1,0,2,2,1,0,1,1,0,,,,,,
450834,45,2020,9,13,1,3,40,15,0,1,1,1,2,2,2,3,1,1,0,0,33.21295556,-79.97768333,21,0,0,1,1,4,0,2,1,0,,,,,,
450835,45,2020,10,17,7,0,57,79,0,1,2,2,4,3,2,5,1,0,0,7,34.12628333,-80.888225,12,2,0,1,1,1,0,6,1,0,,,,,,
450836,45,2020,10,18,1,2,34,51,1730,1,2,2,3,2,2,3,1,0,0,0,33.73605833,-78.83174444,12,6,0,2,2,1,0,3,1,0,,,,,,
450837,45,2020,10,27,3,15,56,53,2150,1,2,2,2,2,2,3,1,1,0,0,32.26761944,-81.07986667,12,2,0,1,1,1,0,1,1,0,,,,,,
450838,45,2020,10,27,3,19,16,85,2550,1,1,1,1,2,2,3,1,1,0,0,33.91996944,-80.35976944,8,0,0,3,2,1,0,6,1,0,,,,,,
450839,45,2020,10,30,6,16,30,45,0,1,1,1,1,3,2,5,1,0,0,89,34.89610278,-82.34593889,59,0,0,3,2,4,0,1,1,0,,,,,,
450840,45,2020,11,6,6,0,40,45,0,1,1,1,1,3,2,4,1,0,0,0,34.67896944,-82.45182222,8,0,0,1,1,1,0,6,1,0,,,,,,
450841,45,2020,11,8,1,0,19,45,1040,1,1,1,1,3,2,3,1,1,0,0,34.80734722,-82.37210833,8,0,0,1,1,1,0,3,1,0,,,,,,
450842,45,2020,11,8,1,4,21,43,940,1,1,1,1,3,2,5,1,0,0,3,33.36966667,-79.2954,33,0,0,1,1,4,0,3,1,0,,,,,,
450843,45,2020,11,11,4,18,25,83,2460,1,1,1,2,3,2,4,1,0,0,0,34.94150833,-81.96625833,8,0,0,1,1,1,0,2,10,0,,,,,,
450844,45,2020,11,14,7,1,25,79,520,1,1,1,2,2,2,3,1,1,0,267,33.96918889,-80.94638611,8,0,0,3,2,1,0,3,5,0,,,,,,
450845,45,2020,11,20,6,9,15,45,1040,1,2,2,3,1,2,1,1,1,0,0,34.85813056,-82.35305833,12,7,0,1,1,1,0,1,1,0,,,,,,
450846,45,2020,11,23,2,5,15,35,0,1,1,1,2,2,1,3,1,1,0,250,33.11656944,-80.30574444,1,0,0,1,1,4,0,2,1,0,,,,,,
450847,45,2020,11,23,2,11,51,45,0,1,3,2,3,2,2,3,1,1,0,93,34.88394444,-82.35516389,12,6,0,8,1,1,0,1,1,0,,,,,,
450848,45,2020,11,24,3,15,25,3,0,1,1,1,1,1,1,1,1,1,0,112,33.60493056,-81.84683889,50,0,0,1,1,4,0,1,1,0,,,,,,
450849,45,2020,11,24,3,20,5,3,0,1,1,1,1,3,1,4,1,0,0,0,33.60400556,-81.84261667,8,0,0,1,1,1,0,2,1,0,,,,,,
450850,45,2020,11,24,3,22,7,41,0,1,2,2,2,3,1,3,1,0,0,88,34.05279444,-79.87296944,12,2,0,2,4,1,0,2,1,0,,,,,,
450851,45,2020,11,25,4,18,35,31,0,1,1,1,1,3,2,5,1,0,0,43,34.40790556,-80.08005556,9,0,0,1,1,1,0,2,1,0,,,,,,
450852,45,2020,11,26,5,21,20,83,0,1,3,3,4,3,2,4,1,0,0,0,35.01453056,-81.94850833,12,2,0,2,3,1,0,2,1,0,,,,,,
450853,45,2020,11,26,5,22,2,7,0,1,1,1,4,4,1,7,2,0,0,0,34.73474167,-82.56344167,38,0,0,1,1,4,0,2,1,0,,,,,,
450854,45,2020,11,27,6,6,30,87,0,1,1,1,1,3,1,3,1,1,0,0,34.79899722,-81.52636667,35,0,0,1,1,4,0,2,5,0,,,,,,
450855,45,2020,11,27,6,20,20,21,0,1,1,1,1,3,1,5,1,0,0,30,35.05295833,-81.43446667,35,0,0,1,1,4,0,2,1,0,,,,,,
450856,45,2020,11,28,7,4,0,7,0,1,1,1,2,1,2,1,1,1,0,389,34.74021389,-82.48453333,25,0,0,1,1,3,0,2,2,0,,,,,,
450857,45,2020,11,28,7,12,35,77,0,1,2,2,5,3,1,3,1,0,0,194,34.88423333,-82.59736389,12,6,0,2,3,1,0,1,1,0,,,,,,
450858,45,2020,11,28,7,16,25,91,0,1,2,2,2,3,1,3,1,0,0,27,35.11441944,-81.14499167,12,2,0,1,1,1,0,1,1,0,,,,,,
450859,45,2020,11,28,7,21,35,83,0,1,2,1,1,3,2,4,1,0,0,0,35.02822778,-81.95008889,14,0,0,1,1,1,0,2,1,0,,,,,,
450860,45,2020,11,28,7,23,14,79,0,1,1,1,1,2,1,3,1,1,0,321,33.94836944,-80.86369722,1,0,0,1,1,1,0,2,10,0,,,,,,
450861,45,2020,11,29,1,4,43,87,0,1,1,1,1,3,1,4,1,0,0,86,34.68354167,-81.72496667,38,0,0,1,1,4,0,2,5,0,,,,,,
450862,45,2020,11,30,2,19,18,79,0,1,2,2,4,2,2,3,1,0,0,0,34.07915833,-80.94223889,12,6,0,2,2,1,0,3,1,0,,,,,,
450863,45,2020,8,28,6,12,25,91,2970,1,1,1,1,3,2,3,1,1,0,141,34.99039167,-81.23417222,30,0,0,1,1,4,0,1,1,0,,,,,,
450864,45,2020,12,1,3,9,15,3,0,1,2,2,2,3,2,4,1,0,0,15,33.52480833,-81.95955833,12,2,0,2,3,1,0,1,1,0,,,,,,
450865,45,2020,12,2,4,17,18,83,0,2,2,2,3,2,2,3,1,1,0,78,34.94285,-82.08568056,12,6,0,2,3,1,0,5,1,0,,,,,,
450866,45,2020,12,2,4,20,45,71,0,1,1,1,2,3,1,3,1,0,0,334,34.36725833,-81.453675,34,0,0,1,1,4,0,2,1,0,,,,,,
450867,45,2020,12,2,4,13,15,63,2790,1,1,1,1,2,2,4,1,0,0,304,33.99083889,-81.06766944,9,0,0,2,4,1,0,1,1,0,,,,,,
450868,45,2020,12,3,5,4,38,69,0,1,1,1,1,2,2,4,1,0,0,0,34.60536667,-79.69940556,8,0,0,1,1,1,0,3,1,0,,,,,,
450869,45,2020,12,4,6,19,55,91,0,1,2,2,2,3,1,3,1,0,0,222,35.02991667,-81.17077778,12,2,0,1,1,1,0,6,2,0,,,,,,
450870,45,2020,12,5,7,17,53,53,0,1,1,1,2,3,1,4,1,0,0,162,32.58953333,-80.95093056,8,0,0,1,1,1,0,2,1,0,,,,,,
450871,45,2020,12,5,7,23,28,19,410,1,1,1,1,2,2,3,1,1,0,273,32.78378611,-79.99588056,8,0,0,2,3,1,0,6,1,0,,,,,,
450872,45,2020,12,5,7,21,20,19,410,1,1,1,1,3,2,4,1,0,0,67,32.82573611,-80.03935833,8,0,0,1,1,1,0,2,1,0,,,,,,
450873,45,2020,12,6,1,17,30,51,0,1,1,1,1,3,1,4,1,0,0,0,33.87210833,-78.96688611,8,0,0,1,1,1,0,1,1,0,,,,,,
450874,45,2020,12,6,1,10,50,45,0,1,1,1,1,3,1,4,1,0,0,55,34.65234444,-82.31308333,42,0,0,1,1,4,0,1,10,0,,,,,,
450875,45,2020,12,6,1,20,8,51,0,1,2,2,2,2,1,3,1,1,0,0,33.83498056,-79.13870556,12,6,0,4,1,1,0,2,1,0,,,,,,
450876,45,2020,12,6,1,18,5,91,0,1,1,1,1,3,1,4,1,0,0,23,34.84643056,-80.95121944,34,0,0,1,1,4,0,5,1,0,,,,,,
450877,45,2020,12,7,2,17,39,57,0,1,1,1,1,3,1,4,1,0,0,55,34.78758333,-80.72818333,42,0,0,1,1,4,0,5,1,0,,,,,,
450878,45,2020,12,8,3,18,18,67,0,1,2,2,2,2,1,3,1,1,0,0,34.2486,-79.41059444,8,0,0,1,1,1,0,2,1,0,,,,,,
450879,45,2020,12,8,3,14,20,55,0,1,2,2,2,2,1,3,1,1,0,0,34.32231944,-80.53724444,12,6,0,2,3,1,0,1,1,1,,,,,,
450880,45,2020,12,9,4,12,30,7,0,1,2,2,2,3,2,4,1,0,0,0,34.79478056,-82.4749,12,6,0,1,1,1,0,1,1,0,,,,,,
450881,45,2020,12,11,6,12,20,39,0,1,1,1,1,3,1,4,1,0,0,38,34.2792,-81.03643056,38,0,0,1,1,4,0,1,1,0,,,,,,
450882,45,2020,12,11,6,10,35,29,0,1,1,1,2,1,1,1,1,1,0,683,33.05474167,-80.66645556,42,0,0,1,1,3,0,1,1,0,,,,,,
450883,45,2020,12,11,6,14,0,19,0,1,3,3,5,3,1,4,1,0,0,0,32.62290833,-80.15225833,12,6,0,2,3,1,0,1,1,0,,,,,,
450884,45,2020,12,11,6,19,14,19,410,1,1,1,1,3,2,5,1,0,0,19,32.74321667,-79.98455833,8,0,0,1,1,1,0,3,1,0,,,,,,
450885,45,2020,12,12,7,23,15,7,0,1,1,1,2,2,2,3,1,1,0,82,34.56958056,-82.70913056,8,0,0,1,1,1,0,2,10,0,,,,,,
450886,45,2020,12,12,7,11,35,85,0,2,2,2,3,3,1,4,1,0,0,0,33.92719167,-80.51960556,12,2,0,8,1,1,0,1,1,0,,,,,,
450887,45,2020,12,13,1,1,50,31,0,1,1,1,4,3,1,4,1,0,0,56,34.19251667,-80.02260556,34,0,0,1,1,4,0,2,1,0,,,,,,
450888,45,2020,12,13,1,12,16,83,0,1,1,1,1,2,2,3,1,0,0,0,35.07423056,-81.87375556,8,0,0,1,1,1,0,1,1,0,,,,,,
450889,45,2020,12,13,1,7,24,51,0,1,1,1,1,3,1,4,1,0,0,96,34.10646667,-79.15759444,42,0,0,1,1,4,0,4,10,0,,,,,,
450890,45,2020,12,13,1,0,20,19,1805,1,1,1,1,4,2,7,2,0,0,0,32.92028056,-80.06868056,8,0,0,1,1,1,0,3,1,0,,,,,,
450891,45,2020,12,14,2,6,44,57,0,1,1,1,2,3,1,4,1,0,0,0,34.72044167,-80.57309444,34,0,0,1,1,4,0,2,2,0,,,,,,
450892,45,2020,12,16,4,11,30,43,0,1,2,2,2,3,1,4,1,0,0,0,33.49918333,-79.51315556,12,1,0,1,1,1,0,1,2,0,,,,,,
450893,45,2020,12,16,4,13,0,45,0,1,2,2,2,2,1,3,1,1,0,93,34.60815833,-82.36908889,12,6,0,2,2,1,0,1,10,0,,,,,,
450894,45,2020,12,16,4,15,35,77,0,1,1,1,1,2,1,3,1,0,0,313,34.72916667,-82.67306667,42,0,0,1,1,4,0,1,2,0,,,,,,
450895,45,2020,12,16,4,7,45,91,0,1,1,1,1,3,1,3,1,0,0,83,34.93878333,-81.34290833,34,0,0,1,1,4,0,4,2,0,,,,,,
450896,45,2020,12,16,4,11,21,19,0,1,1,1,1,3,1,4,1,0,0,0,32.69293889,-80.01615833,42,0,0,1,1,4,0,1,1,0,,,,,,
450897,45,2020,12,17,5,9,55,21,0,1,1,1,1,3,1,4,1,0,0,3,34.95789167,-81.67586389,42,0,0,1,1,4,0,1,1,0,,,,,,
450898,45,2020,12,18,6,20,35,31,600,1,1,1,1,2,2,3,1,1,0,50,34.28679722,-79.88053611,8,0,0,2,2,1,0,2,1,0,,,,,,
450899,45,2020,12,18,6,16,19,45,0,1,1,1,1,2,2,3,1,1,0,333,34.91798611,-82.46085556,31,0,0,1,1,4,0,1,1,0,,,,,,
450900,45,2020,12,19,7,0,1,21,0,1,1,1,1,2,1,3,1,0,0,0,35.17764444,-81.79941111,42,0,0,1,1,4,0,2,1,0,,,,,,
450901,45,2020,12,19,7,20,30,37,0,1,1,1,1,3,1,3,1,0,0,0,33.61214444,-82.02423333,34,0,0,1,1,4,0,2,1,0,,,,,,
450902,45,2020,12,19,7,22,0,31,0,1,1,1,1,3,1,4,1,0,0,10,34.34704167,-79.95039444,42,0,0,1,1,4,0,2,1,0,,,,,,
450903,45,2020,12,21,2,5,0,9,0,1,1,1,1,2,1,3,1,0,0,2,33.17719167,-80.80251667,59,0,0,1,1,4,0,2,2,0,,,,,,
450904,45,2020,12,21,2,19,32,83,0,1,1,1,1,3,1,4,1,0,0,17,35.17651944,-81.96605833,35,0,0,1,1,4,0,6,1,0,,,,,,
450905,45,2020,12,22,3,4,11,7,0,1,1,1,1,2,1,3,1,1,0,0,34.68063611,-82.50734444,8,0,0,1,1,1,0,2,1,0,,,,,,
450906,45,2020,12,23,4,11,37,41,870,1,2,2,2,2,2,3,1,1,0,231,34.15623611,-79.76789444,12,2,0,1,1,1,0,1,1,0,,,,,,
450907,45,2020,12,23,4,14,45,75,0,1,2,2,3,3,1,3,1,0,0,0,33.35999444,-80.57323889,12,6,0,1,1,1,0,1,1,0,,,,,,
450908,45,2020,12,23,4,16,3,45,0,1,1,1,1,3,1,4,1,0,0,42,34.948625,-82.49380556,35,0,0,3,2,4,0,1,2,0,,,,,,
450909,45,2020,12,24,5,16,4,75,0,1,1,1,1,3,1,7,1,0,0,0,33.449075,-80.81928611,1,0,0,1,1,1,0,1,10,0,,,,,,
450910,45,2020,12,24,5,19,39,75,0,1,2,2,2,2,2,3,1,1,0,121,33.47931667,-80.90644167,12,6,0,1,1,1,0,2,2,0,,,,,,
450911,45,2020,12,24,5,22,5,29,0,1,1,1,1,3,1,4,1,0,0,99,32.84366667,-80.64703889,32,0,0,1,1,4,0,2,2,0,,,,,,
450912,45,2020,12,24,5,0,40,19,0,1,1,1,1,3,1,4,1,0,0,53,32.73000833,-80.10443611,42,0,0,1,1,4,0,2,2,0,,,,,,
450913,45,2020,12,26,7,9,32,83,0,1,3,3,3,2,2,3,1,1,0,0,35.00225833,-82.00729167,12,6,0,2,2,1,0,1,1,0,,,,,,
450914,45,2020,12,28,2,19,10,19,1170,1,2,2,2,3,1,4,1,0,0,33,32.72866667,-80.28310556,12,6,0,2,2,1,0,3,1,0,,,,,,
450915,45,2020,12,29,3,8,25,35,0,1,2,2,2,2,1,3,1,0,0,0,32.93545556,-80.35330556,12,2,0,1,1,1,0,1,1,0,,,,,,
450916,45,2020,12,30,4,5,13,85,0,1,1,1,1,3,2,4,1,0,0,2,33.93520556,-80.44185556,42,0,0,1,1,4,0,2,1,0,,,,,,