st_case,state,year,month,day,day_week,hour,minute,county,city,fatals_crash,vehicles_total,vehicles_in_transport,persons_total,route,rural_urban,functional_system,road_owner,nhs,special_jurisdiction,milepoint,latitude,longitude,first_harmful_event,manner_collision,rel_jct_interchange,rel_jct_location,intersection_type,relation_to_road,work_zone,light_condition,weather,school_bus_related,ems_notified_hour,ems_notified_min,ems_arrival_hour,ems_arrival_min,hospital_hour,hospital_min
470450,47,2020,1,1,4,10,36,73,1280,1,1,1,1,6,2,5,4,0,0,4,36.55497222,-82.63344444,42,0,0,1,1,4,0,1,1,0,10,37,10,41,10,43
470451,47,2020,5,12,3,0,14,163,290,1,1,1,1,3,2,3,1,1,0,114,36.52755833,-82.209125,24,0,0,1,1,3,0,2,1,0,0,14,0,15,0,23
470452,47,2020,6,26,6,23,30,37,1760,1,2,2,2,1,2,1,1,1,0,152,36.16321667,-86.7617,12,1,0,1,1,1,0,3,1,0,23,35,23,41,0,8
470453,47,2020,6,29,2,12,46,185,2310,1,2,2,2,2,2,4,1,0,0,101,35.93698611,-85.48651667,12,6,1,2,3,1,0,1,1,0,12,44,12,45,13,14
470454,47,2020,6,19,6,23,13,117,1380,1,1,1,1,6,2,4,4,0,0,2,35.45353056,-86.80214722,30,0,0,1,1,4,0,3,1,0,23,14,23,21,,
470455,47,2020,6,18,5,19,29,157,0,1,1,1,1,4,1,7,2,0,0,6,35.36186111,-89.95095833,42,0,0,1,1,4,0,1,1,0,,,,,,
470456,47,2020,6,26,6,22,10,125,410,1,1,1,1,2,2,3,1,1,0,223,36.551025,-87.32738056,8,0,0,1,1,1,0,2,1,0,,,,,,
470457,47,2020,6,29,2,12,11,157,1620,1,2,2,4,2,2,3,1,1,0,81,35.08798056,-89.96421667,12,6,0,2,3,1,0,1,1,0,12,6,12,8,12,45
470458,47,2020,6,7,1,17,28,189,0,1,2,2,2,3,1,4,1,0,0,9,35.97655,-86.07093333,12,6,0,2,3,1,0,1,1,0,16,31,16,45,18,8
470459,47,2020,6,22,2,10,30,111,1310,1,1,1,1,6,1,7,4,0,0,6,36.54136111,-86.01507778,1,0,0,1,1,4,0,1,1,0,10,32,10,37,11,27
470460,47,2020,6,25,5,17,3,23,1080,2,2,2,3,2,2,3,1,1,0,50,35.43273056,-88.64565833,12,6,0,2,3,1,0,1,1,0,17,5,17,13,18,17
470461,47,2020,6,16,3,12,10,37,1760,1,1,1,1,2,2,3,1,1,0,154,36.14258889,-86.8155,8,0,0,3,2,1,0,1,1,0,12,10,12,14,12,23
470462,47,2020,6,28,1,17,26,149,1750,1,2,2,5,6,2,4,4,0,0,101,35.85670278,-86.41173333,12,6,0,1,1,1,0,1,2,0,17,26,17,31,17,59
470463,47,2020,6,23,3,13,25,17,0,1,2,2,3,2,1,3,1,1,0,85,36.04585,-88.59076667,12,2,0,1,1,1,0,1,1,0,15,2,15,5,,
470464,47,2020,6,30,3,4,44,81,370,1,2,2,5,3,1,4,1,0,0,148,35.79181667,-87.44178611,12,6,0,1,1,1,0,3,1,0,4,46,4,54,5,25
470465,47,2020,7,1,4,17,53,165,1970,1,3,3,3,3,1,4,1,0,0,86,36.53586667,-86.52945833,12,6,0,2,3,1,0,1,1,0,17,53,18,12,18,24
470466,47,2020,6,13,7,19,42,79,0,1,1,1,2,2,1,3,1,1,0,254,36.39766667,-88.1524,1,0,0,1,1,3,0,5,1,0,19,34,19,39,20,11
470467,47,2020,6,26,6,14,0,71,0,1,1,1,3,3,1,4,1,0,0,44,35.37173056,-88.28626111,35,0,0,1,1,4,0,1,1,0,13,56,14,19,,
470468,47,2020,6,30,3,14,50,133,0,1,3,3,3,3,1,4,1,0,0,142,36.37781944,-85.27265556,12,6,0,1,1,1,0,1,10,0,14,48,14,54,15,44
470470,47,2020,7,3,6,3,6,141,1680,1,2,2,3,1,1,1,1,1,0,352,36.12535833,-85.25524722,24,0,0,1,1,4,0,2,1,0,3,3,3,15,4,17
470471,47,2020,7,3,6,9,22,157,1620,1,1,1,2,6,2,4,4,0,0,35,35.04545833,-89.84341667,42,0,0,1,1,4,0,1,1,0,9,24,9,29,9,58
470472,47,2020,7,3,6,15,16,157,1620,1,2,2,2,2,2,3,1,1,0,140,35.1754,-89.86496667,12,6,0,2,2,1,0,1,1,0,15,17,15,21,15,40
470473,47,2020,6,17,4,2,6,149,0,1,1,1,1,4,1,6,2,0,0,18,35.82820833,-86.18151667,1,0,0,1,1,1,0,2,1,0,2,3,2,19,2,59
470474,47,2020,7,4,7,6,25,37,960,1,1,1,1,2,2,3,1,1,0,7,36.365466670000004,-86.7339,8,0,0,3,3,1,0,1,1,0,6,27,6,33,7,4
470475,47,2020,6,26,6,18,21,149,0,1,2,2,3,4,2,5,2,0,0,25,35.83310833,-86.31475,12,6,0,2,3,1,0,1,1,0,18,17,18,25,19,0
470476,47,2020,6,19,6,23,31,157,1620,1,2,2,5,5,2,4,4,0,0,28,35.03556667,-90.00694722,12,6,0,8,1,1,0,6,1,0,23,19,23,27,23,42
470477,47,2020,7,5,1,20,10,59,0,1,1,1,1,4,1,6,2,0,0,127,36.03267778,-82.89030556,52,0,0,1,1,4,0,5,1,0,20,12,20,15,,
470478,47,2020,7,2,5,22,0,157,1620,1,1,1,2,2,2,3,1,1,0,64,35.06402778,-90.05913889,8,0,0,1,1,1,0,3,1,0,22,8,22,9,,
470480,47,2020,7,2,5,21,17,35,0,1,2,2,3,3,1,4,1,0,0,31,35.89111667,-84.93898056,24,0,0,1,1,4,0,2,10,0,21,24,21,32,22,4
470481,47,2020,6,28,1,15,10,73,0,1,1,1,1,4,1,6,2,0,0,15,36.44243056,-83.17801667,34,0,0,1,1,4,0,1,10,0,15,7,15,33,,
470482,47,2020,6,13,7,,,39,0,1,1,1,1,2,1,3,1,1,0,381,35.77898056,-88.08600833,1,0,0,1,1,4,0,9,99,0,16,17,16,30,,
470483,47,2020,7,1,4,19,45,157,1620,1,2,2,3,6,2,3,4,1,0,6,35.06885556,-89.88565833,12,6,0,2,2,1,0,5,1,0,19,45,19,49,20,18
470484,47,2020,6,29,2,22,7,73,2080,1,2,2,2,3,1,4,1,0,0,111,36.38559722,-83.01426667,12,2,0,1,1,1,0,2,2,0,22,4,22,9,22,57
470485,47,2020,6,16,3,5,10,141,0,1,1,1,4,1,1,1,1,1,0,93,36.11961667,-85.68501667,57,0,0,1,1,3,0,1,1,0,5,22,5,35,6,56
470486,47,2020,4,20,2,17,0,31,0,1,3,3,4,1,1,1,1,1,0,0,35.62528056,-86.24343056,12,1,0,1,1,1,0,1,1,0,17,20,17,30,18,33
470487,47,2020,5,1,6,21,8,123,0,1,1,1,1,3,1,4,1,0,0,36,35.3485,-84.35454722,42,0,0,1,1,4,0,2,1,0,21,17,21,40,22,10
470488,47,2020,6,20,7,23,30,99,0,1,2,2,3,3,1,5,1,0,0,12,35.30581667,-87.41536667,12,6,0,2,2,1,0,2,1,0,23,31,23,38,0,22
470489,47,2020,7,4,7,20,4,187,272,1,1,1,1,1,2,1,1,1,0,157,35.958375,-86.81029444,42,0,0,1,1,4,0,3,1,0,20,51,20,57,,
470490,47,2020,6,26,6,21,13,129,1830,1,1,1,1,3,1,5,1,0,0,98,35.98479722,-84.56029722,35,0,0,1,1,4,0,2,1,0,21,11,21,25,,
470491,47,2020,7,7,3,9,39,55,0,2,2,2,2,2,2,3,1,1,0,58,35.21691944,-87.121566670000007,12,2,0,1,1,1,0,1,1,0,9,36,9,45,,
470492,47,2020,7,2,5,18,57,65,0,1,2,2,3,3,1,4,1,0,0,199,35.22705556,-85.02172222,12,2,0,2,4,1,0,1,1,0,19,1,19,10,20,10
470493,47,2020,7,6,2,8,47,109,2160,2,2,2,2,2,1,3,1,1,0,129,35.14983056,-88.59658056,1,0,0,1,1,4,4,1,10,0,8,50,8,53,9,50
470494,47,2020,6,30,3,15,12,141,0,2,2,2,4,3,1,4,1,0,0,42,36.12811667,-85.20208889,12,6,0,1,1,1,0,1,10,0,15,10,15,30,16,2
470495,47,2020,7,9,5,7,19,11,420,1,2,2,2,6,2,4,4,0,0,9,35.17210833,-84.82328056,12,6,0,8,1,1,0,1,1,0,7,20,7,34,,
470496,47,2020,7,8,4,13,15,43,0,1,2,2,3,1,1,1,1,1,0,1,35.98933056,-87.48830833,12,1,0,1,1,1,0,1,1,0,13,22,13,33,14,15
470497,47,2020,7,9,5,1,15,105,0,1,1,1,2,4,1,7,2,0,0,15,35.65991111,-84.39420833,1,0,0,1,1,1,0,2,1,0,1,22,1,33,,
470498,47,2020,7,7,3,8,30,157,1620,1,2,2,2,3,2,3,1,1,0,159,35.157925,-89.97598056,12,6,0,2,2,1,0,1,1,0,8,38,8,38,8,53
470499,47,2020,7,8,4,17,26,179,1250,1,1,1,2,1,2,1,1,1,0,81,36.36420278,-82.41066667,57,0,0,1,1,3,0,1,1,0,17,2,17,6,17,27
470500,47,2020,7,9,5,23,1,125,410,1,1,1,1,2,2,3,1,1,0,162,36.54846667,-87.37883056,8,0,0,1,1,1,0,2,1,0,23,3,23,5,23,30
470501,47,2020,7,11,7,11,23,155,1959,1,2,2,6,2,1,4,1,0,0,172,35.74028056,-83.41469722,12,6,0,1,1,1,0,1,1,0,11,22,11,25,11,41
470502,47,2020,7,9,5,20,15,189,0,1,1,1,1,3,1,5,1,0,0,197,36.20065833,-86.11530833,5,0,0,1,1,1,0,2,1,0,20,18,20,31,21,31
470503,47,2020,7,11,7,19,39,157,1620,1,2,2,2,2,2,3,1,1,0,75,35.08109444,-89.95646667,12,2,0,1,1,1,0,5,1,0,19,42,19,48,20,27
470504,47,2020,6,24,4,3,30,125,0,1,4,4,4,1,1,1,1,1,0,165,36.4739,-87.13760833,12,1,0,7,1,1,0,2,1,0,3,33,3,36,4,13
470505,47,2020,7,9,5,22,10,93,1300,1,2,2,2,2,2,3,1,1,0,121,35.92952778,-84.03308889,12,6,0,8,1,1,0,3,1,0,,,,,,
470506,47,2020,7,11,7,22,10,81,0,1,1,1,2,4,1,7,2,0,0,41,35.90898889,-87.54644167,1,0,0,1,1,4,0,2,1,0,21,20,21,46,22,40
470507,47,2020,7,10,6,19,58,37,1760,1,2,2,2,3,2,2,1,1,0,170,36.23825,-86.78345833,12,1,0,1,1,1,0,3,1,0,19,55,20,3,20,22
470508,47,2020,7,8,4,15,53,43,640,2,2,2,4,6,2,5,4,0,0,3,36.06476667,-87.39246667,12,6,0,1,1,1,0,1,2,0,15,55,16,0,17,36
470509,47,2020,7,13,2,20,5,29,0,1,1,1,1,4,1,7,2,0,0,16,35.79863056,-83.21558056,11,0,0,1,1,1,0,5,1,0,20,4,20,21,21,6
470510,47,2020,7,5,1,5,0,157,0,1,1,1,2,4,1,6,2,0,0,73,35.15845556,-89.70381944,42,0,0,1,1,4,0,2,1,0,,,,,,
470511,47,2020,6,13,7,10,3,37,1760,1,1,1,1,6,2,7,4,0,0,13,36.15553611,-86.691,41,0,0,1,1,4,0,1,1,0,10,3,10,10,10,34
470512,47,2020,7,7,3,20,10,47,0,3,1,1,3,4,1,6,2,0,0,43,35.21528056,-89.44309722,42,0,0,1,1,4,0,2,1,0,20,21,20,27,,
470513,47,2020,7,14,3,3,41,37,1760,1,1,1,1,1,2,1,1,1,0,158,36.25318611,-86.73940833,52,0,0,1,1,4,0,3,1,0,3,40,3,46,,
470514,47,2020,7,8,4,10,45,155,0,1,3,3,7,2,1,4,1,0,0,191,35.87673333,-83.48423333,12,1,0,1,1,1,0,1,1,0,10,37,10,50,10,59
470515,47,2020,7,14,3,20,37,165,1085,1,2,2,2,6,2,5,4,0,0,62,36.28648056,-86.6226,12,6,0,1,1,1,0,3,10,0,16,7,16,13,,
470516,47,2020,7,11,7,23,45,157,1620,1,1,1,2,6,2,5,4,0,0,7,35.18024722,-89.923022219999993,42,0,0,1,1,8,0,3,1,0,23,46,23,52,0,24
470517,47,2020,7,14,3,23,0,157,1620,1,1,1,1,6,2,4,4,0,0,8,35.05773056,-89.85721944,8,0,1,17,1,1,0,3,1,0,22,58,23,6,,
470518,47,2020,7,15,4,20,11,1,1850,1,2,2,2,6,2,7,4,0,0,8,35.99395833,-84.262208330000007,12,6,0,2,3,1,0,1,1,0,20,11,20,19,20,44
470519,47,2020,6,20,7,14,5,91,0,1,1,1,1,3,1,5,1,0,0,54,36.38430278,-81.90058889,59,0,0,1,1,4,0,1,1,0,14,6,14,12,14,59
470520,47,2020,6,25,5,12,46,35,0,1,2,2,5,2,1,3,1,1,0,216,36.05023611,-85.05363333,12,6,0,8,1,1,0,1,1,0,11,47,11,53,12,16
470521,47,2020,7,10,6,6,30,119,1730,1,2,2,2,2,2,2,1,1,0,93,35.55028611,-87.21243056,12,2,0,1,1,1,0,1,10,0,7,3,7,14,9,25
470522,47,2020,7,15,4,14,55,165,890,1,2,2,4,3,2,3,1,1,0,3,36.3444,-86.43838056,12,6,0,2,3,1,0,1,1,0,14,56,15,7,15,30
470523,47,2020,7,3,6,,,21,0,1,1,1,1,1,1,1,1,1,0,18,36.35638889,-86.94371667,35,0,0,1,1,4,0,9,99,0,15,11,15,25,,
470524,47,2020,7,11,7,0,16,149,0,1,1,1,1,4,2,5,2,0,0,28,35.83257778,-86.31141944,8,0,0,1,1,1,0,2,1,0,0,9,0,16,,
470526,47,2020,7,15,4,16,15,123,0,1,2,2,2,1,1,1,1,1,0,51,35.64843333,-84.46577778,12,1,0,1,1,1,0,1,1,0,,,,,,
470527,47,2020,7,9,5,16,20,93,829,1,3,3,5,2,2,3,1,1,0,50,35.89034722,-84.14708611,12,6,0,8,1,1,0,1,1,0,,,,,,
470528,47,2020,7,17,6,14,22,107,110,1,2,2,2,3,2,3,1,1,0,116,35.43213611,-84.58526667,12,6,0,8,1,1,0,1,1,0,14,23,14,35,,
470529,47,2020,7,2,5,18,40,77,0,1,2,2,3,2,1,3,1,1,0,69,35.682,-88.49115,12,1,0,1,1,1,0,1,1,0,18,42,18,51,19,27
470530,47,2020,5,31,1,6,47,25,0,1,1,1,3,4,1,6,2,0,0,26,36.41733056,-83.56121667,1,0,0,1,1,4,0,1,1,0,6,45,6,49,7,15
470531,47,2020,7,11,7,19,35,135,0,1,1,1,4,4,1,7,2,0,0,5,35.46571944,-87.84637222,42,0,0,1,1,4,0,1,1,0,19,1,19,17,19,52
470532,47,2020,7,16,5,19,25,77,0,1,1,1,1,4,1,6,2,0,0,44,35.63360833,-88.54156667,42,0,0,1,1,4,0,5,10,0,19,33,19,48,20,9
470533,47,2020,7,18,7,3,38,93,1300,1,2,2,2,3,2,4,1,0,0,41,35.94521667,-84.13210833,12,2,0,1,1,1,0,2,10,0,,,,,,
470534,47,2020,7,19,1,8,29,9,0,1,2,2,2,2,2,3,1,1,0,183,35.84451667,-83.96665833,12,6,0,2,3,1,0,1,1,0,8,14,8,17,,
470535,47,2020,7,18,7,16,30,157,1620,1,3,3,12,3,2,3,1,1,0,18,35.19336944,-89.89566667,12,6,0,2,2,1,0,1,1,0,15,58,16,4,16,26
470536,47,2020,7,12,1,15,15,181,0,1,1,1,1,3,1,5,1,0,0,64,35.03871667,-87.7205,38,0,0,1,1,4,0,1,1,0,15,14,15,20,,
470537,47,2020,7,13,2,4,53,37,1760,2,1,1,2,6,2,4,4,0,0,21,36.04260833,-86.74405833,33,0,0,1,1,4,0,3,1,0,,,,,,
470538,47,2020,7,14,3,21,20,65,0,1,2,2,3,4,2,5,2,0,0,60,35.16498611,-85.05955,12,2,0,1,1,1,0,2,1,0,21,22,21,38,22,18
470539,47,2020,7,5,1,,,75,0,1,1,1,1,3,1,5,1,0,0,162,35.44276667,-89.22820833,23,0,0,1,1,4,0,2,1,0,8,23,8,34,,
470540,47,2020,7,18,7,18,17,185,2310,1,1,1,3,4,2,7,2,0,0,5,35.95706667,-85.49273056,34,0,0,1,1,4,0,1,1,0,18,6,18,20,18,54
470541,47,2020,7,16,5,13,0,55,0,1,1,1,2,2,1,4,1,0,0,247,35.26398889,-87.04241667,11,0,0,1,1,1,0,1,1,0,13,9,13,18,13,50
470542,47,2020,7,21,3,7,49,147,0,1,2,2,2,3,1,4,1,0,0,47,36.44440833,-86.96470833,12,2,0,1,1,1,0,1,1,0,7,46,7,48,,
470543,47,2020,7,21,3,14,30,41,0,1,2,2,2,2,1,4,1,0,0,224,35.94989722,-85.74523611,12,2,0,1,1,1,0,1,1,0,14,55,14,57,15,20
470544,47,2020,7,22,4,21,15,157,1620,1,1,1,1,3,2,3,1,1,0,88,35.02048056,-89.95375833,8,0,0,1,1,11,0,3,1,0,,,,,,
470545,47,2020,7,19,1,22,45,157,1620,1,1,1,1,2,2,3,1,1,0,88,35.09518611,-89.97030556,8,0,0,1,1,1,0,3,1,0,22,36,22,40,,
470546,47,2020,7,24,6,0,44,157,1620,1,1,1,1,3,2,3,1,1,0,189,35.18093333,-89.93464444,8,0,0,1,1,4,0,3,1,0,0,39,0,44,,
470547,47,2020,7,24,6,20,30,77,0,1,1,1,1,4,1,7,2,0,0,10,35.51229722,-88.27037778,32,0,0,1,1,4,0,2,1,0,20,40,21,0,,
470548,47,2020,7,25,7,15,41,157,1620,3,2,2,6,6,2,4,4,0,0,9,35.10776667,-90.05996667,12,2,0,1,1,1,0,1,1,0,15,42,15,56,16,13
470549,47,2020,7,12,1,23,55,97,0,1,1,1,1,2,1,3,1,1,0,191,35.86473056,-89.43309722,24,0,0,1,1,4,0,2,1,0,23,52,0,4,,
470550,47,2020,7,25,7,23,20,103,0,1,1,1,1,3,1,5,1,0,0,91,35.03395833,-86.44990833,42,0,0,1,1,4,0,2,1,0,23,12,23,27,23,46
470551,47,2020,7,21,3,11,32,189,0,1,3,3,8,2,1,4,1,0,0,78,36.15518889,-86.24231667,12,1,0,1,1,1,0,1,1,0,11,29,11,37,12,29
470552,47,2020,7,23,5,11,30,35,0,1,1,1,1,4,1,7,2,0,0,14,35.98768056,-84.87003056,34,0,0,1,1,4,0,1,2,0,11,26,11,44,12,15
470553,47,2020,7,23,5,6,36,141,0,1,1,1,1,3,1,4,1,0,0,71,36.12528611,-85.15689167,17,0,0,1,1,4,0,1,1,0,6,36,6,45,7,52
470554,47,2020,7,27,2,11,30,129,0,1,2,2,2,3,1,4,1,0,0,300,36.04746667,-84.43640833,12,6,0,1,1,1,0,1,1,0,11,32,11,45,,
470555,47,2020,7,17,6,1,50,157,160,1,1,1,3,6,2,7,4,0,0,9,35.24495,-89.84301944,30,0,0,1,1,4,0,3,1,0,,,,,,
470556,47,2020,7,24,6,0,21,37,1760,1,2,2,4,3,2,3,1,1,0,84,36.26406667,-86.69028889,12,6,0,2,2,1,0,3,1,0,0,21,0,25,0,43
470557,47,2020,7,28,3,19,43,9,0,1,1,1,2,4,1,7,2,0,0,8,35.73918889,-83.82288889,42,0,0,1,1,4,0,5,1,0,19,48,19,56,20,24
470558,47,2020,7,27,2,3,6,37,1760,1,2,1,2,1,2,1,1,1,0,252,36.14136667,-86.66393056,14,0,1,5,1,2,0,3,1,0,3,6,3,14,4,41
470559,47,2020,7,28,3,20,12,157,1620,1,1,1,1,6,2,4,4,0,0,75,35.14183611,-89.9081,9,0,0,3,3,1,0,3,1,0,20,14,20,19,20,39
470560,47,2020,7,30,5,22,3,93,0,1,1,1,1,4,1,6,2,0,0,12,36.17053611,-83.9274,72,0,0,1,1,2,0,2,10,0,,,,,,
470561,47,2020,7,29,4,22,10,157,1620,2,7,2,5,6,2,3,4,1,0,27,35.04987778,-89.86078056,12,6,0,2,2,1,0,3,1,0,21,49,21,53,22,37
470562,47,2020,7,23,5,10,44,115,1220,1,2,2,4,1,2,1,1,1,0,210,35.04983611,-85.63243889,12,7,1,20,1,1,0,1,1,0,10,40,10,47,11,34
470563,47,2020,7,26,1,12,40,153,0,2,2,2,3,3,1,3,1,1,0,232,35.44303333,-85.43188611,12,6,0,1,1,1,0,1,2,0,12,48,13,0,13,25
470564,47,2020,7,30,5,16,0,173,1595,1,2,2,2,3,1,4,1,0,0,88,36.25325556,-83.79508611,12,6,0,8,1,1,0,1,1,0,16,0,16,4,16,39
470565,47,2020,7,29,4,13,35,65,400,2,1,1,2,6,2,4,4,1,0,7,35.04158056,-85.29683889,42,0,0,3,3,4,0,1,1,0,13,47,13,49,14,9
470566,47,2020,7,31,6,16,32,157,1620,1,2,2,2,6,2,4,4,0,0,60,35.20468889,-89.93178333,12,8,0,1,1,1,0,1,1,0,16,34,16,52,16,54
470567,47,2020,7,25,7,20,45,53,2100,1,1,1,1,2,1,2,1,1,0,285,36.14731111,-88.99621111,35,0,0,1,1,3,0,2,1,0,20,45,20,46,,
470568,47,2020,7,24,6,8,3,45,0,1,1,1,1,1,1,1,1,1,0,16,36.09585833,-89.59830833,38,0,0,1,1,4,0,1,1,0,8,3,8,18,,
470569,47,2020,8,1,7,18,31,155,2170,1,6,6,14,1,2,1,1,1,0,21,35.98230833,-83.61504722,12,6,0,1,1,1,0,1,1,0,18,38,18,46,19,9
470570,47,2020,7,20,2,,,45,0,1,1,1,1,3,1,3,1,1,0,286,36.026975,-89.17883889,42,0,0,1,1,4,0,9,1,0,8,49,9,6,10,28
470571,47,2020,7,29,4,6,44,111,0,1,1,1,1,4,1,7,2,0,0,4,36.54889167,-86.04850278,42,0,0,1,1,6,0,1,1,0,6,43,6,52,,
470572,47,2020,8,1,7,3,28,9,1570,1,1,1,1,4,2,4,2,0,0,72,35.72443056,-84.04098611,30,0,0,1,1,4,0,2,1,0,3,23,3,31,3,42
470573,47,2020,7,30,5,10,29,115,0,2,2,2,2,3,1,4,1,0,0,40,35.24287778,-85.51039722,12,2,0,1,1,1,0,1,10,0,10,29,10,29,,
470574,47,2020,7,31,6,14,50,41,660,1,3,3,4,2,1,4,1,0,0,88,36.01313056,-85.95990833,12,6,0,1,1,1,0,1,10,0,14,51,15,10,15,43
470575,47,2020,7,31,6,20,17,37,1760,1,2,2,2,3,2,3,1,1,0,90,36.11059722,-86.92258056,12,6,1,2,3,1,0,3,1,0,20,18,20,21,20,43
470577,47,2020,8,1,7,23,40,93,1300,1,2,2,2,1,2,1,1,1,0,273,36.00588056,-83.80373611,12,1,0,1,1,1,0,2,1,0,,,,,,
470578,47,2020,5,30,7,18,3,155,0,1,3,3,9,2,1,4,1,0,0,0,35.68697222,-83.53579444,1,0,0,1,1,1,0,1,1,0,18,5,18,11,,
470579,47,2020,7,26,1,12,1,145,0,1,2,2,3,1,2,1,1,1,0,52,35.90631667,-84.62048889,12,7,0,1,1,1,0,1,1,0,12,0,12,8,,
470580,47,2020,8,1,7,3,51,23,0,1,1,1,1,2,1,3,1,1,0,31,35.40727222,-88.64015833,35,0,0,1,1,4,0,2,10,0,3,50,4,2,4,45
470581,47,2020,8,3,2,23,57,37,1760,1,1,1,2,6,2,5,4,0,0,7,36.18001667,-86.80915,33,0,0,1,1,4,0,3,1,0,23,58,23,59,0,19
470582,47,2020,7,25,7,10,51,93,0,1,1,1,1,3,1,5,1,0,0,143,36.13230833,-84.00688611,35,0,0,1,1,4,0,1,1,0,,,,,,
470583,47,2020,8,4,3,12,9,163,1280,1,2,1,2,1,2,1,1,1,0,5,36.54923056,-82.58195,14,0,0,1,1,3,0,1,1,0,12,13,12,18,,
470584,47,2020,7,8,4,14,44,157,1620,1,2,2,2,6,2,7,4,0,0,3,35.15311944,-89.911675,12,6,0,1,1,1,0,1,1,0,14,28,14,36,14,57
470585,47,2020,7,25,7,1,31,147,0,1,1,1,1,3,1,5,1,0,0,177,36.56463056,-86.78736667,35,0,0,1,1,4,0,2,1,0,1,30,1,41,,
470586,47,2020,8,1,7,14,50,21,1291,1,1,1,7,1,1,1,1,1,0,33,36.08263889,-87.10295833,35,0,0,1,1,4,0,1,10,0,14,49,14,51,14,59
470587,47,2020,8,3,2,20,19,37,1760,1,1,1,1,8,2,7,98,0,0,,36.17581667,-86.79269444,8,0,1,18,1,1,0,2,1,0,20,20,20,26,20,46
470588,47,2020,7,29,4,8,28,113,0,2,2,2,5,2,1,3,1,1,0,24,35.49998611,-88.73488611,12,1,0,1,1,1,0,1,1,0,8,27,8,43,9,31
470589,47,2020,8,4,3,20,55,157,1620,1,1,1,1,6,2,4,4,0,0,38,35.05022222,-90.00754167,8,0,0,1,1,1,0,3,1,0,20,54,21,12,,
470590,47,2020,8,2,1,17,55,73,0,1,1,1,1,4,1,7,2,0,0,17,36.51636389,-82.877675,31,0,0,1,1,4,0,1,10,0,17,58,18,9,,
470591,47,2020,8,4,3,,,189,0,1,1,1,1,4,1,6,2,0,0,38,36.00980833,-86.18183056,42,0,0,1,1,4,0,2,1,0,3,51,4,6,,
470592,47,2020,6,19,6,19,40,71,0,1,1,1,1,4,2,7,2,0,0,4,35.20959167,-88.19540278,1,0,0,1,1,4,0,1,1,0,19,27,19,34,19,53
470593,47,2020,7,2,5,9,40,133,0,1,2,2,5,4,1,6,2,0,0,85,36.33851111,-85.33723611,12,6,0,8,1,1,0,1,1,0,9,36,9,45,10,19
470594,47,2020,7,23,5,0,15,187,850,1,1,1,1,6,2,5,4,0,0,3,35.92423056,-86.87968889,30,0,0,1,1,4,0,3,1,0,0,20,0,28,1,35
470595,47,2020,7,25,7,12,43,165,0,1,2,2,2,2,1,3,1,1,0,245,36.48448889,-86.31403056,12,6,0,8,1,1,0,1,1,0,12,31,12,38,13,44
470596,47,2020,7,30,5,13,0,117,0,1,1,1,1,3,1,4,1,0,0,37,35.60681667,-86.76175,32,0,0,1,1,4,0,1,1,0,13,1,13,10,14,8
470597,47,2020,7,31,6,21,15,93,1300,1,1,1,1,2,2,3,1,1,0,120,36.02666111,-83.92748333,8,0,0,1,1,1,0,3,1,0,,,,,,
470598,47,2020,8,5,4,22,45,95,2390,1,1,1,1,3,1,4,1,0,0,38,36.37795833,-89.45168056,8,0,0,1,1,1,0,3,1,0,22,48,22,52,,
470599,47,2020,8,6,5,22,40,9,0,2,2,2,4,2,2,3,1,1,0,63,35.77578056,-83.90489722,12,2,0,1,1,4,0,2,1,0,22,30,22,33,23,18
470600,47,2020,7,31,6,12,42,151,0,1,2,2,4,2,1,3,1,1,0,124,36.42479722,-84.53626667,12,6,0,8,1,1,0,1,1,0,12,49,12,54,,
470601,47,2020,8,5,4,22,18,35,533,1,2,2,1,1,1,1,1,1,0,223,35.92710556,-84.91585833,8,0,0,1,1,1,0,2,1,0,22,16,22,22,,
470602,47,2020,8,5,4,7,50,157,1620,1,2,2,2,6,2,3,4,1,0,80,35.05126944,-89.92016667,12,6,0,8,1,1,0,1,1,0,7,57,8,3,8,33
470603,47,2020,8,5,4,0,30,65,400,1,1,1,1,3,2,3,1,1,0,86,35.04829167,-85.15940556,33,0,0,1,1,4,0,3,1,0,0,37,0,47,,
470604,47,2020,8,5,4,14,15,107,0,1,3,3,5,3,1,5,1,0,0,79,35.52680833,-84.65316667,12,7,0,1,1,1,0,1,1,0,14,15,14,24,15,12
470605,47,2020,8,7,6,21,45,119,0,1,1,1,2,4,1,5,2,0,0,36,35.67369722,-87.03840833,59,0,0,1,1,4,0,2,1,0,21,50,22,4,23,40
470607,47,2020,8,8,7,23,56,157,1620,1,1,1,1,6,2,4,4,0,0,62,35.20526667,-89.97569167,8,0,0,1,1,1,0,2,1,0,23,59,0,2,,
470608,47,2020,7,15,4,17,11,147,499,1,1,1,1,1,1,1,1,1,0,13,36.37647778,-86.98765278,42,0,0,1,1,4,0,1,1,0,17,11,17,32,18,25