st_case,state,year,month,day,day_week,hour,minute,county,city,fatals_crash,vehicles_total,vehicles_in_transport,persons_total,route,rural_urban,functional_system,road_owner,nhs,special_jurisdiction,milepoint,latitude,longitude,first_harmful_event,manner_collision,rel_jct_interchange,rel_jct_location,intersection_type,relation_to_road,work_zone,light_condition,weather,school_bus_related,ems_notified_hour,ems_notified_min,ems_arrival_hour,ems_arrival_min,hospital_hour,hospital_min
470609,47,2020,8,9,1,21,45,157,1620,1,1,1,1,6,2,4,4,0,0,47,35.00628333,-90.02040278,9,0,1,17,1,1,0,3,1,0,21,45,21,59,22,23
470610,47,2020,8,6,5,9,55,157,1620,1,4,3,3,2,2,3,1,1,0,14,35.00513611,-90.10664722,12,6,0,8,1,1,0,1,1,0,10,0,10,8,10,36
470611,47,2020,8,5,4,16,28,57,2105,2,3,3,4,2,1,4,1,0,0,154,36.27945833,-83.52311667,12,6,0,1,1,1,0,1,1,0,16,14,16,33,17,23
470612,47,2020,8,6,5,23,37,59,0,1,2,2,2,1,1,1,1,1,0,215,36.34198611,-82.79441667,12,1,0,1,1,1,0,2,1,0,23,38,23,45,,
470613,47,2020,8,10,2,19,15,113,1200,2,2,2,3,6,2,4,4,0,0,12,35.65483889,-88.81924722,12,2,0,1,1,1,0,1,1,0,19,18,19,24,19,49
470614,47,2020,8,10,2,10,16,157,1620,1,2,2,6,6,2,4,4,0,0,18,35.06470556,-89.92150278,12,6,0,2,2,1,0,1,1,0,10,17,10,44,11,1
470615,47,2020,8,10,2,18,33,157,1620,1,7,7,10,1,2,1,1,1,0,114,35.12153056,-90.06846667,25,0,0,1,1,3,0,5,1,0,18,37,18,42,19,17
470616,47,2020,8,11,3,4,27,37,1760,1,2,1,1,1,2,1,1,1,0,196,36.09389722,-86.70618056,14,0,0,1,1,98,0,3,1,0,4,27,4,41,5,1
470617,47,2020,8,8,7,23,12,37,1760,1,1,1,1,6,2,7,4,0,0,1,36.16193611,-86.78305,8,0,0,1,1,1,0,3,1,0,23,12,23,18,23,30
470618,47,2020,8,6,5,18,35,89,1774,1,2,2,2,2,1,4,1,0,0,80,36.09911111,-83.55985,12,6,0,8,1,1,0,1,1,0,18,36,18,42,,
470619,47,2020,8,5,4,19,10,89,0,1,2,2,3,1,1,1,1,1,0,144,36.04553611,-83.34311667,12,9,0,1,1,1,1,1,1,0,19,11,19,19,,
470620,47,2020,8,10,2,16,18,173,0,1,2,2,3,3,1,4,1,0,0,156,36.33115,-83.74355833,24,0,0,1,1,4,0,1,2,0,16,15,16,23,,
470621,47,2020,8,13,5,14,47,157,1620,1,1,1,1,6,2,4,4,0,0,8,35.00665556,-90.00754722,33,0,0,1,1,4,0,1,1,0,14,48,15,2,,
470622,47,2020,7,27,2,23,20,157,1620,1,1,1,1,6,2,4,4,0,0,56,35.19546389,-89.97578611,30,0,0,1,1,4,0,3,1,0,22,36,22,44,23,1
470623,47,2020,8,12,4,,,1,440,1,2,2,2,3,2,3,1,1,0,186,36.14073889,-84.10468611,12,6,0,2,2,1,0,1,1,0,14,58,14,59,15,32
470624,47,2020,8,11,3,6,51,1,1850,1,1,1,1,3,2,3,1,1,0,67,36.03881389,-84.219825,8,0,0,1,1,99,0,4,1,0,7,12,7,17,,
470625,47,2020,8,11,3,20,8,185,0,1,2,2,2,3,1,5,1,0,0,186,36.04350278,-85.52039444,12,2,0,1,1,1,0,2,10,0,20,7,20,21,20,40
470626,47,2020,8,9,1,9,3,105,0,1,1,1,3,1,1,1,1,1,0,15,35.68436667,-84.43836667,35,0,0,1,1,4,0,1,1,0,9,3,9,12,,
470627,47,2020,8,13,5,,,1,440,1,1,1,1,6,2,7,4,0,0,3,36.07254722,-84.15248889,43,0,0,1,1,4,0,1,1,0,13,18,13,22,,
470629,47,2020,8,7,6,,,131,0,1,1,1,1,4,1,5,2,0,0,24,36.30108611,-89.11295833,35,0,0,1,1,4,0,1,1,0,8,54,9,6,,
470630,47,2020,8,13,5,19,54,69,0,1,1,1,1,3,1,3,1,0,0,278,35.38544167,-88.89563056,1,0,0,1,1,4,0,2,2,0,19,56,20,9,,
470631,47,2020,8,13,5,17,30,189,0,1,3,3,4,1,1,1,1,1,0,240,36.17898889,-86.1456,12,1,0,1,1,1,0,1,2,0,17,23,17,46,,
470632,47,2020,8,15,7,20,3,157,1620,1,2,2,4,6,2,7,4,0,0,6,35.06364167,-90.08063889,12,6,0,2,2,1,0,1,1,0,20,8,20,11,20,39
470635,47,2020,8,14,6,21,17,149,1750,1,1,1,1,2,2,3,1,1,0,143,35.85928056,-86.39155833,8,0,0,1,1,1,0,3,1,0,21,17,21,21,21,47
470636,47,2020,8,8,7,18,4,129,0,1,1,1,1,4,1,7,2,0,0,5,36.06238889,-84.5343,42,0,0,1,1,4,0,1,10,0,17,57,18,6,18,41
470637,47,2020,8,16,1,21,30,157,1620,1,1,1,1,6,2,4,4,0,0,14,35.15396389,-89.94784167,8,0,1,17,1,1,0,3,1,0,21,35,21,38,,
470638,47,2020,8,5,4,10,30,35,0,1,1,1,1,3,2,5,1,0,0,149,35.95700556,-85.0262,34,0,0,1,1,4,0,1,1,0,10,34,10,49,,
470639,47,2020,8,14,6,12,58,93,1300,1,2,2,2,4,2,4,2,0,0,58,35.99671944,-84.03246111,12,2,0,1,1,1,0,1,10,0,,,,,,
470640,47,2020,8,18,3,7,15,155,2170,1,3,3,6,1,2,1,1,1,0,4,35.98523056,-83.64468611,12,1,0,1,1,1,0,1,1,0,7,15,7,26,8,5
470641,47,2020,8,18,3,21,21,9,1570,1,1,1,1,2,2,3,1,1,0,69,35.70559722,-84.03367778,9,0,0,1,1,1,0,2,10,0,21,25,21,32,21,48
470642,47,2020,7,31,6,20,27,157,1620,1,1,1,1,6,2,3,4,1,0,7,35.14228056,-89.99565278,33,0,0,1,1,4,0,3,1,0,20,33,20,40,21,13
470643,47,2020,8,18,3,23,32,37,1760,1,2,2,4,3,2,3,1,1,0,11,36.05205833,-86.89158611,12,2,0,1,1,1,0,2,1,0,23,32,23,42,0,14
470644,47,2020,8,17,2,5,36,157,1620,1,2,2,3,6,2,4,4,0,0,48,35.03553056,-90.01466667,12,6,0,2,2,1,0,4,1,0,5,36,5,45,,
470645,47,2020,8,18,3,2,26,157,1620,1,1,1,2,6,2,4,4,0,0,7,35.03940833,-89.90150833,33,0,0,1,1,4,0,3,1,0,2,16,2,30,,
470646,47,2020,8,12,4,12,45,157,1620,1,2,2,3,3,2,3,1,1,0,94,35.02058056,-89.94331667,12,6,0,1,1,1,0,1,1,0,12,48,13,3,13,25
470647,47,2020,8,19,4,14,23,9,0,1,1,1,2,2,1,4,1,0,0,42,35.49726667,-83.93748056,1,0,0,1,1,1,0,1,1,0,14,23,15,11,16,37
470648,47,2020,8,14,6,22,25,65,400,1,2,2,2,3,2,3,1,1,0,86,35.12734444,-85.24219167,12,6,0,2,2,1,0,3,1,0,22,27,22,33,22,59
470649,47,2020,8,10,2,0,40,123,2502,1,2,2,3,3,1,4,1,0,0,77,35.60925833,-84.27380833,12,7,0,2,3,1,0,2,1,0,0,44,0,47,1,45
470650,47,2020,8,17,2,22,1,165,0,1,1,1,1,4,1,6,2,0,0,12,36.52091111,-86.56613056,8,0,0,1,1,1,0,2,1,0,22,14,22,23,22,42
470651,47,2020,8,17,2,21,30,11,420,1,2,2,3,2,2,3,1,1,0,117,35.13820833,-84.85654722,12,1,0,2,2,1,0,2,1,0,21,29,21,31,,
470652,47,2020,8,8,7,22,5,145,0,2,3,2,3,1,2,1,1,1,0,111,35.89085833,-84.52748056,12,1,0,1,1,1,0,2,10,0,22,5,22,10,22,21
470653,47,2020,8,18,3,10,5,187,0,1,2,2,2,1,1,1,1,1,0,359,35.84618056,-86.65888056,12,1,0,1,1,1,0,1,1,0,10,6,10,16,11,14
470654,47,2020,8,20,5,15,42,37,1760,1,1,1,2,1,2,1,1,1,0,221,36.14098611,-86.71943611,20,0,1,5,1,8,0,1,1,0,15,42,15,47,16,7
470655,47,2020,8,20,5,20,15,37,1760,1,2,2,5,2,2,3,1,1,0,5,36.20660556,-86.7779,12,2,0,2,2,1,0,3,1,0,20,17,20,20,20,34
470656,47,2020,8,20,5,5,54,157,1620,2,4,4,4,2,2,3,1,1,0,46,35.04925,-89.92293611,12,6,0,2,3,1,0,3,1,0,5,56,6,4,,
470657,47,2020,8,13,5,22,34,149,0,1,1,1,1,4,2,7,2,0,0,4,35.74968611,-86.43351667,32,0,0,1,1,4,0,2,10,0,22,22,22,31,,
470658,47,2020,8,18,3,16,50,89,0,1,2,2,2,2,1,4,1,0,0,33,36.088925,-83.27450833,12,6,0,2,2,1,0,1,1,0,16,35,16,42,18,1
470659,47,2020,8,21,6,14,50,119,470,1,2,2,2,6,2,3,4,1,0,1,35.62233056,-87.03558056,12,6,0,1,1,1,0,1,1,0,14,50,14,51,17,45
470660,47,2020,8,20,5,16,27,157,1620,1,4,4,5,2,2,3,1,1,0,66,35.06780556,-90.05865,12,1,0,1,1,1,0,1,1,0,16,28,16,31,16,53
470661,47,2020,8,21,6,20,24,163,1280,1,2,2,3,6,2,5,4,0,0,6,36.52294167,-82.52253056,12,2,0,1,1,1,0,3,1,0,20,27,20,31,,
470662,47,2020,8,21,6,12,38,169,0,1,1,1,1,4,1,6,2,0,0,52,36.39893056,-86.03066667,1,0,0,1,1,4,0,1,10,0,12,28,12,43,12,44
470663,47,2020,8,21,6,23,51,157,1620,1,1,1,1,6,2,4,4,1,0,46,35.17363889,-89.95733889,30,0,0,1,1,4,0,3,1,0,23,51,23,59,,
470664,47,2020,8,16,1,18,32,157,1620,1,1,1,1,5,2,2,4,1,0,54,35.14905556,-89.88761389,25,0,0,1,1,3,0,5,1,0,18,32,18,49,19,14
470665,47,2020,8,20,5,19,48,115,0,1,1,1,2,4,1,6,2,0,0,21,35.07123611,-85.57519722,1,0,0,1,1,4,0,5,1,0,19,56,19,57,20,33
470666,47,2020,8,23,1,17,55,157,1620,1,2,2,3,2,2,3,1,1,0,32,35.04249444,-90.02513611,12,6,0,2,3,1,0,1,1,0,17,57,18,4,,
470667,47,2020,8,14,6,12,20,35,533,1,6,6,14,1,1,1,1,1,0,258,35.90175833,-84.86268889,24,0,0,1,1,4,0,1,2,0,12,21,12,30,13,8
470668,47,2020,8,16,1,0,43,37,1760,2,2,2,5,3,2,3,1,1,0,128,36.04438889,-86.6941,12,2,0,1,1,1,0,2,1,0,0,44,0,52,1,22
470669,47,2020,8,24,2,17,3,11,420,1,1,1,1,3,2,4,1,0,0,132,35.14691389,-84.86964722,9,0,0,2,2,1,0,1,1,0,16,59,17,10,17,34
470670,47,2020,8,7,6,21,5,85,0,1,3,3,4,1,1,1,1,1,0,39,35.86858333,-87.87301389,12,6,0,1,1,1,0,2,1,0,21,3,21,30,,
470671,47,2020,8,17,2,14,33,155,0,1,2,2,4,3,2,5,1,0,0,115,35.82830833,-83.47963056,12,2,0,2,3,1,0,1,1,0,14,31,14,40,16,9
470672,47,2020,8,20,5,15,25,25,0,1,1,1,1,4,1,6,2,0,0,72,36.4921,-83.8169,42,0,0,1,1,4,0,1,1,0,17,9,17,11,17,25
470673,47,2020,8,23,1,1,35,65,0,2,1,1,2,4,2,6,2,0,0,7,35.19095,-85.20385,42,0,0,1,1,4,0,2,10,0,1,37,1,48,2,54
470674,47,2020,8,15,7,9,15,149,0,1,2,1,1,1,1,1,1,1,0,142,35.96323889,-86.44748889,14,0,0,1,1,4,0,1,10,0,9,14,9,20,10,9
470676,47,2020,8,26,4,15,28,37,1245,1,3,3,3,2,1,4,1,0,0,83,36.296925,-86.88818056,12,6,0,2,2,1,0,1,1,0,15,29,15,49,16,33
470677,47,2020,8,26,4,13,45,157,1620,1,2,2,3,1,2,1,1,1,0,58,35.192525,-90.00629722,12,1,0,1,1,1,0,1,1,0,13,54,14,4,,
470679,47,2020,8,23,1,14,22,53,0,1,2,2,2,3,1,5,1,0,0,85,35.90490833,-88.84881389,12,2,0,1,1,1,0,1,1,0,14,30,14,34,14,50
470680,47,2020,8,24,2,21,33,29,0,3,2,2,5,1,1,1,1,1,0,190,35.79805,-83.13078889,12,2,0,1,1,1,0,2,1,0,21,36,21,58,22,18
470681,47,2020,8,18,3,,,65,2210,1,1,1,1,6,2,7,4,0,0,3,35.11943611,-85.34868056,42,0,0,1,1,4,0,1,1,0,11,45,12,2,,
470682,47,2020,8,25,3,12,20,87,0,1,2,2,3,3,1,4,1,0,0,1,36.21666944,-85.61408611,12,2,0,1,1,1,0,1,1,0,12,19,12,32,,
470683,47,2020,8,24,2,16,5,121,0,1,3,3,4,3,1,4,1,0,0,74,35.39548611,-84.90011667,12,6,0,2,2,1,0,1,1,0,16,1,16,11,16,29
470684,47,2020,8,25,3,13,15,149,0,1,2,2,2,3,1,4,1,0,0,38,35.73530556,-86.62295,12,6,0,4,1,1,0,1,10,0,13,22,13,26,,
470685,47,2020,8,26,4,6,38,39,0,1,2,1,2,1,1,1,1,1,0,13,35.81904722,-88.15671667,14,0,0,1,1,4,0,1,10,0,6,48,7,4,,
470686,47,2020,8,22,7,20,0,57,0,1,1,1,3,4,1,7,2,0,0,8,36.35269722,-83.54753889,1,0,0,1,1,4,0,5,10,0,20,17,20,33,,
470687,47,2020,8,23,1,22,20,163,0,1,1,1,1,3,2,5,1,0,0,147,36.53486667,-82.34383056,42,0,0,1,1,4,0,2,10,0,22,29,22,33,,
470688,47,2020,8,5,4,20,45,157,1620,1,1,1,1,1,2,1,1,1,0,192,35.14966667,-89.88106667,8,0,0,1,1,1,0,3,1,0,20,43,20,52,,
470689,47,2020,8,15,7,0,33,37,1760,1,1,1,1,2,2,3,1,1,0,176,36.25013056,-86.71889722,8,0,0,1,1,1,0,3,1,0,0,25,0,31,0,44
470690,47,2020,8,21,6,3,32,157,1620,1,1,1,1,3,2,3,1,1,0,98,35.02063056,-89.93488056,8,0,0,1,1,1,0,3,1,0,3,33,3,44,4,14
470691,47,2020,8,19,4,13,6,145,0,1,2,2,3,3,1,5,1,0,0,30,35.95965833,-84.40114722,12,6,0,2,2,1,0,1,10,0,13,5,13,23,14,13
470692,47,2020,8,30,1,0,35,157,1620,1,1,1,2,6,2,5,4,0,0,11,35.08650556,-90.02471667,21,0,0,1,1,10,0,3,2,0,0,35,0,40,1,0
470693,47,2020,8,9,1,16,58,157,1620,1,2,2,2,2,2,3,1,1,0,58,35.05593056,-90.05996667,12,1,0,1,1,1,0,1,1,0,16,59,17,0,17,19
470694,47,2020,8,29,7,17,20,47,0,1,2,2,2,4,1,7,2,0,0,11,35.23241667,-89.55745833,12,6,0,8,1,1,0,1,1,0,17,7,17,12,17,52
470695,47,2020,8,27,5,12,13,37,1760,1,1,1,1,1,2,1,1,1,0,116,36.20464722,-86.77668889,24,0,0,1,1,4,0,1,1,0,12,14,12,27,12,43
470696,47,2020,8,19,4,20,14,149,0,1,1,1,1,1,2,1,1,1,0,234,35.75105833,-86.34311667,1,0,0,1,1,2,0,2,1,0,20,11,20,21,21,20
470697,47,2020,8,21,6,18,44,29,0,1,1,1,2,4,1,7,2,0,0,17,36.15581667,-83.17398889,30,0,0,1,1,4,0,1,1,0,18,35,19,1,19,50
470698,47,2020,8,28,6,16,9,165,960,1,2,2,3,3,2,3,1,0,0,13,36.33901667,-86.68140833,12,6,0,1,1,1,0,1,2,0,16,7,16,13,16,38
470699,47,2020,8,29,7,21,3,157,1620,1,2,2,4,6,2,2,4,1,0,14,35.07228056,-89.98630833,12,6,1,3,4,1,0,3,1,0,21,5,21,18,21,28
470700,47,2020,8,29,7,6,8,125,410,1,2,2,4,2,2,3,1,1,0,211,36.60451667,-87.42472778,12,6,0,2,3,1,0,4,1,0,6,10,6,15,6,33
470701,47,2020,9,1,3,1,36,37,1760,1,1,1,2,2,2,3,1,1,0,151,36.20905833,-86.76675,8,0,0,1,1,1,0,3,10,0,1,37,1,42,1,53
470702,47,2020,8,20,5,17,27,157,0,1,1,1,1,4,1,7,2,0,0,20,35.38832778,-89.73708056,1,0,0,1,1,4,0,1,1,0,,,,,,
470703,47,2020,7,26,1,18,36,157,160,1,2,1,3,3,2,3,1,1,0,36,35.20474167,-89.85990556,33,0,0,8,1,4,0,1,1,0,,,,,,
470704,47,2020,8,15,7,14,20,157,1620,1,2,2,5,6,2,3,4,1,0,40,35.04934167,-89.83687778,12,6,0,8,1,1,0,1,1,0,14,5,14,7,14,50
470705,47,2020,8,26,4,18,0,47,0,1,1,1,2,4,1,6,2,0,0,23,35.26441667,-89.32222222,1,0,0,1,1,4,0,1,1,0,18,11,18,18,19,12
470706,47,2020,8,28,6,13,20,93,1300,1,2,2,3,6,2,5,4,0,0,5,35.92833056,-84.04302778,12,6,0,2,2,1,0,1,1,0,,,,,,
470707,47,2020,9,2,4,21,8,149,1750,1,1,1,1,6,2,4,4,0,0,5,35.84663611,-86.35301944,42,0,0,1,1,4,0,3,1,0,21,8,21,12,,
470708,47,2020,8,28,6,,,35,540,1,1,1,1,3,2,4,1,0,0,34,35.93559167,-85.00414444,59,0,0,3,2,4,0,1,2,0,,,,,,
470709,47,2020,9,3,5,22,20,157,1620,1,2,2,4,6,2,4,4,0,0,19,35.2342,-89.92569167,12,6,0,2,2,1,0,3,1,0,22,23,22,38,23,2
470710,47,2020,8,22,7,0,9,141,0,1,2,1,3,4,2,7,2,0,0,19,36.20389722,-85.51688889,42,0,0,1,1,4,0,2,1,0,0,5,0,11,1,15
470711,47,2020,9,4,6,16,15,157,1620,1,3,2,10,1,2,1,1,1,0,3,35.15303611,-90.06023056,14,0,0,1,1,1,1,1,1,0,16,17,16,48,,
470712,47,2020,9,3,5,11,34,103,0,1,1,1,1,3,1,4,1,0,0,1,35.01793056,-86.35843889,8,0,0,1,1,1,0,1,1,0,11,34,11,49,,
470713,47,2020,9,5,7,19,58,157,1620,1,1,1,1,6,2,4,4,0,0,16,35.08299444,-89.93140833,30,0,0,3,3,4,0,3,1,0,19,57,20,4,,
470714,47,2020,9,1,3,13,45,91,0,1,1,1,1,4,1,7,2,0,0,23,36.43878056,-81.75323611,1,0,0,1,1,1,0,1,1,0,13,50,13,58,14,30
470715,47,2020,9,3,5,23,53,73,0,1,1,1,1,4,1,5,2,0,0,135,36.55978056,-82.7257,42,0,0,1,1,4,0,2,1,0,23,52,0,18,,
470716,47,2020,9,6,1,5,53,149,2250,1,2,2,2,3,2,4,1,0,0,117,35.97650833,-86.4924,12,2,0,1,1,1,0,4,1,0,5,53,5,56,6,33
470717,47,2020,9,4,6,22,9,189,1727,2,2,2,3,6,2,5,4,0,0,34,36.18768056,-86.46976667,12,6,0,2,2,1,0,3,1,0,21,54,22,2,22,35
470718,47,2020,9,7,2,20,22,157,1620,1,1,1,1,6,2,3,4,1,0,35,35.04624444,-89.98984167,8,0,0,1,1,1,0,3,1,0,20,24,20,31,,
470719,47,2020,8,18,3,,,69,0,1,1,1,1,4,1,7,2,0,0,8,35.39710833,-88.96848056,23,0,0,1,1,4,0,1,1,0,14,16,14,27,,
470720,47,2020,9,5,7,3,48,43,0,1,1,1,1,3,1,5,1,0,0,19,36.00959722,-87.48010833,8,0,0,1,1,1,0,2,1,0,3,49,4,0,,
470721,47,2020,9,5,7,14,10,77,0,2,1,1,3,3,1,4,1,0,0,79,35.60560833,-88.3944,35,0,0,1,1,4,0,1,1,0,14,5,14,12,14,44
470722,47,2020,9,4,6,21,39,37,1760,1,1,1,1,6,2,4,4,0,0,5,36.27078056,-86.68971667,8,0,0,1,1,1,0,2,1,0,21,37,21,45,22,3
470723,47,2020,9,7,2,12,3,1,0,1,2,2,3,2,2,5,1,0,0,27,36.19728056,-84.14440833,12,2,0,1,1,1,0,1,1,0,12,7,12,14,12,50
470724,47,2020,8,27,5,2,30,35,540,1,1,1,7,1,2,1,1,1,0,148,35.98813056,-85.022,34,0,0,1,1,4,0,2,1,0,2,27,2,37,3,8
470725,47,2020,9,5,7,17,42,157,1620,1,1,1,1,6,2,5,4,0,0,1,35.08798056,-90.05211667,33,0,0,1,1,4,0,1,1,0,17,44,17,52,18,8
470726,47,2020,9,10,5,3,10,157,1620,1,3,1,1,6,2,5,4,0,0,29,35.013075,-90.05581667,14,0,0,1,1,4,0,3,1,0,3,13,3,19,,
470727,47,2020,9,10,5,19,46,157,1620,1,1,1,1,6,2,4,4,0,0,0,35.15670833,-90.04725833,8,0,0,1,1,1,0,3,1,0,20,48,20,56,,
470728,47,2020,7,13,2,15,10,163,0,1,2,2,4,3,2,3,1,1,0,38,36.47626389,-82.59051667,12,6,0,2,3,1,0,1,1,0,15,15,15,23,15,38
470729,47,2020,7,21,3,17,45,155,0,1,2,2,3,2,1,4,1,0,0,90,35.85748056,-83.64763611,12,6,0,1,1,1,0,1,1,0,17,38,17,44,18,25
470730,47,2020,8,21,6,10,18,19,0,1,3,3,5,2,2,3,1,1,0,227,36.36178889,-82.20506667,7,0,0,1,1,1,0,1,2,0,10,18,10,20,10,29
470731,47,2020,9,3,5,8,32,149,0,1,2,2,2,2,2,3,1,1,0,46,35.71535833,-86.41583056,12,6,0,8,1,1,0,1,1,0,8,30,8,40,,
470732,47,2020,9,8,3,,,123,0,1,1,1,3,4,1,7,2,0,0,8,35.54001944,-84.18102222,38,0,0,1,1,4,0,5,1,0,21,8,21,28,,
470733,47,2020,9,11,6,,,157,1620,1,1,1,1,6,2,7,4,0,0,1,35.10828056,-89.86463056,33,0,0,1,1,4,0,9,1,0,,,,,,
470734,47,2020,9,7,2,21,50,41,0,1,1,1,1,4,1,6,2,0,0,11,35.89371667,-85.74165833,38,0,0,1,1,4,0,2,1,0,21,53,22,3,22,41
470735,47,2020,9,7,2,23,7,187,0,1,1,1,2,4,1,6,2,0,0,19,35.72083056,-86.72843056,23,0,0,1,1,4,0,2,1,0,23,5,23,24,0,44
470736,47,2020,9,12,7,17,45,157,1620,1,1,1,1,6,2,4,4,0,0,19,35.11256667,-90.03580556,33,0,0,1,1,4,0,1,1,0,17,47,17,50,,
470737,47,2020,9,14,2,4,52,57,0,1,1,1,1,3,1,5,1,0,0,82,36.29993056,-83.57669722,42,0,0,1,1,4,0,2,5,0,4,50,4,59,,
470738,47,2020,9,14,2,15,30,93,0,1,2,2,2,4,2,5,2,0,0,3,35.96949722,-84.13845833,12,2,0,1,1,1,0,1,1,0,,,,,,
470739,47,2020,9,13,1,13,26,157,1620,2,3,3,6,1,2,1,1,1,0,56,35.07200278,-90.02498056,12,6,0,1,1,1,0,1,1,0,13,31,13,36,13,50
470740,47,2020,9,5,7,22,13,157,1620,1,2,2,2,6,2,4,4,0,0,61,35.12143056,-89.90925833,12,7,0,1,1,1,0,3,1,0,22,14,22,19,22,47
470741,47,2020,9,11,6,21,44,85,0,1,2,2,5,3,1,4,1,0,0,267,36.17254167,-87.74426944,12,6,0,2,3,1,0,2,1,0,21,39,21,51,22,58
470742,47,2020,9,12,7,2,21,149,0,2,2,2,2,1,2,1,1,1,0,118,35.92880833,-86.43545278,12,2,0,1,1,1,0,2,1,0,2,19,2,30,,
470743,47,2020,9,6,1,20,45,59,0,1,1,1,1,2,1,4,1,0,0,252,36.25490833,-82.92138056,42,0,0,1,1,4,0,2,1,0,20,43,21,7,22,19
470744,47,2020,9,14,2,21,11,37,1760,1,1,1,1,2,2,3,1,1,0,77,36.14855,-86.86628611,8,0,0,1,1,1,0,3,1,0,21,11,21,17,21,33
470745,47,2020,9,6,1,12,41,1,0,1,1,1,1,4,1,6,2,0,0,33,36.09068056,-84.07828056,32,0,0,1,1,4,0,1,1,0,13,44,13,58,14,30
470746,47,2020,9,9,4,15,15,123,0,1,1,1,2,3,1,5,1,0,0,123,35.36478056,-84.1396,1,0,0,1,1,1,0,1,1,0,15,36,15,50,16,12
470747,47,2020,9,13,1,21,15,157,1620,1,1,1,1,6,2,4,4,0,0,3,35.08114167,-89.99078889,33,0,0,3,3,4,0,3,1,0,21,13,21,19,21,42
470748,47,2020,9,13,1,18,53,65,400,1,2,2,4,6,2,7,4,0,0,5,35.16572778,-85.25157778,12,2,0,1,1,1,0,1,1,0,18,56,19,5,19,32
470749,47,2020,9,10,5,20,50,11,420,1,2,2,3,2,2,3,1,1,0,28,35.13484444,-84.90198056,12,6,0,2,2,1,0,3,1,0,20,56,20,57,21,11
470750,47,2020,9,6,1,,,161,545,1,1,1,1,6,1,7,4,0,0,14,36.39233611,-87.6423,43,0,0,1,1,4,0,9,1,0,23,35,23,46,,
470751,47,2020,9,12,7,5,8,125,0,1,1,1,1,4,1,6,2,0,0,71,36.48333056,-87.48085833,35,0,0,1,1,4,0,2,10,0,5,10,5,19,,
470752,47,2020,9,16,4,13,9,157,1620,1,2,1,1,6,2,3,4,1,0,39,35.04941667,-89.83974167,8,0,0,1,1,1,0,1,1,0,13,13,13,17,13,58
470753,47,2020,8,15,7,11,40,149,1750,1,2,2,2,2,2,3,1,1,0,189,35.924975,-86.38215,12,1,0,2,3,1,0,1,1,0,11,38,11,43,12,39
470754,47,2020,8,20,5,20,19,189,1727,1,2,2,3,3,2,4,1,0,0,53,36.17832222,-86.51254722,12,6,0,1,1,1,0,2,1,0,20,12,20,19,20,56
470755,47,2020,9,17,5,13,46,37,1760,1,1,1,1,1,2,1,1,1,0,115,36.20341667,-86.77683611,25,0,0,1,1,3,0,1,1,0,13,43,13,51,,
470756,47,2020,9,18,6,12,2,63,1700,2,2,2,3,3,2,3,1,1,0,94,36.18818889,-83.30453889,12,6,0,2,3,1,0,1,1,0,12,3,12,8,12,35
470757,47,2020,9,18,6,17,57,61,0,1,2,2,3,3,1,5,1,0,0,234,35.45398056,-85.80780833,12,8,0,1,1,1,0,1,10,0,17,55,18,7,18,59
470758,47,2020,7,31,6,15,21,17,0,1,1,1,5,4,1,6,2,0,0,32,36.05498056,-88.24455833,5,0,0,1,1,1,0,1,1,0,15,20,15,23,,
470760,47,2020,9,14,2,13,52,149,0,1,1,1,1,1,2,1,1,1,0,89,35.91238056,-86.50678611,42,0,0,1,1,4,0,1,1,0,13,51,14,3,14,50
470761,47,2020,9,19,7,8,5,107,0,1,1,1,1,2,1,3,1,1,0,38,35.39270833,-84.50228056,34,0,0,1,1,4,0,1,1,0,7,59,8,13,,
470762,47,2020,9,13,1,20,35,45,0,1,1,1,1,4,1,6,2,0,0,26,36.04790833,-89.31368611,42,0,0,1,1,4,0,2,1,0,20,42,20,45,,
470763,47,2020,9,19,7,17,24,157,1620,1,1,1,1,6,2,5,4,0,0,3,35.1054,-89.99448889,5,0,0,1,1,1,0,1,1,0,17,25,18,2,,
470764,47,2020,9,12,7,10,53,65,400,1,3,3,4,3,2,3,1,0,0,38,35.00397778,-85.14956667,12,6,0,2,2,1,0,1,1,0,10,57,11,11,11,48
470765,47,2020,9,14,2,20,47,71,541,1,1,1,1,4,1,7,2,0,0,23,35.19574722,-88.35108889,23,0,0,1,1,4,0,2,1,0,20,46,20,58,21,31
470766,47,2020,9,15,3,22,2,93,0,1,2,2,2,4,2,6,2,0,0,44,35.88855278,-83.91148611,12,2,0,1,1,1,0,2,1,0,,,,,,
470767,47,2020,9,18,6,15,50,93,0,1,1,1,1,3,2,4,1,0,0,74,36.10751667,-83.85308611,53,0,0,1,1,4,0,1,10,0,,,,,,
470768,47,2020,9,19,7,5,50,177,0,1,1,1,1,3,1,4,1,0,0,40,35.58019722,-85.71321667,42,0,0,1,1,4,0,4,1,0,6,10,6,11,,