st_case,state,year,month,day,day_week,hour,minute,county,city,fatals_crash,vehicles_total,vehicles_in_transport,persons_total,route,rural_urban,functional_system,road_owner,nhs,special_jurisdiction,milepoint,latitude,longitude,first_harmful_event,manner_collision,rel_jct_interchange,rel_jct_location,intersection_type,relation_to_road,work_zone,light_condition,weather,school_bus_related,ems_notified_hour,ems_notified_min,ems_arrival_hour,ems_arrival_min,hospital_hour,hospital_min
470928,47,2020,10,31,7,20,38,65,0,1,1,1,3,4,2,4,2,0,0,16,35.15320833,-85.03975833,8,0,0,1,1,1,0,2,10,0,20,37,20,48,,
470929,47,2020,10,20,3,20,50,119,470,1,1,1,3,4,2,7,2,0,0,9,35.57299444,-87.05774722,34,0,0,1,1,4,0,2,1,0,20,49,20,54,21,33
470930,47,2020,10,30,6,20,25,37,960,2,3,3,5,1,2,1,1,1,0,192,36.29613611,-86.71550833,12,7,0,1,1,1,0,3,1,0,20,23,20,33,20,52
470931,47,2020,10,31,7,14,45,125,410,1,2,2,3,3,2,4,1,0,0,31,36.55261667,-87.28965556,72,0,0,1,1,1,0,1,1,0,14,47,14,55,15,19
470932,47,2020,11,1,1,16,6,93,1300,1,1,1,2,1,2,1,1,1,0,84,35.91623056,-84.09970278,1,0,0,1,1,1,0,1,1,0,,,,,,
470934,47,2020,9,29,3,6,5,37,1760,1,1,1,1,3,2,3,1,1,0,25,36.10945,-86.72804722,8,0,0,1,1,1,0,4,1,0,6,8,6,12,6,36
470935,47,2020,10,30,6,8,2,59,0,1,1,1,1,1,1,1,1,1,0,145,36.28671111,-82.89840278,42,0,0,1,1,4,0,1,1,0,7,56,8,11,8,57
470936,47,2020,11,2,2,,,119,1730,1,2,1,1,2,2,2,1,1,0,69,35.5206,-87.22265833,14,0,0,1,1,4,0,1,1,0,15,48,15,48,,
470937,47,2020,11,1,1,17,31,93,0,1,1,1,1,3,2,4,1,0,0,53,36.08382778,-83.87291667,34,0,0,1,1,4,0,5,1,0,,,,,,
470938,47,2020,10,27,3,15,45,121,0,2,2,2,20,3,1,4,1,0,0,80,35.403975,-84.89574167,12,6,0,1,1,1,0,1,1,1,15,53,16,0,16,10
470941,47,2020,10,30,6,0,15,157,1620,1,1,1,1,6,2,3,4,1,0,31,35.04014167,-89.83158333,33,0,0,1,1,4,0,3,1,0,,,,,,
470942,47,2020,11,1,1,18,37,157,1620,1,1,1,1,6,2,7,4,0,0,2,35.00215556,-90.10773333,30,0,0,1,1,4,0,6,1,0,18,40,19,10,19,39
470943,47,2020,10,29,5,8,0,165,890,1,3,3,3,2,2,3,1,1,0,107,36.35779722,-86.50146944,12,6,0,2,2,1,0,1,2,0,8,0,8,12,8,32
470944,47,2020,10,29,5,19,16,157,1620,1,2,2,6,2,2,3,1,1,0,60,35.115625,-89.90558889,12,6,0,1,1,1,0,3,1,0,19,18,19,22,19,47
470945,47,2020,10,29,5,17,10,165,0,1,2,2,3,2,1,3,1,1,0,208,36.44686111,-86.36090556,12,6,0,2,2,1,0,1,2,0,17,3,17,4,17,48
470946,47,2020,10,29,5,11,45,185,2310,1,2,2,2,2,2,3,1,1,0,105,35.92374444,-85.447725,12,6,0,8,1,1,0,1,10,0,11,41,11,46,12,16
470947,47,2020,11,1,1,17,40,157,1620,1,1,1,1,6,2,7,4,0,0,1,35.22650556,-89.92806667,40,0,0,1,1,4,0,2,1,0,17,37,17,48,,
470948,47,2020,11,4,4,17,44,157,1620,1,1,1,1,6,2,3,4,1,0,19,35.14396111,-90.01611667,8,0,0,1,1,1,0,2,1,0,17,49,17,54,18,8
470949,47,2020,10,29,5,10,35,41,0,1,2,2,3,3,1,5,1,0,0,62,36.04886667,-85.88018889,12,6,0,1,1,1,0,1,98,0,10,39,10,50,11,21
470950,47,2020,11,3,3,7,21,157,450,1,1,1,1,2,2,3,1,1,0,190,35.04633056,-89.69695,9,0,0,1,1,1,0,1,1,0,,,,,,
470951,47,2020,11,4,4,10,15,157,1620,1,2,2,2,3,2,3,1,1,0,7,35.17724444,-89.89650833,12,2,0,1,1,1,0,1,1,0,10,16,10,21,,
470952,47,2020,10,29,5,17,4,59,0,1,2,2,2,1,1,1,1,1,0,285,36.37133056,-82.67593056,12,1,0,1,1,1,0,1,1,0,16,59,17,20,,
470953,47,2020,11,6,6,7,56,157,1620,1,2,2,2,1,2,1,1,1,0,12,35.13306667,-90.02421667,12,1,0,1,1,1,0,1,1,0,8,1,8,4,8,24
470954,47,2020,11,1,1,8,21,53,0,1,1,1,4,3,1,3,1,1,0,28,36.00053056,-89.13240833,34,0,0,1,1,4,0,1,1,0,8,17,8,23,8,40
470955,47,2020,11,7,7,,,39,0,1,1,1,2,4,1,7,2,0,0,11,35.57401667,-88.08499722,34,0,0,1,1,4,0,9,1,0,7,6,7,19,,
470956,47,2020,11,8,1,17,49,157,1620,1,1,1,1,6,2,4,4,0,0,55,35.00643333,-90.00761389,8,0,0,1,1,1,0,3,1,0,17,37,17,43,,
470957,47,2020,11,8,1,2,20,157,1620,1,1,1,1,6,2,5,4,0,0,22,35.1972,-89.76418056,33,0,0,1,1,3,0,3,1,0,2,23,2,40,,
470958,47,2020,11,8,1,22,40,157,1620,1,1,1,1,6,2,5,4,0,0,30,35.11356667,-89.96913611,30,0,0,1,1,4,0,3,1,0,22,26,22,31,,
470959,47,2020,10,3,7,23,56,37,1760,1,2,2,2,1,2,1,1,1,0,186,36.14844722,-86.77650833,12,1,0,1,1,1,0,3,1,0,23,56,0,0,0,18
470960,47,2020,10,10,7,19,12,37,1760,1,1,1,1,6,2,4,4,0,0,36,36.07694444,-86.68200278,8,0,0,3,3,1,0,3,2,0,19,12,19,17,19,39
470961,47,2020,10,30,6,,,139,0,1,1,1,1,2,1,3,1,1,0,4,35.1266,-84.71590833,43,0,0,1,1,4,0,2,1,0,,,,,,
470962,47,2020,10,31,7,20,59,125,410,1,2,2,4,1,2,1,1,1,0,112,36.51990278,-87.21350833,12,7,0,1,1,1,0,2,1,0,20,57,21,10,22,4
470963,47,2020,11,9,2,21,35,93,0,1,1,1,4,4,2,6,2,0,0,52,35.90251667,-83.81704722,8,0,0,1,1,1,0,2,10,0,,,,,,
470964,47,2020,10,31,7,18,29,149,0,1,1,1,1,4,2,7,2,0,0,3,35.98670833,-86.40328889,15,0,0,1,1,1,0,3,10,0,18,22,18,33,18,53
470965,47,2020,11,8,1,17,28,81,0,1,2,2,3,3,1,5,1,0,0,214,35.86878056,-87.47373056,12,2,0,1,1,1,0,5,1,0,17,31,17,41,18,42
470966,47,2020,11,10,3,2,29,19,760,1,1,1,1,3,2,4,1,0,0,26,36.32880833,-82.26968611,33,0,0,3,2,4,0,3,1,0,2,25,2,30,,
470967,47,2020,11,9,2,1,40,157,1620,1,1,1,1,1,2,1,1,1,0,131,35.082,-89.89591944,42,0,0,1,1,4,0,3,1,0,1,12,1,26,,
470968,47,2020,11,5,5,0,5,59,0,3,2,2,5,3,1,4,1,0,0,38,36.22351667,-82.78771944,12,2,0,1,1,1,0,2,1,0,0,11,0,21,1,25
470969,47,2020,10,31,7,20,35,37,1760,2,1,1,2,6,2,5,4,0,0,3,36.09345833,-86.65828056,41,0,0,1,1,4,0,2,1,0,20,28,20,35,,
470970,47,2020,11,11,4,17,59,37,1760,1,1,1,1,3,2,3,1,1,0,159,36.19498056,-86.61886667,8,0,0,1,1,1,0,2,1,0,18,0,18,3,,
470971,47,2020,11,9,2,12,23,141,0,1,1,1,1,3,1,5,1,0,0,29,36.07860556,-85.58645,34,0,0,1,1,4,0,1,1,0,12,19,12,32,13,1
470972,47,2020,11,5,5,13,30,119,470,1,2,2,2,1,1,1,1,1,0,78,35.59729722,-86.90208056,12,1,0,1,1,1,0,1,1,0,13,29,13,46,14,21
470973,47,2020,11,9,2,18,27,157,1620,1,1,1,1,6,2,4,4,0,0,1,35.18533611,-89.92921389,8,0,0,1,1,1,0,3,1,0,18,35,18,41,19,27
470974,47,2020,11,8,1,,,47,0,1,1,1,1,4,1,7,2,0,0,40,35.25961667,-89.55118056,17,0,0,1,1,4,0,2,1,0,19,50,20,0,,
470975,47,2020,11,6,6,19,5,35,0,1,1,1,1,4,1,7,2,0,0,33,36.14705,-85.04859722,1,0,0,1,1,1,0,2,1,0,19,8,19,27,19,57
470976,47,2020,11,8,1,16,30,57,0,1,2,2,4,4,1,6,2,0,0,18,36.22920833,-83.58070833,12,6,0,2,3,1,0,1,1,0,16,35,16,44,,
470977,47,2020,10,30,6,22,21,37,1760,1,1,1,1,6,2,4,4,0,0,27,36.18684722,-86.81964722,8,0,0,1,1,1,0,3,1,0,22,21,22,26,22,45
470978,47,2020,11,7,7,1,8,159,0,1,1,1,4,4,1,6,2,0,0,44,36.27478611,-85.91805833,35,0,0,1,1,4,0,2,1,0,1,12,1,28,2,27
470979,47,2020,11,8,1,13,30,87,880,1,2,2,1,4,1,7,2,0,0,0,36.41088611,-85.53518889,12,8,0,1,1,1,0,1,1,0,13,20,13,36,14,33
470981,47,2020,11,12,5,4,56,173,1595,1,1,1,1,3,1,4,1,0,0,84,36.25051111,-83.80021944,30,0,0,1,1,4,0,2,10,0,4,50,4,56,5,55
470982,47,2020,11,10,3,20,23,113,0,1,1,1,1,2,1,3,1,1,0,164,35.68521389,-88.70309722,8,0,0,1,1,1,0,2,2,0,20,32,20,45,,
470983,47,2020,11,8,1,3,33,161,0,1,1,1,3,4,1,7,2,0,0,1,36.43920833,-87.79686667,42,0,0,1,1,4,0,2,1,0,3,34,3,40,,
470984,47,2020,10,13,3,19,44,9,30,1,2,2,2,2,2,3,1,1,0,199,35.86658056,-83.95966944,1,0,0,2,3,1,0,3,1,0,19,46,19,57,,
470985,47,2020,11,2,2,6,41,51,0,1,1,1,1,4,1,7,2,0,0,30,35.25123611,-85.97968056,8,0,0,1,1,1,0,4,98,0,6,33,6,53,7,25
470986,47,2020,11,14,7,4,55,11,0,1,1,1,1,1,2,1,1,1,0,170,35.28625,-84.81598889,32,0,0,1,1,4,0,2,1,0,4,52,4,58,,
470987,47,2020,11,11,4,18,45,45,710,1,3,3,3,1,2,1,1,1,0,127,36.06898056,-89.40350833,9,0,0,1,1,1,0,3,1,0,18,49,18,56,,
470988,47,2020,11,14,7,15,39,157,1620,1,2,2,4,6,2,3,4,1,0,16,35.13476667,-89.8408,12,6,0,2,2,1,0,1,1,0,15,23,15,26,16,4
470989,47,2020,11,16,2,6,43,37,1760,1,4,4,5,2,2,3,1,1,0,293,36.05815833,-86.62133056,12,6,0,1,1,1,0,1,1,0,6,43,6,49,7,21
470990,47,2020,11,16,2,19,0,157,1620,1,1,1,1,3,2,3,1,1,0,188,35.18018056,-89.93523056,8,0,0,1,1,1,0,3,1,0,19,10,19,14,,
470991,47,2020,11,7,7,19,20,107,0,1,1,1,1,4,1,6,2,0,0,22,35.53981667,-84.49009722,32,0,0,1,1,4,0,2,1,0,19,25,19,39,20,20
470992,47,2020,11,9,2,16,58,117,0,1,1,1,1,4,1,7,2,0,0,60,35.40440833,-86.79015833,34,0,0,1,1,4,0,5,1,0,16,53,17,0,18,1
470993,47,2020,10,26,2,5,46,37,1760,1,1,1,1,6,2,7,4,0,0,3,36.16368056,-86.77898056,8,0,0,2,2,1,0,3,2,0,5,46,5,52,6,9
470994,47,2020,11,16,2,17,16,13,0,1,3,3,5,1,1,1,1,1,0,205,36.47116667,-84.23215833,12,1,0,1,1,1,0,1,1,0,17,16,17,19,,
470995,47,2020,11,14,7,,,51,0,1,1,1,4,4,1,7,2,0,0,4,35.1403,-86.29416667,5,0,0,1,1,1,0,2,98,0,22,0,22,16,0,26
470996,47,2020,10,24,7,,,107,0,1,1,1,2,4,1,7,2,0,0,25,35.51380833,-84.68656667,42,0,0,1,1,4,0,2,2,0,6,58,7,18,8,48
470998,47,2020,11,6,6,13,15,123,0,1,3,3,4,3,1,4,1,0,0,75,35.53500833,-84.43633056,12,1,0,2,3,1,0,1,1,0,13,11,13,18,13,48
470999,47,2020,11,5,5,16,1,51,0,1,2,2,3,2,1,3,1,1,0,43,35.08460833,-86.24948611,12,1,0,8,1,1,0,1,1,0,15,52,16,3,16,48
471000,47,2020,11,10,3,17,15,57,173,1,2,2,2,2,1,3,1,1,0,34,36.30778056,-83.29180833,12,6,0,2,2,1,0,1,1,0,17,14,17,24,18,55
471001,47,2020,11,18,4,16,48,123,2369,1,2,2,3,3,2,3,1,1,0,25,35.59091667,-84.47634722,12,6,1,8,1,1,0,1,1,0,16,35,16,47,17,30
471002,47,2020,11,7,7,14,53,147,499,1,2,2,7,3,1,4,1,0,0,3,36.40333889,-87.02315833,12,6,1,2,2,1,0,1,1,0,,,,,,
471003,47,2020,11,20,6,17,9,171,810,1,1,1,1,3,2,4,1,0,0,56,36.15553611,-82.39458056,8,0,0,1,1,1,0,5,1,0,17,9,17,11,17,36
471004,47,2020,11,19,5,13,10,157,1620,1,3,3,4,1,2,1,1,1,0,164,35.16875,-89.85218056,8,0,0,1,1,1,0,1,1,0,13,18,13,22,,
471005,47,2020,11,14,7,15,43,69,0,1,1,1,2,4,1,7,2,0,0,0,35.09511667,-89.17085833,38,0,0,1,1,4,0,1,1,0,15,40,15,57,,
471006,47,2020,11,19,5,15,43,37,1760,1,2,1,1,2,2,3,1,1,0,167,36.15664722,-86.70985,45,0,0,1,1,1,4,1,1,0,15,44,15,51,,
471007,47,2020,11,20,6,18,59,157,1620,1,1,1,1,2,2,3,1,1,0,108,35.11503056,-89.99879167,8,0,0,1,1,1,0,3,1,0,18,54,19,12,,
471008,47,2020,11,14,7,12,5,103,0,2,2,2,3,4,1,6,2,0,0,23,35.0315,-86.60093056,12,2,0,1,1,1,0,1,1,0,12,7,12,14,,
471009,47,2020,11,15,1,14,56,93,0,1,2,2,2,2,2,4,1,0,0,110,36.1047,-83.96705833,12,2,0,1,1,1,0,1,1,0,,,,,,
471010,47,2020,11,15,1,18,34,55,80,1,1,1,2,1,1,1,1,1,0,12,35.01053056,-86.8793,1,0,1,5,1,4,0,2,1,0,18,33,18,39,,
471011,47,2020,11,18,4,,,75,0,1,1,1,1,4,1,7,2,0,0,1,35.43435,-89.16813056,24,0,0,1,1,4,0,2,1,0,17,12,17,34,,
471012,47,2020,11,12,5,14,27,33,0,1,2,2,2,2,1,3,1,1,0,155,35.74506667,-89.09711667,12,6,0,1,1,1,1,1,1,0,14,26,14,30,15,26
471013,47,2020,11,22,1,18,0,135,0,1,1,1,4,4,1,7,2,0,0,55,35.5677,-87.74076667,1,0,0,1,1,1,0,2,1,0,18,4,18,21,19,15
471014,47,2020,11,21,7,22,40,157,1620,1,2,2,5,2,2,3,1,1,0,106,35.14876667,-89.91158056,12,6,0,2,2,1,0,3,1,0,22,46,22,53,23,29
471015,47,2020,11,19,5,8,13,147,0,1,2,2,2,1,1,1,1,1,0,22,36.44836667,-87.09613056,12,1,0,1,1,1,0,1,1,0,8,12,8,22,,
471016,47,2020,11,20,6,19,46,37,1760,2,5,5,7,1,2,1,1,1,0,190,36.10081667,-86.71205833,12,7,0,1,1,1,0,3,1,0,19,46,19,55,20,17
471017,47,2020,11,18,4,23,7,93,1300,1,2,2,3,3,2,3,1,1,0,157,35.96605,-83.9354,12,2,0,2,4,1,0,3,1,0,,,,,,
471018,47,2020,11,21,7,17,42,93,1300,1,3,3,4,1,2,1,1,1,0,59,36.02781667,-83.86447778,12,2,0,1,1,1,0,5,1,0,,,,,,
471019,47,2020,11,9,2,0,10,139,0,1,1,1,2,2,1,3,1,1,0,46,35.10053611,-84.65368056,32,0,0,1,1,4,0,2,1,0,,,,,,
471020,47,2020,11,20,6,21,0,21,0,1,1,1,4,4,1,7,2,0,0,19,36.37339722,-86.92704722,1,0,0,1,1,4,0,2,1,0,21,0,21,3,21,12
471021,47,2020,11,19,5,16,7,3,2200,1,2,2,2,2,2,3,1,1,0,76,35.4483,-86.47293056,12,2,0,1,1,1,0,1,1,0,16,9,16,17,17,29
471022,47,2020,11,25,4,4,45,177,0,1,1,1,2,2,1,3,1,1,0,182,35.72158889,-85.68133056,8,0,0,1,1,1,0,2,1,0,4,53,4,58,,
471023,47,2020,11,24,3,19,45,157,1620,1,3,2,3,1,2,1,1,1,0,2,35.15301667,-90.06229722,8,0,0,1,1,1,0,6,1,0,19,37,19,53,,
471024,47,2020,11,24,3,13,45,11,420,1,5,2,2,6,2,3,4,1,0,18,35.20360833,-84.85074167,12,6,0,2,2,1,0,1,1,0,13,55,14,0,14,21
471025,47,2020,11,16,2,21,35,21,0,1,1,1,1,3,1,5,1,0,0,5,36.20019722,-87.16678889,59,0,0,1,1,4,0,2,1,0,21,31,21,45,22,46
471026,47,2020,11,26,5,,,187,0,1,1,1,3,4,1,6,2,0,0,9,35.85313611,-87.18134722,42,0,0,1,1,4,0,2,10,0,5,6,5,29,,
471027,47,2020,11,21,7,17,26,155,0,1,1,1,2,4,1,6,2,0,0,8,35.84928056,-83.62614167,42,0,0,1,1,4,0,1,1,0,17,22,17,33,,
471028,47,2020,11,27,6,4,36,25,0,1,1,1,1,3,1,4,1,0,0,10,36.36233056,-83.72573889,8,0,0,1,1,1,0,2,5,0,8,28,8,46,9,14
471029,47,2020,11,19,5,15,26,157,1620,1,1,1,1,1,1,1,1,1,0,258,35.24004722,-89.70805833,32,0,0,1,1,3,0,1,1,0,,,,,,
471030,47,2020,11,28,7,23,18,157,450,1,2,2,2,3,2,2,1,1,0,138,35.02178056,-89.66894722,12,1,0,1,1,1,0,2,10,0,,,,,,
471031,47,2020,11,24,3,20,9,147,499,1,2,2,4,2,2,3,1,1,0,30,36.43195,-86.89931667,12,2,0,1,1,1,1,2,1,0,20,7,20,14,21,0
471032,47,2020,11,27,6,10,20,149,0,1,1,1,1,4,1,6,2,0,0,10,35.82314722,-86.60949722,38,0,0,1,1,4,0,1,1,0,10,13,10,22,,
471033,47,2020,11,13,6,1,53,37,1760,1,1,1,2,6,2,3,4,1,0,30,36.11083611,-86.6299,42,0,0,1,1,4,0,2,1,0,1,55,2,4,2,30
471034,47,2020,11,30,2,21,30,37,1760,1,1,1,1,6,2,4,4,0,0,18,36.17405833,-86.60551667,8,0,0,1,1,1,0,2,1,0,21,35,21,41,,
471035,47,2020,11,30,2,10,16,65,400,5,2,1,6,1,2,1,1,1,0,92,35.01916944,-85.29536389,14,0,0,1,1,2,0,1,10,0,10,27,10,32,,
471036,47,2020,12,2,4,14,29,157,1620,2,2,2,4,3,2,3,1,1,0,67,35.02090556,-89.98987222,12,6,0,2,3,1,0,1,1,0,14,3,14,9,14,40
471037,47,2020,12,2,4,17,0,157,1620,1,1,1,1,6,2,4,4,0,0,10,35.17503056,-89.96213333,8,0,0,1,1,1,0,1,1,0,17,10,17,14,17,33
471039,47,2020,12,1,3,16,33,9,0,1,1,1,1,3,2,4,1,0,0,200,35.86236389,-83.94558611,42,0,0,1,1,4,0,5,10,0,16,12,16,19,16,31
471040,47,2020,11,28,7,2,36,149,0,1,1,1,1,1,1,1,1,1,0,150,35.96669167,-86.44888889,1,0,0,1,1,3,0,2,1,0,2,34,2,45,3,6
471041,47,2020,11,28,7,5,30,111,0,1,1,1,1,4,1,6,2,0,0,6,36.54622778,-85.82110278,42,0,0,1,1,4,0,2,1,0,6,31,6,45,,
471042,47,2020,11,23,2,16,15,109,0,1,2,2,2,4,1,6,2,0,0,87,35.17361667,-88.74900833,12,1,0,1,1,1,0,1,1,0,16,21,16,38,,
471043,47,2020,12,3,5,16,40,157,1620,1,3,3,5,2,2,3,1,1,0,164,35.20583333,-90.03338611,12,7,0,1,1,1,0,1,1,0,16,42,16,50,17,18
471044,47,2020,11,24,3,,,47,0,1,1,1,1,3,1,4,1,0,0,89,35.31691389,-89.43658056,42,0,0,1,1,4,0,2,1,0,9,50,10,4,,
471045,47,2020,12,2,4,1,54,81,0,1,1,1,1,4,1,6,2,0,0,23,35.92110833,-87.44176667,34,0,0,1,1,4,0,2,1,0,1,57,2,7,3,0
471046,47,2020,12,3,5,15,21,83,0,2,3,3,5,3,1,4,1,0,0,35,36.27223056,-87.68190833,12,8,0,1,1,1,0,1,2,0,15,6,15,11,17,0
471047,47,2020,12,3,5,5,24,47,0,1,2,2,3,2,2,3,1,1,0,1,34.99528611,-89.61798611,12,6,0,2,2,1,0,6,3,0,5,16,5,33,,
471048,47,2020,12,5,7,0,10,65,400,1,1,1,1,6,2,4,4,0,0,12,35.13103056,-85.25618056,32,0,0,1,1,4,0,3,1,0,0,11,0,19,,
471049,47,2020,12,3,5,19,24,37,1760,1,1,1,1,1,2,1,1,1,0,281,36.16160833,-86.62003056,8,0,0,1,1,1,0,3,2,0,19,28,19,36,,
471051,47,2020,12,6,1,19,17,165,1085,1,1,1,1,3,2,2,1,1,0,21,36.32154722,-86.637,8,0,0,1,1,1,0,2,1,0,19,29,19,34,,
471053,47,2020,10,22,5,16,4,37,1760,1,1,1,1,6,2,4,4,0,0,23,36.19108611,-86.67396667,34,0,0,1,1,4,0,1,1,0,16,4,16,11,16,36
471054,47,2020,12,6,1,2,25,157,1620,1,1,1,1,1,2,1,1,1,0,211,35.20165278,-89.77785278,8,0,0,1,1,1,0,2,1,0,2,34,2,43,,
471055,47,2020,12,7,2,,,157,450,1,1,1,3,3,2,2,1,1,0,141,35.02128056,-89.66453889,42,0,0,1,1,4,0,2,1,0,,,,,,
471056,47,2020,12,8,3,16,4,37,1760,1,1,1,1,3,1,5,1,0,0,11,36.19568056,-86.96676667,42,0,0,1,1,4,0,5,1,0,16,5,16,15,,
471057,47,2020,11,14,7,0,49,53,1170,1,1,1,1,2,2,4,1,0,0,26,35.8195,-88.90779167,33,0,1,3,3,4,0,3,1,0,0,58,1,13,1,29
471059,47,2020,12,9,4,14,15,89,0,1,2,2,3,2,1,4,1,0,0,1,35.956975,-83.28568889,12,6,0,2,3,1,0,1,1,0,14,20,14,35,15,48
471060,47,2020,11,20,6,22,51,123,0,1,1,1,1,4,1,7,2,0,0,10,35.47833056,-84.36045833,1,0,0,1,1,4,0,2,1,0,22,51,22,59,,
471061,47,2020,12,1,3,22,41,43,0,1,1,1,1,4,2,7,2,0,0,9,36.02429722,-87.31310833,32,0,0,1,1,4,0,2,1,0,22,35,22,44,,
471062,47,2020,12,3,5,22,39,157,1338,1,1,1,2,2,2,3,1,1,0,98,35.204675,-89.75176111,8,0,0,1,1,1,0,3,1,0,22,41,22,52,,
471063,47,2020,12,7,2,17,42,11,0,1,2,2,5,3,2,4,1,0,0,40,35.04181389,-84.90443611,12,6,0,1,1,1,0,2,1,0,17,45,17,46,,
471064,47,2020,12,4,6,17,8,147,2340,1,1,1,2,6,2,5,4,0,0,6,36.50218056,-86.89309722,8,0,0,1,1,1,0,3,1,0,16,58,17,3,17,17
471065,47,2020,12,11,6,17,16,1,440,1,2,2,2,2,2,4,1,0,0,94,36.11228611,-84.13174722,12,2,0,1,1,1,0,5,1,0,17,18,17,23,18,15
471066,47,2020,12,10,5,0,20,157,1620,1,1,1,1,6,2,5,4,0,0,6,35.24213889,-89.97521667,42,0,0,1,1,4,0,2,1,0,0,25,0,32,,
471068,47,2020,12,6,1,15,30,81,0,2,3,3,6,1,1,1,1,1,0,10,35.87993889,-87.69600833,12,1,0,1,1,1,0,1,1,0,15,33,15,50,16,34
471069,47,2020,12,10,5,6,41,93,1300,1,1,1,2,3,2,3,1,1,0,95,35.98724444,-84.03738056,53,0,0,1,1,4,0,3,1,0,,,,,,
471070,47,2020,5,19,3,15,18,163,0,1,1,1,2,4,2,5,2,0,0,1,36.59236389,-82.56963333,42,0,0,1,1,4,0,1,2,0,14,19,14,26,14,48
471071,47,2020,12,10,5,7,15,143,0,1,2,2,5,3,1,4,1,0,0,102,35.64555833,-84.85545833,12,6,0,2,2,1,0,4,1,0,7,17,7,24,,
471072,47,2020,12,12,7,11,55,31,0,1,1,1,1,4,1,7,2,0,0,24,35.53230833,-86.19703889,42,0,0,1,1,4,0,1,2,0,11,53,12,5,,
471073,47,2020,12,11,6,21,1,157,1620,1,1,1,1,6,2,4,4,0,0,14,35.06475278,-89.92815278,8,0,0,1,1,1,0,3,2,0,21,3,21,22,21,56
471074,47,2020,12,13,1,,,157,1620,1,1,1,1,6,2,4,4,0,0,51,35.05110556,-90.15322778,30,0,0,1,1,4,0,3,1,0,,,,,,
471075,47,2020,12,5,7,17,10,47,0,1,1,1,2,3,1,5,1,0,0,229,35.29700833,-89.61963889,42,0,0,1,1,4,0,2,1,0,17,19,17,32,19,1
471076,47,2020,12,10,5,19,54,37,1760,1,1,1,1,6,2,5,4,0,0,7,36.26811667,-86.65806667,35,0,0,1,1,4,0,2,1,0,19,54,20,2,,
471077,47,2020,12,13,1,21,5,99,1350,1,1,1,3,3,2,5,1,0,0,250,35.25294722,-87.34010833,1,0,1,3,3,4,0,3,2,0,21,7,21,10,,
471078,47,2020,12,5,7,20,33,51,620,1,1,1,3,6,2,7,4,0,0,5,35.20683889,-86.09580833,30,0,0,1,1,4,0,3,1,0,20,35,20,42,21,15
471079,47,2020,12,12,7,19,19,141,480,1,2,2,3,3,2,4,1,0,0,45,36.19338056,-85.53501667,12,2,0,1,1,1,0,2,10,0,19,15,19,24,19,49
471080,47,2020,12,14,2,12,34,155,2170,1,3,3,8,3,2,3,1,1,0,46,35.93321667,-83.58299722,12,1,0,3,3,1,0,1,1,0,12,34,12,40,13,25
471081,47,2020,12,11,6,19,42,157,1620,1,1,1,1,6,2,4,4,0,0,72,35.21998056,-89.97526667,8,0,0,1,1,1,0,2,2,0,19,41,20,7,20,17
471082,47,2020,12,7,2,3,50,105,0,1,1,1,1,1,1,1,1,1,0,84,35.76408611,-84.36466667,8,0,0,1,1,1,0,2,10,0,3,43,3,45,,
471083,47,2020,12,8,3,13,35,81,0,1,1,1,1,1,1,1,1,1,0,46,35.89658056,-87.63660833,24,0,0,1,1,3,0,1,1,0,13,34,14,1,,
471084,47,2020,12,11,6,21,17,37,1760,1,1,1,1,2,2,3,1,1,0,72,36.08260833,-86.72724722,8,0,0,3,3,1,0,3,1,0,21,17,21,22,,
471085,47,2020,12,6,1,9,39,111,0,1,2,2,5,3,1,5,1,0,0,128,36.58573611,-86.06973611,12,6,0,2,3,1,0,1,1,0,9,40,9,50,10,24
471086,47,2020,11,7,7,20,13,1,0,1,2,1,2,1,1,1,1,1,0,83,36.20538056,-84.12373889,14,0,0,1,1,1,0,2,1,0,20,15,20,21,21,30
471087,47,2020,12,11,6,17,43,151,2603,1,2,2,5,3,1,3,1,1,0,259,36.5801,-84.43989722,12,6,0,2,3,1,0,5,1,0,17,38,17,52,18,41
471088,47,2020,11,13,6,21,34,65,400,1,1,1,1,2,2,2,1,1,0,23,35.08785,-85.32415833,1,0,0,1,1,1,0,3,1,0,21,23,21,28,21,52
471089,47,2020,12,14,2,9,11,115,0,1,2,2,2,1,1,1,1,1,0,291,34.99818056,-85.51193611,35,0,0,1,1,4,0,1,1,0,9,16,9,23,9,41
471090,47,2020,12,12,7,22,40,115,1272,1,1,1,1,3,1,5,1,0,0,107,35.04405833,-85.69163611,42,0,0,1,1,4,0,6,2,0,,,,,,
471091,47,2020,12,10,5,10,44,147,0,1,4,4,6,2,1,3,1,0,0,116,36.58201667,-86.85568056,12,6,0,8,1,1,0,1,1,0,10,41,10,47,11,54