st_case,state,year,month,day,day_week,hour,minute,county,city,fatals_crash,vehicles_total,vehicles_in_transport,persons_total,route,rural_urban,functional_system,road_owner,nhs,special_jurisdiction,milepoint,latitude,longitude,first_harmful_event,manner_collision,rel_jct_interchange,rel_jct_location,intersection_type,relation_to_road,work_zone,light_condition,weather,school_bus_related,ems_notified_hour,ems_notified_min,ems_arrival_hour,ems_arrival_min,hospital_hour,hospital_min
480091,48,2020,1,1,4,18,35,215,0,1,1,1,1,4,2,7,98,0,0,0,26.34718889,-98.34219167,8,0,0,1,1,1,0,2,2,0,,,,,,
480092,48,2020,1,14,3,18,22,485,7490,1,1,1,1,6,2,5,98,0,0,0,33.89351111,-98.49433056,8,0,0,2,3,1,0,3,1,0,,,,,,
480093,48,2020,1,11,7,1,13,439,502,1,2,2,1,3,2,2,98,1,0,155,32.83659444,-97.130125,8,0,0,1,1,1,0,3,2,0,,,,,,
480094,48,2020,1,14,3,20,30,225,0,1,1,1,1,8,1,5,98,0,0,11,31.3446,-95.19815556,42,0,0,1,1,4,0,2,5,0,,,,,,
480095,48,2020,1,4,7,18,41,491,1242,1,1,1,1,6,2,2,31,0,0,110,30.55239167,-97.81893056,18,0,0,1,1,1,0,2,1,0,,,,,,
480096,48,2020,1,15,4,8,53,491,5990,1,2,2,2,6,2,4,98,0,0,0,30.5375,-97.67639444,12,6,0,1,1,1,0,1,10,0,,,,,,
480097,48,2020,1,9,5,17,20,9,0,1,2,2,2,3,1,4,98,0,0,59,33.40081389,-98.452025,12,2,0,1,1,1,0,1,1,0,,,,,,
480098,48,2020,1,15,4,22,29,27,3690,1,1,1,1,6,2,5,98,0,0,0,31.04083056,-97.6963,40,0,0,1,1,4,0,2,1,0,,,,,,
480099,48,2020,1,8,4,10,8,13,0,1,1,1,2,1,1,1,1,1,0,189,29.11316944,-98.43190556,1,0,0,1,1,3,0,1,1,0,,,,,,
480100,48,2020,1,12,1,4,15,29,6090,1,1,1,1,6,2,5,98,0,0,0,29.31280278,-98.39880556,38,0,0,1,1,5,0,3,1,0,,,,,,
480101,48,2020,1,15,4,7,21,183,4080,1,2,2,2,6,2,4,98,0,0,0,32.46707778,-94.7306,12,6,0,1,1,1,0,1,10,0,,,,,,
480102,48,2020,1,5,1,4,25,329,0,1,1,1,1,4,1,7,98,0,0,,,,43,0,0,1,1,4,0,2,1,0,,,,,,
480103,48,2020,1,15,4,21,22,29,6090,1,1,1,1,6,2,3,98,1,0,0,29.49118056,-98.697475,8,0,0,1,1,1,0,2,1,0,,,,,,
480104,48,2020,1,7,3,21,32,217,3210,1,1,1,1,6,2,7,98,0,0,0,32.0107,-97.12751389,42,0,0,1,1,4,0,3,1,0,,,,,,
480105,48,2020,1,8,4,13,15,389,0,1,3,3,5,1,1,1,1,1,0,33,31.08422778,-104.03122778,12,2,0,1,1,1,0,1,1,0,,,,,,
480107,48,2020,1,15,4,15,43,309,0,1,1,1,1,8,2,5,98,0,0,40,31.42789722,-97.22611111,32,0,0,1,1,4,0,1,10,0,,,,,,
480108,48,2020,1,12,1,20,34,133,0,2,2,2,3,3,1,4,98,0,0,34,32.32312222,-99.00897222,12,2,0,1,1,1,0,2,10,0,20,37,21,7,22,15
480109,48,2020,1,12,1,13,50,67,0,1,2,2,2,2,1,3,98,1,0,209,33.05836111,-94.28426667,12,6,0,1,1,1,0,1,10,0,14,6,14,41,15,28
480110,48,2020,1,10,6,21,49,133,0,1,2,2,2,1,1,1,1,1,0,101,32.375525,-98.94774444,12,7,0,1,1,1,0,2,2,0,,,,,,
480111,48,2020,1,8,4,21,15,215,0,1,1,1,1,8,1,4,98,0,0,61,26.35590556,-97.97230833,38,0,0,1,1,4,0,2,2,0,,,,,,
480112,48,2020,1,11,7,20,31,1,5170,1,2,2,3,8,2,5,98,0,0,8,31.74950556,-95.6657,12,2,0,1,1,1,0,2,1,0,,,,,,
480113,48,2020,1,8,4,21,42,491,0,1,1,1,2,8,2,3,98,0,0,113,30.46068611,-97.75448333,30,0,0,3,2,4,0,3,1,0,,,,,,
480114,48,2020,1,6,2,18,9,491,5990,1,2,2,2,6,2,4,98,0,0,66,30.5433,-97.65019167,12,2,0,2,2,1,0,3,1,0,,,,,,
480115,48,2020,1,11,7,3,3,163,0,1,1,1,2,8,1,5,98,0,0,85,28.84373889,-99.18315278,38,0,0,1,1,5,0,2,1,0,,,,,,
480116,48,2020,1,10,6,17,4,89,0,2,1,1,2,3,1,4,98,0,0,96,29.460075,-96.40624722,59,0,0,1,1,4,0,1,2,0,,,,,,
480117,48,2020,1,14,3,7,44,61,3030,1,2,2,2,2,2,3,98,1,0,121,26.19381667,-97.67996944,12,6,0,4,1,1,0,1,1,0,,,,,,
480118,48,2020,1,12,1,2,50,201,0,1,2,2,1,7,2,1,1,1,0,26,29.88779444,-95.31985833,8,0,0,1,1,1,0,3,1,0,,,,,,
480119,48,2020,1,12,1,18,54,121,2395,1,2,2,2,8,2,3,98,1,0,129,33.03795556,-97.06938611,12,6,0,2,3,1,0,5,1,0,,,,,,
480120,48,2020,1,9,5,13,15,201,3280,1,2,2,3,1,2,1,31,1,0,292,29.83283056,-95.38407222,8,0,0,1,1,1,0,1,10,0,,,,,,
480121,48,2020,1,8,4,18,52,453,330,1,2,2,4,3,2,3,98,1,0,126,30.27008889,-97.69685556,8,0,0,1,1,1,0,3,1,0,,,,,,
480122,48,2020,1,8,4,17,20,145,0,1,4,4,5,3,1,4,98,0,0,68,31.28901389,-96.96604444,12,1,0,8,1,1,0,1,1,0,,,,,,
480123,48,2020,1,6,2,20,20,129,3090,2,2,2,4,2,1,3,98,1,0,264,34.86824444,-100.66613056,12,6,0,2,3,1,1,3,1,0,,,,,,
480124,48,2020,1,12,1,2,50,201,0,1,1,1,2,6,2,4,98,0,0,0,30.02526111,-95.48498889,59,0,0,1,1,4,0,2,1,0,3,0,4,23,4,40
480125,48,2020,1,14,3,14,34,53,0,1,1,1,1,2,1,3,98,1,0,122,30.92680556,-97.99028611,59,0,0,1,1,4,0,1,10,0,,,,,,
480126,48,2020,1,15,4,8,38,303,0,1,2,2,2,2,1,3,98,0,0,99,33.657125,-101.95765278,12,6,0,2,3,1,0,1,10,0,8,37,8,43,9,2
480127,48,2020,1,15,4,10,30,249,0,2,1,1,3,3,1,3,98,1,0,61,27.75056389,-98.14442778,1,0,0,1,1,3,0,1,10,0,,,,,,
480128,48,2020,1,15,4,23,19,453,330,1,2,2,3,6,2,5,98,0,0,0,30.17525,-97.76952222,12,6,0,8,1,1,0,2,10,0,23,19,23,26,0,11
480129,48,2020,1,10,6,18,50,329,0,2,2,2,2,8,1,6,98,0,0,13,32.06913611,-101.92653611,12,2,0,1,1,1,0,3,1,0,,,,,,
480130,48,2020,1,11,7,13,34,389,0,1,2,2,2,2,1,3,98,1,0,174,31.78527778,-103.87441667,12,6,0,1,1,1,0,1,1,0,,,,,,
480131,48,2020,1,9,5,8,15,385,3922,1,2,2,3,2,1,4,98,0,0,274,29.73057778,-99.76093056,12,2,0,1,1,1,0,1,10,0,8,19,8,39,9,41
480132,48,2020,1,11,7,18,23,113,1730,1,1,1,1,6,2,4,98,0,0,0,32.74344167,-96.75938611,8,0,0,1,1,1,1,3,1,0,,,,,,
480133,48,2020,1,9,5,21,7,113,1730,1,1,1,1,3,2,3,98,1,0,82,32.75455556,-96.68293889,8,0,0,1,1,1,0,3,1,0,,,,,,
480134,48,2020,1,10,6,17,58,113,1730,1,1,1,2,6,2,7,98,0,0,0,32.69966667,-96.84764167,42,0,0,1,1,4,0,3,2,0,,,,,,
480136,48,2020,1,11,7,18,49,157,0,1,2,2,3,8,2,5,98,0,0,33,29.49711111,-95.75716389,12,6,0,1,1,1,0,2,10,0,,,,,,
480137,48,2020,1,7,3,5,40,201,3280,1,2,2,2,6,2,4,98,0,0,0,29.62721111,-95.30655,12,6,0,4,1,1,0,3,10,0,,,,,,
480139,48,2020,1,15,4,18,53,355,1550,1,1,1,1,3,2,4,98,0,0,0,27.65374167,-97.37023056,8,0,0,1,1,1,0,2,10,0,,,,,,
480140,48,2020,1,1,4,3,37,201,3280,1,2,2,2,6,2,4,98,0,0,0,29.63333611,-95.13259167,12,6,0,2,2,1,0,6,1,0,3,36,3,46,4,13
480141,48,2020,1,12,1,0,14,201,3280,1,1,1,1,8,2,4,98,0,0,13,29.93191389,-95.39099444,33,0,0,3,3,4,0,3,1,0,,,,,,
480142,48,2020,1,14,3,22,10,157,0,1,1,1,1,6,2,7,98,0,0,0,29.55381944,-95.57611389,98,0,0,3,3,4,0,2,5,0,,,,,,
480143,48,2020,1,9,5,20,54,91,0,1,1,1,1,8,1,5,98,0,0,35,29.79512778,-98.22557778,1,0,0,1,1,4,0,2,1,0,,,,,,
480144,48,2020,1,13,2,0,30,439,9997,1,1,1,1,7,2,5,1,0,0,15,32.56232778,-97.31977222,42,0,0,1,1,4,0,3,10,0,0,33,0,39,,
480145,48,2020,1,11,7,20,52,29,6090,1,2,2,4,6,2,4,98,0,0,0,29.37960556,-98.50429167,8,0,0,3,2,1,0,3,1,0,,,,,,
480146,48,2020,1,4,7,9,0,465,0,2,1,1,3,3,1,5,98,0,0,470,29.73796389,-101.14381667,1,0,0,1,1,4,0,1,1,0,,,,,,
480147,48,2020,1,11,7,19,36,355,1550,1,1,1,1,6,2,4,98,0,0,0,27.67533056,-97.371566670000007,8,0,0,3,2,1,0,3,1,0,,,,,,
480148,48,2020,1,11,7,11,50,453,330,1,2,2,2,3,2,2,31,1,0,46,30.42910556,-97.70155,25,0,0,1,1,4,0,1,1,0,,,,,,
480149,48,2020,2,3,2,14,41,297,0,1,2,2,2,2,1,3,98,1,0,44,28.280575,-98.16441667,12,2,0,1,1,1,0,1,10,0,,,,,,
480150,48,2020,2,24,2,6,39,157,0,1,1,1,1,6,1,7,98,0,0,0,29.627025,-95.96678333,8,0,0,1,1,1,0,2,2,0,,,,,,
480151,48,2020,3,3,3,19,16,201,480,1,1,1,1,7,2,5,98,0,0,108,29.75416111,-94.94625,8,0,0,1,1,1,0,2,10,0,,,,,,
480152,48,2020,3,1,1,20,27,209,0,1,1,1,1,3,1,3,98,1,0,144,29.80633889,-97.94447778,32,0,0,1,1,4,0,2,1,0,,,,,,
480153,48,2020,3,2,2,22,23,141,2190,1,1,1,2,6,2,3,98,1,0,153,31.92320833,-106.39289444,8,0,0,1,1,1,0,3,1,0,,,,,,
480154,48,2020,3,3,3,22,18,439,2450,1,1,1,1,6,2,7,98,0,0,0,32.70899167,-97.279375,8,0,0,3,3,1,0,2,10,0,,,,,,
480155,48,2020,2,27,5,22,27,439,2450,1,1,1,1,7,2,5,1,0,0,0,32.84000278,-97.29071111,8,0,0,3,2,1,0,3,1,0,,,,,,
480156,48,2020,2,25,3,19,14,497,0,1,2,2,3,8,2,5,98,0,0,27,33.04001389,-97.51973333,8,0,0,1,1,1,0,2,1,0,,,,,,
480157,48,2020,3,3,3,1,14,201,3280,1,2,2,5,6,2,4,98,0,0,0,29.698775,-95.35951667,12,6,0,2,2,1,0,3,1,0,,,,,,
480158,48,2020,3,2,2,18,33,29,6090,1,5,5,8,1,2,1,1,1,0,134,29.45973333,-98.31314722,12,1,0,1,1,1,1,1,1,0,,,,,,
480159,48,2020,3,4,4,2,39,251,0,1,1,1,1,4,1,5,98,0,0,0,32.36713333,-97.21168889,38,0,0,1,1,5,0,2,1,0,,,,,,
480160,48,2020,2,24,2,20,46,201,5230,1,2,2,3,3,2,2,98,1,0,55,29.71283333,-95.18117222,12,1,1,18,1,1,0,3,10,0,,,,,,
480161,48,2020,2,22,7,7,43,201,0,1,1,1,1,1,2,1,1,1,0,407,29.99350556,-95.42469167,33,0,1,19,1,3,0,1,1,0,,,,,,
480162,48,2020,2,28,6,7,28,201,0,1,3,3,3,8,2,3,98,0,0,83,30.06695,-95.78748333,12,1,0,8,1,1,0,1,1,1,,,,,,
480163,48,2020,2,29,7,17,38,215,2110,1,2,2,2,8,2,3,98,0,0,86,26.34286944,-98.19585556,12,1,0,3,3,1,0,1,1,0,,,,,,
480164,48,2020,3,6,6,2,4,201,0,3,1,1,4,4,2,7,98,0,0,0,29.90158333,-95.15208056,59,0,0,3,3,4,0,3,1,0,,,,,,
480165,48,2020,3,4,4,4,5,201,480,1,3,3,3,3,2,2,98,1,0,15,29.78146667,-95.02826944,12,2,1,18,1,1,0,3,10,0,,,,,,
480166,48,2020,3,7,7,2,18,59,0,1,1,1,1,3,1,4,98,0,0,48,32.26984722,-99.58735,53,0,0,1,1,4,0,2,1,0,,,,,,
480167,48,2020,2,25,3,16,13,321,470,1,1,1,1,8,2,4,98,0,0,73,28.97399167,-95.95295556,46,0,0,1,1,4,0,1,1,0,,,,,,
480168,48,2020,3,8,1,21,9,139,2240,1,2,2,2,8,2,5,98,0,0,42,32.33313056,-96.649825,12,1,0,3,3,1,0,3,10,0,,,,,,
480169,48,2020,2,29,7,18,28,239,0,2,2,2,2,8,1,6,98,0,0,183,28.87035278,-96.64919444,12,2,0,1,1,2,0,5,1,0,,,,,,
480170,48,2020,3,6,6,20,20,439,2450,1,1,1,1,6,2,3,98,1,0,59,32.72273333,-97.44804167,8,0,0,1,1,1,0,2,1,0,,,,,,
480171,48,2020,2,23,1,4,37,113,1730,1,2,2,1,2,2,2,98,1,0,65,32.90824167,-96.76868056,8,0,1,5,1,1,0,2,1,0,,,,,,
480172,48,2020,2,27,5,0,23,329,4560,1,2,2,3,3,2,2,98,1,0,83,31.98833889,-102.19471111,12,1,0,1,1,1,0,3,1,0,,,,,,
480173,48,2020,2,19,4,20,26,57,0,1,1,1,3,3,1,4,98,0,0,129,28.50962778,-96.82056667,1,0,0,1,1,4,0,2,10,0,,,,,,
480174,48,2020,3,1,1,21,8,201,3280,1,1,1,2,6,2,3,98,0,0,0,29.77266111,-95.31512222,42,0,0,1,1,4,0,3,1,0,,,,,,
480175,48,2020,3,5,5,17,18,37,0,1,2,2,2,2,1,3,98,1,0,163,33.35251944,-94.13716944,12,6,0,2,3,1,0,1,1,0,17,18,17,26,18,1
480176,48,2020,3,3,3,20,23,493,0,1,2,2,2,2,1,3,98,1,0,12,29.248375,-98.27036667,12,6,0,2,2,1,0,2,10,0,,,,,,
480177,48,2020,2,10,2,20,11,201,3280,1,2,2,2,6,2,3,98,0,0,0,29.95345278,-95.55595556,8,0,0,1,1,1,0,2,2,0,,,,,,
480178,48,2020,2,24,2,15,25,187,0,1,3,3,5,8,2,4,98,0,0,113,29.58401111,-98.09318056,12,6,0,2,2,1,0,1,10,0,,,,,,
480179,48,2020,2,28,6,14,41,339,1510,1,2,2,4,3,2,3,98,1,0,169,30.34233333,-95.54854167,12,2,0,1,1,1,0,1,1,0,,,,,,
480180,48,2020,3,9,2,17,1,85,92,1,2,2,3,6,2,4,98,0,0,0,33.10037222,-96.65374167,1,0,0,2,3,1,0,1,10,0,,,,,,
480181,48,2020,3,8,1,21,52,439,2450,1,2,2,2,1,2,1,1,1,0,61,32.67320278,-97.37693333,8,0,1,18,1,1,0,3,1,0,,,,,,
480182,48,2020,3,8,1,5,40,497,0,1,1,1,1,8,1,6,98,0,0,80,33.15851111,-97.63809167,32,0,0,1,1,4,0,2,1,0,,,,,,
480183,48,2020,3,6,6,12,18,355,1550,1,1,1,1,3,2,2,98,0,0,153,27.67349167,-97.29325556,52,0,1,19,1,8,0,1,1,0,,,,,,
480184,48,2020,3,2,2,19,4,355,1550,1,1,1,1,3,2,3,98,1,0,122,27.68734722,-97.387375,8,0,0,1,1,1,0,3,1,0,,,,,,
480185,48,2020,1,17,6,11,24,135,5030,1,2,2,3,7,2,7,98,0,0,155,31.94123056,-102.40327222,12,6,0,2,2,1,0,1,1,0,,,,,,
480186,48,2020,1,16,5,8,22,381,150,1,2,2,2,6,2,4,98,0,0,0,35.1783,-101.83259722,12,6,0,1,1,1,0,1,2,0,8,24,8,28,8,57
480187,48,2020,1,16,5,8,19,39,2490,1,2,2,2,3,2,3,98,1,0,163,28.98918611,-95.35260556,12,1,0,8,1,1,0,1,5,0,,,,,,
480188,48,2020,1,16,5,13,10,141,2190,1,2,2,3,7,2,5,98,0,0,317,31.73401667,-106.31830556,12,7,0,1,1,1,0,1,1,0,,,,,,
480190,48,2020,1,17,6,15,18,307,0,1,2,2,4,3,1,4,98,0,0,175,30.94989722,-99.117725,12,6,0,1,1,1,0,1,2,0,,,,,,
480191,48,2020,1,16,5,23,46,183,3680,2,2,2,5,2,2,3,98,1,0,20,32.40869167,-94.84961944,12,6,0,2,2,1,0,3,1,0,,,,,,
480193,48,2020,1,18,7,22,48,453,330,1,1,1,1,6,2,5,98,0,0,0,30.21269167,-97.73156667,8,0,0,1,1,1,0,2,1,0,,,,,,
480194,48,2020,1,16,5,12,2,171,0,1,2,2,2,2,1,3,98,1,0,102,30.22305278,-98.72254444,12,6,0,1,1,1,0,1,2,0,,,,,,
480195,48,2020,1,20,2,10,45,257,2430,2,2,2,3,7,2,5,98,0,0,16,32.74019444,-96.41333611,12,6,1,2,2,1,0,1,1,0,,,,,,
480196,48,2020,1,21,3,8,10,201,0,1,3,3,3,4,2,4,98,0,0,0,29.90615278,-95.67065556,12,6,0,1,1,1,0,1,1,0,,,,,,
480197,48,2020,1,21,3,12,15,439,6060,1,2,2,2,6,2,5,98,0,0,0,32.88088333,-97.38333056,12,6,0,8,1,1,0,1,10,0,,,,,,
480198,48,2020,1,20,2,4,4,409,0,1,1,1,1,3,2,4,98,0,0,78,27.87781389,-97.16989167,33,0,0,1,1,4,0,2,1,0,,,,,,
480199,48,2020,1,19,1,4,0,451,6080,1,1,1,1,3,2,2,98,1,0,94,31.40538889,-100.44164722,30,0,0,1,1,3,0,3,1,0,,,,,,
480200,48,2020,1,16,5,7,1,113,2590,1,2,2,4,6,2,4,98,0,0,0,32.91587222,-96.68286944,12,6,0,8,1,1,0,3,2,0,,,,,,
480201,48,2020,1,20,2,20,41,439,2450,1,3,3,3,1,2,1,1,1,0,267,32.79903611,-97.21228611,12,1,0,1,1,1,0,2,1,0,,,,,,
480202,48,2020,1,17,6,21,35,419,0,1,1,1,1,8,1,6,98,0,0,3,31.93537222,-94.02146667,42,0,0,1,1,4,0,2,10,0,,,,,,
480203,48,2020,1,19,1,19,44,113,2590,1,2,2,5,6,2,3,98,0,0,0,32.95822222,-96.61564722,12,6,0,2,3,1,0,3,10,0,,,,,,
480204,48,2020,1,17,6,2,22,439,2450,2,1,1,2,6,2,3,98,0,0,0,32.76323333,-97.36092222,25,0,0,1,1,3,0,2,2,0,,,,,,
480205,48,2020,1,17,6,6,33,453,1821,1,1,1,1,3,2,2,98,1,0,452,30.19705556,-97.62293889,21,0,1,19,1,3,0,3,2,0,,,,,,
480206,48,2020,1,21,3,7,20,199,9997,1,2,2,5,8,1,5,98,0,0,50,30.39417778,-94.43455,12,2,0,2,3,1,0,1,1,0,,,,,,
480207,48,2020,1,22,4,6,45,29,6090,1,1,1,1,6,2,3,98,1,0,0,29.54624167,-98.43791944,31,0,0,1,1,10,0,3,2,0,,,,,,
480208,48,2020,1,20,2,6,44,141,2190,1,2,2,2,3,2,2,98,1,0,78,31.75035,-106.41185278,12,1,0,1,1,1,0,1,1,0,,,,,,
480209,48,2020,1,22,4,13,32,27,3690,1,2,2,3,7,2,5,1,0,0,89,31.075575,-97.68794444,12,6,1,18,1,1,0,1,2,0,,,,,,
480210,48,2020,1,17,6,16,57,141,2190,3,3,3,6,6,2,4,98,0,0,0,31.85498611,-106.44535278,12,1,0,1,1,1,0,5,1,0,,,,,,
480211,48,2020,1,17,6,18,5,157,0,1,1,1,1,8,2,4,98,0,0,29,29.61069167,-95.5645,8,0,0,3,3,1,0,2,1,0,,,,,,
480212,48,2020,1,17,6,18,33,183,4080,1,1,1,2,6,2,4,98,0,0,0,32.54326667,-94.730775,15,0,0,1,1,1,0,2,10,0,,,,,,
480213,48,2020,1,16,5,16,30,329,0,1,2,2,5,8,1,5,98,0,0,71,31.9429,-101.86883056,12,6,0,2,2,1,0,1,2,0,,,,,,
480214,48,2020,1,23,5,12,42,407,0,1,1,1,1,4,1,7,98,0,0,0,30.76461389,-95.28026389,42,0,0,1,1,4,0,1,10,0,,,,,,
480215,48,2020,1,20,2,1,26,113,1730,1,5,5,8,2,2,2,98,1,0,111,32.84109722,-96.77596111,12,1,0,1,1,1,0,3,1,0,,,,,,
480216,48,2020,1,18,7,21,20,367,0,1,2,2,2,8,1,5,98,0,0,165,32.78918611,-97.825525,12,6,0,8,1,1,0,2,1,0,,,,,,
480217,48,2020,1,19,1,13,40,201,3320,1,2,2,3,8,2,4,98,0,0,31,30.00161111,-95.27633889,12,2,0,3,2,1,0,1,1,0,,,,,,
480218,48,2020,1,16,5,20,7,189,0,2,1,1,5,1,1,1,1,1,0,154,34.04816667,-101.85284167,24,0,0,1,1,3,0,2,12,0,,,,,,
480219,48,2020,1,16,5,17,43,1,0,1,2,2,2,8,1,5,98,0,0,59,31.77891389,-95.71518889,12,6,0,8,1,1,0,3,2,0,,,,,,
480220,48,2020,1,20,2,6,55,113,1730,1,1,1,1,6,2,5,98,0,0,0,32.79272778,-96.88618611,8,0,0,1,1,1,0,2,1,0,,,,,,
480221,48,2020,1,16,5,11,55,59,0,1,1,1,2,1,1,1,1,1,0,117,32.40394444,-99.42419167,57,0,0,1,1,3,0,1,2,0,,,,,,
480222,48,2020,1,16,5,5,39,293,0,1,2,2,1,3,1,5,98,0,0,71,31.51136389,-96.41981944,12,2,0,1,1,1,0,2,5,0,,,,,,
480223,48,2020,1,19,1,9,18,453,0,2,2,2,3,3,1,3,98,1,0,,30.18819167,-97.58206389,12,6,0,8,1,1,0,1,1,0,,,,,,
480224,48,2020,1,22,4,10,22,113,2310,1,1,1,1,6,2,4,98,0,0,0,32.93950278,-96.83397222,8,0,0,3,3,1,0,1,2,0,,,,,,
480225,48,2020,1,20,2,18,40,31,3530,2,1,1,1,2,1,3,98,1,0,16,30.26950278,-98.39847222,8,0,0,1,1,1,0,2,1,0,,,,,,
480226,48,2020,1,25,7,10,12,201,0,1,1,1,0,4,2,7,98,0,0,0,29.95546667,-95.72920278,8,0,0,4,1,1,0,1,1,0,,,,,,
480227,48,2020,1,20,2,13,28,399,0,1,2,2,3,2,1,4,98,0,0,90,31.62727778,-99.92572222,12,8,0,1,1,1,0,1,1,0,,,,,,
480228,48,2020,1,17,6,13,0,39,0,1,2,2,2,8,1,5,98,0,0,7,29.35205,-95.45167778,12,2,0,1,1,1,0,1,10,0,,,,,,
480229,48,2020,1,22,4,9,45,25,0,2,2,2,3,2,1,3,98,1,0,36,28.49646944,-97.77891389,12,2,0,1,1,1,0,1,2,0,,,,,,
480230,48,2020,1,31,6,8,56,441,30,1,2,2,2,2,2,2,98,1,0,33,32.49079444,-99.76371111,12,2,0,1,1,1,0,1,1,0,,,,,,
480231,48,2020,1,29,4,1,43,113,3420,2,1,1,4,3,2,2,98,1,0,171,32.80247778,-96.922,1,0,1,5,1,4,0,2,10,0,,,,,,
480232,48,2020,1,22,4,21,50,57,0,1,1,1,2,3,1,5,98,0,0,107,28.51801111,-96.78598056,10,0,0,6,1,1,0,3,2,0,,,,,,
480233,48,2020,1,17,6,12,5,385,0,1,2,2,1,2,1,4,98,0,0,143,29.87837222,-99.69224167,8,0,0,1,1,1,0,1,5,0,,,,,,
480234,48,2020,1,19,1,21,40,145,0,1,1,1,1,8,1,5,98,0,0,39,31.33775556,-96.84564444,42,0,0,1,1,4,0,2,1,0,,,,,,
480235,48,2020,1,16,5,15,25,67,310,1,2,2,3,2,2,3,98,1,0,128,33.12568056,-94.178,12,6,0,2,2,1,0,1,2,0,,,,,,
480236,48,2020,1,21,3,0,58,201,3280,1,1,1,2,7,2,5,98,0,0,,29.68101667,-95.42502778,5,0,0,1,1,1,0,3,1,0,,,,,,
480237,48,2020,1,20,2,0,43,201,0,1,1,1,1,6,2,5,98,0,0,0,30.03178611,-95.10452222,34,0,0,1,1,4,0,2,1,0,,,,,,
480238,48,2020,3,10,3,21,10,29,6090,1,2,2,3,6,2,3,98,1,0,0,29.57203056,-98.38028056,12,1,0,2,2,1,0,3,1,0,,,,,,
480239,48,2020,3,1,1,19,9,165,0,1,1,1,2,2,1,3,98,1,0,10,32.726725,-103.06423333,8,0,0,1,1,1,0,3,10,0,,,,,,
480240,48,2020,3,9,2,7,16,367,7280,1,1,1,1,8,2,4,98,0,0,17,32.75119444,-97.78646667,8,0,0,1,1,1,0,2,2,0,,,,,,
480241,48,2020,3,4,4,10,0,379,0,1,2,2,3,2,1,3,98,1,0,78,32.90300833,-95.82696389,12,2,0,1,1,1,0,1,2,0,,,,,,
480242,48,2020,1,22,4,3,42,201,0,1,1,1,1,1,2,1,1,1,0,419,30.00535,-95.42717222,24,0,0,1,1,10,0,3,2,0,,,,,,
480243,48,2020,1,22,4,20,23,453,330,1,2,2,2,6,2,3,98,0,0,0,30.26901389,-97.76068889,12,2,0,1,1,1,0,3,2,0,,,,,,
480244,48,2020,1,22,4,11,11,183,0,1,1,1,1,3,1,4,98,0,0,284,32.39447222,-94.68015278,42,0,0,1,1,4,0,1,2,0,,,,,,
480245,48,2020,1,23,5,5,40,201,0,1,1,1,1,4,2,4,98,0,0,0,29.90117222,-95.48055278,8,0,0,1,1,1,0,2,2,0,,,,,,
480248,48,2020,1,26,1,3,22,375,150,1,1,1,1,6,2,4,98,0,0,0,35.22337222,-101.81765833,8,0,0,1,1,1,0,3,1,0,,,,,,
480249,48,2020,1,26,1,3,20,113,1730,1,1,1,1,1,2,1,31,1,0,279,32.9033,-96.89790833,25,0,1,5,1,10,0,3,10,0,,,,,,
480250,48,2020,1,26,1,16,0,201,3280,1,2,2,2,6,2,4,98,0,0,0,29.81380278,-95.28459167,12,6,0,2,2,1,0,1,1,0,,,,,,
480251,48,2020,1,23,5,18,2,439,260,1,2,2,3,6,2,4,98,0,0,0,32.72337778,-97.14911667,12,6,0,8,1,1,0,5,1,0,,,,,,
480252,48,2020,1,26,1,9,17,61,3030,1,1,1,1,8,2,5,98,0,0,67,26.18734722,-97.75825,8,0,1,3,2,3,0,1,1,0,,,,,,
480253,48,2020,1,28,3,6,36,181,6350,1,2,2,3,2,2,3,98,1,0,181,33.67110556,-96.63537222,12,2,0,1,1,1,0,2,2,0,,,,,,
480254,48,2020,1,26,1,16,33,203,0,1,2,2,2,1,1,1,1,1,0,313,32.49317222,-94.17118611,12,9,0,1,1,1,0,5,10,0,,,,,,
480255,48,2020,1,27,2,6,15,201,0,1,2,2,2,2,2,3,98,1,0,210,29.93553611,-95.03145278,12,6,0,2,2,1,0,2,10,0,,,,,,
480256,48,2020,1,25,7,2,35,225,0,1,1,1,1,2,1,4,98,0,0,118,31.401675,-95.47440556,35,0,0,1,1,4,0,2,1,0,,,,,,
480257,48,2020,1,23,5,2,14,201,3280,1,2,2,2,1,2,1,1,1,0,66,29.83566667,-95.33402778,12,7,0,1,1,1,0,3,2,0,,,,,,
480258,48,2020,1,25,7,20,42,113,1730,1,1,1,1,6,2,7,98,0,0,0,32.72713056,-96.87370278,8,0,0,1,1,1,0,3,1,0,,,,,,
480259,48,2020,1,27,2,21,23,453,330,1,2,2,2,6,2,4,98,0,0,0,30.42674722,-97.67678889,1,0,0,2,2,1,0,3,10,0,,,,,,
480260,48,2020,1,22,4,3,4,227,0,1,2,2,2,1,1,1,1,1,0,126,32.18122222,-101.66329722,12,1,0,1,1,1,0,2,1,0,,,,,,
480261,48,2020,1,24,6,19,56,439,2255,1,2,2,7,3,2,2,31,1,0,,32.83757778,-97.09400833,12,1,0,1,1,1,0,2,1,0,,,,,,
480262,48,2020,1,26,1,2,31,135,5030,1,1,1,2,1,2,1,1,1,0,335,31.82082778,-102.37392778,8,0,0,1,1,1,0,3,1,0,,,,,,