st_case,state,year,month,day,day_week,hour,minute,county,city,fatals_crash,vehicles_total,vehicles_in_transport,persons_total,route,rural_urban,functional_system,road_owner,nhs,special_jurisdiction,milepoint,latitude,longitude,first_harmful_event,manner_collision,rel_jct_interchange,rel_jct_location,intersection_type,relation_to_road,work_zone,light_condition,weather,school_bus_related,ems_notified_hour,ems_notified_min,ems_arrival_hour,ems_arrival_min,hospital_hour,hospital_min
480434,48,2020,2,23,1,18,0,177,0,1,1,1,1,2,1,3,98,1,0,249,29.364325,-97.348175,43,0,0,1,1,4,0,1,1,0,,,,,,
480436,48,2020,2,24,2,5,52,359,0,1,1,1,1,1,1,1,1,1,0,355,35.23874444,-102.40387222,35,0,1,5,1,8,0,2,1,0,,,,,,
480437,48,2020,2,22,7,18,37,21,0,1,1,1,2,3,1,5,98,0,0,18,30.08645556,-97.36047222,8,0,0,1,1,1,0,5,1,0,,,,,,
480438,48,2020,2,27,5,15,20,403,0,1,2,2,2,3,1,5,98,0,0,89,31.35683889,-93.87753889,12,6,0,2,4,1,0,1,1,0,,,,,,
480439,48,2020,2,28,6,14,50,225,0,1,1,1,1,8,1,6,98,0,0,84,31.46913056,-95.53908333,1,0,0,1,1,1,0,1,1,0,,,,,,
480440,48,2020,2,29,7,5,8,245,490,1,2,2,2,2,2,2,98,1,0,25,30.115425,-94.14366667,12,1,0,1,1,1,1,3,1,0,,,,,,
480441,48,2020,2,27,5,22,19,201,0,1,2,1,4,1,2,1,1,1,0,435,29.78353611,-95.110505559999993,14,0,0,1,1,2,0,3,1,0,,,,,,
480443,48,2020,3,2,2,1,35,201,0,1,2,2,2,3,2,3,98,1,0,167,29.69560556,-95.64383333,12,1,0,3,2,1,0,2,1,0,1,41,1,52,,
480444,48,2020,2,15,7,2,5,355,1550,2,2,2,2,2,2,2,98,1,0,201,27.80589722,-97.39758056,12,2,0,1,1,1,0,3,1,0,,,,,,
480445,48,2020,2,25,3,9,17,407,6344,1,1,1,1,2,1,3,98,1,0,44,30.51178333,-94.98754167,72,0,0,1,1,3,0,1,1,0,,,,,,
480446,48,2020,3,11,4,4,6,201,3280,1,1,1,1,8,2,4,98,0,0,0,29.57208333,-95.20034167,98,0,0,1,1,4,0,2,5,0,,,,,,
480447,48,2020,3,1,1,15,20,479,0,1,1,1,2,1,1,1,1,1,0,189,27.92070556,-99.39055,8,0,0,1,1,1,0,1,1,0,,,,,,
480448,48,2020,3,7,7,21,20,71,9997,1,1,1,1,7,2,5,1,0,0,9,29.82216667,-94.89948889,1,0,0,1,1,1,0,3,1,0,,,,,,
480449,48,2020,3,5,5,16,57,201,3890,1,1,1,1,3,2,2,98,1,0,139,29.68845556,-95.03964167,8,0,1,20,1,1,0,1,1,0,,,,,,
480450,48,2020,3,8,1,15,57,21,0,1,2,2,4,3,1,3,98,1,0,82,30.11980833,-97.42836667,12,1,0,1,1,1,0,1,1,0,,,,,,
480451,48,2020,2,24,2,7,6,103,0,1,2,2,2,7,1,5,98,0,0,,31.651475,-102.74642222,12,6,0,1,1,1,0,2,1,0,,,,,,
480452,48,2020,2,29,7,17,30,317,0,1,2,2,2,3,1,4,98,0,0,259,32.16766667,-101.81517778,12,7,0,2,2,1,0,1,1,0,,,,,,
480454,48,2020,3,3,3,22,17,85,4230,1,1,1,1,6,2,4,98,0,0,0,33.17417222,-96.69806944,9,0,0,3,2,1,0,3,10,0,,,,,,
480455,48,2020,3,13,6,23,16,29,6090,1,1,1,1,6,2,4,98,0,0,0,29.43219722,-98.56865278,30,0,0,1,1,4,0,3,1,0,,,,,,
480456,48,2020,3,6,6,13,54,319,0,2,2,2,4,2,1,4,98,0,0,17,30.91710833,-99.28286111,12,2,0,1,1,1,0,1,1,0,,,,,,
480458,48,2020,3,6,6,18,45,113,1730,1,1,1,1,2,2,5,98,0,0,5,32.74638056,-96.74026667,8,0,0,20,1,1,1,2,1,0,,,,,,
480459,48,2020,3,10,3,0,17,157,0,1,2,2,2,3,2,2,98,1,0,103,29.67616667,-95.758375,12,2,0,1,1,1,0,2,10,0,,,,,,
480460,48,2020,2,25,3,19,49,389,5280,1,2,2,3,7,1,5,1,0,0,484,31.402175,-103.56973056,12,6,0,2,2,1,0,2,1,0,,,,,,
480461,48,2020,2,28,6,10,51,373,3934,2,2,2,3,2,1,3,98,1,0,221,30.81821111,-94.87120278,12,6,0,8,1,1,0,1,1,0,,,,,,
480462,48,2020,3,2,2,20,7,277,0,1,1,1,1,3,2,4,98,0,0,,33.60959444,-95.57139167,8,0,0,1,1,1,0,2,1,0,,,,,,
480463,48,2020,3,3,3,12,17,201,3280,2,3,3,4,6,2,3,98,0,0,0,29.70137222,-95.53789167,12,6,0,2,2,1,0,1,10,0,,,,,,
480465,48,2020,3,6,6,7,50,113,1730,1,2,2,2,3,2,3,98,1,0,206,32.7131,-96.69303056,12,6,0,2,2,1,0,1,1,0,,,,,,
480466,48,2020,3,13,6,17,16,113,1730,1,1,1,3,1,2,1,1,1,0,106,32.79735556,-96.68701667,41,0,0,5,1,4,0,1,1,0,,,,,,
480467,48,2020,3,15,1,1,32,167,6860,1,1,1,1,6,2,4,98,0,0,0,29.40810833,-94.98885,33,0,0,1,1,4,0,2,1,0,,,,,,
480468,48,2020,3,10,3,17,50,347,0,1,2,2,3,2,1,3,98,1,0,118,31.72292778,-94.61680278,12,6,0,1,1,1,0,1,1,0,,,,,,
480469,48,2020,3,14,7,3,45,439,6060,2,2,2,2,2,2,4,98,0,0,67,32.88322778,-97.38374444,12,2,0,1,1,1,0,3,2,0,,,,,,
480470,48,2020,3,10,3,6,31,201,3280,1,1,1,1,6,2,3,98,0,0,33,29.73563056,-95.63996667,8,0,0,3,2,1,0,6,1,0,,,,,,
480471,48,2020,3,9,2,5,39,479,3899,1,1,1,3,6,2,3,98,1,0,5,27.50711389,-99.49810556,38,0,0,1,1,5,0,3,1,0,,,,,,
480472,48,2020,2,2,1,15,12,113,4530,1,2,2,3,6,2,4,98,0,0,0,32.83798056,-96.62893056,12,6,0,2,3,1,0,1,1,0,,,,,,
480473,48,2020,2,4,3,13,7,453,330,1,2,2,4,6,2,4,98,0,0,0,30.35413056,-97.68143889,12,6,0,2,3,1,0,1,1,0,,,,,,
480474,48,2020,1,30,5,14,15,29,0,1,2,2,3,3,2,3,98,0,0,0,29.23656389,-98.58337222,12,6,1,2,2,1,0,1,10,0,,,,,,
480475,48,2020,2,2,1,17,41,113,1730,1,1,1,1,1,2,1,1,1,0,98,32.79409722,-96.70044167,8,0,0,1,1,2,0,1,1,0,,,,,,
480476,48,2020,2,2,1,2,6,475,0,1,1,1,1,3,1,4,98,0,0,233,31.38443056,-102.86952222,1,0,0,1,1,4,0,2,1,0,,,,,,
480477,48,2020,2,4,3,5,57,201,3280,1,1,1,1,6,2,7,98,0,0,0,29.85989722,-95.52956944,8,0,0,1,1,1,1,3,10,0,,,,,,
480478,48,2020,2,2,1,18,22,201,3280,1,1,1,2,1,2,1,1,1,0,182,29.70884722,-95.30575556,8,0,0,1,1,1,0,3,1,0,,,,,,
480480,48,2020,2,4,3,16,50,495,0,1,2,2,3,3,1,5,98,0,0,215,31.83265556,-103.1411,12,11,0,1,1,1,0,1,2,0,,,,,,
480481,48,2020,2,2,1,6,20,85,5390,1,1,1,2,6,2,4,98,0,0,0,33.0272,-96.68205,33,0,0,1,1,3,0,4,1,0,,,,,,
480482,48,2020,2,4,3,18,40,439,2450,1,1,1,1,6,2,5,98,0,0,0,32.72708611,-97.43467222,8,0,0,1,1,1,0,3,10,0,,,,,,
480483,48,2020,2,5,4,18,46,141,2190,1,2,2,3,6,2,7,98,0,0,0,31.81398056,-106.46132778,12,6,0,2,2,1,0,2,1,0,,,,,,
480484,48,2020,2,4,3,10,46,255,0,1,2,2,2,3,1,5,98,0,0,198,28.93616944,-97.83569167,12,6,0,2,4,1,0,1,10,0,,,,,,
480485,48,2020,2,1,7,19,59,201,0,1,1,1,1,4,2,4,98,0,0,15,29.93189167,-95.38675556,8,0,0,3,2,1,0,3,1,0,,,,,,
480486,48,2020,2,7,6,2,0,29,6090,1,1,1,1,1,2,1,1,1,0,112,29.42481944,-98.48141667,25,0,0,1,1,3,0,3,1,0,,,,,,
480487,48,2020,2,7,6,14,50,257,9997,1,1,1,1,1,2,1,1,1,0,45,32.69854722,-96.4431,1,0,0,1,1,10,0,1,1,0,,,,,,
480489,48,2020,2,6,5,7,13,201,0,1,1,1,1,4,2,4,98,0,0,0,29.71799722,-95.660475,8,0,0,1,1,1,0,9,1,0,,,,,,
480491,48,2020,2,7,6,14,45,395,0,2,2,2,2,2,1,3,98,1,0,87,30.79758889,-96.50457778,12,2,0,1,1,1,0,1,1,0,,,,,,
480492,48,2020,2,10,2,1,35,453,330,1,2,2,2,6,2,5,98,0,0,0,30.36698056,-97.70063056,12,6,0,2,2,1,0,3,2,0,,,,,,
480493,48,2020,2,2,1,19,45,201,0,1,2,2,2,4,2,4,98,0,0,0,29.956875,-95.49850833,12,6,0,2,2,1,0,3,1,0,,,,,,
480494,48,2020,2,3,2,16,11,381,150,1,3,3,3,1,2,1,1,1,0,128,35.16906944,-101.86715,12,1,1,18,1,1,0,1,1,0,16,13,16,21,16,59
480495,48,2020,2,1,7,18,11,479,3899,1,1,1,1,6,2,6,98,0,0,0,27.5786,-99.49182778,5,0,0,3,3,1,0,1,1,0,,,,,,
480496,48,2020,2,9,1,3,30,29,6090,1,1,1,1,2,2,2,98,1,0,79,29.40078611,-98.53576667,20,0,1,19,1,8,0,3,10,0,,,,,,
480497,48,2020,2,3,2,12,40,201,0,1,1,1,4,4,1,7,98,0,0,0,29.86384444,-95.20018889,5,0,0,8,1,1,0,1,10,0,,,,,,
480499,48,2020,2,2,1,0,13,201,3280,1,1,1,2,1,2,1,1,1,0,180,29.70683056,-95.30275278,8,0,0,1,1,1,0,3,1,0,,,,,,
480500,48,2020,2,8,7,15,20,157,0,1,2,2,4,8,1,5,98,0,0,62,29.40076111,-95.744875,12,2,0,1,1,1,0,1,1,0,,,,,,
480501,48,2020,2,8,7,19,36,439,2450,1,1,1,1,2,2,3,1,1,0,78,32.679625,-97.27221944,8,0,0,1,1,1,0,3,10,0,,,,,,
480502,48,2020,2,9,1,1,7,479,3899,1,1,1,2,6,2,7,98,0,0,0,27.52505,-99.49668889,30,0,0,1,1,4,0,3,1,0,,,,,,
480503,48,2020,2,11,3,9,9,353,6720,1,1,1,1,1,1,1,1,1,0,123,32.45506944,-100.46197778,59,0,1,5,1,4,0,1,2,0,,,,,,
480504,48,2020,2,4,3,12,20,113,1730,1,1,1,1,6,2,4,98,0,0,0,32.75435278,-96.78113889,33,0,0,1,1,4,0,1,1,0,,,,,,
480506,48,2020,2,8,7,9,41,179,0,1,1,1,2,1,1,1,1,1,0,165,35.22668333,-100.5647,25,0,0,1,1,3,0,1,1,0,,,,,,
480507,48,2020,2,6,5,19,50,201,3280,1,1,1,1,6,2,3,98,1,0,0,29.70545556,-95.48267222,33,0,0,1,1,4,0,3,1,0,,,,,,
480508,48,2020,2,11,3,8,0,75,0,1,1,1,4,2,1,3,98,1,0,123,34.37231944,-100.02183056,32,0,0,1,1,3,0,1,4,0,,,,,,
480509,48,2020,2,11,3,2,2,453,330,2,1,1,2,3,2,5,98,0,0,,30.38977778,-97.73379722,25,0,1,3,3,4,0,3,2,0,,,,,,
480510,48,2020,2,7,6,7,34,329,4560,1,2,2,5,6,2,7,98,0,0,0,31.97953333,-102.13738056,12,6,0,2,2,1,0,1,1,0,,,,,,
480511,48,2020,2,10,2,18,55,113,1730,1,1,1,1,2,2,2,98,1,0,64,32.70433889,-96.66608611,52,0,1,19,1,10,0,3,2,0,,,,,,
480512,48,2020,2,14,6,5,53,201,0,2,3,3,3,4,2,4,98,0,0,0,29.946775,-95.27671111,54,11,0,1,1,1,0,2,1,0,,,,,,
480513,48,2020,2,15,7,21,15,251,0,1,2,2,2,4,2,7,98,0,0,0,32.44554722,-97.35323611,12,6,0,2,3,1,0,2,1,0,,,,,,
480514,48,2020,2,8,7,2,16,27,6810,1,3,2,3,7,2,5,98,0,0,217,31.09443333,-97.37676667,12,1,1,3,2,1,0,3,1,0,,,,,,
480515,48,2020,2,7,6,5,38,167,6213,1,2,2,2,3,2,3,98,1,0,75,29.36936944,-95.07963333,12,6,0,2,3,1,0,3,1,0,,,,,,
480516,48,2020,2,10,2,20,54,439,2450,1,3,3,6,6,2,3,98,1,0,120,32.63754167,-97.34854167,12,2,0,1,1,1,0,2,2,0,,,,,,
480517,48,2020,2,2,1,11,7,113,2800,2,1,1,2,6,2,3,98,0,0,0,32.76679444,-96.99483611,30,0,0,3,2,4,0,1,1,0,,,,,,
480518,48,2020,2,15,7,19,39,85,5390,1,1,1,2,6,2,4,98,0,0,0,33.01790278,-96.67692778,8,0,0,1,1,1,0,3,1,0,,,,,,
480519,48,2020,2,15,7,18,42,215,6160,1,2,2,3,3,2,3,98,1,0,142,26.20612222,-98.14093333,12,2,0,1,1,1,0,1,1,0,,,,,,
480520,48,2020,2,17,2,15,20,367,5265,1,2,2,2,8,1,5,98,0,0,132,32.82603889,-97.85465556,12,6,0,2,3,1,0,1,1,0,,,,,,
480521,48,2020,2,12,4,20,50,289,0,1,2,2,5,2,1,3,98,1,0,29,31.42800833,-96.09402222,12,1,0,1,1,1,0,2,1,0,,,,,,
480522,48,2020,2,6,5,9,37,231,4909,1,3,3,4,3,1,4,98,0,0,118,33.19781667,-96.01137778,12,6,0,1,1,1,0,1,10,0,,,,,,
480523,48,2020,2,14,6,2,15,245,490,1,1,1,2,2,2,3,98,1,0,,30.06855278,-94.11190833,9,0,0,1,1,1,0,3,1,0,,,,,,
480524,48,2020,2,17,2,13,48,189,5380,1,2,2,3,8,2,4,98,0,0,29,34.19801667,-101.7072,12,6,0,2,2,1,0,1,1,0,,,,,,
480525,48,2020,2,7,6,20,45,201,3280,1,2,2,5,7,2,5,1,0,0,336,29.88941944,-95.41243611,12,1,1,3,2,1,0,3,1,0,,,,,,
480526,48,2020,2,12,4,16,5,381,0,1,2,2,3,3,2,3,98,1,0,75,35.12029444,-101.81743611,12,2,0,1,1,1,0,1,1,0,,,,,,
480527,48,2020,2,18,3,6,23,439,2450,1,3,3,3,2,2,2,98,1,0,216,32.7453,-97.30591389,12,98,1,18,1,1,0,3,10,0,,,,,,
480528,48,2020,2,8,7,7,36,161,6640,1,1,1,1,1,1,1,1,1,0,302,31.86056944,-96.31131389,42,0,0,1,1,4,0,4,1,0,,,,,,
480529,48,2020,2,6,5,9,1,361,0,1,2,2,2,3,1,4,98,0,0,21,30.228625,-93.88607222,12,6,0,2,3,1,0,1,1,0,,,,,,
480530,48,2020,2,16,1,17,18,69,0,1,1,1,1,4,1,7,98,0,0,0,34.54677222,-102.06974167,1,0,0,1,1,4,0,1,1,0,,,,,,
480531,48,2020,2,8,7,9,57,355,1550,1,1,1,1,6,2,7,98,0,0,0,27.73387222,-97.383575,8,0,0,8,1,1,0,1,1,0,,,,,,
480532,48,2020,2,17,2,3,41,85,5390,3,1,1,3,6,2,4,98,0,0,0,33.086,-96.75364722,33,0,0,1,1,4,0,3,10,0,,,,,,
480533,48,2020,2,10,2,7,27,475,0,2,2,2,6,8,1,4,1,0,0,120,31.44569167,-103.43566111,12,2,0,1,1,1,0,1,2,0,,,,,,
480534,48,2020,2,4,3,17,40,463,0,1,1,1,1,2,1,4,98,0,0,264,29.29265,-99.75875833,32,0,0,1,1,4,0,1,10,0,,,,,,
480535,48,2020,2,14,6,19,52,113,1730,1,2,2,2,6,2,3,98,1,0,0,32.66190556,-96.889075,8,0,0,1,1,1,0,3,1,0,,,,,,
480536,48,2020,2,15,7,16,35,439,3840,1,2,2,3,1,2,1,1,1,0,114,32.81433333,-97.411975,12,1,0,1,1,1,0,1,10,0,,,,,,
480537,48,2020,2,8,7,10,40,113,1730,1,1,1,1,6,2,5,98,0,0,0,32.85911667,-96.86801389,8,0,0,1,1,1,0,1,1,0,,,,,,
480538,48,2020,2,7,6,0,3,347,4810,1,1,1,1,2,2,3,98,1,0,57,31.63063056,-94.68397778,25,0,0,3,3,4,0,3,1,0,,,,,,
480539,48,2020,2,20,5,1,43,29,6090,1,1,1,1,6,2,4,98,0,0,0,29.47899167,-98.58511667,30,0,0,1,1,4,0,3,2,0,,,,,,
480540,48,2020,2,19,4,5,59,367,7280,1,1,1,1,7,2,5,1,0,0,222,32.744525,-97.74377222,8,0,1,18,1,1,0,2,1,0,,,,,,
480541,48,2020,2,20,5,4,6,29,6090,1,1,1,1,6,2,3,98,0,0,0,29.57271944,-98.54784722,42,0,0,1,1,3,0,3,2,0,,,,,,
480542,48,2020,2,17,2,0,38,29,6090,1,2,2,2,6,2,3,98,0,0,0,29.46663056,-98.64698889,12,6,0,2,2,1,0,3,1,0,,,,,,
480543,48,2020,2,21,6,18,50,29,6090,1,1,1,1,3,2,3,98,1,0,235,29.35375556,-98.56564167,8,0,0,1,1,1,0,2,1,0,,,,,,
480544,48,2020,2,19,4,19,24,85,5530,1,3,3,5,8,2,5,98,0,0,27,33.154,-96.49313333,12,6,0,1,1,1,0,2,2,0,,,,,,
480545,48,2020,2,8,7,3,24,427,5780,1,2,2,4,2,2,3,98,1,0,253,26.37924167,-98.88968889,12,1,0,1,1,1,0,2,1,0,,,,,,
480546,48,2020,2,20,5,7,39,29,0,1,1,1,1,6,2,7,98,0,0,0,29.5275,-98.76171944,9,0,0,1,1,1,0,1,10,0,,,,,,
480547,48,2020,2,5,4,15,51,201,0,3,3,3,8,7,2,3,31,1,0,20,29.93712222,-95.48332222,12,6,1,2,2,1,0,1,1,0,15,57,16,1,,
480548,48,2020,2,10,2,16,35,257,0,1,2,2,2,8,2,4,98,0,0,37,32.70547222,-96.49402778,12,2,0,1,1,1,0,1,2,0,,,,,,
480549,48,2020,2,21,6,9,48,29,6090,1,1,1,2,6,2,7,98,0,0,0,29.39850278,-98.53196944,30,0,0,1,1,4,0,1,1,0,,,,,,
480550,48,2020,2,18,3,6,30,201,0,1,4,4,4,8,1,4,98,0,0,385,30.03783056,-95.05022222,12,6,0,2,3,1,0,2,5,0,,,,,,
480551,48,2020,2,21,6,19,2,113,4530,1,1,1,1,6,2,4,98,0,0,0,32.74753889,-96.60740556,30,0,0,1,1,4,0,3,1,0,,,,,,
480552,48,2020,2,22,7,22,10,113,1730,1,1,1,2,1,2,1,1,1,0,73,32.76645833,-96.91273889,8,0,0,1,1,1,0,3,1,0,,,,,,
480554,48,2020,2,22,7,13,33,37,6850,1,2,2,6,3,2,3,98,1,0,98,33.41025833,-94.060575,12,6,0,1,1,1,0,1,1,0,,,,,,
480555,48,2020,2,19,4,7,9,157,6660,1,2,2,2,1,2,1,1,1,0,111,29.56216944,-95.68658889,12,6,1,18,1,1,0,1,10,0,,,,,,
480556,48,2020,2,18,3,17,27,121,3960,1,1,1,1,1,2,1,1,1,0,75,33.05557778,-97.01158889,8,0,0,1,1,1,0,1,1,0,,,,,,
480557,48,2020,2,22,7,20,0,51,0,1,1,1,1,8,1,6,98,0,0,3,30.35529444,-96.66699444,1,0,0,1,1,1,0,2,1,0,,,,,,
480558,48,2020,2,13,5,12,37,21,0,1,2,2,3,8,1,5,98,0,0,,30.00329167,-97.43331389,12,6,0,2,2,1,0,1,1,1,,,,,,
480559,48,2020,2,21,6,20,0,141,2190,1,1,1,2,6,2,4,98,0,0,0,31.85022222,-106.42282222,8,0,0,2,3,1,0,2,1,0,,,,,,
480560,48,2020,2,3,2,0,48,201,3280,1,1,1,1,6,2,5,98,0,0,0,29.93195,-95.39314722,24,0,0,3,3,4,0,2,1,0,,,,,,
480561,48,2020,2,13,5,0,36,309,5845,1,3,2,4,1,2,1,1,1,0,107,31.49032778,-97.15249167,14,0,0,1,1,2,0,3,1,0,,,,,,
480562,48,2020,2,23,1,12,44,113,3420,1,1,1,1,6,2,4,98,0,0,0,32.92018889,-96.95849444,43,0,0,1,1,3,0,1,10,0,,,,,,
480563,48,2020,2,25,3,23,45,361,7200,1,1,1,1,8,2,3,98,1,0,66,30.14829167,-94.01731111,8,0,0,2,3,1,0,2,1,0,,,,,,
480564,48,2020,2,26,4,6,0,29,6090,1,1,1,1,6,2,4,98,0,0,0,29.540408330000002,-98.421525,8,0,0,1,1,1,0,2,1,0,,,,,,
480565,48,2020,2,3,2,17,0,335,0,1,1,1,1,1,1,1,1,1,0,167,32.39198333,-100.92740278,52,0,1,19,1,10,0,1,1,0,,,,,,
480566,48,2020,2,14,6,19,16,453,330,1,1,1,1,7,2,5,98,0,0,25,30.22216944,-97.76367222,15,0,1,18,1,1,0,2,1,0,,,,,,
480567,48,2020,2,15,7,22,36,453,330,1,1,1,1,8,2,4,98,0,0,49,30.17166111,-97.82461667,8,0,0,1,1,1,0,2,1,0,,,,,,
480568,48,2020,2,24,2,19,42,453,0,1,2,2,3,8,1,4,98,0,0,495,30.41075556,-97.51186944,12,6,0,2,3,1,0,2,1,0,,,,,,
480569,48,2020,2,20,5,22,23,65,0,1,1,1,1,1,1,1,1,1,0,3,35.20811944,-101.61776111,1,0,0,1,1,4,0,2,1,0,,,,,,
480570,48,2020,2,16,1,5,11,113,1730,1,4,3,3,6,2,4,98,0,0,0,32.70500556,-96.64863333,12,6,0,2,2,1,0,3,1,0,,,,,,
480571,48,2020,2,12,4,22,45,201,3280,1,2,2,2,1,2,1,1,1,0,328,29.77780278,-95.29059722,8,0,1,18,1,1,0,2,10,0,,,,,,
480572,48,2020,2,19,4,19,25,201,3280,1,2,2,2,6,2,4,98,0,0,0,29.86439444,-95.38475278,8,0,0,3,2,1,0,3,1,0,,,,,,
480573,48,2020,2,17,2,17,4,163,0,1,1,1,1,4,1,7,98,0,0,0,28.84171389,-99.11141667,10,0,0,6,1,1,0,5,1,0,,,,,,
480574,48,2020,2,26,4,8,1,29,6090,1,1,1,1,2,2,3,98,1,0,24,29.37078611,-98.26576944,38,0,0,1,1,5,0,1,1,0,,,,,,
480575,48,2020,2,19,4,19,47,495,0,1,2,2,2,3,1,5,98,0,0,248,31.80683056,-103.23644444,12,6,0,1,1,1,0,2,2,0,,,,,,
480576,48,2020,2,21,6,23,6,339,1510,1,1,1,1,1,2,1,1,1,0,132,30.2973,-95.465675,8,0,1,20,1,1,0,2,1,0,,,,,,
480577,48,2020,2,17,2,8,29,309,0,1,1,1,1,3,1,3,98,1,0,64,31.62989167,-97.02479167,8,0,0,1,1,1,0,2,10,0,,,,,,
480578,48,2020,3,11,4,21,16,439,2450,1,1,1,1,1,2,1,1,1,0,48,32.73909167,-97.48148056,8,0,0,1,1,1,0,3,10,0,,,,,,
480579,48,2020,3,10,3,5,40,339,0,1,1,1,1,4,2,5,98,0,0,0,30.36349167,-95.36475,42,0,0,1,1,4,0,2,10,0,,,,,,
480580,48,2020,2,28,6,15,52,15,0,1,1,1,1,8,1,6,98,0,0,98,29.86274167,-96.21880833,42,0,0,1,1,4,0,1,1,0,,,,,,
480581,48,2020,3,8,1,10,54,89,0,1,1,1,2,1,1,1,1,1,0,194,29.69718056,-96.53096111,38,0,0,1,1,5,0,1,1,0,,,,,,
480582,48,2020,3,8,1,16,32,239,0,1,1,1,1,8,1,6,98,0,0,19,28.95633611,-96.75221111,32,0,0,1,1,4,0,1,1,0,,,,,,
480583,48,2020,3,14,7,22,0,39,1395,1,2,2,3,3,2,3,98,1,0,123,29.00588333,-95.39426389,33,0,1,5,1,8,0,3,1,0,,,,,,
480584,48,2020,3,10,3,18,6,113,1730,1,1,1,1,3,2,3,98,1,0,317,32.69346944,-96.77429722,8,0,0,1,1,1,0,1,1,0,,,,,,
480585,48,2020,3,14,7,2,10,499,0,1,1,1,1,4,1,6,98,0,0,0,32.73815833,-95.485775,35,0,0,1,1,4,0,2,10,0,,,,,,
480586,48,2020,3,11,4,13,54,89,1470,1,2,2,2,3,2,3,98,1,0,124,29.69771667,-96.57471667,12,6,0,1,1,1,0,1,1,0,,,,,,
480587,48,2020,3,6,6,22,50,135,0,1,2,1,2,8,1,4,98,0,0,64,32.067575,-102.287275,14,0,0,1,1,2,0,2,10,0,,,,,,
480588,48,2020,3,11,4,20,38,113,1730,1,1,1,1,6,2,4,98,0,0,0,32.70518056,-96.84002778,8,0,0,1,1,1,1,3,1,0,,,,,,
480589,48,2020,3,5,5,17,22,85,92,1,3,3,3,2,2,2,98,1,0,78,33.07979167,-96.68465556,12,7,1,18,1,1,0,1,1,0,,,,,,
480590,48,2020,2,27,5,7,22,29,6090,1,1,1,1,6,2,7,98,0,0,0,29.56623611,-98.62746944,8,0,0,2,3,1,0,1,1,0,,,,,,
480591,48,2020,3,15,1,7,52,161,0,1,2,2,2,1,1,1,1,1,0,8,31.49630278,-96.09590833,12,2,0,1,1,1,0,4,2,0,,,,,,
480592,48,2020,3,14,7,7,48,399,0,1,2,2,2,3,1,5,98,0,0,99,31.96026667,-100.06283889,12,2,0,1,1,1,0,1,2,0,,,,,,
480593,48,2020,3,5,5,21,38,473,0,1,2,2,2,2,1,4,98,0,0,85,30.06564167,-95.96417778,12,1,0,1,1,1,0,3,10,0,,,,,,
480594,48,2020,2,28,6,8,20,209,0,1,2,2,2,8,1,4,98,0,0,33,30.23736667,-98.06830278,12,2,0,1,1,1,0,1,1,0,,,,,,
480596,48,2020,2,28,6,3,39,181,6350,1,1,1,1,2,2,3,98,1,0,160,33.67108889,-96.67186111,8,0,0,1,1,1,0,2,1,0,,,,,,
480597,48,2020,3,14,7,22,44,289,4350,1,1,1,1,6,1,7,98,0,0,0,31.23921944,-96.253775,9,0,0,1,1,1,0,2,1,0,,,,,,
480598,48,2020,3,8,1,16,10,113,1240,1,1,1,1,7,2,5,98,0,0,185,32.55174722,-96.97528333,59,0,0,1,1,10,0,1,10,0,,,,,,
480599,48,2020,3,6,6,1,30,293,0,1,1,1,1,2,1,4,98,0,0,60,31.67478056,-96.55965556,11,0,0,2,2,1,0,2,1,0,,,,,,
480600,48,2020,3,11,4,14,44,245,490,1,3,2,4,2,2,2,98,1,0,10,30.12934167,-94.16219167,12,6,0,1,1,1,1,1,1,0,,,,,,
480601,48,2020,3,11,4,17,23,253,0,1,2,2,6,2,2,2,98,1,0,397,32.52238611,-99.75420278,12,6,0,2,2,1,0,1,1,0,,,,,,
480602,48,2020,1,27,2,18,58,141,2190,1,2,2,3,6,2,4,98,0,0,0,31.858975,-106.42301667,12,6,0,2,2,1,0,2,1,0,,,,,,
480603,48,2020,2,17,2,10,35,139,4570,1,1,1,1,8,2,5,98,0,0,103,32.48436667,-96.98848889,34,0,0,1,1,4,0,1,1,0,,,,,,
480604,48,2020,2,29,7,2,20,201,3280,2,2,2,2,2,2,2,98,1,0,321,29.85985833,-95.52464444,12,2,1,18,1,1,0,3,10,0,,,,,,
480605,48,2020,3,9,2,7,39,113,4530,1,1,1,1,1,2,1,1,1,0,99,32.83802222,-96.63325556,8,0,1,20,1,1,0,6,2,0,,,,,,
480606,48,2020,3,13,6,9,15,257,4190,1,1,1,1,8,2,5,98,0,0,65,32.39068333,-96.09750556,8,0,0,1,1,1,0,1,2,0,,,,,,
480609,48,2020,3,1,1,23,3,139,0,1,1,1,2,7,2,5,98,0,0,,32.49558611,-96.66430278,1,0,1,5,1,8,0,2,10,0,,,,,,
480610,48,2020,3,18,4,6,24,29,6090,1,1,1,1,6,2,4,98,0,0,0,29.41234444,-98.60666111,8,0,0,1,1,1,0,2,1,0,,,,,,
480611,48,2020,3,18,4,19,36,495,0,1,1,1,1,3,1,4,98,0,0,168,31.77445278,-103.14678611,1,0,0,1,1,4,0,1,2,0,,,,,,
480612,48,2020,3,11,4,15,10,203,0,2,3,3,4,1,1,1,1,1,0,83,32.47666389,-94.56304722,12,1,0,1,1,1,0,1,1,0,,,,,,