st_case,state,year,month,day,day_week,hour,minute,county,city,fatals_crash,vehicles_total,vehicles_in_transport,persons_total,route,rural_urban,functional_system,road_owner,nhs,special_jurisdiction,milepoint,latitude,longitude,first_harmful_event,manner_collision,rel_jct_interchange,rel_jct_location,intersection_type,relation_to_road,work_zone,light_condition,weather,school_bus_related,ems_notified_hour,ems_notified_min,ems_arrival_hour,ems_arrival_min,hospital_hour,hospital_min
481286,48,2020,6,9,3,15,25,241,0,1,1,1,1,2,1,3,98,1,0,14,30.4276,-93.98223333,9,0,0,1,1,1,0,1,1,0,,,,,,
481287,48,2020,5,27,4,14,54,81,0,1,2,2,2,2,1,4,98,0,0,190,31.83080556,-100.29183333,12,2,0,1,1,1,0,1,2,0,,,,,,
481288,48,2020,5,30,7,20,35,25,0,1,2,2,4,2,1,3,98,1,0,28,28.50815833,-97.78013889,51,0,0,1,1,1,0,5,10,0,,,,,,
481289,48,2020,5,25,2,15,18,251,0,1,2,2,2,8,2,4,98,0,0,62,32.45294444,-97.29248611,12,8,0,1,1,1,0,1,10,0,,,,,,
481290,48,2020,6,9,3,12,2,53,0,1,2,2,3,3,1,3,98,1,0,52,30.50005,-98.26727778,12,6,0,2,2,1,0,1,1,0,,,,,,
481291,48,2020,5,17,1,0,1,215,0,1,1,1,3,4,1,7,98,0,0,0,26.17298889,-98.14239444,5,0,0,1,1,1,0,3,1,0,0,13,0,24,0,44
481292,48,2020,6,11,5,21,54,265,0,1,1,1,2,3,1,4,98,0,0,42,30.00072778,-99.14881667,35,0,0,1,1,4,0,2,10,0,,,,,,
481293,48,2020,6,11,5,16,35,201,0,1,1,1,4,4,2,7,98,0,0,0,30.02431667,-95.43315,42,0,0,1,1,4,0,1,1,0,,,,,,
481294,48,2020,3,17,3,2,58,141,2190,1,1,1,2,6,2,3,98,1,0,0,31.75411667,-106.34413333,42,0,0,3,2,3,0,2,1,0,,,,,,
481296,48,2020,4,18,7,14,10,201,3280,1,3,3,1,1,2,1,1,1,0,341,29.72675,-95.46026389,12,1,0,1,1,1,0,1,1,0,,,,,,
481297,48,2020,5,5,3,3,14,29,6090,1,1,1,1,6,2,3,98,0,0,0,29.43693056,-98.49682222,8,0,0,1,1,1,0,3,1,0,,,,,,
481298,48,2020,5,30,7,18,47,361,5100,1,1,1,1,3,1,4,98,0,0,40,30.19948056,-93.76203611,42,0,0,1,1,4,0,1,1,0,,,,,,
481299,48,2020,3,15,1,21,46,201,3280,1,1,1,1,8,2,3,98,0,0,62,29.73645833,-95.59241111,8,0,1,3,2,1,0,3,1,0,,,,,,
481300,48,2020,5,14,5,17,32,439,2450,1,2,2,5,6,2,4,98,0,0,0,32.788125,-97.30855278,12,6,0,2,3,1,0,1,1,0,,,,,,
481301,48,2020,6,14,1,9,5,209,6170,1,1,1,1,6,2,5,98,0,0,0,29.84335278,-97.97641944,10,0,0,6,1,1,0,1,1,0,,,,,,
481302,48,2020,6,8,2,19,57,213,0,1,2,2,3,7,2,3,98,0,0,,32.22281944,-95.86401667,12,6,1,2,2,1,4,5,1,0,,,,,,
481303,48,2020,6,11,5,7,0,117,0,2,2,2,3,8,1,5,98,0,0,145,34.98757222,-102.20436667,12,6,0,8,1,1,0,1,1,0,,,,,,
481304,48,2020,6,12,6,2,13,355,1550,1,1,1,2,3,2,5,98,0,0,143,27.67897778,-97.30969444,33,0,0,1,1,4,0,3,1,0,,,,,,
481305,48,2020,5,16,7,23,10,21,0,1,2,2,2,8,1,5,98,0,0,56,30.26924444,-97.40856944,12,1,0,3,3,1,0,2,1,0,23,12,23,23,0,35
481306,48,2020,6,10,4,16,14,55,4040,1,2,2,3,6,2,5,98,0,0,0,29.86835278,-97.70751111,12,6,0,2,2,1,0,1,1,0,,,,,,
481307,48,2020,6,13,7,0,42,347,0,1,1,1,2,2,1,3,98,0,0,292,31.50364444,-94.70603333,1,0,0,1,1,4,0,2,1,0,,,,,,
481308,48,2020,6,7,1,4,10,11,0,2,1,1,2,3,1,4,98,0,0,38,34.88561944,-101.38558611,1,0,0,1,1,4,0,2,1,0,,,,,,
481309,48,2020,5,14,5,23,11,85,0,1,1,1,2,4,2,7,98,0,0,0,32.98973056,-96.51805278,30,0,0,1,1,4,0,2,1,0,,,,,,
481310,48,2020,5,31,1,15,45,67,0,1,1,1,1,8,1,5,98,0,0,29,33.11507222,-94.64049167,42,0,0,1,1,4,0,1,1,0,,,,,,
481311,48,2020,2,1,7,23,34,215,0,1,2,2,3,6,2,5,98,0,0,0,26.23723333,-98.15313611,12,1,0,1,1,1,0,3,1,0,,,,,,
481312,48,2020,6,2,3,11,45,71,0,1,2,2,2,8,1,4,98,0,0,58,29.85023611,-94.81323889,12,6,0,1,1,1,0,1,1,0,,,,,,
481313,48,2020,6,17,4,18,11,29,6090,1,2,2,4,6,2,4,98,0,0,0,29.40950833,-98.47325278,12,2,0,8,1,1,0,1,1,0,,,,,,
481314,48,2020,6,12,6,4,0,113,1730,1,2,2,3,3,2,3,98,1,0,46,32.93360833,-96.80363889,12,6,0,8,1,1,0,3,1,0,,,,,,
481315,48,2020,6,7,1,21,38,201,0,1,2,2,4,4,2,7,98,0,0,0,29.77340833,-95.16526667,12,6,0,2,2,1,0,2,1,0,,,,,,
481316,48,2020,6,8,2,11,55,399,0,1,1,1,1,3,1,5,98,0,0,70,32.00160278,-100.08231667,1,0,0,1,1,4,0,1,1,0,,,,,,
481317,48,2020,6,13,7,4,58,139,2240,1,2,2,1,1,2,1,1,1,0,69,32.32152778,-96.60648333,8,0,0,1,1,1,0,2,1,0,,,,,,
481318,48,2020,6,17,4,2,15,439,4300,1,1,1,1,6,2,4,98,0,0,0,32.60176944,-97.11240278,33,0,0,1,1,3,0,3,1,0,,,,,,
481319,48,2020,6,2,3,12,44,309,545,1,2,2,2,3,2,3,98,1,0,76,31.60254444,-97.09641667,12,8,0,8,1,11,0,1,1,0,,,,,,
481320,48,2020,6,17,4,17,10,361,7200,1,1,1,1,1,2,1,1,1,0,68,30.13541667,-94.00008889,1,0,0,1,1,4,0,1,1,0,,,,,,
481321,48,2020,6,6,7,15,56,53,0,1,1,1,1,2,1,3,98,1,0,271,30.65521944,-98.25650833,1,0,0,1,1,1,0,1,1,0,,,,,,
481322,48,2020,6,3,4,21,42,27,0,1,2,2,2,1,2,1,1,1,0,29,31.12245278,-97.77638333,12,98,1,18,1,1,0,2,1,0,,,,,,
481323,48,2020,6,5,6,16,55,257,0,1,2,2,2,2,1,3,98,0,0,230,32.71929167,-96.14710556,12,6,0,7,1,1,0,1,1,0,,,,,,
481324,48,2020,5,17,1,16,48,165,0,1,1,1,1,2,1,3,98,0,1,71,32.72852222,-102.95841944,1,0,0,1,1,3,0,1,1,0,16,50,17,4,17,44
481325,48,2020,6,13,7,17,21,29,6090,1,3,3,5,6,2,4,98,0,0,0,29.41335556,-98.45231944,12,6,0,2,2,1,0,1,1,0,,,,,,
481326,48,2020,5,19,3,15,19,113,1730,1,1,1,3,3,2,3,98,1,0,209,32.71321944,-96.69818056,1,0,0,1,1,4,0,1,1,0,,,,,,
481327,48,2020,6,13,7,18,39,167,3850,1,1,1,1,8,2,3,98,1,0,42,29.37880556,-94.9798,30,0,0,1,1,4,0,1,1,0,,,,,,
481328,48,2020,6,10,4,21,7,147,2070,1,2,2,2,8,1,5,98,0,0,18,33.60480556,-96.27780833,12,1,0,1,1,1,0,2,1,0,,,,,,
481329,48,2020,6,17,4,14,12,161,2280,1,2,2,2,2,1,4,98,0,0,214,31.72125556,-96.14035556,12,6,0,2,3,1,0,1,1,0,,,,,,
481330,48,2020,6,18,5,13,9,423,7070,1,2,2,2,8,2,3,98,1,0,,32.28630278,-95.32996111,12,6,0,1,1,4,0,1,1,0,,,,,,
481331,48,2020,6,13,7,0,48,27,3690,1,1,1,1,6,2,5,98,0,0,0,31.12310556,-97.69636667,1,0,0,1,1,1,0,3,1,0,,,,,,
481332,48,2020,6,5,6,12,54,113,1190,1,4,4,9,6,2,2,31,0,0,0,32.9248,-96.93174444,12,1,0,1,1,1,0,1,1,0,,,,,,
481333,48,2020,5,22,6,17,50,1,0,1,1,1,1,4,1,7,98,0,0,0,31.58784167,-95.52575278,32,0,0,1,1,4,0,1,2,0,,,,,,
481334,48,2020,5,23,7,23,0,231,0,1,1,1,2,4,2,6,98,0,0,0,32.873375,-96.09368889,1,0,0,1,1,1,0,2,1,0,,,,,,
481335,48,2020,5,30,7,2,40,375,150,1,1,1,1,6,2,4,98,0,0,0,35.21705278,-101.81854444,24,0,0,1,1,4,0,3,1,0,,,,,,
481336,48,2020,6,14,1,23,49,183,0,1,1,1,1,1,1,1,1,1,0,92,32.43517778,-94.82836667,1,0,1,5,1,4,0,3,1,0,,,,,,
481337,48,2020,6,3,4,2,35,453,0,1,2,2,2,2,2,3,98,1,0,318,30.14979167,-97.69688056,12,6,0,2,3,1,0,3,1,0,,,,,,
481338,48,2020,6,20,7,11,50,361,7200,1,2,2,2,6,2,4,98,0,0,0,30.11937778,-94.02207778,12,6,0,2,2,1,0,1,1,0,,,,,,
481339,48,2020,6,9,3,15,28,113,1730,1,1,1,1,6,2,5,98,0,0,0,32.78595556,-96.71283333,33,0,0,1,1,4,0,1,1,0,,,,,,
481340,48,2020,6,14,1,23,0,291,0,1,1,1,1,8,1,6,98,0,0,23,30.069925,-94.69431389,8,0,0,1,1,1,0,2,1,0,,,,,,
481341,48,2020,6,14,1,20,15,167,2570,1,1,1,3,1,2,1,1,1,0,133,29.29640278,-94.88720278,24,0,0,1,1,4,0,1,1,0,,,,,,
481342,48,2020,6,20,7,2,36,41,970,1,1,1,1,7,2,5,98,0,0,60,30.67804444,-96.34285556,25,0,1,19,1,8,0,3,10,0,,,,,,
481343,48,2020,6,7,1,19,12,339,0,1,1,1,2,4,2,7,98,0,0,0,30.20806944,-95.25596944,38,0,0,1,1,5,0,1,1,0,,,,,,
481344,48,2020,6,17,4,17,0,181,1830,1,4,4,5,2,2,2,98,1,0,94,33.72907778,-96.58559722,12,1,1,18,1,1,0,1,1,0,,,,,,
481345,48,2020,5,18,2,3,35,201,3280,1,1,1,1,6,2,4,98,0,0,0,29.611294440000002,-95.2286,33,0,0,1,1,4,0,3,1,0,,,,,,
481347,48,2020,6,15,2,16,0,201,3280,1,1,1,1,6,2,7,98,0,0,0,29.72751111,-95.64973056,33,0,0,3,2,4,0,1,1,0,,,,,,
481348,48,2020,6,20,7,14,36,37,6850,1,1,1,1,2,2,3,98,1,0,21,33.42123611,-94.07713056,42,0,0,1,1,4,0,1,1,0,,,,,,
481349,48,2020,6,21,1,15,4,167,2570,1,1,1,1,3,2,3,98,1,0,41,29.29989444,-94.79226944,42,0,0,1,1,4,0,1,1,0,,,,,,
481350,48,2020,6,21,1,18,22,453,330,1,2,2,5,2,2,5,98,0,0,,30.35565556,-97.71506111,12,1,0,3,3,1,0,1,1,0,,,,,,
481351,48,2020,6,16,3,21,0,157,5970,1,1,1,1,8,2,4,98,0,0,132,29.51854167,-95.78801667,9,0,0,1,1,1,0,2,1,0,,,,,,
481352,48,2020,6,8,2,0,40,341,0,1,1,1,1,2,2,3,98,1,0,120,35.88461667,-101.97535556,8,0,0,1,1,1,0,2,1,0,,,,,,
481353,48,2020,6,19,6,9,50,245,0,1,2,2,2,3,1,3,98,1,0,201,29.87389167,-94.06255833,12,1,0,7,1,1,0,1,1,0,,,,,,
481354,48,2020,6,15,2,20,49,31,0,2,1,1,2,2,1,3,98,1,0,255,30.13421389,-98.40321944,1,0,0,1,1,4,0,5,1,0,,,,,,
481355,48,2020,6,16,3,15,45,439,502,1,2,2,2,7,2,5,98,0,0,,32.83733056,-97.14186944,12,6,1,2,3,1,0,1,1,0,,,,,,
481356,48,2020,6,21,1,1,12,375,150,1,2,2,5,6,2,5,98,0,0,0,35.1929,-101.8486,12,6,0,2,2,1,0,3,1,0,,,,,,
481357,48,2020,5,29,6,2,10,41,1440,1,1,1,1,6,2,7,98,0,0,0,30.58133056,-96.3174,8,0,0,1,1,1,0,2,1,0,,,,,,
481358,48,2020,6,14,1,4,50,85,4155,1,1,1,1,8,2,4,98,0,0,54,33.11563611,-96.60268611,1,0,0,1,1,4,0,2,1,0,,,,,,
481359,48,2020,6,14,1,19,46,49,0,1,1,1,2,4,1,7,98,0,0,0,31.83870556,-99.06385556,43,0,0,1,1,1,0,1,1,0,,,,,,
481360,48,2020,6,20,7,9,37,77,0,1,1,1,2,2,1,3,98,0,0,64,33.86049722,-98.32627778,59,0,0,1,1,4,4,1,1,0,,,,,,
481361,48,2020,6,12,6,3,39,409,0,1,2,1,2,2,1,3,1,1,0,69,28.06324444,-97.49752778,14,0,0,5,1,2,1,2,1,0,,,,,,
481362,48,2020,6,19,6,0,19,439,2450,1,1,1,1,3,2,3,98,1,0,161,32.740175,-97.28165,8,0,0,1,1,1,0,3,1,0,,,,,,
481363,48,2020,6,20,7,21,32,201,0,2,1,1,3,1,2,1,1,1,0,456,30.06184444,-95.43373611,8,0,0,1,1,1,0,3,1,0,,,,,,
481364,48,2020,6,18,5,2,34,201,0,1,1,1,1,4,2,4,98,0,0,0,29.80159167,-95.70394167,9,0,0,1,1,1,0,2,1,0,,,,,,
481365,48,2020,6,22,2,1,7,29,6090,1,1,1,1,6,2,4,98,0,0,0,29.54819444,-98.37503889,33,0,0,1,1,4,0,3,1,0,,,,,,
481366,48,2020,6,7,1,3,19,201,3280,1,1,1,4,1,2,1,1,1,0,348,29.73873889,-95.45869722,8,0,0,1,1,1,0,3,1,0,,,,,,
481367,48,2020,6,7,1,12,9,185,0,1,2,2,2,8,1,5,98,0,0,108,30.63635278,-96.10074444,1,0,0,1,1,1,0,1,1,0,,,,,,
481368,48,2020,6,7,1,13,3,133,0,1,1,1,1,8,1,6,98,0,0,126,32.27603333,-98.75513056,11,0,0,1,1,1,0,1,1,0,,,,,,
481369,48,2020,5,14,5,13,31,373,0,1,2,2,2,2,1,3,98,1,0,45,31.09561111,-94.81409444,12,6,0,2,3,1,0,1,10,0,,,,,,
481370,48,2020,6,21,1,4,10,439,2450,1,1,1,1,1,2,1,1,1,0,160,32.749675,-97.28942222,21,0,1,19,1,10,0,2,10,0,,,,,,
481371,48,2020,5,16,7,11,25,127,280,1,2,2,4,2,1,3,98,1,0,124,28.44209167,-99.76021389,12,6,0,2,2,1,0,1,1,0,,,,,,
481372,48,2020,6,12,6,21,20,449,0,2,2,2,2,2,1,3,98,1,0,75,33.28471389,-95.07584722,12,2,0,1,1,1,0,2,1,0,,,,,,
481373,48,2020,5,17,1,23,43,21,0,4,2,2,5,3,1,3,98,1,0,76,30.12415556,-97.43630833,12,2,0,1,1,1,0,2,1,0,,,,,,
481374,48,2020,6,13,7,2,0,439,2450,1,1,1,3,6,2,3,98,1,0,0,32.76354167,-97.36091944,23,0,0,1,1,4,0,2,1,0,,,,,,
481375,48,2020,6,15,2,23,5,423,0,1,1,1,1,8,2,5,98,0,0,75,32.22495833,-95.24804167,8,0,0,1,1,1,0,2,10,0,,,,,,
481376,48,2020,6,21,1,2,25,113,2590,1,2,2,2,6,2,4,98,0,0,0,32.93124722,-96.683,12,6,0,2,2,1,0,3,1,0,,,,,,
481377,48,2020,6,18,5,0,10,113,2590,1,1,1,1,1,2,1,1,1,0,270,32.84155556,-96.59222222,8,0,1,18,1,1,0,3,1,0,,,,,,
481378,48,2020,6,21,1,2,47,135,5030,1,1,1,1,3,2,3,98,1,0,131,31.87295278,-102.3127,1,0,0,1,1,10,0,3,1,0,,,,,,
481379,48,2020,6,21,1,2,16,309,7210,1,1,1,3,6,2,5,98,0,0,0,31.57154167,-97.13372222,1,0,0,1,1,4,0,2,10,0,,,,,,
481380,48,2020,6,19,6,10,30,257,0,1,1,1,1,4,1,7,98,0,0,0,32.74465,-96.18078056,38,0,0,1,1,4,0,1,1,0,,,,,,
481381,48,2020,6,14,1,2,37,201,3280,1,3,3,5,1,2,1,1,1,0,185,29.71386667,-95.31210556,12,1,0,1,1,1,0,2,1,0,,,,,,
481382,48,2020,6,8,2,22,8,135,0,1,1,1,1,3,2,3,98,0,0,183,31.88297222,-102.44504722,1,0,0,1,1,3,0,2,1,0,,,,,,
481383,48,2020,6,20,7,15,45,27,3690,2,2,2,5,3,1,3,98,0,0,89,31.00601389,-97.75286667,12,6,0,2,3,1,0,1,10,0,,,,,,
481384,48,2020,6,17,4,3,2,85,2520,1,1,1,2,2,2,3,98,1,0,6,33.21913333,-96.82811667,1,0,0,1,1,4,0,2,1,0,,,,,,
481385,48,2020,6,8,2,23,36,337,0,1,2,1,2,2,1,3,98,1,0,176,33.77849444,-97.68289722,14,0,0,1,1,2,0,2,1,0,,,,,,
481386,48,2020,6,12,6,8,4,339,0,1,2,2,2,8,1,5,98,0,0,237,30.28395278,-95.70178611,12,2,0,1,1,1,0,1,1,0,,,,,,
481387,48,2020,6,14,1,21,12,401,0,1,1,1,1,2,1,3,98,0,0,29,32.12075556,-94.77798889,8,0,0,1,1,1,0,2,1,0,,,,,,
481388,48,2020,6,22,2,17,42,439,4965,1,2,2,2,8,2,3,98,1,0,247,32.87380556,-97.20683333,12,6,0,2,3,1,0,1,1,0,,,,,,
481389,48,2020,6,22,2,9,7,113,2590,1,4,4,4,1,2,1,1,1,0,117,32.85732222,-96.65079167,12,7,1,18,1,1,0,1,10,0,,,,,,
481390,48,2020,6,16,3,16,50,273,0,1,1,1,1,3,1,4,98,0,0,66,27.53288056,-97.95339167,38,0,0,1,1,5,0,1,1,0,,,,,,
481392,48,2020,6,12,6,12,54,231,1060,1,2,2,3,8,1,5,98,0,0,83,33.04321389,-96.17908889,12,2,0,3,2,1,0,1,1,0,,,,,,
481393,48,2020,6,17,4,11,37,491,5990,1,2,2,2,6,2,4,98,0,0,0,30.58416389,-97.614625,12,6,0,2,2,1,1,1,1,0,,,,,,
481394,48,2020,6,14,1,1,45,147,7010,1,2,1,1,3,1,4,98,0,0,121,33.46282222,-96.28306944,8,0,0,1,1,1,0,2,1,0,,,,,,
481395,48,2020,6,23,3,14,36,245,490,1,2,2,2,2,2,2,98,1,0,9,30.131025,-94.16446667,24,0,0,1,1,3,1,1,1,0,,,,,,
481396,48,2020,6,14,1,5,50,401,0,1,1,1,1,3,1,4,98,0,0,46,32.30532778,-94.73970556,32,0,0,1,1,4,0,2,1,0,,,,,,
481397,48,2020,6,15,2,22,8,121,1840,1,1,1,1,2,2,3,98,1,0,27,33.19825278,-97.13831667,8,0,0,1,1,1,0,3,1,0,,,,,,
481398,48,2020,6,24,4,0,27,201,3280,1,2,2,3,2,2,2,98,1,0,347,29.83893889,-95.48958611,12,1,0,1,1,1,0,3,10,0,,,,,,
481399,48,2020,5,4,2,16,26,201,3280,1,2,2,2,6,2,3,98,0,0,0,29.86659167,-95.541172220000007,12,6,0,2,2,1,0,1,1,0,,,,,,
481400,48,2020,6,16,3,13,38,201,3280,1,2,2,6,7,2,5,1,0,0,394,29.96825833,-95.42031944,12,1,0,8,1,1,0,1,1,0,,,,,,
481401,48,2020,6,21,1,10,17,141,6986,1,1,1,1,1,1,1,1,1,0,578,31.44933889,-106.03580278,24,0,0,1,1,3,0,1,1,0,,,,,,
481402,48,2020,6,18,5,22,44,187,9997,1,1,1,1,8,2,6,98,0,0,40,29.81601667,-97.90401389,8,0,0,1,1,1,0,2,1,0,,,,,,
481403,48,2020,6,4,5,12,30,29,6090,1,1,1,2,7,2,4,1,0,0,,29.51634444,-98.45014444,25,0,0,1,1,10,0,1,10,0,,,,,,
481404,48,2020,6,25,5,19,14,453,330,1,1,1,1,6,2,3,98,0,0,0,30.29159167,-97.75052222,33,0,0,1,1,4,0,1,1,0,,,,,,
481405,48,2020,6,21,1,3,37,121,1840,1,7,7,9,1,2,1,1,1,0,140,33.16642222,-97.18433333,52,0,0,1,1,3,0,2,1,0,,,,,,
481406,48,2020,6,19,6,21,32,113,1730,1,2,2,2,6,2,3,98,1,0,0,32.66968056,-96.76923333,8,0,0,1,1,1,0,3,10,0,,,,,,
481407,48,2020,6,16,3,20,16,113,1730,1,2,2,2,6,2,5,98,0,1,0,32.73463333,-96.67428611,12,6,0,8,1,1,0,1,1,0,,,,,,
481408,48,2020,6,19,6,11,12,5,4160,1,3,3,5,6,2,5,98,0,0,0,31.32925833,-94.74055278,12,1,0,3,2,1,0,1,1,0,,,,,,
481409,48,2020,6,21,1,13,28,29,6090,1,3,3,3,6,2,4,98,0,0,0,29.38410556,-98.464325,12,1,0,1,1,1,0,1,1,0,,,,,,
481410,48,2020,6,6,7,1,40,141,2190,1,1,1,1,6,2,3,98,0,0,0,31.89661111,-106.39321389,42,0,0,1,1,4,0,2,1,0,,,,,,
481411,48,2020,6,20,7,22,37,303,4140,2,2,2,6,2,1,3,98,1,0,54,33.53438611,-101.83419167,12,2,0,1,1,1,0,3,1,0,,,,,,
481412,48,2020,6,27,7,22,27,375,150,1,1,1,1,6,2,7,98,0,0,52,35.206025,-101.82441944,30,0,0,1,1,4,0,3,1,0,,,,,,
481413,48,2020,3,13,6,2,10,453,330,1,1,1,2,6,2,3,98,0,0,0,30.24168056,-97.75995,30,0,0,1,1,4,0,3,10,0,,,,,,
481414,48,2020,6,17,4,13,47,201,5230,1,2,2,3,7,2,3,98,1,0,0,29.63290278,-95.16717778,12,11,0,2,2,1,0,1,1,0,,,,,,
481415,48,2020,6,11,5,21,31,201,3280,1,1,1,1,3,2,3,98,1,0,0,29.70464444,-95.556775,8,0,1,3,2,1,0,3,1,0,,,,,,
481416,48,2020,6,19,6,15,54,201,3280,1,2,2,2,6,2,4,98,0,0,0,29.64531389,-95.22653333,12,6,0,2,2,1,0,1,10,0,,,,,,
481417,48,2020,6,26,6,2,25,113,6685,2,2,2,4,2,2,2,98,1,0,90,32.77885556,-96.526525,12,1,0,1,1,1,0,2,1,0,,,,,,
481418,48,2020,6,22,2,10,52,439,260,1,2,2,4,7,2,5,98,0,0,230,32.64626111,-97.18581944,12,6,1,2,3,1,0,1,1,0,,,,,,
481419,48,2020,6,10,4,12,0,201,3280,2,4,2,6,7,2,3,98,0,0,0,29.94025556,-95.30344167,12,6,0,2,2,1,0,1,1,0,,,,,,
481420,48,2020,6,14,1,3,23,113,1730,1,2,2,3,3,2,3,98,1,0,190,32.86365,-96.89713611,12,6,0,2,2,1,0,3,1,0,,,,,,
481421,48,2020,6,19,6,21,14,113,1730,1,2,2,3,3,2,3,98,1,0,40,32.81515278,-96.68792778,12,6,0,2,3,1,0,3,10,0,,,,,,
481422,48,2020,6,26,6,5,55,439,2450,1,2,2,2,6,2,4,98,0,0,0,32.79183056,-97.38425278,12,6,0,2,2,1,0,4,1,0,,,,,,
481423,48,2020,6,13,7,3,30,113,1730,1,3,1,6,6,2,5,98,0,0,0,32.79268889,-96.87903611,14,0,0,1,1,7,0,2,1,0,,,,,,
481424,48,2020,6,21,1,23,46,215,7330,1,2,2,3,8,2,3,98,1,0,182,26.18016667,-97.99103889,12,2,0,1,1,1,0,2,1,0,,,,,,
481425,48,2020,6,28,1,19,28,49,950,1,2,1,1,6,2,4,98,0,0,0,31.69573056,-98.97550278,43,0,0,3,2,5,0,1,1,0,,,,,,
481426,48,2020,6,25,5,19,17,113,1730,1,2,2,2,1,2,1,1,1,0,158,32.76951111,-96.8066,12,6,1,18,1,1,0,1,1,0,,,,,,
481427,48,2020,6,10,4,17,39,367,5705,1,2,2,2,8,1,5,98,0,0,166,32.97956389,-97.55946944,12,6,0,2,3,1,0,8,1,0,,,,,,
481428,48,2020,6,19,6,8,3,491,2620,1,4,4,7,6,2,4,98,0,0,0,30.7361,-97.77333056,12,6,0,2,2,1,0,1,10,0,,,,,,
481429,48,2020,6,26,6,11,30,85,5730,1,1,1,1,8,2,2,31,0,0,0,33.00316667,-96.70701389,25,0,1,5,1,4,0,1,1,0,,,,,,
481430,48,2020,7,1,4,22,20,201,480,1,2,2,3,6,2,4,98,0,0,0,29.77087778,-95.00733889,12,6,0,2,3,1,0,3,1,0,,,,,,
481431,48,2020,5,9,7,10,55,361,7200,1,1,1,1,3,2,4,98,1,0,171,30.150905560000002,-93.97556667,1,0,0,1,1,1,0,1,1,0,,,,,,
481432,48,2020,6,6,7,11,50,159,4760,1,2,2,2,8,1,5,98,0,0,148,33.04983889,-95.16918056,1,0,0,3,2,4,0,1,1,0,,,,,,
481433,48,2020,6,23,3,3,30,141,2190,1,1,1,1,6,2,4,98,0,0,0,31.76328889,-106.43907778,8,0,0,2,3,1,0,2,1,0,,,,,,
481434,48,2020,7,2,5,21,49,141,2190,1,2,2,2,3,2,2,98,1,0,97,31.67756944,-106.33895833,12,1,0,1,1,1,0,3,1,0,,,,,,
481435,48,2020,6,24,4,14,20,29,6090,3,3,3,8,6,2,4,98,0,0,0,29.51092222,-98.49175278,12,6,0,2,3,1,0,1,10,0,,,,,,
481436,48,2020,6,14,1,2,10,141,2190,1,1,1,2,8,2,3,98,0,0,23,31.78948889,-106.23821944,33,0,0,1,1,4,0,3,1,0,,,,,,
481437,48,2020,7,4,7,21,44,113,3880,2,3,2,4,6,2,4,98,0,0,0,32.60471944,-96.78088056,12,6,0,1,1,1,0,3,1,0,,,,,,
481438,48,2020,7,6,2,2,34,291,1770,1,1,1,2,3,1,3,98,0,0,80,29.92791667,-94.90154167,1,0,0,1,1,1,0,2,1,0,,,,,,
481439,48,2020,6,30,3,22,25,113,1730,1,3,3,3,1,2,1,1,1,0,99,32.76720556,-96.86652778,12,1,0,1,1,1,0,3,1,0,,,,,,
481440,48,2020,5,15,6,2,35,453,330,1,1,1,1,1,2,1,1,1,0,276,30.39585556,-97.67206389,8,0,0,1,1,1,0,3,1,0,,,,,,
481441,48,2020,6,21,1,16,55,453,330,1,2,2,3,8,2,3,98,1,0,0,30.36578611,-97.79744444,12,2,0,2,2,1,0,1,1,0,,,,,,
481442,48,2020,7,3,6,17,25,381,150,1,1,1,1,1,2,1,1,1,0,128,35.17201111,-101.86318889,5,0,0,1,1,10,0,1,1,0,,,,,,
481443,48,2020,6,25,5,16,30,441,30,1,1,1,1,6,2,7,98,0,0,0,32.48883333,-99.73950278,21,0,1,3,2,10,0,1,1,0,,,,,,
481444,48,2020,6,28,1,20,17,141,2190,1,1,1,2,6,2,7,98,0,0,0,31.92984722,-106.38100278,8,0,0,1,1,1,0,1,1,0,,,,,,
481445,48,2020,6,20,7,5,34,201,3280,1,1,1,2,6,2,4,98,0,0,0,29.68189167,-95.45935833,9,0,1,2,2,1,0,3,10,0,,,,,,
481446,48,2020,7,3,6,22,14,245,490,1,1,1,1,2,2,3,98,1,0,14,30.06774444,-94.16558611,8,0,0,1,1,1,0,2,1,0,,,,,,
481447,48,2020,5,20,4,10,34,201,3280,1,1,1,1,2,2,1,1,1,0,45,29.69823056,-95.52006667,8,0,0,1,1,1,0,1,1,0,,,,,,
481448,48,2020,6,10,4,5,10,201,3280,1,1,1,1,6,2,3,98,0,0,0,29.64493056,-95.52788889,8,0,0,1,1,1,0,3,10,0,,,,,,
481449,48,2020,6,21,1,1,36,201,3280,1,1,1,1,8,2,3,98,0,0,61,29.95826389,-95.55040278,8,0,0,1,1,1,0,3,1,0,,,,,,
481450,48,2020,6,25,5,11,52,313,4971,1,2,2,2,2,1,3,98,1,0,158,30.91405833,-96.11059722,12,6,0,2,3,1,0,1,1,0,,,,,,
481451,48,2020,6,28,1,19,6,245,490,1,2,1,1,6,2,4,98,0,0,0,30.03561389,-94.08526111,14,0,0,1,1,7,0,1,10,0,,,,,,
481452,48,2020,7,3,6,0,4,453,330,2,1,1,2,6,2,4,98,0,0,0,30.38923056,-97.64748056,42,0,0,1,1,3,0,3,1,0,,,,,,