st_case,state,year,month,day,day_week,hour,minute,county,city,fatals_crash,vehicles_total,vehicles_in_transport,persons_total,route,rural_urban,functional_system,road_owner,nhs,special_jurisdiction,milepoint,latitude,longitude,first_harmful_event,manner_collision,rel_jct_interchange,rel_jct_location,intersection_type,relation_to_road,work_zone,light_condition,weather,school_bus_related,ems_notified_hour,ems_notified_min,ems_arrival_hour,ems_arrival_min,hospital_hour,hospital_min
481453,48,2020,6,30,3,21,58,113,1730,1,2,2,3,6,2,2,98,0,0,0,32.82929722,-96.81582778,12,2,0,1,1,1,0,3,1,0,,,,,,
481454,48,2020,7,3,6,23,32,245,490,1,1,1,1,6,2,3,98,1,0,0,30.05584722,-94.12276111,8,0,0,1,1,1,1,2,10,0,,,,,,
481455,48,2020,6,17,4,10,28,453,4290,1,2,2,2,2,1,3,98,1,0,130,30.35039722,-97.50081111,12,6,0,2,2,1,0,1,1,0,,,,,,
481456,48,2020,7,5,1,3,45,27,6810,1,3,1,1,7,2,5,98,0,0,26,31.08802778,-97.38649444,9,0,0,1,1,4,0,3,1,0,,,,,,
481457,48,2020,6,22,2,19,23,453,330,1,1,1,2,6,2,7,98,0,0,0,30.37196111,-97.68139722,53,0,0,1,1,4,0,1,1,0,,,,,,
481458,48,2020,5,5,3,18,41,231,0,1,2,2,4,3,1,3,98,0,0,108,33.1109,-96.16214722,12,6,0,2,2,1,0,1,1,0,,,,,,
481459,48,2020,5,29,6,18,25,29,6090,1,2,1,2,6,2,7,98,0,0,0,29.47355,-98.65066111,14,0,0,1,1,7,0,1,1,0,,,,,,
481460,48,2020,5,31,1,2,43,339,0,1,1,1,1,1,2,1,1,1,0,7,30.11937222,-95.44136389,8,0,0,1,1,1,0,2,10,0,,,,,,
481461,48,2020,7,6,2,21,0,271,0,1,2,2,2,2,1,3,98,1,0,76,29.16483611,-100.67928056,12,2,0,1,1,4,0,1,1,0,,,,,,
481462,48,2020,2,1,7,19,39,453,330,1,1,1,1,6,2,4,98,0,0,0,30.19082778,-97.73403056,33,0,0,1,1,4,0,2,1,0,19,46,19,50,20,34
481463,48,2020,3,7,7,22,38,215,2110,1,2,2,5,1,2,1,1,1,0,61,26.27298611,-98.15321944,12,1,0,1,1,1,0,6,1,0,,,,,,
481464,48,2020,3,7,7,6,55,145,0,1,1,1,1,8,1,6,98,0,0,64,31.18751111,-96.686625,38,0,0,1,1,5,0,2,10,0,,,,,,
481465,48,2020,3,11,4,22,52,113,1730,1,1,1,1,3,2,3,98,1,0,27,32.76337222,-96.70683889,8,0,0,2,3,1,0,3,1,0,,,,,,
481466,48,2020,3,16,2,16,17,469,0,1,2,2,2,2,2,3,98,1,0,103,28.76346667,-97.09043333,12,2,0,1,1,1,0,1,2,0,,,,,,
481467,48,2020,3,31,3,10,50,73,0,1,2,2,3,2,1,3,98,1,0,151,31.93085833,-95.24364444,12,6,0,4,1,1,0,1,10,0,,,,,,
481468,48,2020,4,12,1,1,4,285,0,1,1,1,1,2,1,3,98,0,0,213,29.14903611,-96.98691111,59,0,0,1,1,4,0,2,2,0,,,,,,
481469,48,2020,4,20,2,15,23,365,0,1,2,2,4,3,1,4,98,0,0,104,32.10141111,-94.46810556,12,2,0,1,1,1,0,1,1,0,,,,,,
481470,48,2020,5,2,7,21,20,423,0,1,1,1,1,4,1,7,98,0,0,0,32.29275278,-95.17748333,11,0,0,1,1,1,0,2,10,0,,,,,,
481471,48,2020,5,7,5,13,21,201,3280,1,2,2,2,6,2,7,98,0,0,0,29.83373889,-95.36146944,12,6,0,2,2,1,0,1,1,0,,,,,,
481472,48,2020,5,12,3,7,10,181,7450,1,2,2,2,2,1,3,98,1,0,36,33.67455,-96.88534167,12,6,0,7,1,1,0,1,2,0,,,,,,
481473,48,2020,5,2,7,12,17,397,5910,1,2,2,4,6,2,4,98,0,0,0,32.93646944,-96.441,12,6,0,2,2,1,0,1,1,0,,,,,,
481474,48,2020,5,1,6,5,37,201,0,1,2,2,2,8,2,3,98,0,0,166,30.07115556,-95.48570278,12,2,0,1,1,1,0,2,1,0,,,,,,
481475,48,2020,5,16,7,7,51,201,3280,1,1,1,1,6,2,4,98,0,0,0,29.75087778,-95.591475,42,0,0,1,1,3,0,1,2,0,,,,,,
481476,48,2020,5,11,2,14,4,141,2190,1,3,3,5,6,1,4,98,0,0,49,31.94613056,-106.40801667,12,2,0,1,1,1,0,1,1,0,,,,,,
481477,48,2020,5,14,5,22,16,29,6090,1,1,1,1,2,2,3,98,1,0,97,29.30775,-98.39315833,8,0,0,1,1,1,0,2,1,0,,,,,,
481478,48,2020,5,13,4,23,35,113,2590,1,2,2,2,1,2,1,1,1,0,296,32.858775,-96.56257778,12,1,0,1,1,1,0,3,1,0,,,,,,
481479,48,2020,5,22,6,5,28,29,6090,1,2,2,2,1,2,1,1,1,0,72,29.65149167,-98.62415556,12,1,0,1,1,1,4,3,1,0,,,,,,
481480,48,2020,5,11,2,5,10,135,0,1,1,1,2,2,1,3,98,1,0,122,31.67730833,-102.33755556,11,0,0,1,1,1,0,2,1,0,,,,,,
481481,48,2020,5,30,7,11,42,467,0,1,2,2,2,8,1,5,98,0,0,3,32.35914167,-95.94195833,12,7,0,3,3,1,0,1,1,0,,,,,,
481482,48,2020,5,1,6,18,11,201,3280,1,2,2,2,6,2,3,98,0,0,0,29.836475,-95.60486667,12,2,0,1,1,1,0,1,1,0,,,,,,
481483,48,2020,5,25,2,12,17,221,0,1,2,2,2,3,1,4,98,0,0,22,32.547,-97.64771667,12,11,0,1,1,1,0,1,2,0,,,,,,
481485,48,2020,5,17,1,2,24,361,0,1,1,1,1,3,2,4,98,1,0,147,30.06305833,-93.82154444,18,0,0,1,1,1,0,2,1,0,2,28,2,38,3,11
481486,48,2020,5,31,1,2,16,451,0,1,1,1,1,2,1,4,98,0,0,87,31.41165556,-100.54590556,8,0,0,1,1,1,0,2,1,0,,,,,,
481487,48,2020,5,8,6,5,54,67,0,1,2,2,2,3,1,4,98,0,1,14,33.20540833,-94.64584444,12,7,0,1,1,1,0,2,2,0,,,,,,
481488,48,2020,5,19,3,13,33,309,0,1,1,1,1,4,1,7,98,0,0,0,31.39889722,-97.16383611,1,0,0,1,1,4,0,1,1,0,,,,,,
481489,48,2020,6,18,5,18,12,121,0,1,2,2,3,8,1,4,98,9,0,200,33.06995833,-97.29566944,12,6,0,2,3,1,0,1,1,0,,,,,,
481490,48,2020,6,20,7,4,45,201,3280,1,1,1,2,7,2,5,1,0,0,215,29.73574722,-95.34871389,8,0,1,18,1,1,0,3,10,0,,,,,,
481491,48,2020,6,29,2,9,39,329,4560,1,2,2,3,8,2,3,98,1,0,13,31.97554444,-102.09006667,12,6,0,1,1,1,0,1,1,0,,,,,,
481492,48,2020,7,2,5,0,45,113,3420,1,1,1,1,6,2,5,98,0,0,0,32.83256389,-97.00964722,59,0,0,3,2,3,0,3,1,0,,,,,,
481493,48,2020,6,2,3,19,47,339,0,1,3,2,3,8,2,5,98,0,0,146,30.25179722,-95.3293,12,6,0,8,1,1,0,1,1,0,,,,,,
481494,48,2020,6,28,1,19,38,29,6090,1,1,1,1,6,2,4,98,0,0,0,29.382425,-98.50427222,33,0,0,1,1,4,0,1,1,0,,,,,,
481495,48,2020,6,11,5,11,30,201,3280,1,1,1,1,6,2,7,98,0,0,0,29.82056944,-95.39251944,9,0,0,2,2,1,0,1,1,0,,,,,,
481496,48,2020,6,26,6,19,15,227,640,1,2,2,2,2,2,3,98,1,0,230,32.24113611,-101.47388333,12,2,0,2,2,1,0,1,1,0,,,,,,
481497,48,2020,6,13,7,20,19,61,0,1,1,1,1,4,1,7,98,0,0,0,26.27018333,-97.53436667,1,0,0,1,1,4,0,2,1,0,,,,,,
481498,48,2020,7,7,3,16,4,439,2990,1,2,2,3,2,2,3,98,1,0,18,32.78165833,-97.28971389,12,98,0,8,1,1,0,1,1,0,,,,,,
481499,48,2020,7,7,3,7,35,201,5230,1,2,2,2,6,2,3,98,1,0,0,29.663575,-95.13268333,7,0,0,1,1,1,0,1,10,0,,,,,,
481500,48,2020,7,6,2,11,1,353,0,1,2,2,3,3,1,4,98,0,0,109,32.32926944,-100.34781111,12,6,0,1,1,1,0,1,1,0,,,,,,
481501,48,2020,6,21,1,20,54,201,0,1,1,1,1,4,2,7,98,0,0,0,29.87690556,-95.34898889,9,0,0,3,2,1,0,2,1,0,,,,,,
481502,48,2020,6,28,1,11,50,395,0,1,3,3,10,2,1,3,98,1,0,47,30.83921111,-96.55070833,12,1,0,1,1,1,0,1,10,0,,,,,,
481503,48,2020,7,3,6,18,45,201,0,1,1,1,2,3,2,2,98,1,0,37,29.8142,-95.77264167,57,0,0,1,1,3,0,1,1,0,,,,,,
481504,48,2020,7,7,3,14,43,201,0,2,2,2,7,1,2,1,1,1,0,484,30.104025,-95.43541111,12,1,0,1,1,1,0,1,1,0,,,,,,
481505,48,2020,6,1,2,16,51,381,150,1,2,2,2,6,2,4,98,0,0,0,35.16989722,-101.81310833,12,6,0,8,1,1,0,1,1,0,,,,,,
481506,48,2020,6,16,3,18,26,177,0,1,2,2,4,7,1,5,1,0,0,,29.65932778,-97.41523056,12,6,1,2,2,1,0,1,1,0,,,,,,
481507,48,2020,6,26,6,18,41,201,480,1,2,2,4,3,2,3,98,0,0,47,29.74875,-94.988075,12,6,0,2,3,1,0,1,10,0,,,,,,
481508,48,2020,5,15,6,23,5,203,4360,1,1,1,1,2,2,3,98,1,0,210,32.54846389,-94.35685556,31,0,0,1,1,5,0,3,2,0,,,,,,
481509,48,2020,7,5,1,0,10,245,490,1,2,2,4,2,2,3,98,1,0,305,30.06529167,-94.20446944,12,6,0,2,3,1,0,2,1,0,,,,,,
481510,48,2020,7,3,6,10,49,143,0,1,2,2,5,3,1,3,98,1,0,115,32.05893333,-98.20644167,12,6,0,2,2,1,0,1,1,0,,,,,,
481511,48,2020,6,29,2,13,25,39,0,1,2,2,2,3,1,4,98,0,0,449,29.144375,-95.60641944,12,2,0,1,1,1,0,1,1,0,,,,,,
481512,48,2020,7,1,4,10,47,441,0,1,1,1,1,1,1,1,1,1,0,117,32.46414444,-99.96312222,57,0,0,1,1,3,0,1,1,0,,,,,,
481513,48,2020,7,9,5,20,22,439,2450,1,2,1,1,1,2,1,1,1,0,130,32.73221389,-97.49805556,8,0,1,5,1,1,0,1,1,0,,,,,,
481514,48,2020,2,8,7,19,40,113,1730,1,1,1,1,3,2,3,98,1,0,16,32.75537222,-96.87076944,30,0,0,1,1,4,4,3,10,0,,,,,,
481515,48,2020,4,6,2,20,30,29,6090,1,1,1,1,6,2,4,98,0,0,0,29.42158611,-98.58477222,8,0,0,1,1,1,0,6,10,0,,,,,,
481516,48,2020,5,19,3,8,55,201,0,1,2,2,2,8,2,3,98,0,1,34,29.93302222,-95.58478889,12,6,0,2,2,1,0,1,1,0,,,,,,
481517,48,2020,5,16,7,23,45,339,0,1,1,1,1,3,1,3,98,1,0,320,30.33156667,-95.30576111,1,0,0,1,1,4,0,2,10,0,,,,,,
481518,48,2020,5,29,6,15,18,201,3280,1,1,1,1,6,2,5,98,0,0,0,29.94251944,-95.43743056,33,0,0,1,1,3,0,1,1,0,,,,,,
481519,48,2020,6,10,4,13,24,25,0,1,2,2,2,3,1,4,98,1,0,73,28.24654444,-97.68316111,12,6,0,3,3,1,0,1,1,0,,,,,,
481520,48,2020,7,10,6,4,13,245,5430,1,2,2,2,3,1,5,1,0,0,112,29.76393056,-93.90013056,12,8,0,1,1,1,0,2,1,0,,,,,,
481521,48,2020,6,27,7,14,51,361,0,1,1,1,1,8,1,5,98,0,0,14,30.14621667,-93.80703333,23,0,0,1,1,4,0,2,10,0,,,,,,
481522,48,2020,7,8,4,22,40,201,3280,1,1,1,1,6,2,3,98,1,0,0,29.88918333,-95.49444444,42,0,0,1,1,3,0,2,1,0,,,,,,
481523,48,2020,7,3,6,5,11,201,3280,1,2,2,8,1,2,1,1,1,0,213,29.78447222,-95.46749444,12,1,1,18,1,1,0,1,1,0,,,,,,
481524,48,2020,7,9,5,8,12,201,3280,1,1,1,1,6,2,4,98,0,0,0,29.85641667,-95.28163889,42,0,0,1,1,3,0,1,1,0,,,,,,
481525,48,2020,6,27,7,0,47,201,3280,1,1,1,1,6,2,4,98,0,0,0,29.66245278,-95.43980833,33,0,1,3,3,10,0,3,1,0,,,,,,
481526,48,2020,7,9,5,20,41,27,0,1,2,2,3,4,2,5,98,0,0,0,31.10860833,-97.52283333,12,2,0,1,1,4,0,5,1,0,,,,,,
481527,48,2020,6,14,1,21,14,201,3280,1,4,4,7,1,2,1,1,1,0,62,29.68063611,-95.37492778,8,0,1,18,1,1,0,2,1,0,,,,,,
481528,48,2020,7,1,4,18,30,347,0,1,1,1,1,8,1,6,98,0,0,4,31.57908333,-94.78679444,32,0,0,1,1,4,0,1,1,0,,,,,,
481529,48,2020,7,4,7,13,0,201,3280,1,4,4,6,6,2,4,98,0,0,0,29.68486389,-95.25537778,12,1,0,3,2,1,0,1,1,0,,,,,,
481530,48,2020,7,6,2,19,0,217,10,1,2,2,2,1,1,1,1,1,0,33,31.885280560000002,-97.08393056,25,0,0,1,1,3,0,1,2,0,,,,,,
481531,48,2020,7,3,6,18,45,203,0,1,1,1,3,8,1,5,98,0,0,2,32.744775,-94.63060556,32,0,0,1,1,4,0,1,10,0,,,,,,
481532,48,2020,6,29,2,23,26,421,0,1,3,3,4,2,1,3,98,1,0,12,36.42264444,-102.16110556,12,2,0,1,1,1,0,2,1,0,,,,,,
481533,48,2020,7,5,1,16,26,203,0,3,2,2,6,2,1,3,98,0,0,173,32.46717778,-94.35619167,12,6,0,2,3,1,0,1,1,0,,,,,,
481534,48,2020,6,19,6,16,30,329,0,1,2,2,2,8,1,4,98,0,0,0,32.00449722,-101.99537778,12,6,0,2,2,1,0,1,1,0,,,,,,
481535,48,2020,7,8,4,15,40,439,2450,1,1,1,1,1,2,1,1,1,0,13,32.66814722,-97.23421389,25,0,0,1,1,4,0,1,1,0,,,,,,
481536,48,2020,6,23,3,22,34,339,0,1,2,2,2,8,1,5,98,0,0,255,30.26277778,-95.70723889,12,2,0,1,1,1,0,2,2,0,,,,,,
481537,48,2020,7,9,5,8,30,117,0,1,2,2,2,2,1,3,98,1,0,64,34.85091667,-102.32388056,12,6,0,7,1,1,0,1,1,0,,,,,,
481538,48,2020,7,2,5,6,35,259,0,1,1,1,1,4,1,7,98,0,0,0,29.82741111,-98.60623056,32,0,0,1,1,4,0,4,1,0,,,,,,
481539,48,2020,7,11,7,3,0,499,0,1,1,1,1,8,1,5,98,0,0,61,32.73568611,-95.42578333,42,0,0,1,1,4,0,2,10,0,,,,,,
481540,48,2020,7,5,1,20,5,39,0,1,1,1,2,4,1,7,98,0,0,0,29.33766389,-95.56854444,1,0,0,1,1,1,0,1,1,0,,,,,,
481541,48,2020,7,7,3,16,10,453,0,1,1,1,1,6,2,7,98,0,0,0,30.42184167,-97.63743056,1,0,0,3,2,1,0,1,1,0,,,,,,
481542,48,2020,7,2,5,17,54,201,3280,1,2,2,2,8,2,3,98,0,0,45,29.73582778,-95.61968889,12,6,0,2,3,1,0,1,1,0,,,,,,
481543,48,2020,7,7,3,12,58,141,2190,1,1,1,1,2,2,3,98,1,0,204,31.95978611,-106.382525,8,0,0,1,1,1,0,1,10,0,,,,,,
481544,48,2020,7,4,7,23,7,257,0,1,2,2,3,8,1,5,98,0,0,33,32.43311944,-96.11228889,12,6,0,2,2,1,0,2,1,0,,,,,,
481545,48,2020,7,4,7,2,1,339,0,1,1,1,1,6,2,7,98,0,0,0,30.10236944,-95.29189722,59,0,0,3,3,4,0,2,1,0,,,,,,
481546,48,2020,7,1,4,21,3,339,0,1,2,2,2,6,2,5,98,0,0,0,30.08734444,-95.19568611,12,2,0,1,1,1,0,2,1,0,,,,,,
481547,48,2020,5,29,6,21,44,201,3280,1,1,1,1,8,2,3,98,0,0,112,29.73743056,-95.51048889,8,0,0,1,1,1,0,3,1,0,,,,,,
481548,48,2020,7,1,4,0,36,491,5990,1,2,2,2,7,2,5,1,0,0,34,30.52931944,-97.69051944,12,1,0,1,1,1,0,2,1,0,,,,,,
481549,48,2020,7,5,1,15,0,109,0,1,1,1,1,1,1,1,1,1,0,66,31.06256111,-104.28132222,1,0,0,1,1,3,0,1,1,0,,,,,,
481550,48,2020,7,9,5,8,32,27,0,1,1,1,1,3,1,4,98,0,0,17,31.25058333,-97.38364722,35,0,0,1,1,4,0,1,1,0,,,,,,
481551,48,2020,7,6,2,3,54,39,0,1,2,2,2,8,1,5,98,0,0,30,29.18698889,-95.49075556,24,0,0,1,1,4,0,2,2,0,,,,,,
481552,48,2020,6,30,3,10,24,451,0,1,2,2,2,8,1,5,98,0,0,0,31.41899167,-100.26082222,12,6,0,2,2,1,0,1,1,0,,,,,,
481553,48,2020,7,5,1,4,50,439,2800,1,1,1,1,3,2,3,31,1,0,209,32.62545,-97.07084722,52,0,1,19,1,8,0,3,1,0,,,,,,
481554,48,2020,7,9,5,13,51,113,1730,1,1,1,1,6,2,2,31,0,0,0,32.95813333,-96.82120556,8,0,0,1,1,1,0,1,1,0,,,,,,
481555,48,2020,6,8,2,21,23,251,1030,1,2,2,4,8,2,4,98,0,0,15,32.53526944,-97.35648056,12,6,0,2,2,1,0,3,1,0,,,,,,
481556,48,2020,6,9,3,0,27,113,1730,1,2,2,2,6,2,4,98,0,0,0,32.77859722,-96.85150556,12,11,0,1,1,1,0,2,1,0,,,,,,
481557,48,2020,6,10,4,20,13,293,0,1,1,1,6,4,1,7,98,0,0,0,31.61560556,-96.48783056,42,0,0,1,1,4,0,2,10,0,,,,,,
481558,48,2020,6,10,4,17,6,329,4560,1,2,2,2,3,2,3,98,1,0,228,32.05219444,-102.05224444,12,7,0,1,1,1,0,1,1,0,,,,,,
481559,48,2020,6,5,6,0,12,113,1240,1,1,1,1,8,2,3,98,1,0,95,32.61946667,-96.97523056,8,0,0,1,1,1,0,2,1,0,,,,,,
481560,48,2020,6,11,5,14,45,453,0,1,2,1,1,3,1,3,98,1,0,66,30.3497,-98.06172778,8,0,0,1,1,2,0,1,1,0,,,,,,
481561,48,2020,6,20,7,20,26,135,5030,1,1,1,1,6,2,7,98,0,0,0,31.81611944,-102.34531111,8,0,0,1,1,1,0,2,1,0,,,,,,
481562,48,2020,6,20,7,7,17,439,502,1,1,1,1,3,2,2,98,1,0,156,32.83695278,-97.13070556,52,0,0,1,1,3,0,1,10,0,,,,,,
481563,48,2020,6,26,6,20,43,293,0,1,1,1,1,8,1,5,98,0,0,47,31.46675833,-96.48516111,11,0,0,1,1,1,0,5,10,0,,,,,,
481564,48,2020,6,26,6,19,12,113,2590,1,1,1,1,1,2,1,1,1,0,104,32.84643611,-96.637225,33,0,1,5,1,4,1,1,1,0,,,,,,
481565,48,2020,7,2,5,5,55,113,1730,1,1,1,1,6,2,4,98,0,0,0,32.92520833,-96.73351111,59,0,0,1,1,4,0,3,10,0,,,,,,
481566,48,2020,7,3,6,20,45,499,0,1,1,1,1,8,1,5,98,0,0,17,32.93771944,-95.27018611,42,0,0,1,1,4,0,2,2,0,,,,,,
481567,48,2020,7,4,7,23,35,299,0,1,1,1,1,3,1,5,98,0,0,61,30.68227778,-98.6874,42,0,0,1,1,4,0,2,1,0,,,,,,
481568,48,2020,6,30,3,22,5,373,0,1,2,2,3,8,1,5,98,0,0,127,30.56923611,-94.63384722,12,2,0,3,4,1,0,2,1,0,,,,,,
481569,48,2020,6,30,3,15,53,149,0,1,2,2,2,3,1,3,98,0,0,0,29.92811667,-96.96418333,12,6,0,2,3,1,0,1,10,0,,,,,,
481570,48,2020,7,2,5,20,49,331,0,1,2,1,1,2,1,3,98,1,0,0,30.69993056,-96.88796944,1,0,0,1,1,4,0,2,1,0,,,,,,
481571,48,2020,7,7,3,18,47,439,2450,1,1,1,1,1,2,1,1,1,0,21,32.66739722,-97.47426111,30,0,1,19,1,4,0,1,1,0,,,,,,
481572,48,2020,6,10,4,6,9,453,0,1,1,1,1,3,1,3,98,1,0,36,30.387425,-98.08643611,8,0,0,1,1,1,0,4,1,0,,,,,,
481573,48,2020,6,30,3,22,46,441,0,1,1,1,1,2,1,3,98,1,0,153,32.08923611,-99.906225,1,0,0,1,1,4,0,2,2,0,,,,,,
481574,48,2020,6,28,1,22,10,201,0,1,1,1,1,4,2,5,98,0,0,0,29.86659444,-95.32688333,8,0,0,1,1,1,0,3,1,0,,,,,,
481575,48,2020,6,20,7,22,36,309,0,1,1,1,1,3,1,3,98,1,0,138,31.70823056,-96.93864167,1,0,0,1,1,3,0,2,10,0,,,,,,
481576,48,2020,6,29,2,2,0,467,0,1,1,1,2,3,1,5,98,0,0,163,32.40574722,-96.05391667,38,0,0,1,1,4,0,2,1,0,,,,,,
481577,48,2020,7,4,7,11,3,201,0,1,2,2,2,4,2,4,98,0,0,0,29.98989722,-95.43128333,12,7,0,8,1,1,0,1,1,0,,,,,,
481578,48,2020,7,2,5,21,1,85,0,1,1,1,4,8,1,5,98,0,0,31,33.25891944,-96.4291,52,0,0,1,1,4,0,2,1,0,,,,,,
481579,48,2020,7,5,1,0,41,85,0,1,1,1,1,8,2,5,98,0,0,110,33.10263333,-96.50551667,8,0,0,1,1,1,0,2,1,0,,,,,,
481580,48,2020,6,23,3,2,27,453,9997,1,2,2,5,8,2,4,98,0,0,26,30.10462778,-97.76508889,12,2,0,1,1,1,0,2,10,0,,,,,,
481581,48,2020,7,1,4,21,50,135,0,1,2,2,2,7,2,5,1,0,0,262,31.78468333,-102.48408611,12,2,0,2,4,1,0,2,1,0,,,,,,
481582,48,2020,7,2,5,20,3,199,0,1,2,2,5,8,2,4,98,0,0,74,30.42042778,-94.18266944,12,2,0,2,3,1,0,1,1,0,,,,,,
481583,48,2020,7,12,1,22,10,113,1730,1,2,2,4,1,2,1,1,1,0,273,32.89340556,-96.89810278,12,7,0,1,1,1,0,3,1,0,,,,,,
481584,48,2020,7,9,5,22,28,471,0,2,2,2,3,8,1,5,98,0,0,27,30.66844167,-95.452575,12,2,0,1,1,1,1,2,1,0,,,,,,
481585,48,2020,3,29,1,5,17,453,330,1,2,2,2,8,2,4,98,0,0,132,30.186775,-97.64649167,12,2,0,1,1,1,0,2,1,0,,,,,,
481586,48,2020,7,10,6,4,34,453,330,1,1,1,2,1,2,1,1,1,0,,30.12938611,-97.80036944,8,0,0,1,1,1,0,3,1,0,,,,,,
481587,48,2020,7,9,5,6,16,439,0,1,2,1,2,1,2,1,1,1,0,28,32.6947,-97.52000278,8,0,0,1,1,1,0,2,1,0,,,,,,
481588,48,2020,7,5,1,17,15,61,0,1,3,2,4,4,2,5,98,0,0,0,25.93447222,-97.41788889,14,0,0,3,3,7,0,1,1,0,,,,,,
481589,48,2020,7,13,2,22,34,113,1870,1,2,2,3,8,2,3,98,1,0,211,32.58970556,-96.83858056,12,6,0,2,2,1,0,3,1,0,,,,,,
481590,48,2020,7,7,3,20,16,245,490,1,2,2,3,1,2,1,1,1,0,7,30.07879167,-94.13569444,12,1,0,1,1,1,0,3,1,0,,,,,,
481592,48,2020,7,8,4,16,44,201,480,1,6,6,8,7,2,5,98,0,0,27,29.76989167,-95.01340278,12,6,0,2,2,1,0,1,10,0,,,,,,
481593,48,2020,7,8,4,19,39,491,2620,1,2,2,2,3,2,3,98,1,0,101,30.63272778,-97.71031389,12,6,0,2,2,1,0,1,1,0,,,,,,
481594,48,2020,7,12,1,16,46,209,6170,1,2,2,2,6,2,5,98,0,0,0,29.90195556,-97.91568056,12,6,0,8,1,1,0,1,1,0,,,,,,
481595,48,2020,7,12,1,7,51,339,1510,1,1,1,3,1,2,1,1,1,0,79,30.226775,-95.45780278,52,0,0,1,1,10,0,1,10,0,,,,,,
481596,48,2020,7,2,5,8,47,219,0,1,1,1,1,3,1,6,98,0,0,211,33.59275278,-102.258575,8,0,0,1,1,1,0,1,1,0,,,,,,
481597,48,2020,7,7,3,20,57,121,3960,1,1,1,1,6,2,5,98,0,0,0,33.05388611,-97.02842222,8,0,0,1,1,1,0,5,1,0,,,,,,
481598,48,2020,7,4,7,1,16,135,5030,1,2,2,2,1,2,1,1,1,0,386,31.86318056,-102.30711944,12,2,1,18,1,1,0,3,1,0,,,,,,
481599,48,2020,7,9,5,19,51,229,0,1,1,1,1,4,1,7,98,0,0,0,31.60131944,-105.97748889,41,0,0,1,1,4,0,1,1,0,,,,,,
481600,48,2020,7,5,1,19,34,113,2590,1,2,1,1,6,2,7,98,0,0,0,32.92699444,-96.61248611,8,0,0,1,1,1,0,1,10,0,,,,,,
481601,48,2020,7,13,2,16,40,201,0,1,2,2,2,8,2,3,98,0,0,122,30.00597778,-95.46590556,12,6,0,2,3,1,0,1,1,0,,,,,,
481603,48,2020,7,13,2,12,19,113,3880,1,2,2,2,6,2,4,98,0,0,0,32.60465833,-96.78183333,12,6,0,1,1,1,0,1,1,0,,,,,,
481604,48,2020,7,13,2,23,9,29,0,1,2,2,3,1,1,1,1,1,0,23,29.24725,-98.75599722,8,0,0,1,1,1,0,2,1,0,,,,,,
481605,48,2020,6,12,6,22,26,209,0,1,3,3,7,4,2,7,98,0,0,0,29.83258056,-97.92708611,12,1,0,1,1,1,4,2,1,0,,,,,,
481606,48,2020,7,9,5,17,33,85,5530,1,3,3,5,2,2,3,98,1,0,175,33.17493889,-96.50947222,12,6,0,8,1,1,0,1,1,0,,,,,,
481607,48,2020,7,9,5,3,32,113,1730,1,1,1,1,6,2,4,98,0,0,0,32.65399444,-96.80564444,8,0,0,1,1,1,0,3,1,0,,,,,,
481608,48,2020,7,10,6,5,29,201,3280,1,1,1,1,8,2,3,98,1,0,5,29.63225,-95.35576667,8,0,0,2,3,1,0,3,1,0,,,,,,
481609,48,2020,7,7,3,21,55,485,0,1,2,2,2,2,1,3,98,1,0,232,33.86045278,-98.63144167,12,1,0,8,1,1,0,3,1,0,,,,,,
481610,48,2020,7,4,7,6,27,445,0,2,2,2,2,2,1,4,98,0,0,140,33.18139722,-102.35244722,12,2,0,1,1,1,0,1,1,0,,,,,,
481611,48,2020,7,8,4,2,3,47,2290,1,1,1,3,6,1,5,98,0,0,0,27.22029167,-98.14891944,42,0,0,1,1,4,0,2,1,0,,,,,,
481612,48,2020,6,26,6,21,8,507,0,1,2,2,2,2,1,3,98,0,0,92,28.93028056,-99.961325,12,1,0,1,1,1,0,2,10,0,,,,,,
481613,48,2020,4,5,1,19,19,209,0,1,1,1,1,2,1,3,98,1,0,57,30.20576667,-98.14661667,32,0,0,1,1,4,0,2,1,0,,,,,,
481614,48,2020,6,30,3,7,51,251,0,1,1,1,1,6,2,7,98,0,0,0,32.47644722,-97.30786111,1,0,0,1,1,4,0,1,1,0,,,,,,
481615,48,2020,7,12,1,10,47,409,0,1,2,2,4,3,1,5,98,0,0,5,28.03324722,-97.23839167,12,6,0,2,2,1,0,1,1,0,,,,,,
481616,48,2020,6,21,1,19,33,339,0,1,4,4,5,3,2,4,98,0,0,92,30.21565833,-95.37786944,12,8,0,1,1,1,0,1,2,0,,,,,,
481617,48,2020,7,11,7,4,7,439,2450,1,1,1,2,6,2,7,98,0,0,0,32.88748889,-97.35498333,3,0,0,1,1,4,0,2,1,0,,,,,,
481618,48,2020,7,7,3,20,19,135,0,1,2,2,2,3,2,3,98,0,0,146,31.90281389,-102.42775,12,6,0,2,3,1,0,5,1,0,,,,,,
481619,48,2020,7,15,4,4,52,113,4530,1,1,1,1,6,2,3,98,1,0,0,32.829125,-96.59570556,42,0,0,1,1,3,0,6,1,0,,,,,,
481620,48,2020,5,6,4,12,39,61,940,1,1,1,1,8,2,3,98,1,0,0,25.97956667,-97.51341944,59,0,0,1,1,4,0,1,1,0,,,,,,