st_case,state,year,month,day,day_week,hour,minute,county,city,fatals_crash,vehicles_total,vehicles_in_transport,persons_total,route,rural_urban,functional_system,road_owner,nhs,special_jurisdiction,milepoint,latitude,longitude,first_harmful_event,manner_collision,rel_jct_interchange,rel_jct_location,intersection_type,relation_to_road,work_zone,light_condition,weather,school_bus_related,ems_notified_hour,ems_notified_min,ems_arrival_hour,ems_arrival_min,hospital_hour,hospital_min
481790,48,2020,7,24,6,17,50,187,0,1,2,2,2,2,1,4,98,0,0,181,29.57493056,-97.90495278,12,6,0,8,1,1,0,1,1,0,,,,,,
481791,48,2020,7,16,5,23,22,205,0,1,2,2,3,2,1,4,98,0,0,173,35.85109444,-102.37724722,12,6,0,2,3,1,0,2,1,0,,,,,,
481792,48,2020,7,31,6,21,9,439,2450,1,2,2,2,6,2,3,98,1,0,201,32.57788056,-97.31568056,12,6,0,8,1,1,0,3,1,0,,,,,,
481793,48,2020,7,25,7,3,7,29,6090,1,2,2,3,6,2,3,98,1,0,173,29.53855278,-98.50651667,12,1,0,3,3,1,0,3,1,0,,,,,,
481794,48,2020,8,1,7,21,0,139,9997,1,2,2,5,2,2,3,98,1,0,13,32.52268056,-97.08188056,12,1,0,1,1,1,0,2,1,0,,,,,,
481795,48,2020,7,3,6,9,53,185,0,1,1,1,1,3,1,4,98,0,0,61,30.59856667,-96.09878056,38,0,0,1,1,5,0,1,10,0,,,,,,
481796,48,2020,7,31,6,18,16,39,3800,1,1,1,2,6,2,4,98,0,0,0,29.04048056,-95.42499444,5,0,0,1,1,1,0,1,1,0,,,,,,
481797,48,2020,7,27,2,23,28,113,1730,1,1,1,2,6,2,5,98,0,0,0,32.91132778,-96.75813333,33,0,0,1,1,4,0,3,1,0,,,,,,
481798,48,2020,7,30,5,22,8,375,150,1,1,1,1,7,2,5,98,0,0,,35.19565556,-101.86006111,59,0,0,3,3,4,0,3,1,0,,,,,,
481799,48,2020,7,29,4,21,19,201,3280,1,1,1,1,6,2,4,98,0,0,0,29.70745833,-95.521375,8,0,0,3,2,1,0,3,1,0,,,,,,
481800,48,2020,7,17,6,6,14,201,3280,1,1,1,1,6,2,3,98,1,0,0,29.72350833,-95.39014722,8,0,0,3,2,1,0,4,10,0,,,,,,
481801,48,2020,7,4,7,18,1,201,3280,1,1,1,2,6,2,7,98,0,0,0,29.58517222,-95.14864722,42,0,0,1,1,4,0,1,1,0,,,,,,
481802,48,2020,7,26,1,22,44,303,4140,2,2,2,3,8,2,4,98,0,0,150,33.47616944,-101.92228333,12,2,0,2,2,1,0,3,1,0,,,,,,
481803,48,2020,7,27,2,16,45,491,3478,1,1,1,1,1,1,1,1,1,0,239,30.81088889,-97.61369167,39,0,0,1,1,4,0,1,10,0,,,,,,
481804,48,2020,7,25,7,21,30,231,9997,1,3,3,3,1,1,1,1,1,0,3,32.98117222,-96.29241667,12,2,0,1,1,1,0,2,1,0,,,,,,
481805,48,2020,7,22,4,15,55,277,0,1,2,2,2,2,1,3,98,1,0,22,33.6028,-95.81891667,12,2,0,1,1,1,0,1,1,0,,,,,,
481806,48,2020,8,1,7,23,0,341,0,1,1,1,1,8,1,5,98,0,0,145,35.83938056,-101.99877222,1,0,0,1,1,4,0,2,1,0,,,,,,
481807,48,2020,7,26,1,3,10,21,0,2,1,1,2,8,1,5,98,0,0,10,30.22431389,-97.47493333,1,0,0,1,1,4,0,2,1,0,,,,,,
481808,48,2020,5,1,6,15,52,303,4140,1,2,2,4,6,2,4,98,0,0,0,33.54876944,-101.97440833,12,6,0,2,2,1,0,1,1,0,,,,,,
481809,48,2020,6,27,7,2,20,353,0,2,2,2,3,3,1,4,98,0,0,37,32.43084722,-100.393175,12,2,0,1,1,1,0,2,1,0,,,,,,
481810,48,2020,6,26,6,11,15,221,0,1,2,2,3,8,1,5,98,0,0,110,32.44514444,-97.66764167,12,6,0,2,3,1,0,1,1,0,,,,,,
481811,48,2020,7,24,6,14,32,409,240,1,1,1,3,3,2,4,98,0,0,,27.90221944,-97.145775,8,0,0,1,1,4,1,1,1,0,,,,,,
481812,48,2020,7,18,7,13,15,489,0,1,1,1,1,3,1,4,98,0,0,64,26.47856111,-97.89482778,38,0,0,1,1,5,1,1,2,0,,,,,,
481814,48,2020,7,26,1,6,25,271,0,2,1,1,10,8,1,5,98,0,0,127,29.53916389,-100.39890833,17,0,0,1,1,4,0,2,1,0,,,,,,
481815,48,2020,7,23,5,9,28,65,0,1,2,2,2,3,1,1,1,1,0,140,35.21833056,-101.38254444,12,6,1,2,2,1,0,1,1,0,,,,,,
481816,48,2020,8,2,1,3,15,439,2450,1,1,1,2,1,2,1,1,1,0,328,32.711975,-97.22945556,1,0,0,1,1,4,0,3,1,0,,,,,,
481817,48,2020,7,30,5,22,0,227,0,1,1,1,1,7,1,5,98,0,0,,32.28769167,-101.32658889,8,0,0,1,1,1,0,2,2,0,,,,,,
481818,48,2020,7,29,4,16,55,135,5030,1,2,2,2,6,2,5,98,0,0,0,31.84831944,-102.403,12,6,0,2,2,1,0,1,1,0,,,,,,
481819,48,2020,7,25,7,13,10,231,0,1,1,1,2,3,1,3,98,0,0,97,32.99331667,-96.10809167,34,0,0,1,1,4,0,1,1,0,,,,,,
481820,48,2020,7,25,7,8,10,135,0,1,2,2,5,7,2,5,98,0,0,,31.78945278,-102.47500833,12,2,1,3,4,1,0,4,1,0,,,,,,
481821,48,2020,7,23,5,5,30,61,4111,1,1,1,1,2,1,3,98,0,0,84,26.05138889,-97.73686111,8,0,0,1,1,1,0,2,1,0,,,,,,
481822,48,2020,8,2,1,1,32,201,0,1,3,3,6,7,2,5,1,0,0,70,29.78454722,-95.6957,12,1,0,1,1,1,0,2,1,0,,,,,,
481823,48,2020,7,19,1,10,28,29,6090,1,2,2,4,8,2,3,98,1,0,100,29.45929722,-98.40476389,1,0,1,2,4,1,0,1,1,0,,,,,,
481824,48,2020,5,17,1,15,50,245,5430,1,1,1,1,6,2,4,98,0,0,0,29.90086667,-93.93991667,1,0,0,1,1,4,0,1,10,0,,,,,,
481825,48,2020,6,7,1,3,37,85,4230,1,1,1,1,2,2,2,98,1,0,9,33.17152222,-96.64059167,8,0,1,18,1,1,0,3,1,0,,,,,,
481826,48,2020,6,11,5,22,14,29,6090,1,1,1,1,7,2,5,1,0,0,305,29.41130278,-98.38964444,8,0,0,1,1,1,0,2,1,0,,,,,,
481827,48,2020,6,13,7,3,6,361,885,1,2,2,2,8,2,3,98,0,0,15,30.04891667,-93.90036667,12,6,0,1,1,1,0,2,1,0,,,,,,
481828,48,2020,6,22,2,16,0,5,0,1,2,1,3,8,1,5,98,0,0,14,31.27194722,-94.63671111,43,0,0,1,1,4,0,1,1,0,,,,,,
481829,48,2020,6,12,6,2,50,367,0,1,1,1,1,4,2,5,98,0,0,0,32.7378,-97.70273889,32,0,0,1,1,4,0,2,1,0,,,,,,
481830,48,2020,6,12,6,11,25,123,0,2,2,2,4,2,1,3,98,0,0,205,29.08414444,-97.25145,12,1,0,8,1,1,0,1,1,0,,,,,,
481831,48,2020,6,7,1,21,33,157,0,1,1,1,1,3,2,3,98,1,0,14,29.68037778,-95.64359167,8,0,0,1,1,1,0,3,1,0,,,,,,
481832,48,2020,6,20,7,1,27,349,0,1,1,1,2,7,2,5,1,0,0,159,32.06829167,-96.45070278,1,0,1,19,1,4,0,2,10,0,,,,,,
481833,48,2020,6,6,7,5,55,109,0,1,1,1,1,2,1,3,98,1,0,97,31.96130833,-104.678175,1,0,0,1,1,4,0,3,1,0,,,,,,
481834,48,2020,6,22,2,8,35,201,0,1,3,3,4,4,2,4,98,0,0,0,30.00918889,-95.54530278,12,11,0,1,1,1,0,1,2,0,,,,,,
481835,48,2020,6,21,1,3,18,451,0,2,2,2,2,2,1,3,98,1,0,44,31.23636944,-100.48771111,12,2,0,1,1,1,0,2,1,0,,,,,,
481836,48,2020,6,14,1,21,43,139,0,1,2,1,1,8,2,4,98,0,0,51,32.40374444,-96.77057778,1,0,0,1,1,4,0,2,1,0,,,,,,
481837,48,2020,6,28,1,1,40,183,0,1,1,1,1,3,1,3,98,0,0,10,32.60312222,-94.75386389,1,0,0,1,1,8,0,2,1,0,,,,,,
481838,48,2020,6,21,1,7,5,19,0,1,2,2,4,3,1,3,98,0,0,127,29.71382778,-98.89418056,12,2,0,1,1,1,0,1,1,0,,,,,,
481839,48,2020,6,23,3,5,8,473,0,1,1,1,1,3,1,5,98,0,0,18,30.066275,-96.09754444,11,0,0,1,1,1,0,2,1,0,,,,,,
481840,48,2020,6,26,6,2,20,89,0,1,1,1,1,1,1,1,1,1,0,236,29.71643889,-96.46356389,8,0,0,1,1,1,0,2,10,0,,,,,,
481841,48,2020,6,26,6,6,24,259,0,1,1,1,1,1,1,1,1,1,0,19,29.97256111,-98.89318056,59,0,0,1,1,10,0,4,10,0,,,,,,
481842,48,2020,6,25,5,10,51,201,0,2,2,2,4,4,2,4,98,0,0,0,29.79000556,-95.12446944,12,6,0,1,1,1,0,1,2,0,,,,,,
481843,48,2020,6,25,5,7,34,89,0,1,2,2,3,8,1,5,98,0,0,70,29.50595556,-96.33426389,12,2,0,1,1,1,0,1,2,0,,,,,,
481844,48,2020,6,27,7,14,50,347,0,1,1,1,4,8,1,5,98,0,0,147,31.58181944,-94.74482778,1,0,0,1,1,4,0,1,1,0,,,,,,
481845,48,2020,6,27,7,23,30,223,0,1,1,1,1,8,1,5,98,0,0,52,33.19778889,-95.51960556,38,0,0,1,1,5,0,2,1,0,,,,,,
481846,48,2020,6,22,2,19,30,203,0,1,2,2,2,1,1,1,1,1,0,189,32.49014444,-94.38422222,12,7,0,1,1,1,0,1,1,0,,,,,,
481847,48,2020,6,24,4,6,8,29,0,1,2,2,2,3,2,4,98,0,0,115,29.33101667,-98.688475,12,2,0,1,1,1,0,1,1,0,,,,,,
481848,48,2020,6,13,7,2,59,361,885,1,1,1,1,6,2,5,98,0,0,0,30.02418056,-93.84579722,9,0,0,1,1,1,0,3,1,0,,,,,,
481849,48,2020,6,22,2,5,31,127,0,1,1,1,1,3,2,5,98,0,0,26,28.56202778,-99.85292778,1,0,0,1,1,4,0,2,1,0,,,,,,
481850,48,2020,6,18,5,17,43,139,0,1,1,1,2,4,2,5,98,0,0,0,32.49146944,-96.69935278,1,0,0,1,1,4,0,1,1,0,,,,,,
481851,48,2020,6,21,1,2,17,139,0,1,2,2,3,1,1,1,1,1,0,126,32.25928333,-96.87293611,12,2,0,1,1,1,0,2,1,0,,,,,,
481852,48,2020,6,27,7,15,15,1,0,1,1,1,1,3,1,3,98,0,0,49,32.00450833,-95.52401389,1,0,0,1,1,3,0,1,1,0,,,,,,
481853,48,2020,6,22,2,8,25,423,0,1,2,2,4,4,2,3,98,0,0,0,32.35950556,-95.42873333,12,1,0,1,1,1,0,1,2,0,,,,,,
481854,48,2020,6,7,1,4,13,61,0,1,2,2,6,3,1,5,98,0,0,316,25.99173056,-97.17939444,12,8,0,2,3,1,0,2,1,0,,,,,,
481855,48,2020,6,8,2,0,45,51,0,1,1,1,2,8,1,6,98,0,0,29,30.33660556,-96.58754722,11,0,0,1,1,1,0,2,1,0,,,,,,
481856,48,2020,7,20,2,19,45,9,0,1,2,2,4,2,1,4,98,0,0,29,33.80751111,-98.48345278,12,6,0,2,2,1,1,1,1,0,,,,,,
481857,48,2020,8,2,1,11,20,113,1730,1,2,1,1,6,2,7,98,0,0,0,32.74188889,-96.69301667,14,0,0,1,1,7,0,1,1,0,,,,,,
481858,48,2020,8,2,1,11,3,303,0,1,1,1,1,8,1,5,98,0,0,106,33.53510556,-101.72595,39,0,0,1,1,4,0,1,1,0,,,,,,
481859,48,2020,7,15,4,21,13,127,1220,1,2,2,3,2,1,3,98,1,0,276,28.35428611,-99.61807222,12,2,0,1,1,1,0,2,1,0,,,,,,
481860,48,2020,7,31,6,1,1,187,6237,2,2,2,3,8,2,4,98,0,0,75,29.56781944,-98.25893056,12,6,0,2,3,1,0,3,1,0,,,,,,
481861,48,2020,7,28,3,13,27,361,5100,1,2,2,2,3,2,4,98,1,0,125,30.09408889,-93.82044722,12,2,0,1,1,1,0,1,10,0,,,,,,
481862,48,2020,8,3,2,20,10,397,0,2,1,1,2,4,1,7,98,0,0,0,32.975825,-96.42021667,42,0,0,1,1,4,0,1,1,0,,,,,,
481863,48,2020,7,18,7,22,50,85,2520,2,2,2,5,6,2,2,98,0,0,0,33.11408056,-96.82359444,12,2,0,1,1,1,0,3,1,0,,,,,,
481864,48,2020,7,31,6,0,40,49,0,1,1,1,2,8,1,5,98,0,0,7,31.87201111,-99.10723056,11,0,0,1,1,1,0,2,1,0,,,,,,
481865,48,2020,7,31,6,6,20,113,1730,1,1,1,1,6,2,4,98,0,0,0,32.75013333,-96.89126944,8,0,0,1,1,1,0,4,1,0,,,,,,
481866,48,2020,7,19,1,3,52,469,0,2,2,2,3,2,1,3,98,1,0,44,28.702175,-97.04673056,12,2,0,1,1,1,0,2,1,0,,,,,,
481867,48,2020,7,31,6,23,30,201,0,1,1,1,1,4,2,3,98,1,0,0,30.02070278,-95.47353889,8,0,0,1,1,1,0,2,10,0,,,,,,
481868,48,2020,7,17,6,6,1,201,3280,1,2,2,2,6,2,3,98,1,0,0,29.73270556,-95.21593056,12,6,0,8,1,1,0,2,10,0,,,,,,
481869,48,2020,7,10,6,5,0,201,3280,1,1,1,2,6,2,7,98,0,0,0,29.55917222,-95.13117778,5,0,0,1,1,1,0,9,1,0,0,0,0,0,0,0
481870,48,2020,6,18,5,18,11,201,3280,1,2,2,2,6,2,3,98,0,0,0,29.867725,-95.48809444,12,6,0,2,3,1,0,1,1,0,,,,,,
481871,48,2020,7,30,5,11,37,423,0,1,2,2,3,8,1,4,98,0,0,132,32.42141389,-95.28005556,12,6,0,1,1,1,0,1,1,0,,,,,,
481872,48,2020,8,3,2,8,35,5,0,1,2,2,2,2,1,3,98,1,0,190,31.19293056,-94.45946389,12,2,0,1,1,1,4,1,1,0,,,,,,
481873,48,2020,8,3,2,0,1,277,710,1,2,2,3,2,1,3,98,1,0,185,33.66121667,-95.38076111,12,2,0,1,1,1,0,2,1,0,,,,,,
481874,48,2020,7,26,1,14,57,479,3899,1,3,3,4,2,2,3,98,0,0,443,27.53078056,-99.50053889,12,6,0,2,2,1,0,1,1,0,,,,,,
481875,48,2020,7,28,3,21,8,409,0,1,1,1,1,4,1,6,98,0,0,0,28.12760556,-97.85197778,59,0,0,1,1,4,0,2,1,0,,,,,,
481876,48,2020,7,26,1,18,30,147,0,1,1,1,1,8,1,5,98,0,0,48,33.60816111,-96.35820278,59,0,0,1,1,4,0,1,1,0,,,,,,
481877,48,2020,8,5,4,23,47,29,6090,1,1,1,1,6,2,3,98,1,0,0,29.4248,-98.41945,8,0,0,1,1,1,0,3,1,0,,,,,,
481878,48,2020,7,29,4,16,35,85,0,1,2,2,3,2,2,3,98,1,0,145,33.19292778,-96.55720833,12,6,0,2,3,1,0,1,1,0,,,,,,
481879,48,2020,7,24,6,6,19,339,0,1,1,1,1,8,2,4,98,0,0,61,30.25236111,-95.39548333,19,0,0,1,1,4,0,3,1,0,,,,,,
481880,48,2020,7,23,5,15,26,381,150,1,2,2,5,6,2,4,98,0,0,0,35.17831111,-101.81324167,12,6,0,8,1,1,0,1,1,0,,,,,,
481881,48,2020,8,2,1,2,12,139,9997,2,2,2,2,2,2,2,98,1,0,17,32.52872778,-96.97725833,12,2,0,1,1,1,0,2,1,0,,,,,,
481882,48,2020,7,26,1,19,32,121,9997,1,2,2,5,7,2,5,98,0,0,,33.08288056,-96.85251667,12,6,1,2,2,1,0,1,1,0,,,,,,
481883,48,2020,8,3,2,1,7,439,3840,1,3,2,2,3,2,3,98,1,0,97,32.80988056,-97.42170833,12,6,0,2,3,1,0,3,1,0,,,,,,
481884,48,2020,5,21,5,23,15,85,0,1,1,1,1,4,1,7,98,0,0,0,33.16419722,-96.38591111,1,0,0,1,1,1,0,2,1,0,,,,,,
481885,48,2020,7,31,6,19,56,183,0,2,2,2,7,8,2,4,98,0,0,19,32.54755,-94.90115833,12,6,0,2,2,1,0,1,1,0,,,,,,
481886,48,2020,7,25,7,22,5,165,0,1,2,2,5,3,1,4,98,0,0,129,32.80790833,-102.73168889,12,2,0,1,1,1,1,2,1,0,,,,,,
481887,48,2020,8,4,3,16,17,251,1030,1,2,1,1,1,2,1,1,1,0,191,32.501925,-97.29256944,43,0,0,1,1,10,0,1,1,0,,,,,,
481888,48,2020,7,18,7,0,8,55,4040,1,1,1,2,6,2,4,98,0,0,115,29.87023611,-97.67369444,9,0,0,1,1,1,0,2,1,0,,,,,,
481889,48,2020,8,5,4,11,30,141,2190,1,2,2,2,6,2,3,98,1,0,0,31.88148333,-106.40639444,12,2,0,2,3,1,0,1,1,0,,,,,,
481890,48,2020,8,2,1,5,55,85,4230,1,2,2,2,2,2,3,98,0,0,91,33.21700556,-96.64580278,12,6,0,2,3,1,0,3,1,0,,,,,,
481891,48,2020,8,7,6,21,30,29,6090,1,1,1,1,6,2,4,98,0,0,0,29.47590556,-98.50785833,8,0,0,3,2,1,0,3,1,0,,,,,,
481892,48,2020,7,23,5,21,49,53,0,1,1,1,2,3,1,3,98,0,0,50,30.74942778,-98.14624444,43,0,0,1,1,4,0,2,1,0,,,,,,
481893,48,2020,7,27,2,17,3,39,0,1,3,3,3,3,1,4,98,0,0,45,29.36801667,-95.26528056,12,6,0,1,1,1,0,1,10,0,,,,,,
481895,48,2020,8,1,7,19,40,459,0,1,1,1,3,8,1,5,98,0,0,67,32.60593333,-94.972625,38,0,0,3,3,4,0,1,1,0,,,,,,
481896,48,2020,7,17,6,11,18,459,0,1,5,5,6,2,1,3,98,1,0,75,32.80764444,-94.95278889,12,1,0,1,1,1,0,1,1,0,,,,,,
481897,48,2020,8,9,1,16,0,439,2450,1,1,1,1,3,2,3,98,1,0,188,32.73918611,-97.23730833,8,0,0,1,1,1,0,1,1,0,,,,,,
481898,48,2020,7,13,2,21,16,201,3280,1,2,1,2,1,2,1,1,1,0,58,29.57478056,-95.173013889999993,14,0,0,1,1,2,0,2,1,0,,,,,,
481899,48,2020,8,7,6,11,14,199,6480,2,3,3,6,3,1,3,98,1,0,19,30.13951667,-94.38779167,12,8,0,1,1,1,0,1,1,0,,,,,,
481900,48,2020,8,4,3,21,39,85,5390,1,4,4,6,2,2,2,98,1,0,86,33.06956111,-96.68873056,12,1,0,1,1,1,0,2,1,0,,,,,,
481901,48,2020,8,5,4,17,37,493,0,1,1,1,1,8,1,5,98,0,0,19,29.26603611,-98.06698333,38,0,0,1,1,4,0,1,1,0,,,,,,
481902,48,2020,8,5,4,19,58,141,2190,1,1,1,1,3,1,3,98,1,0,81,31.886175,-106.48335278,1,0,0,1,1,4,1,5,1,0,,,,,,
481903,48,2020,8,1,7,2,50,27,0,1,1,1,3,1,2,1,1,1,0,27,31.12247222,-97.77576944,25,0,1,19,1,8,0,2,10,0,,,,,,
481904,48,2020,8,5,4,10,40,333,0,1,1,1,1,8,1,5,98,0,0,36,31.47235833,-98.52080833,42,0,0,1,1,4,0,1,1,0,,,,,,
481905,48,2020,8,9,1,23,37,113,4530,1,3,3,3,1,2,1,1,1,0,79,32.80928056,-96.62743333,12,1,0,1,1,1,0,3,1,0,,,,,,
481906,48,2020,8,4,3,21,34,309,7210,1,3,3,6,6,2,4,98,0,0,0,31.53657778,-97.17793611,12,2,0,2,3,1,0,3,1,0,,,,,,
481907,48,2020,8,4,3,14,45,67,0,1,1,1,1,2,1,3,98,0,0,,33.250875,-94.15266389,9,0,1,17,1,1,0,1,1,0,,,,,,
481908,48,2020,8,1,7,21,35,367,0,2,1,1,2,1,1,1,1,1,0,6,32.64628056,-98.05603333,42,0,0,1,1,10,0,2,10,0,,,,,,
481909,48,2020,8,3,2,22,47,113,2800,1,2,2,3,6,2,2,31,0,0,0,32.78106389,-97.02355833,12,1,1,18,1,1,0,2,1,0,,,,,,
481910,48,2020,7,27,2,6,20,389,0,3,2,2,4,8,1,5,98,0,0,40,31.82500833,-103.97301667,12,2,0,1,1,1,0,4,1,0,,,,,,
481911,48,2020,6,28,1,3,7,389,0,1,1,1,3,1,1,1,1,1,0,21,30.96831389,-103.49448056,35,0,0,1,1,10,0,2,1,0,,,,,,
481912,48,2020,7,14,3,7,45,309,0,1,2,2,2,7,1,5,1,0,0,19,31.71544444,-97.10296111,12,2,0,2,2,1,0,1,1,0,,,,,,
481914,48,2020,8,8,7,11,52,423,0,1,1,1,1,3,2,4,98,0,0,105,32.20810556,-95.21782778,32,0,0,1,1,4,0,1,1,0,,,,,,
481915,48,2020,8,9,1,4,21,201,0,1,1,1,1,3,2,2,31,1,0,40,29.81746667,-95.77061667,57,0,1,19,1,3,0,3,1,0,,,,,,
481916,48,2020,8,9,1,5,4,113,1730,1,2,2,1,7,2,5,98,0,0,46,32.93235278,-96.75464722,12,6,0,1,1,1,0,3,1,0,,,,,,
481917,48,2020,7,23,5,7,6,481,0,1,1,1,1,2,1,3,98,1,0,,29.14834167,-96.35022778,21,0,0,1,1,10,0,1,1,0,,,,,,
481918,48,2020,8,10,2,8,35,85,0,1,1,1,1,8,2,6,98,0,0,65,33.27286944,-96.73020278,9,0,0,1,1,1,0,1,1,0,,,,,,
481919,48,2020,8,6,5,8,26,217,0,1,2,2,3,1,1,1,1,1,0,57,31.91718333,-97.09800556,12,7,0,1,1,1,0,1,1,0,,,,,,
481920,48,2020,8,1,7,23,50,207,0,1,1,1,2,8,1,5,98,0,0,107,33.20818056,-99.59874167,11,0,0,1,1,1,0,2,1,0,,,,,,
481921,48,2020,7,27,2,6,33,507,0,1,1,1,1,8,1,6,98,0,0,3,28.65549444,-99.80191944,1,0,0,1,1,4,0,2,1,0,,,,,,
481922,48,2020,8,9,1,1,18,27,6810,1,1,1,2,3,2,3,98,1,0,61,31.09820278,-97.34277778,9,0,0,3,2,1,0,2,1,0,,,,,,
481923,48,2020,8,3,2,17,38,331,0,2,2,2,4,2,1,3,98,1,0,21,30.63733056,-96.98945833,12,6,0,2,2,1,0,1,10,0,,,,,,
481924,48,2020,8,6,5,6,20,371,0,1,1,1,2,1,1,1,1,1,0,557,30.86180278,-102.59971667,1,0,0,1,1,3,0,4,1,0,,,,,,
481925,48,2020,7,25,7,7,20,201,0,1,2,2,2,4,2,4,98,0,0,0,29.89875556,-95.46478056,12,2,0,2,2,1,0,1,2,0,,,,,,
481926,48,2020,8,3,2,13,54,291,0,1,1,1,1,8,1,6,98,0,0,37,30.06632222,-94.71609444,1,0,0,1,1,4,0,1,1,0,,,,,,
481927,48,2020,7,13,2,6,13,201,3280,1,2,2,5,7,2,5,98,0,0,47,29.70058333,-95.51797778,12,6,1,2,2,1,0,1,10,0,,,,,,
481928,48,2020,8,2,1,3,20,201,3280,1,1,1,2,6,2,3,98,1,0,0,29.68844722,-95.55702222,33,0,0,1,1,4,0,2,1,0,,,,,,
481929,48,2020,8,11,3,7,14,167,3920,1,1,1,1,3,2,4,98,0,0,44,29.48661944,-95.10995,9,0,0,3,2,1,4,1,1,0,,,,,,
481930,48,2020,7,29,4,14,30,141,0,1,1,1,1,1,2,1,1,1,0,2,31.99740278,-106.58274722,24,0,0,1,1,3,0,1,1,0,,,,,,
481931,48,2020,8,4,3,17,25,249,0,1,1,1,1,8,1,5,98,0,0,82,27.97850556,-98.03995833,1,0,0,1,1,4,0,1,1,0,,,,,,
481932,48,2020,8,7,6,17,59,423,0,1,2,2,3,3,1,3,98,1,0,189,32.23473889,-95.40725833,12,6,0,2,3,1,0,1,1,0,,,,,,
481933,48,2020,8,9,1,2,31,245,490,1,2,2,3,2,2,2,98,1,0,75,30.02751944,-94.05553611,12,2,0,1,1,1,0,2,1,0,,,,,,
481934,48,2020,8,2,1,2,19,403,3100,1,1,1,1,8,1,6,98,0,0,7,31.34117778,-93.86598333,32,0,0,1,1,4,0,2,1,0,,,,,,
481935,48,2020,8,5,4,8,10,367,0,1,2,2,1,7,1,5,1,0,0,105,32.71844722,-97.90361667,8,0,0,1,1,1,0,1,1,0,,,,,,
481936,48,2020,8,2,1,2,20,303,0,1,1,1,2,2,1,3,98,1,0,56,33.70095833,-102.01205278,1,0,0,1,1,4,0,2,1,0,,,,,,
481937,48,2020,8,9,1,1,41,113,1730,1,1,1,1,1,2,1,1,1,0,115,32.64725556,-96.861375,59,0,0,1,1,4,0,2,1,0,,,,,,
481938,48,2020,7,27,2,2,10,135,0,1,2,2,1,8,2,4,98,0,0,86,31.85955556,-102.42071667,8,0,0,1,1,1,0,2,1,0,,,,,,
481939,48,2020,8,8,7,9,27,213,0,2,2,2,3,3,1,3,98,1,0,376,32.297575,-95.52640556,12,6,0,1,1,1,0,1,1,0,,,,,,
481940,48,2020,7,24,6,21,19,149,0,5,2,2,10,2,1,4,98,0,0,259,29.73554167,-96.90355556,12,6,0,8,1,1,0,2,1,0,,,,,,
481941,48,2020,7,28,3,9,48,149,0,1,2,2,4,1,1,1,1,1,0,170,29.69005556,-96.93535,12,1,0,1,1,1,0,1,10,0,,,,,,
481942,48,2020,7,31,6,20,56,287,0,1,1,1,1,2,1,3,98,1,0,23,30.18219444,-97.02676667,8,0,0,1,1,1,1,2,1,0,,,,,,
481943,48,2020,8,3,2,11,30,41,970,1,2,2,5,8,2,3,98,1,0,0,30.70896389,-96.42861667,12,2,0,2,3,1,0,1,1,0,,,,,,
481944,48,2020,8,11,3,9,36,265,0,1,1,1,4,1,1,1,1,1,0,291,30.01730556,-98.96291111,43,0,1,19,1,3,0,1,1,0,,,,,,
481945,48,2020,8,1,7,15,8,65,0,1,1,1,2,4,1,7,98,0,0,0,35.33919444,-101.41421667,34,0,0,1,1,4,0,1,1,0,,,,,,
481946,48,2020,7,25,7,0,31,421,0,1,2,1,1,2,1,3,98,1,0,108,36.19721944,-102.03316389,14,0,0,1,1,2,4,2,1,0,,,,,,
481947,48,2020,8,1,7,20,52,29,0,1,2,2,3,3,2,4,98,0,0,376,29.213325,-98.50459722,12,6,0,1,1,1,0,2,1,0,,,,,,
481948,48,2020,8,3,2,23,57,29,6090,1,1,1,1,6,2,4,98,0,0,0,29.52957778,-98.43166111,8,0,0,1,1,1,0,3,10,0,,,,,,
481949,48,2020,8,11,3,1,47,491,0,1,2,2,2,3,1,3,98,1,0,245,30.79502778,-97.76696667,12,6,0,1,1,1,0,2,1,0,,,,,,
481950,48,2020,8,11,3,22,52,29,6090,1,1,1,1,8,2,3,98,1,0,25,29.44515833,-98.52495556,8,0,0,3,2,1,0,3,1,0,,,,,,
481951,48,2020,8,8,7,10,32,245,490,1,1,1,1,6,2,5,98,0,0,0,30.12705556,-94.14045,8,0,0,1,1,1,0,1,1,0,,,,,,
481952,48,2020,8,7,6,23,57,209,6170,1,1,1,1,3,2,3,98,1,0,129,29.82745556,-97.94246111,5,0,0,1,1,4,0,2,1,0,,,,,,
481953,48,2020,8,11,3,14,40,161,0,1,2,2,2,8,1,5,98,0,0,29,31.62774444,-96.33357222,12,6,0,8,1,1,0,1,1,0,,,,,,
481954,48,2020,8,11,3,21,45,423,0,2,2,2,4,3,1,4,98,0,0,154,32.15735,-95.15951667,12,6,0,1,1,1,0,2,1,0,,,,,,
481955,48,2020,8,7,6,20,45,257,0,1,1,1,2,8,1,6,98,0,0,81,32.53923056,-96.19176667,1,0,0,1,1,4,0,2,1,0,,,,,,
481956,48,2020,7,31,6,15,42,401,0,1,1,1,5,2,1,4,98,0,0,162,31.91195556,-94.72318889,1,0,0,1,1,1,0,1,1,0,,,,,,
481957,48,2020,7,29,4,15,49,113,1730,1,3,2,4,6,2,2,31,0,0,0,32.87681944,-96.81001111,12,11,0,1,1,1,0,1,1,0,,,,,,
481958,48,2020,8,12,4,18,31,73,3470,1,2,2,3,3,2,4,98,0,0,159,31.97023333,-95.26750556,12,6,0,2,2,1,0,1,1,0,,,,,,