st_case,state,year,month,day,day_week,hour,minute,county,city,fatals_crash,vehicles_total,vehicles_in_transport,persons_total,route,rural_urban,functional_system,road_owner,nhs,special_jurisdiction,milepoint,latitude,longitude,first_harmful_event,manner_collision,rel_jct_interchange,rel_jct_location,intersection_type,relation_to_road,work_zone,light_condition,weather,school_bus_related,ems_notified_hour,ems_notified_min,ems_arrival_hour,ems_arrival_min,hospital_hour,hospital_min
481959,48,2020,8,8,7,23,35,309,0,1,1,1,1,8,1,5,98,0,0,37,31.31408056,-97.36559167,1,0,0,1,1,1,0,2,1,0,,,,,,
481960,48,2020,8,5,4,21,35,121,3960,1,3,3,1,8,2,3,98,1,0,11,33.03659167,-96.91837222,12,1,0,1,1,1,0,2,1,0,,,,,,
481961,48,2020,8,9,1,22,50,423,0,1,1,1,1,3,2,3,98,1,0,52,32.28290278,-95.24864167,42,0,0,1,1,4,0,2,1,0,,,,,,
481962,48,2020,8,6,5,18,28,201,6247,1,3,3,4,6,2,5,98,0,0,0,29.57606944,-95.02984167,12,2,0,2,3,1,0,1,1,0,,,,,,
481963,48,2020,8,10,2,19,20,315,0,1,1,1,2,8,1,5,98,0,0,108,32.79335278,-94.53957222,32,0,0,1,1,4,0,1,1,0,,,,,,
481964,48,2020,8,13,5,13,24,439,260,1,2,2,4,1,2,1,1,1,0,73,32.67564167,-97.13475278,12,1,1,18,1,1,0,1,1,0,,,,,,
481965,48,2020,7,31,6,23,44,29,6090,1,3,3,3,8,2,3,98,1,0,17,29.44639722,-98.53801389,12,6,0,1,1,1,0,3,10,0,,,,,,
481966,48,2020,8,7,6,23,23,201,480,1,1,1,1,6,2,4,98,0,0,0,29.76726944,-94.92865,33,0,0,1,1,4,0,2,1,0,,,,,,
481967,48,2020,8,14,6,12,37,251,7170,1,2,2,4,8,1,5,98,0,0,82,32.44409444,-97.11063056,12,2,0,1,1,1,0,1,1,0,,,,,,
481968,48,2020,7,23,5,19,17,439,3594,1,2,2,2,8,2,3,98,1,0,79,32.9342,-97.203325,12,1,0,3,2,1,3,1,1,0,,,,,,
481969,48,2020,7,26,1,20,0,467,0,1,2,2,5,1,1,1,1,1,0,93,32.59978056,-95.92776111,12,1,0,1,1,1,0,1,1,0,,,,,,
481970,48,2020,8,3,2,14,23,121,1545,1,2,2,4,1,2,1,1,1,0,148,33.16128333,-97.07233056,12,1,0,1,1,1,0,1,1,0,,,,,,
481971,48,2020,8,16,1,10,58,381,150,1,1,1,1,8,2,3,98,1,0,0,35.16383889,-101.84851944,30,0,0,1,1,4,0,1,1,0,,,,,,
481972,48,2020,8,8,7,22,57,409,0,1,1,1,1,2,1,3,98,1,0,129,27.98576111,-97.55119722,59,0,0,1,1,3,0,2,1,0,,,,,,
481974,48,2020,7,24,6,18,4,39,0,1,2,2,4,4,2,5,98,0,0,0,29.00699167,-95.31811667,1,0,0,1,1,1,0,1,2,0,,,,,,
481975,48,2020,8,6,5,6,35,39,2490,1,1,1,1,3,2,3,98,1,0,129,28.94278056,-95.37011389,3,0,1,5,1,4,0,4,1,0,,,,,,
481976,48,2020,8,6,5,6,35,39,2490,1,1,1,1,3,2,3,98,1,0,129,28.94284722,-95.37024444,3,0,1,5,1,4,0,4,1,0,,,,,,
481977,48,2020,8,15,7,13,25,201,0,1,3,3,5,7,2,3,98,0,0,0,29.93809167,-95.26856667,12,6,0,2,2,1,0,1,1,0,,,,,,
481978,48,2020,8,12,4,20,39,27,0,1,2,2,1,1,2,1,1,1,0,37,31.11443889,-97.76178611,8,0,0,1,1,1,0,2,1,0,,,,,,
481979,48,2020,8,15,7,15,25,241,0,1,1,1,1,4,1,7,98,0,0,0,31.08345278,-94.15916667,1,0,0,3,3,4,0,1,1,0,,,,,,
481980,48,2020,8,13,5,21,0,13,0,1,2,2,1,3,1,4,98,0,0,33,29.14336944,-98.59065278,8,0,0,1,1,1,0,2,1,0,,,,,,
481981,48,2020,8,10,2,22,37,315,0,1,1,1,1,2,1,3,98,1,0,29,32.71924167,-94.34754167,8,0,0,1,1,1,1,2,1,0,,,,,,
481982,48,2020,8,14,6,19,1,177,0,1,1,1,1,1,1,1,1,1,0,94,29.69244444,-97.23079167,25,0,0,1,1,3,0,1,1,0,,,,,,
481983,48,2020,8,9,1,21,43,201,0,1,1,1,5,7,2,5,98,0,0,,29.88224167,-95.32365556,30,0,0,1,1,4,0,3,1,0,,,,,,
481984,48,2020,6,7,1,4,30,113,1730,1,1,1,1,2,2,2,98,1,0,74,32.70036111,-96.65076944,1,0,0,5,1,8,0,3,1,0,,,,,,
481985,48,2020,8,8,7,11,15,121,1840,1,2,2,2,6,2,4,98,0,0,0,33.22861944,-97.13683056,12,6,0,2,2,1,0,1,1,0,,,,,,
481986,48,2020,8,4,3,17,28,157,0,1,3,3,6,3,2,2,31,1,0,0,29.56286667,-95.50675833,12,1,0,1,1,1,0,1,1,0,,,,,,
481987,48,2020,8,2,1,22,57,157,0,1,1,1,1,4,1,7,98,0,0,0,29.38824722,-95.75225833,1,0,0,1,1,4,0,2,10,0,,,,,,
481988,48,2020,8,13,5,3,45,157,5970,1,1,1,1,7,2,5,98,0,0,,29.53331389,-95.78670833,8,0,1,3,4,1,0,2,1,0,,,,,,
481989,48,2020,8,11,3,22,39,439,2450,1,2,2,2,3,2,3,98,1,0,25,32.97054167,-97.28130833,12,6,0,2,4,1,0,3,1,0,,,,,,
481990,48,2020,8,7,6,1,45,339,0,1,2,1,2,1,2,1,1,1,0,41,30.09835833,-95.23823889,14,0,0,1,1,2,0,3,1,0,,,,,,
481991,48,2020,8,15,7,21,58,245,5430,1,1,1,1,2,2,2,98,1,0,141,29.94713056,-93.99608056,8,0,0,1,1,1,0,3,1,0,,,,,,
481992,48,2020,8,11,3,21,12,201,3280,1,2,2,3,6,2,7,98,9,0,,29.65405833,-95.55073889,20,0,1,19,1,3,0,3,1,0,,,,,,
481993,48,2020,8,4,3,7,30,201,3280,1,1,1,1,1,2,1,1,1,0,236,29.686325,-95.33815,42,0,0,1,1,10,0,1,1,0,,,,,,
481994,48,2020,6,22,2,21,44,361,5100,1,1,1,1,3,2,3,98,1,0,105,30.09390833,-93.75199167,9,0,0,1,1,1,0,2,1,0,,,,,,
481995,48,2020,7,26,1,19,45,201,3280,1,2,2,3,6,2,4,98,0,0,0,29.68119167,-95.33900278,12,98,0,2,2,1,0,3,10,0,,,,,,
481996,48,2020,8,15,7,0,41,201,3280,1,2,2,2,2,2,2,98,1,0,346,29.83978056,-95.49091944,12,1,0,1,1,1,0,3,1,0,,,,,,
481997,48,2020,8,8,7,22,54,135,0,1,1,1,2,4,2,7,98,0,0,0,31.83990556,-102.46068056,1,0,0,1,1,4,0,2,1,0,,,,,,
481998,48,2020,5,18,2,0,3,135,0,1,1,1,1,4,2,5,98,0,0,0,31.8607,-102.52089722,8,0,0,3,3,1,0,2,1,0,,,,,,
481999,48,2020,8,13,5,1,59,209,6170,1,2,2,4,1,2,1,1,1,0,125,29.93719444,-97.88547222,12,1,0,1,1,1,0,3,1,0,,,,,,
482000,48,2020,8,16,1,8,26,457,0,1,2,2,2,2,1,3,98,0,0,126,30.85050833,-94.22917778,12,6,0,2,2,1,0,1,1,0,,,,,,
482001,48,2020,8,14,6,0,4,65,0,1,1,1,1,8,1,5,98,0,0,,35.23910556,-101.115775,43,0,0,1,1,4,0,2,5,0,,,,,,
482002,48,2020,8,7,6,20,11,135,5030,1,2,2,3,3,2,3,98,1,0,62,31.89335278,-102.33484722,12,6,0,8,1,1,0,1,1,0,,,,,,
482003,48,2020,8,1,7,4,36,139,0,1,3,3,3,1,2,1,1,1,0,187,32.48813611,-96.66423889,12,2,0,1,1,1,0,2,1,0,,,,,,
482004,48,2020,8,16,1,6,19,339,0,1,1,1,1,4,1,7,98,0,0,0,30.31139167,-95.22873333,42,0,0,1,1,4,0,2,1,0,,,,,,
482005,48,2020,8,13,5,20,2,309,7210,1,2,2,2,6,2,3,98,0,0,0,31.54884722,-97.20493333,12,2,0,1,1,1,0,5,1,0,,,,,,
482006,48,2020,8,9,1,21,48,213,0,1,1,1,1,4,1,7,98,0,0,0,32.27475833,-95.660475,1,0,0,3,3,1,0,2,1,0,,,,,,
482007,48,2020,8,8,7,21,3,53,0,1,1,1,1,8,1,5,98,0,0,,30.75960556,-98.03504167,52,0,0,1,1,4,0,2,10,0,,,,,,
482008,48,2020,1,9,5,19,21,121,1840,1,1,1,3,2,2,4,98,0,0,256,33.20501944,-97.13085833,8,0,0,1,1,1,0,3,10,0,,,,,,
482009,48,2020,1,23,5,17,0,1,5170,1,2,2,2,3,2,3,98,1,0,11,31.76103056,-95.65823056,12,1,0,3,2,1,0,5,1,0,,,,,,
482010,48,2020,1,19,1,22,17,39,1395,2,1,1,2,8,2,3,98,1,0,60,29.01546667,-95.39320556,43,0,0,3,3,5,0,3,1,0,,,,,,
482011,48,2020,1,31,6,18,19,141,2190,1,2,2,2,1,2,1,1,1,0,77,31.77684167,-106.43903056,12,7,1,20,1,1,0,3,1,0,,,,,,
482012,48,2020,2,6,5,20,21,157,0,1,2,2,3,8,2,4,98,0,0,79,29.58144167,-95.44148056,12,2,0,1,1,1,4,2,10,0,,,,,,
482013,48,2020,1,31,6,4,5,201,3280,1,1,1,1,6,2,7,98,0,0,0,29.85670556,-95.38954444,43,0,0,3,2,5,0,3,1,0,,,,,,
482014,48,2020,2,13,5,9,35,439,2450,1,1,1,1,6,2,5,98,0,0,0,32.73395,-97.477775,8,0,0,4,1,1,0,1,10,0,,,,,,
482015,48,2020,2,10,2,6,6,473,3580,1,2,1,1,1,1,1,1,1,0,99,29.77770556,-95.87773889,14,0,1,5,1,4,0,2,2,0,,,,,,
482016,48,2020,2,18,3,18,14,373,4020,1,1,1,1,3,2,4,98,0,0,2,30.70799444,-94.93105556,52,0,0,1,1,4,0,5,1,0,,,,,,
482017,48,2020,2,21,6,16,28,439,2450,1,5,1,1,6,2,3,98,1,0,41,32.71881944,-97.30436111,14,0,0,1,1,5,0,1,1,0,,,,,,
482018,48,2020,3,3,3,20,59,167,1920,1,2,2,4,6,2,7,98,0,0,0,29.46631389,-95.03963333,12,6,0,2,2,1,0,2,1,0,,,,,,
482019,48,2020,3,11,4,6,36,113,2590,1,1,1,1,6,2,4,98,0,0,0,32.95959722,-96.66525,8,0,0,3,2,1,0,2,2,0,,,,,,
482020,48,2020,3,21,7,18,45,29,6090,1,1,1,1,8,2,3,98,0,0,67,29.49832222,-98.71551667,46,0,0,3,2,4,0,1,2,0,,,,,,
482021,48,2020,3,13,6,7,31,291,0,1,2,2,2,8,1,4,98,0,0,54,29.99649167,-94.74752778,12,7,0,1,1,1,0,1,1,0,,,,,,
482022,48,2020,3,28,7,14,21,27,6810,1,1,1,1,6,2,7,98,0,0,0,31.09546667,-97.37520833,43,0,0,1,1,4,0,1,1,0,,,,,,
482024,48,2020,4,6,2,20,45,439,2450,1,2,2,3,7,2,5,1,0,0,0,32.72611111,-97.320875,12,6,0,2,2,1,0,3,1,0,,,,,,
482025,48,2020,4,7,3,23,55,453,330,2,2,2,3,7,2,5,98,0,0,159,30.19451111,-97.6234,12,6,1,2,2,1,0,3,1,0,,,,,,
482026,48,2020,4,10,6,6,53,201,3280,1,1,1,2,6,2,5,98,0,0,0,29.82104167,-95.52626667,43,0,0,1,1,4,0,2,99,0,,,,,,
482027,48,2020,7,3,6,5,49,453,330,2,1,1,3,2,2,2,31,1,0,49,30.32979167,-97.63590278,24,0,0,1,1,8,0,3,1,0,,,,,,
482028,48,2020,7,8,4,20,8,291,3980,1,1,1,1,8,1,6,98,0,1,29,30.06841667,-94.70351111,9,0,0,1,1,1,0,2,1,0,,,,,,
482029,48,2020,7,11,7,18,3,201,0,1,1,1,1,4,2,4,98,0,0,0,29.84263611,-95.22709722,9,0,0,1,1,4,0,1,1,0,,,,,,
482030,48,2020,6,25,5,2,15,141,2190,7,1,1,10,2,2,3,98,1,0,53,31.75648611,-106.49499444,18,0,0,1,1,4,0,3,1,0,,,,,,
482031,48,2020,7,29,4,0,23,201,3280,1,2,2,1,1,2,1,1,1,0,372,29.770275,-95.21649167,12,2,0,1,1,1,0,2,1,0,,,,,,
482032,48,2020,8,12,4,2,25,29,6090,1,2,2,2,3,2,2,98,1,0,345,29.60264167,-98.36900833,12,1,1,18,1,1,0,3,1,0,,,,,,
482033,48,2020,8,15,7,20,0,73,0,1,1,1,1,4,1,6,98,0,0,0,31.90713889,-95.310475,42,0,0,1,1,4,0,1,1,0,,,,,,
482034,48,2020,8,18,3,12,4,409,3380,1,1,1,1,3,2,4,98,0,0,61,27.87423611,-97.19511667,9,0,0,3,2,1,0,1,1,0,,,,,,
482035,48,2020,8,7,6,23,17,491,0,1,1,1,2,4,1,7,98,0,0,0,30.66539444,-97.29809722,1,0,0,1,1,5,0,2,1,0,,,,,,
482036,48,2020,6,8,2,19,10,113,1240,1,1,1,2,6,2,7,98,0,0,0,32.5566,-97.00227222,5,0,0,1,1,1,0,1,1,0,,,,,,
482037,48,2020,8,6,5,22,53,265,3670,1,1,1,1,6,2,7,98,0,0,0,30.06102778,-99.14858333,42,0,0,1,1,5,0,2,1,0,,,,,,
482038,48,2020,8,23,1,14,19,121,6323,1,1,1,1,6,2,7,98,0,0,0,33.17083333,-97.04953056,33,0,0,1,1,4,0,1,1,0,,,,,,
482039,48,2020,8,22,7,6,11,473,0,1,2,2,2,8,1,5,98,0,0,250,29.82020556,-95.95758889,12,2,0,1,1,1,0,2,5,0,,,,,,
482040,48,2020,8,22,7,11,25,303,0,1,2,2,2,8,1,5,98,0,0,114,33.672725,-101.87097778,12,1,0,8,1,1,0,1,1,0,,,,,,
482041,48,2020,8,23,1,15,57,453,330,1,1,1,2,3,2,3,98,1,0,57,30.23629722,-97.79257222,8,0,1,8,1,3,0,1,1,0,,,,,,
482042,48,2020,8,23,1,2,57,439,2450,1,1,1,1,6,2,5,98,0,0,0,32.84729167,-97.32116667,33,0,0,1,1,4,0,3,1,0,,,,,,
482043,48,2020,8,25,3,13,18,201,0,1,1,1,2,7,2,5,98,0,0,163,29.87608056,-95.07217778,38,0,0,1,1,4,0,1,10,0,13,22,13,30,14,25
482044,48,2020,8,25,3,17,2,309,7210,1,2,2,3,8,2,4,98,0,0,115,31.62798333,-97.23508333,12,6,0,2,2,1,0,1,1,0,,,,,,
482045,48,2020,8,18,3,15,50,245,5430,1,2,2,3,2,2,3,98,1,0,191,29.90078056,-93.93145833,12,11,0,2,2,1,0,1,1,0,,,,,,
482046,48,2020,8,18,3,15,20,121,1190,1,2,2,3,6,2,4,98,0,0,0,32.99153889,-96.88972222,12,6,1,2,3,1,0,1,1,0,,,,,,
482048,48,2020,8,18,3,0,30,169,0,1,1,1,1,2,1,3,98,1,0,226,33.13210556,-101.30265556,1,0,0,1,1,10,0,2,1,0,,,,,,
482049,48,2020,8,19,4,10,30,177,0,1,1,1,1,8,1,5,98,0,0,,29.365675,-97.56710833,1,0,0,1,1,4,0,1,1,0,,,,,,
482052,48,2020,8,21,6,0,59,201,0,2,1,1,2,3,2,2,98,1,0,175,30.08689167,-95.52708056,23,0,0,1,1,4,0,3,1,0,,,,,,
482053,48,2020,8,19,4,22,37,439,2450,1,1,1,1,6,2,3,98,0,0,0,32.71894722,-97.36117222,39,0,0,1,1,4,0,3,1,0,,,,,,
482054,48,2020,8,19,4,4,20,245,5430,1,2,2,2,3,2,2,98,1,0,291,29.92834444,-93.94261111,8,0,1,18,1,1,0,6,1,0,,,,,,
482055,48,2020,8,21,6,15,58,251,0,1,2,2,5,3,1,4,98,0,0,28,32.30153056,-97.38775556,12,2,0,1,1,1,0,1,1,0,,,,,,
482056,48,2020,8,19,4,23,2,113,5730,1,1,1,1,6,2,4,98,0,0,0,32.96290556,-96.74818056,46,0,0,3,2,4,0,3,1,0,,,,,,
482057,48,2020,8,20,5,23,40,439,2450,1,1,1,1,7,2,5,1,0,0,146,32.83785,-97.36071667,58,0,1,19,1,4,0,3,1,0,,,,,,
482058,48,2020,8,21,6,7,39,39,6703,1,1,1,1,4,1,3,98,0,0,0,28.95741944,-95.28178611,98,0,0,1,1,4,0,2,1,0,,,,,,
482059,48,2020,8,21,6,20,30,257,0,1,1,1,1,2,1,3,98,0,0,218,32.72146667,-96.16488333,8,0,0,3,3,1,0,2,1,0,,,,,,
482060,48,2020,8,19,4,22,46,201,0,1,2,2,2,4,2,4,98,0,0,0,29.71604167,-95.66046389,12,6,0,2,2,1,0,3,1,0,,,,,,
482061,48,2020,8,19,4,16,0,467,0,1,1,1,1,4,1,7,98,0,0,0,32.37586389,-95.59865833,8,0,0,1,1,1,0,1,1,0,,,,,,
482062,48,2020,8,20,5,2,18,455,7020,1,1,1,1,8,1,5,98,0,0,31,30.94504167,-95.38790278,42,0,0,1,1,4,0,2,1,0,,,,,,
482063,48,2020,8,20,5,3,45,439,260,1,2,2,3,6,2,4,98,0,0,0,32.72110833,-97.10618333,1,0,0,1,1,1,0,2,1,0,,,,,,
482064,48,2020,8,21,6,19,52,453,0,3,2,2,3,8,2,4,98,0,0,49,30.28675833,-97.59195556,12,2,0,1,1,1,0,5,1,0,,,,,,
482065,48,2020,8,19,4,15,4,141,0,1,4,4,6,8,2,3,98,1,0,33,31.66298611,-106.23128056,12,7,0,1,1,1,0,1,1,0,,,,,,
482066,48,2020,8,20,5,15,33,25,0,2,2,2,2,2,1,3,98,1,0,89,28.34190556,-97.87431667,12,2,0,1,1,1,0,1,10,0,,,,,,
482067,48,2020,8,14,6,2,40,201,0,1,1,1,1,6,2,4,98,0,0,0,29.73838611,-95.73366389,32,0,0,1,1,4,0,2,1,0,,,,,,
482068,48,2020,8,16,1,1,14,257,6830,1,1,1,1,8,1,5,98,0,0,148,32.75188611,-96.23591111,1,0,0,1,1,4,0,2,1,0,,,,,,
482069,48,2020,8,13,5,4,9,149,0,1,1,1,1,1,1,1,1,1,0,86,29.69787222,-97.05206667,42,0,0,1,1,3,0,2,1,0,,,,,,
482070,48,2020,8,16,1,0,30,457,0,1,1,1,1,4,1,7,98,0,0,0,30.53271667,-94.21105556,1,0,0,1,1,4,0,2,1,0,,,,,,
482071,48,2020,8,12,4,22,5,157,3280,1,1,1,1,6,2,4,98,0,0,0,29.61231944,-95.50887778,42,0,0,1,1,3,0,3,10,0,,,,,,
482072,48,2020,8,12,4,22,16,201,3280,1,2,2,2,6,2,3,98,0,0,0,29.72809722,-95.50108333,12,6,0,2,3,1,0,6,1,0,,,,,,
482073,48,2020,8,14,6,21,47,439,2450,1,1,1,1,1,2,1,1,1,0,86,32.66448333,-97.33155556,39,0,0,1,1,4,0,3,1,0,,,,,,
482074,48,2020,8,10,2,10,14,347,0,1,2,2,3,3,1,4,98,0,0,113,31.64760833,-94.77301667,12,2,0,1,1,1,0,1,1,0,,,,,,
482075,48,2020,8,1,7,19,54,453,330,1,1,1,2,3,2,3,98,1,0,259,30.17359167,-97.88767222,59,0,1,19,1,4,1,1,1,0,,,,,,
482076,48,2020,8,14,6,9,55,113,1730,1,1,1,1,3,2,3,98,0,0,30,32.76351389,-96.70163056,5,0,0,1,1,1,0,1,1,0,,,,,,
482077,48,2020,8,9,1,1,32,113,1730,1,3,3,5,6,2,3,98,1,0,0,32.66233333,-96.94296944,12,6,0,2,2,1,0,3,1,0,,,,,,
482078,48,2020,8,15,7,23,59,201,3280,1,1,1,3,1,2,1,1,1,0,122,29.73104167,-95.40779167,25,0,0,1,1,3,0,3,1,0,,,,,,
482079,48,2020,8,14,6,19,42,303,4140,1,2,2,3,6,2,5,98,0,0,0,33.54295278,-101.86173056,12,6,0,1,1,1,0,1,10,0,,,,,,
482080,48,2020,8,12,4,20,28,27,3690,1,2,2,2,8,2,3,98,1,0,84,31.07148056,-97.70939167,12,2,0,2,2,1,0,2,1,0,,,,,,
482081,48,2020,8,12,4,21,40,409,0,2,2,2,4,3,1,5,98,0,0,64,28.05824167,-97.67198056,12,6,0,2,2,1,0,2,1,0,,,,,,
482082,48,2020,8,14,6,20,37,113,2590,1,1,1,2,6,2,4,98,0,0,0,32.91676111,-96.696475,33,0,0,1,1,4,0,3,1,0,,,,,,
482083,48,2020,8,12,4,6,47,281,0,1,1,1,1,2,1,3,98,1,0,20,31.42251111,-98.17060833,1,0,0,1,1,4,0,4,1,0,,,,,,
482084,48,2020,8,11,3,19,7,355,1550,1,1,1,3,6,2,5,98,0,0,0,27.796825,-97.42928611,33,0,0,1,1,4,0,1,1,0,,,,,,
482085,48,2020,8,12,4,18,51,27,3690,1,2,2,4,3,2,3,98,1,0,77,31.02309722,-97.75471667,12,6,0,2,3,1,0,1,1,0,,,,,,
482086,48,2020,8,13,5,6,25,231,0,1,2,2,3,2,1,3,98,1,0,290,33.01499167,-95.96646667,12,2,0,1,1,1,0,4,1,0,,,,,,
482088,48,2020,8,5,4,14,20,365,0,1,2,2,2,2,1,3,98,1,0,189,32.10077778,-94.32126667,12,6,0,2,2,1,0,1,1,0,,,,,,
482089,48,2020,8,16,1,0,45,493,0,1,1,1,1,8,1,5,98,0,0,44,29.32861667,-98.16082778,42,0,0,1,1,4,0,2,10,0,,,,,,
482090,48,2020,8,12,4,7,52,343,0,1,1,1,2,1,1,1,1,1,0,36,33.29269167,-94.75325833,24,0,0,1,1,3,0,1,10,0,,,,,,
482091,48,2020,8,11,3,15,46,481,0,1,2,2,3,3,1,4,98,0,0,0,29.30920278,-96.34178056,12,6,0,2,2,1,0,1,1,0,,,,,,
482092,48,2020,8,15,7,23,55,85,92,1,2,1,1,6,2,7,98,0,0,0,33.08105833,-96.67280833,7,0,0,1,1,1,0,2,1,0,,,,,,
482093,48,2020,8,14,6,17,44,29,6090,1,4,4,6,6,2,5,98,0,0,0,29.35495556,-98.43291944,12,2,0,2,2,1,0,1,1,0,,,,,,
482094,48,2020,8,13,5,8,18,15,6280,1,2,2,3,1,1,1,1,1,0,55,29.76079722,-96.20766111,12,11,0,1,1,1,1,1,1,0,,,,,,
482095,48,2020,8,10,2,15,37,179,0,1,1,1,1,1,1,1,1,1,0,152,35.22665278,-100.58678333,8,0,0,1,1,1,1,1,1,0,,,,,,
482096,48,2020,8,3,2,2,6,201,3280,1,1,1,1,1,2,1,1,1,0,,29.72328056,-95.32915278,42,0,0,1,1,10,0,3,1,0,,,,,,
482097,48,2020,8,18,3,11,35,53,0,1,2,2,3,2,1,3,98,1,0,167,30.80093333,-98.23951944,12,6,0,1,1,1,0,1,1,0,,,,,,
482098,48,2020,8,18,3,5,20,493,0,1,1,1,1,2,1,3,98,1,0,184,29.23821944,-97.98326944,24,0,0,1,1,4,0,2,1,0,,,,,,
482099,48,2020,8,9,1,2,21,375,150,1,1,1,1,6,2,7,98,0,0,0,35.20029167,-101.83738333,1,0,0,1,1,1,0,3,1,0,,,,,,
482100,48,2020,8,17,2,22,44,363,0,1,1,1,1,1,1,1,1,1,0,141,32.58133889,-98.15283056,21,0,1,19,1,4,0,2,1,0,,,,,,
482101,48,2020,8,8,7,14,0,355,0,1,2,2,2,8,2,5,98,0,0,29,27.83564722,-97.61963333,12,2,0,1,1,1,0,1,10,0,,,,,,
482102,48,2020,8,14,6,2,1,85,4230,1,1,1,1,7,2,2,98,0,0,,33.15705556,-96.64522222,25,0,1,5,1,4,0,3,1,0,,,,,,
482103,48,2020,8,13,5,0,40,113,1730,2,2,2,6,6,2,7,31,0,0,0,32.70791389,-96.949375,12,1,0,1,1,1,0,3,1,0,,,,,,
482104,48,2020,8,17,2,13,52,201,3280,1,2,2,2,7,2,5,1,0,0,43,29.55833333,-95.15792778,12,1,0,1,1,1,0,1,1,0,,,,,,
482105,48,2020,8,15,7,21,14,85,0,1,1,1,1,8,2,5,98,0,0,100,33.10710556,-96.51776111,34,0,0,1,1,4,0,2,1,0,,,,,,
482106,48,2020,8,16,1,18,48,215,4650,2,2,2,3,8,2,3,98,1,0,154,26.23853889,-98.28113611,12,6,0,2,2,1,0,1,1,0,,,,,,
482107,48,2020,8,16,1,17,40,419,0,5,2,2,7,8,1,5,98,0,0,93,31.83087778,-94.21918889,12,2,0,1,1,1,0,1,1,0,,,,,,
482108,48,2020,8,14,6,23,59,135,5030,1,1,1,1,7,2,5,1,0,0,297,31.81013889,-102.43263056,30,0,0,1,1,4,0,3,1,0,,,,,,
482109,48,2020,8,15,7,17,27,265,0,1,1,1,8,1,1,1,1,1,0,285,30.02144167,-98.96817778,57,0,0,1,1,3,0,1,10,0,,,,,,
482110,48,2020,8,18,3,11,11,29,6090,1,2,2,2,6,2,5,98,0,0,0,29.28348056,-98.54911389,12,6,0,1,1,1,0,1,10,0,,,,,,
482111,48,2020,8,9,1,2,5,277,0,1,1,1,1,8,1,5,98,0,0,34,33.60460278,-95.54949167,1,0,0,1,1,4,0,2,1,0,,,,,,
482112,48,2020,8,17,2,9,39,55,0,1,2,2,2,3,1,2,31,1,0,60,29.95159444,-97.67402778,12,1,0,1,1,1,1,1,1,0,,,,,,
482113,48,2020,8,9,1,15,22,113,1730,1,1,1,1,3,2,3,98,1,0,87,32.74832222,-96.68295833,8,0,0,1,1,1,0,1,1,0,,,,,,
482114,48,2020,8,16,1,22,45,85,200,1,2,2,4,2,2,2,98,1,0,64,33.30612222,-96.59128333,5,0,0,1,1,1,0,2,2,0,,,,,,
482115,48,2020,8,16,1,5,41,347,0,1,1,1,1,2,1,3,98,1,0,50,31.77266667,-94.67711389,42,0,0,1,1,4,0,2,1,0,,,,,,
482116,48,2020,7,23,5,1,34,453,330,1,1,1,1,2,2,2,98,1,0,51,30.37463611,-97.72963611,8,0,0,1,1,1,0,3,1,0,,,,,,
482117,48,2020,7,24,6,3,29,453,330,2,3,3,5,7,2,5,98,0,0,0,30.33276389,-97.686125,12,6,0,2,2,1,4,3,1,0,,,,,,
482118,48,2020,8,18,3,13,35,401,0,1,2,2,2,3,1,4,98,0,0,77,32.01484167,-94.62155833,12,2,0,1,1,1,0,1,1,0,,,,,,
482119,48,2020,5,26,3,22,0,459,0,1,1,1,1,3,1,4,98,0,0,13,32.84486667,-94.72196667,42,0,0,1,1,4,0,3,99,0,,,,,,
482120,48,2020,8,20,5,21,34,113,3420,1,2,2,2,6,2,3,98,0,0,0,32.84753889,-96.99239722,12,6,0,2,2,1,0,3,1,0,,,,,,
482121,48,2020,8,8,7,0,34,201,3280,1,1,1,1,6,2,3,98,0,0,132,29.73784722,-95.47666111,15,0,0,3,2,1,0,3,1,0,,,,,,
482122,48,2020,8,17,2,10,12,113,2590,1,3,3,4,1,2,1,1,1,0,282,32.84898056,-96.57313889,12,1,0,1,1,1,0,1,10,0,,,,,,
482123,48,2020,8,26,4,22,6,113,4530,1,1,1,1,6,2,4,98,0,0,0,32.74486667,-96.59376667,33,0,0,1,1,4,0,3,10,0,,,,,,
482124,48,2020,8,24,2,22,11,61,940,1,1,1,1,7,2,5,1,0,0,380,25.94346667,-97.50433333,8,0,0,1,1,1,0,2,1,0,,,,,,
482125,48,2020,7,2,5,3,27,201,6490,1,1,1,1,6,2,4,98,0,0,0,29.65665833,-95.20941667,8,0,0,2,3,1,0,2,1,0,,,,,,
482126,48,2020,8,20,5,5,27,303,0,1,2,2,3,2,1,3,98,1,0,246,33.50357778,-101.74810556,12,1,0,1,1,1,0,2,1,0,,,,,,
482127,48,2020,8,25,3,3,16,99,0,1,1,1,1,2,1,4,98,0,0,117,31.46588333,-97.95231389,38,0,0,1,1,5,0,2,1,0,,,,,,
482128,48,2020,8,22,7,10,8,281,0,1,2,2,3,2,2,3,98,1,0,144,31.08604167,-97.96964167,12,6,0,2,3,1,0,1,10,0,,,,,,