st_case,state,year,month,day,day_week,hour,minute,county,city,fatals_crash,vehicles_total,vehicles_in_transport,persons_total,route,rural_urban,functional_system,road_owner,nhs,special_jurisdiction,milepoint,latitude,longitude,first_harmful_event,manner_collision,rel_jct_interchange,rel_jct_location,intersection_type,relation_to_road,work_zone,light_condition,weather,school_bus_related,ems_notified_hour,ems_notified_min,ems_arrival_hour,ems_arrival_min,hospital_hour,hospital_min
482635,48,2020,10,14,4,19,57,29,6090,1,1,1,1,6,2,4,98,0,0,0,29.33331667,-98.503825,8,0,0,1,1,1,0,3,1,0,,,,,,
482636,48,2020,10,7,4,20,27,439,6485,1,3,3,3,8,2,3,98,1,0,111,32.94154722,-97.15104722,12,6,0,2,2,1,0,3,1,0,20,27,20,31,20,43
482637,48,2020,10,16,6,20,1,29,0,1,1,1,1,3,2,4,98,0,0,163,29.27107778,-98.302125,8,0,0,1,1,2,0,2,1,0,,,,,,
482638,48,2020,10,8,5,19,11,245,5470,1,1,1,1,8,2,4,98,0,0,200,29.98312778,-93.95998889,42,0,0,1,1,4,0,3,1,0,,,,,,
482639,48,2020,10,8,5,13,36,5,4160,1,2,2,3,2,2,3,98,1,0,85,31.37059444,-94.72449444,12,6,0,7,1,1,0,1,1,0,,,,,,
482640,48,2020,10,14,4,21,29,245,5430,1,2,2,2,3,2,3,98,1,0,12,29.89070833,-93.936352780000007,8,0,0,1,1,1,0,3,1,0,,,,,,
482641,48,2020,10,5,2,22,55,29,6090,1,3,3,3,1,2,1,1,1,0,534,29.31808333,-98.57693056,12,98,0,1,1,1,0,3,1,0,,,,,,
482642,48,2020,10,16,6,4,30,29,6090,1,1,1,1,1,2,1,1,1,0,315,29.49625278,-98.40075833,8,0,1,17,1,1,0,3,10,0,,,,,,
482643,48,2020,9,17,5,15,36,439,260,1,2,2,1,3,2,3,98,1,0,260,32.73911944,-97.11741944,12,7,0,1,1,1,0,1,1,0,,,,,,
482644,48,2020,9,27,1,18,7,257,9997,1,1,1,2,7,2,5,98,0,0,115,32.64372778,-96.51236667,1,0,0,5,1,10,0,1,1,0,,,,,,
482645,48,2020,10,11,1,13,47,491,0,1,2,2,2,8,1,5,98,0,0,54,30.73933889,-97.57894444,12,6,0,8,1,1,0,1,1,0,,,,,,
482646,48,2020,10,16,6,6,48,39,130,1,1,1,1,6,2,5,98,0,0,0,29.41000556,-95.27779444,9,0,0,1,1,1,0,2,2,0,,,,,,
482647,48,2020,10,5,2,16,59,477,0,1,2,2,2,3,1,3,98,1,0,58,30.25721111,-96.45909167,12,1,0,8,1,1,0,1,1,0,,,,,,
482648,48,2020,9,5,7,2,27,201,3280,1,2,2,3,7,2,3,98,0,0,0,29.93819444,-95.43225,12,1,0,1,1,1,0,3,1,0,,,,,,
482649,48,2020,10,9,6,1,59,201,3280,1,1,1,1,6,2,4,98,0,0,93,29.80963333,-95.31713056,46,0,1,3,2,3,0,3,2,0,,,,,,
482650,48,2020,10,14,4,18,17,201,3280,1,2,2,4,1,2,1,1,1,0,327,29.77785,-95.29151667,12,1,1,18,1,1,0,5,1,0,18,20,18,30,18,53
482651,48,2020,9,23,4,0,0,451,0,1,1,1,1,8,1,5,98,0,0,,31.44433056,-100.54038889,1,0,0,1,1,4,0,2,1,0,,,,,,
482652,48,2020,10,2,6,6,13,29,1512,1,2,2,3,3,2,3,98,1,0,440,29.49113333,-98.29038889,12,6,0,2,3,1,0,3,1,0,,,,,,
482653,48,2020,10,14,4,7,50,423,0,1,2,2,2,3,1,4,98,0,0,36,32.51538333,-95.16713889,12,2,0,1,1,1,0,1,1,0,,,,,,
482654,48,2020,9,30,4,11,29,139,2240,2,2,2,2,3,2,4,98,0,0,99,32.34545556,-96.60286944,12,11,0,1,1,4,0,1,1,0,,,,,,
482655,48,2020,10,2,6,13,30,203,0,1,2,2,2,8,1,5,98,0,0,96,32.44855833,-94.23798611,12,6,0,2,2,1,0,1,1,0,,,,,,
482657,48,2020,10,11,1,23,45,199,0,1,2,2,2,2,2,3,98,1,0,68,30.29597222,-94.24025833,12,6,0,8,1,1,0,2,1,0,,,,,,
482658,48,2020,10,16,6,3,30,199,0,1,1,1,1,2,2,2,98,1,0,22,30.18805,-94.18788333,52,0,1,19,1,10,0,2,10,0,,,,,,
482659,48,2020,10,9,6,6,28,361,5100,1,2,2,3,3,2,4,98,1,0,132,30.08377778,-93.82189444,8,0,0,1,1,1,0,2,2,0,,,,,,
482660,48,2020,10,7,4,8,59,27,0,1,1,1,1,4,1,7,98,0,0,0,31.15045556,-97.23360833,1,0,0,1,1,4,0,1,10,0,,,,,,
482661,48,2020,10,8,5,16,34,381,0,1,2,2,2,3,2,3,98,1,0,29,35.13506944,-101.74464722,12,6,0,2,2,1,0,1,1,0,,,,,,
482662,48,2020,10,18,1,19,35,139,2240,1,1,1,2,2,1,3,98,1,0,15,32.32678056,-96.71427222,8,0,0,1,1,1,0,2,1,0,,,,,,
482663,48,2020,10,4,1,14,26,201,0,1,2,2,3,4,2,3,98,1,0,0,30.03916944,-95.48769444,12,6,0,8,1,1,0,1,1,0,,,,,,
482664,48,2020,10,8,5,3,30,85,4230,1,1,1,1,6,2,4,98,0,0,0,33.20389444,-96.66853889,43,0,0,1,1,4,0,3,1,0,,,,,,
482665,48,2020,9,29,3,1,2,453,0,1,1,1,1,6,2,4,98,0,0,0,30.41282778,-97.63381389,8,0,0,1,1,1,0,2,1,0,,,,,,
482666,48,2020,8,29,7,20,17,39,0,1,2,2,3,3,1,4,98,0,0,43,29.05383056,-95.50880833,1,0,0,1,1,1,0,2,1,0,20,30,21,0,22,10
482667,48,2020,9,26,7,8,10,497,0,1,2,2,3,8,2,5,98,0,0,47,33.01451111,-97.500425,12,2,0,3,3,1,0,1,1,0,,,,,,
482668,48,2020,10,12,2,21,25,291,1380,1,1,1,1,3,2,3,98,1,0,9,30.35771389,-95.08049722,8,0,0,1,1,1,0,2,1,0,,,,,,
482670,48,2020,10,10,7,1,44,201,3280,2,1,1,2,6,2,4,98,0,0,0,29.56046944,-95.07821667,33,0,0,1,1,3,0,3,1,0,,,,,,
482671,48,2020,10,11,1,15,21,35,0,1,6,6,6,3,1,3,98,1,0,268,31.82536111,-97.61766944,12,1,0,1,1,1,4,1,1,0,,,,,,
482672,48,2020,10,10,7,7,6,113,2800,1,3,3,3,1,2,1,1,1,0,7,32.75960833,-97.02278056,12,1,0,1,1,1,0,4,5,0,,,,,,
482673,48,2020,10,10,7,14,0,161,0,1,2,2,2,1,1,1,1,1,0,102,31.61425556,-96.15669444,12,2,0,1,1,1,0,1,1,0,,,,,,
482674,48,2020,10,19,2,5,50,39,130,1,3,3,3,3,2,3,98,1,0,96,29.46781389,-95.24569722,12,6,0,2,3,1,0,2,1,0,,,,,,
482675,48,2020,10,19,2,4,16,113,7520,1,1,1,1,1,2,1,1,1,0,46,32.62046389,-96.693275,59,0,1,19,1,10,0,3,1,0,,,,,,
482676,48,2020,10,17,7,21,6,141,2190,1,2,2,5,6,2,3,98,1,0,0,31.77199444,-106.33963889,12,1,0,3,2,1,0,3,1,0,,,,,,
482677,48,2020,10,11,1,22,25,201,0,2,3,2,3,8,2,3,98,1,0,192,30.01579444,-95.35498333,12,6,0,1,1,1,0,3,1,0,,,,,,
482678,48,2020,10,16,6,7,17,491,2620,1,3,3,5,6,2,4,98,0,0,0,30.62178056,-97.64531944,12,6,0,2,3,1,0,4,10,0,,,,,,
482679,48,2020,10,13,3,19,44,453,0,1,1,1,1,8,1,4,98,0,0,51,30.119663890000002,-97.63408056,8,0,0,1,1,2,0,2,1,0,,,,,,
482680,48,2020,10,15,5,22,38,139,4570,1,2,1,2,7,1,3,98,0,0,37,32.45238056,-97.05822222,14,0,0,1,1,2,0,2,1,0,,,,,,
482681,48,2020,10,18,1,7,30,227,640,1,1,1,1,7,2,5,98,0,0,,32.26526944,-101.48076944,9,0,0,1,1,1,0,3,1,0,,,,,,
482682,48,2020,10,3,7,18,50,461,0,4,2,2,5,3,1,4,98,0,0,124,31.49065833,-101.93761389,12,2,0,1,1,1,0,1,1,0,,,,,,
482683,48,2020,10,9,6,18,0,139,5180,1,1,1,3,1,1,1,1,1,0,145,32.4209,-96.65906389,1,0,0,1,1,4,0,1,1,0,,,,,,
482684,48,2020,10,7,4,17,16,485,0,1,1,1,1,2,1,2,98,1,0,49,34.02457778,-98.87583333,24,0,0,1,1,4,0,1,1,0,,,,,,
482685,48,2020,10,10,7,15,26,31,0,1,1,1,1,8,1,5,98,0,0,12,30.09170833,-98.39575278,38,0,0,1,1,5,0,1,1,0,,,,,,
482686,48,2020,10,3,7,10,47,385,3922,1,1,1,1,8,1,5,98,0,0,207,29.724725,-99.76749167,33,0,0,1,1,4,0,1,10,0,,,,,,
482687,48,2020,10,4,1,15,0,29,6090,1,3,3,6,6,2,5,98,1,0,0,29.44874444,-98.51519722,12,6,1,2,2,1,0,8,1,0,,,,,,
482688,48,2020,10,17,7,19,55,257,0,1,1,1,2,3,1,4,98,0,0,12,32.82708611,-96.18289167,1,0,0,1,1,4,0,2,1,0,,,,,,
482689,48,2020,9,30,4,19,19,423,0,1,2,2,3,8,1,5,98,0,0,169,32.38894722,-94.993825,59,0,0,1,1,4,0,5,1,0,,,,,,
482690,48,2020,9,2,4,11,39,201,3280,1,3,3,4,6,2,3,98,0,0,0,29.64506389,-95.36833056,12,6,0,2,2,1,0,1,1,0,,,,,,
482691,48,2020,10,12,2,17,17,201,3280,1,3,3,3,6,2,4,98,0,0,0,29.80209722,-95.56986667,12,6,0,2,2,1,0,1,1,0,,,,,,
482692,48,2020,10,12,2,11,33,223,0,1,4,4,9,1,1,1,1,1,0,78,33.12192778,-95.72944167,12,1,0,1,1,1,0,1,1,0,,,,,,
482693,48,2020,10,18,1,12,0,469,0,1,1,1,1,3,2,4,98,0,0,101,28.74000278,-96.96091667,42,0,0,1,1,4,0,1,1,0,,,,,,
482694,48,2020,10,5,2,10,5,181,0,1,2,2,2,3,1,4,98,0,0,132,33.72765833,-96.68260556,12,2,0,1,1,1,0,1,1,0,,,,,,
482695,48,2020,10,10,7,12,57,415,0,1,2,2,2,4,1,7,98,0,0,0,32.75561667,-100.99635833,12,6,0,2,2,1,0,1,1,0,,,,,,
482696,48,2020,9,30,4,7,43,415,0,1,1,1,3,2,1,3,98,1,0,13,32.80776111,-100.97076111,1,0,0,1,1,5,0,4,1,0,,,,,,
482697,48,2020,10,12,2,19,25,459,0,1,1,1,1,2,1,3,98,0,0,74,32.56916944,-95.04701111,8,0,0,1,1,1,0,2,1,0,,,,,,
482698,48,2020,10,7,4,5,20,459,0,1,1,1,1,3,2,3,98,1,0,185,32.62797222,-94.84898056,42,0,0,1,1,5,0,2,1,0,,,,,,
482699,48,2020,10,5,2,17,52,113,1730,1,3,3,3,7,2,5,1,0,0,164,32.64679167,-96.78104444,12,6,1,2,2,1,0,1,1,0,,,,,,
482700,48,2020,10,16,6,22,18,29,6090,1,2,2,2,1,2,1,1,1,0,273,29.44247222,-98.63861389,8,0,1,18,1,1,0,3,10,0,,,,,,
482701,48,2020,10,14,4,23,40,201,3280,1,1,1,1,6,2,3,98,0,0,0,29.83080278,-95.25877222,43,0,0,1,1,4,0,3,1,0,,,,,,
482702,48,2020,10,19,2,22,41,245,0,1,1,1,1,1,1,1,1,1,0,74,29.93183056,-94.26828056,8,0,0,1,1,1,0,2,10,0,,,,,,
482703,48,2020,10,16,6,2,12,303,4140,1,1,1,1,8,2,3,98,1,0,56,33.59233889,-101.92868056,46,0,1,3,2,3,0,3,1,0,,,,,,
482704,48,2020,10,12,2,6,34,469,0,1,2,2,2,2,2,3,98,1,0,105,28.87608056,-97.04689722,12,2,0,1,1,1,0,2,5,0,,,,,,
482705,48,2020,10,17,7,21,26,113,2590,1,1,1,1,6,2,7,98,0,0,0,32.95926667,-96.66978333,30,0,0,1,1,4,0,3,1,0,,,,,,
482706,48,2020,10,15,5,6,42,171,6614,1,2,2,2,2,1,3,98,1,0,138,30.23599722,-98.66949167,12,2,0,1,1,1,0,4,1,0,,,,,,
482707,48,2020,10,19,2,16,37,121,9997,1,1,1,1,6,2,6,98,0,0,0,33.03653889,-97.321125,42,0,0,1,1,4,0,1,1,0,,,,,,
482708,48,2020,10,22,5,1,31,257,0,1,1,1,1,8,1,5,98,0,0,51,32.68675,-96.36392778,42,0,0,1,1,4,0,2,1,0,,,,,,
482709,48,2020,10,10,7,20,39,403,0,1,1,1,1,8,1,5,98,0,0,50,31.28676389,-93.97458333,53,0,0,1,1,4,0,2,1,0,,,,,,
482710,48,2020,9,12,7,12,58,453,330,1,1,1,1,2,2,2,98,1,0,8,30.42756111,-97.75571667,25,0,0,1,1,3,0,1,1,0,,,,,,
482711,48,2020,10,19,2,20,0,453,330,1,1,1,1,6,2,3,98,1,0,122,30.27624444,-97.69988056,8,0,0,1,1,1,0,3,10,0,,,,,,
482712,48,2020,10,22,5,0,52,423,0,1,1,1,1,8,1,5,98,0,0,,32.15680278,-95.40600833,1,0,0,1,1,4,0,2,1,0,,,,,,
482713,48,2020,10,17,7,9,24,29,3245,1,1,1,1,6,2,5,98,0,0,0,29.59936111,-98.47532778,8,0,0,2,3,1,0,7,10,0,,,,,,
482714,48,2020,10,18,1,18,25,135,0,1,2,2,2,8,2,4,98,0,0,40,31.84195556,-102.49656944,12,2,0,2,2,1,0,1,1,0,,,,,,
482715,48,2020,10,6,3,21,0,385,0,1,1,1,2,4,1,7,98,0,0,0,29.72023056,-99.615825,35,0,0,1,1,5,0,2,1,0,,,,,,
482716,48,2020,9,15,3,20,20,363,4630,1,1,1,1,2,2,4,98,0,0,122,32.82969722,-98.11100556,1,0,0,1,1,1,0,3,1,0,,,,,,
482717,48,2020,10,17,7,5,0,467,0,1,1,1,1,3,1,4,98,0,0,41,32.72552222,-95.83763056,53,0,0,1,1,4,0,2,1,0,,,,,,
482718,48,2020,9,18,6,17,14,187,0,1,2,2,2,8,1,5,98,0,0,0,29.45949167,-98.02345833,12,6,0,2,2,1,0,1,1,0,,,,,,
482719,48,2020,10,20,3,20,30,29,0,1,2,2,2,3,1,4,98,0,0,115,29.20276389,-98.58485556,1,0,0,1,1,1,1,2,1,0,,,,,,
482720,48,2020,10,15,5,20,0,201,0,1,1,1,1,2,2,3,98,1,0,361,29.87594444,-95.09536667,8,0,0,1,1,99,0,2,10,0,,,,,,
482721,48,2020,9,30,4,22,38,141,2190,1,2,2,2,7,2,5,98,1,0,,31.75874722,-106.35585833,12,6,1,2,2,1,0,3,1,0,,,,,,
482722,48,2020,10,19,2,2,27,201,0,1,1,1,1,7,2,98,98,9,0,,29.91424722,-95.61921667,25,0,1,19,1,4,1,3,1,0,,,,,,
482723,48,2020,10,22,5,17,36,183,4080,1,1,1,1,7,2,5,98,0,0,,32.45012778,-94.70769167,42,0,1,19,1,10,0,5,1,0,,,,,,
482724,48,2020,10,23,6,6,20,29,0,1,2,2,2,3,1,4,98,0,0,125,29.18844167,-98.58481111,12,1,0,8,1,1,0,2,10,0,,,,,,
482725,48,2020,10,22,5,22,40,439,2450,1,1,1,1,7,2,5,1,0,0,7,32.65836944,-97.32167222,8,0,0,1,1,1,0,2,1,0,,,,,,
482726,48,2020,10,18,1,19,59,201,0,1,1,1,1,4,2,4,98,0,0,0,29.849525,-95.22089722,8,0,0,1,1,1,4,2,1,0,19,59,20,7,,
482727,48,2020,10,20,3,14,20,201,0,1,1,1,1,1,2,1,1,1,0,455,30.06053611,-95.43314167,41,0,0,1,1,10,0,1,1,0,,,,,,
482728,48,2020,10,2,6,14,42,201,0,1,2,2,4,7,2,3,98,0,0,0,29.89637222,-95.20358056,12,6,1,2,2,1,0,1,1,0,,,,,,
482729,48,2020,10,20,3,2,56,29,6090,1,1,1,2,1,2,1,1,1,0,,29.50787778,-98.54367778,25,0,1,19,1,8,0,3,1,0,,,,,,
482730,48,2020,10,15,5,18,53,453,0,1,1,1,1,4,1,5,98,0,0,0,30.34394722,-97.50479444,53,0,0,1,1,4,0,1,1,0,,,,,,
482731,48,2020,10,21,4,7,15,135,0,3,4,4,6,8,1,5,98,0,0,106,32.00840278,-102.69256389,12,8,0,1,1,1,0,2,1,0,,,,,,
482732,48,2020,10,24,7,3,4,29,6090,1,2,2,3,6,2,4,98,0,0,0,29.48218056,-98.58933611,12,2,0,2,3,1,0,3,1,0,,,,,,
482733,48,2020,10,22,5,20,19,215,6160,1,1,1,2,3,2,3,98,1,0,145,26.20546944,-98.13617222,8,0,0,1,1,1,0,2,1,0,,,,,,
482734,48,2020,10,23,6,12,34,201,480,1,1,1,1,8,2,2,98,1,0,35,29.76057778,-95.00265,38,0,0,1,1,5,0,1,1,0,,,,,,
482735,48,2020,10,9,6,20,25,139,0,1,1,1,1,8,1,5,98,0,0,68,32.37612222,-96.71038056,8,0,0,1,1,1,0,2,1,0,,,,,,
482736,48,2020,10,25,1,21,29,361,5100,1,1,1,1,8,2,3,98,1,0,143,30.09316111,-93.72695278,30,0,0,1,1,4,0,3,10,0,,,,,,
482737,48,2020,10,17,7,23,4,113,6001,1,1,1,1,6,2,3,98,1,0,0,32.89378333,-96.56960556,33,0,0,3,2,4,0,3,1,0,,,,,,
482738,48,2020,9,15,3,0,12,201,3280,2,1,1,3,6,2,7,98,0,0,0,29.86569444,-95.50691111,33,0,0,3,2,4,0,3,1,0,,,,,,
482739,48,2020,9,19,7,23,37,201,3280,2,2,2,5,6,2,4,98,0,0,0,29.85945833,-95.33629722,12,6,0,2,2,1,0,3,1,0,,,,,,
482740,48,2020,10,5,2,0,29,201,3280,1,1,1,2,6,2,4,98,0,0,0,29.79374722,-95.2534,33,0,0,1,1,3,0,3,1,0,,,,,,
482741,48,2020,10,18,1,11,27,201,3280,1,1,1,1,1,2,1,1,1,0,168,29.69679167,-95.2863,25,0,1,5,1,4,0,1,1,0,,,,,,
482742,48,2020,10,23,6,9,20,225,0,2,2,2,3,3,1,4,98,0,0,283,31.17398333,-95.47056111,12,2,0,1,1,1,0,1,10,0,,,,,,
482743,48,2020,10,18,1,13,7,473,0,2,2,2,7,2,1,3,98,1,0,46,30.12296667,-96.11041389,12,6,0,2,2,1,0,1,1,0,,,,,,
482744,48,2020,10,18,1,2,35,217,0,1,1,1,4,1,1,1,1,1,0,187,32.09695556,-97.10829167,59,0,1,5,1,10,0,2,1,0,,,,,,
482745,48,2020,10,20,3,5,54,361,7200,1,2,2,3,1,1,1,1,1,0,106,30.130275,-93.93605278,12,1,0,1,1,1,0,2,5,0,,,,,,
482746,48,2020,10,18,1,11,12,221,2780,1,2,2,3,2,2,3,98,1,0,111,32.44389167,-97.75059722,1,0,0,2,3,1,0,1,1,0,11,18,11,29,12,15
482747,48,2020,10,19,2,5,15,329,0,1,1,1,1,4,1,5,98,0,0,65,31.90960833,-102.01347778,38,0,0,1,1,5,0,2,1,0,,,,,,
482748,48,2020,10,21,4,19,42,29,6090,1,1,1,1,6,2,4,98,0,0,0,29.43162778,-98.56249722,8,0,0,1,1,1,0,2,10,0,,,,,,
482749,48,2020,10,21,4,20,1,29,6090,1,1,1,1,8,2,3,98,1,0,25,29.44516944,-98.52502778,8,0,0,1,1,1,0,3,1,0,,,,,,
482750,48,2020,10,25,1,1,40,99,1540,1,3,1,1,8,2,4,98,0,0,74,31.1447,-97.92907778,1,0,0,1,1,4,0,3,1,0,,,,,,
482751,48,2020,10,23,6,19,50,423,0,1,1,1,1,1,1,1,1,1,0,52,32.48187778,-95.50816944,25,0,0,1,1,3,0,2,1,0,,,,,,
482753,48,2020,10,25,1,7,53,201,0,3,2,2,5,8,2,3,98,1,0,158,29.87998611,-95.59420833,12,6,0,8,1,1,0,1,10,0,,,,,,
482754,48,2020,10,24,7,23,34,439,2450,1,3,3,5,1,2,1,1,1,0,340,32.69706944,-97.23766944,12,7,0,1,1,1,0,3,1,0,,,,,,
482755,48,2020,10,19,2,23,39,367,0,1,1,1,1,2,1,4,98,0,0,12,32.804025,-98.04179444,8,0,0,1,1,1,0,2,10,0,,,,,,
482756,48,2020,10,21,4,10,38,481,0,1,3,3,3,3,1,5,98,0,0,66,29.25238611,-96.04911944,12,1,0,1,1,1,1,1,10,0,,,,,,
482757,48,2020,10,23,6,6,47,361,5100,1,2,2,5,1,1,1,1,1,0,248,30.12365833,-93.71016389,12,7,0,1,1,1,4,4,10,0,,,,,,
482758,48,2020,10,18,1,18,20,19,0,1,1,1,1,4,1,7,98,0,0,0,29.65247222,-99.00736111,1,0,0,1,1,4,0,1,1,0,18,26,19,1,19,48
482759,48,2020,10,19,2,23,4,469,7190,1,1,1,1,2,2,3,98,1,0,161,28.80709167,-97.00365556,8,0,0,1,1,1,0,3,1,0,,,,,,
482760,48,2020,10,23,6,11,28,491,2620,1,1,1,2,1,2,1,1,1,0,131,30.66652222,-97.66911111,25,0,1,19,1,3,0,1,2,0,,,,,,
482761,48,2020,10,16,6,2,40,239,0,1,2,2,2,3,1,4,98,0,0,100,28.71394444,-96.472375,12,2,0,1,1,1,0,2,10,0,,,,,,
482762,48,2020,10,22,5,6,40,29,6090,1,1,1,1,6,2,7,98,0,0,0,29.53161667,-98.49384167,8,0,0,1,1,7,0,2,10,0,,,,,,
482763,48,2020,10,25,1,14,25,21,0,1,1,1,1,4,1,7,98,0,0,0,30.30172778,-97.42808056,42,0,0,1,1,4,0,1,1,0,,,,,,
482764,48,2020,10,20,3,17,10,67,0,1,2,2,2,3,1,4,98,0,0,74,32.95062222,-94.47006111,12,6,0,2,3,1,0,1,1,0,,,,,,
482765,48,2020,10,14,4,1,54,469,0,1,2,2,3,2,2,3,98,1,0,5,28.84832778,-96.89712778,12,2,1,18,1,1,0,2,1,0,,,,,,
482766,48,2020,10,18,1,17,52,91,4870,1,2,2,2,3,2,3,98,1,0,191,29.69377778,-98.08394722,12,11,0,2,3,1,0,1,1,0,17,52,17,56,18,12
482767,48,2020,10,18,1,13,46,423,0,1,3,3,4,3,1,5,98,0,0,22,32.52534167,-95.56428056,12,1,0,8,1,1,0,1,1,0,,,,,,
482768,48,2020,10,23,6,10,21,27,0,1,2,2,3,2,1,3,98,1,0,38,31.00330278,-97.29170556,12,2,0,1,1,1,0,1,2,0,,,,,,
482769,48,2020,10,15,5,6,20,423,0,2,2,2,2,8,1,5,98,0,0,104,32.23392222,-95.45139444,12,2,0,1,1,1,0,2,10,0,,,,,,
482770,48,2020,10,21,4,20,15,343,0,1,1,1,1,2,1,3,98,0,0,241,32.97611111,-94.71841111,9,0,0,1,1,1,0,2,1,0,,,,,,
482771,48,2020,10,13,3,15,5,113,1730,1,3,1,1,6,2,4,98,0,0,0,32.72592222,-96.81455556,14,0,0,1,1,7,0,1,1,0,,,,,,
482772,48,2020,10,9,6,15,16,113,3420,1,1,1,1,6,2,7,98,0,0,0,32.81717222,-96.99506111,8,0,0,1,1,1,0,1,10,0,,,,,,
482773,48,2020,10,21,4,15,12,453,0,1,3,3,4,8,2,3,98,1,0,83,30.39626944,-97.916225,12,6,0,1,1,1,0,1,1,0,,,,,,
482774,48,2020,10,20,3,17,49,459,2650,1,2,2,2,3,1,4,98,0,0,113,32.72903333,-94.96314722,12,6,0,2,2,1,0,5,1,0,,,,,,
482776,48,2020,10,17,7,12,10,181,0,1,2,2,3,2,1,3,98,1,0,244,33.65461111,-96.53006944,12,1,0,1,1,1,0,1,1,0,,,,,,
482777,48,2020,8,15,7,22,40,453,330,1,1,1,3,8,2,5,98,1,0,0,30.276575,-97.63741389,41,0,0,3,3,5,0,3,1,0,,,,,,
482778,48,2020,10,25,1,3,19,113,1730,1,2,2,2,1,2,1,1,1,0,118,32.64555833,-96.85672222,12,1,0,1,1,1,0,2,1,0,,,,,,
482779,48,2020,10,26,2,22,10,287,0,1,1,1,1,8,1,5,98,0,0,41,30.19721389,-96.79086111,11,0,0,1,1,1,0,2,2,0,,,,,,
482780,48,2020,10,17,7,19,11,17,0,1,1,1,1,2,1,3,98,1,0,4,34.30851667,-102.87986111,59,0,0,1,1,4,0,5,1,0,,,,,,
482781,48,2020,10,15,5,14,50,29,6090,1,2,2,3,6,2,3,98,1,0,0,29.42664444,-98.509875,12,6,0,2,2,1,0,1,1,0,,,,,,
482782,48,2020,10,26,2,20,13,485,2150,1,2,1,1,2,1,2,98,1,0,21,34.0444,-98.91761389,8,0,1,19,1,3,0,2,3,0,20,22,20,23,21,27
482783,48,2020,10,17,7,22,55,91,4870,1,2,2,2,3,2,3,98,1,0,166,29.72326111,-98.10636667,12,1,0,1,1,1,0,3,1,0,,,,,,
482784,48,2020,10,25,1,19,8,459,0,1,1,1,1,8,1,5,98,0,0,60,32.85220556,-95.05807222,1,0,0,1,1,4,0,2,2,0,,,,,,
482785,48,2020,10,27,3,11,59,441,0,1,2,2,3,1,1,1,1,1,0,74,32.47396944,-100.03343889,57,0,1,19,1,3,0,1,3,0,,,,,,
482786,48,2020,10,29,5,14,50,183,3680,1,1,1,1,2,2,3,98,1,0,39,32.39038611,-94.86529444,30,0,0,1,1,4,0,1,10,0,,,,,,
482788,48,2020,10,24,7,18,29,201,3280,1,2,2,3,3,2,3,98,1,0,17,29.86218333,-95.41266389,12,1,0,3,2,1,0,3,1,0,,,,,,
482789,48,2020,10,21,4,12,8,149,0,2,1,1,2,1,1,1,1,1,0,106,29.69619444,-97.03248056,1,0,0,1,1,10,0,1,1,0,,,,,,
482790,48,2020,10,13,3,18,47,85,5221,1,1,1,1,8,2,4,98,0,0,2,33.05531389,-96.60885,8,0,0,1,1,1,0,5,1,0,18,50,18,57,19,57
482791,48,2020,10,29,5,7,51,39,5765,1,1,1,1,6,2,4,98,0,0,0,29.04578056,-95.40348611,33,0,0,1,1,3,0,1,1,0,,,,,,
482792,48,2020,10,29,5,18,51,141,2190,1,3,3,3,7,2,5,98,0,0,152,31.91041389,-106.44115278,12,1,0,1,1,1,0,3,1,0,,,,,,
482793,48,2020,10,30,6,19,0,201,3280,1,1,1,1,6,2,4,98,0,0,0,29.82179167,-95.51926389,42,0,0,1,1,4,0,3,1,0,,,,,,
482794,48,2020,9,4,6,23,5,201,5230,1,1,1,1,6,2,3,98,1,0,0,29.65001111,-95.20791667,8,0,0,1,1,1,0,2,1,0,,,,,,
482795,48,2020,10,10,7,15,20,401,0,1,1,1,1,8,1,5,98,0,0,16,32.12149444,-94.96202222,1,0,0,1,1,4,0,1,1,0,,,,,,
482796,48,2020,10,27,3,11,18,113,1730,1,1,1,2,1,2,1,1,1,0,262,32.87099444,-96.89865833,20,0,1,19,1,8,0,1,2,0,,,,,,
482797,48,2020,10,12,2,6,40,61,0,1,1,1,1,1,2,1,1,1,0,210,26.28745278,-97.75929167,42,0,0,1,1,10,0,2,5,0,,,,,,
482798,48,2020,10,24,7,21,24,113,1730,1,1,1,1,1,2,1,1,1,0,85,32.7948,-96.722125,42,0,0,1,1,4,0,3,1,0,,,,,,
482799,48,2020,10,10,7,12,50,201,3280,1,2,2,2,1,2,1,1,1,0,41,29.731925,-95.26613611,12,1,0,1,1,1,0,1,1,0,12,55,13,1,,
482800,48,2020,10,28,4,13,15,167,3920,1,3,3,3,1,2,1,1,1,0,162,29.49416944,-95.10910556,12,7,1,20,1,1,1,1,10,0,,,,,,
482801,48,2020,10,11,1,4,40,201,3280,1,1,1,1,6,2,4,98,0,0,0,29.70458333,-95.57124167,42,0,0,1,1,3,0,3,1,0,,,,,,