st_case,state,year,month,day,day_week,hour,minute,county,city,fatals_crash,vehicles_total,vehicles_in_transport,persons_total,route,rural_urban,functional_system,road_owner,nhs,special_jurisdiction,milepoint,latitude,longitude,first_harmful_event,manner_collision,rel_jct_interchange,rel_jct_location,intersection_type,relation_to_road,work_zone,light_condition,weather,school_bus_related,ems_notified_hour,ems_notified_min,ems_arrival_hour,ems_arrival_min,hospital_hour,hospital_min
483299,48,2020,12,9,4,18,20,29,6090,2,1,1,1,8,2,3,98,1,0,19,29.44606667,-98.53445,8,0,0,1,1,1,0,3,1,0,,,,,,
483300,48,2020,12,9,4,16,40,241,0,1,1,1,2,4,1,7,98,0,0,0,30.622625,-93.89903333,42,0,0,1,1,4,0,1,10,0,,,,,,
483301,48,2020,12,15,3,23,24,133,0,1,1,1,1,3,1,5,98,0,0,0,32.44090278,-98.69624444,33,0,0,1,1,3,0,2,10,0,,,,,,
483302,48,2020,12,6,1,4,5,185,0,1,1,1,4,8,1,5,98,0,0,33,30.79783889,-96.08946944,1,0,0,1,1,4,0,2,10,0,,,,,,
483303,48,2020,12,9,4,7,24,21,0,1,2,2,2,3,1,3,98,1,0,52,30.14156111,-97.47178889,12,6,0,2,2,1,0,1,1,0,,,,,,
483304,48,2020,12,9,4,11,18,361,5100,3,2,2,4,1,2,1,1,1,0,173,30.11856389,-93.82838889,12,1,0,1,1,1,0,1,1,0,,,,,,
483305,48,2020,12,9,4,9,30,361,5100,1,2,2,3,1,2,1,1,1,0,155,30.12895833,-93.85629444,12,1,0,1,1,1,0,1,1,0,,,,,,
483306,48,2020,12,13,1,14,12,85,0,3,2,2,6,3,1,3,98,1,0,17,33.38701667,-96.39517222,12,2,0,1,1,1,0,1,2,0,,,,,,
483307,48,2020,12,13,1,18,10,167,0,1,2,2,2,8,2,4,98,0,0,211,29.49577778,-94.92015278,12,6,0,2,2,1,0,3,1,0,,,,,,
483308,48,2020,12,11,6,2,40,29,6090,1,1,1,1,6,2,3,98,0,0,0,29.5517,-98.42986389,38,0,0,1,1,5,1,3,1,0,,,,,,
483309,48,2020,12,9,4,18,36,201,3280,1,1,1,1,6,2,4,98,0,0,0,29.81343611,-95.38244444,8,0,0,1,1,1,0,3,1,0,18,36,,,19,1
483310,48,2020,12,12,7,23,10,201,3280,1,1,1,1,3,2,3,98,1,0,120,29.76453611,-95.64446389,8,0,0,1,1,1,0,2,10,0,,,,,,
483311,48,2020,11,25,4,21,54,201,3280,1,2,2,2,7,2,5,1,0,0,326,29.77693056,-95.29438056,8,0,0,1,1,1,0,2,1,0,,,,,,
483312,48,2020,12,15,3,15,32,201,3280,1,2,2,2,6,2,4,98,0,0,0,29.84848056,-95.30729444,12,11,0,3,3,1,0,1,10,0,,,,,,
483313,48,2020,12,16,4,19,26,29,6090,1,1,1,1,1,2,1,1,1,0,276,29.44771944,-98.42788056,8,0,0,1,1,1,0,3,1,0,,,,,,
483314,48,2020,12,8,3,14,41,139,7270,1,2,2,2,7,2,5,98,0,0,,32.45514722,-96.84491667,12,1,0,8,1,1,4,1,1,0,,,,,,
483315,48,2020,12,5,7,22,41,469,0,1,1,1,1,8,1,6,98,0,0,189,28.72746667,-96.86106111,52,0,0,1,1,4,0,7,1,0,,,,,,
483316,48,2020,12,11,6,7,28,281,0,1,2,2,2,2,1,3,98,1,0,100,31.07625556,-98.04021389,12,6,0,1,1,1,0,1,2,0,,,,,,
483317,48,2020,12,11,6,18,41,61,940,1,1,1,1,3,2,3,98,1,0,128,25.91567222,-97.44867222,8,0,0,1,1,1,0,2,1,0,,,,,,
483318,48,2020,12,14,2,7,0,447,0,1,1,1,1,2,1,4,98,0,0,120,33.22262778,-99.19918889,35,0,0,1,1,4,0,2,1,0,,,,,,
483319,48,2020,11,24,3,17,32,423,0,1,1,1,2,4,1,7,98,0,0,0,32.45335278,-95.09426667,5,0,0,1,1,1,0,2,1,0,,,,,,
483320,48,2020,12,8,3,15,43,275,2740,1,1,1,1,8,1,5,98,1,0,212,33.46711389,-99.52653333,5,0,0,1,1,1,0,1,1,0,,,,,,
483321,48,2020,12,13,1,0,15,401,0,1,1,1,1,8,1,5,98,0,0,37,32.33635556,-94.80103611,30,0,0,1,1,4,0,2,10,0,,,,,,
483322,48,2020,12,10,5,21,56,201,3280,1,1,1,2,6,2,4,98,0,0,0,29.84705278,-95.42306944,33,0,0,1,1,3,0,3,10,0,,,,,,
483323,48,2020,12,18,6,1,7,201,3280,1,1,1,1,8,2,3,98,0,0,117,29.73752778,-95.5022,8,0,0,1,1,1,0,3,1,0,,,,,,
483324,48,2020,12,12,7,19,15,141,2190,1,1,1,3,3,2,2,98,1,0,245,31.81952778,-106.27248611,8,0,0,1,1,1,0,3,1,0,,,,,,
483325,48,2020,11,14,7,15,37,463,0,2,1,1,2,3,1,5,98,0,0,141,29.43374722,-100.01103333,38,0,0,1,1,5,0,1,1,0,,,,,,
483326,48,2020,11,23,2,17,52,29,6090,1,1,1,1,6,2,4,98,0,0,0,29.33021944,-98.53316667,8,0,0,3,2,1,0,3,1,0,,,,,,
483327,48,2020,11,27,6,4,34,331,0,1,1,1,1,2,1,4,98,0,0,48,30.97421111,-96.99060278,43,0,0,1,1,4,0,2,10,0,,,,,,
483328,48,2020,12,14,2,7,22,113,1730,1,2,2,5,6,2,7,98,0,0,0,32.71784444,-96.81330278,12,6,0,2,2,1,0,1,1,0,,,,,,
483329,48,2020,12,18,6,16,25,423,0,1,1,1,1,4,1,7,98,0,0,0,32.4364,-95.26056389,42,0,0,1,1,4,0,1,10,0,,,,,,
483330,48,2020,11,23,2,3,50,135,0,1,1,1,1,1,2,1,1,1,0,,31.76236389,-102.53574167,1,0,1,3,3,8,0,2,2,0,,,,,,
483331,48,2020,12,9,4,22,36,449,0,1,1,1,3,4,1,7,98,0,0,0,33.15602778,-94.88695556,42,0,0,3,3,5,0,2,1,0,,,,,,
483332,48,2020,12,17,5,9,27,41,0,1,2,2,2,3,1,3,98,1,0,6,30.63553056,-96.54111111,12,6,0,1,1,1,0,1,1,0,,,,,,
483333,48,2020,12,18,6,22,36,201,3320,1,1,1,1,7,2,5,98,0,0,11,30.01746944,-95.26195833,33,0,0,1,1,10,0,3,10,0,,,,,,
483334,48,2020,12,10,5,18,10,399,0,1,2,2,3,2,1,3,98,1,0,196,31.81251944,-99.93463056,12,2,0,1,1,1,0,5,1,0,,,,,,
483335,48,2020,12,20,1,6,1,439,2450,1,1,1,1,1,2,1,1,1,0,147,32.747675,-97.31250556,8,0,1,18,1,1,0,2,1,0,,,,,,
483336,48,2020,12,6,1,12,0,67,0,1,2,2,2,2,1,3,98,1,0,216,33.05143889,-94.29440833,12,6,0,2,3,1,0,1,1,0,,,,,,
483337,48,2020,12,13,1,2,45,227,0,1,1,1,1,8,1,5,98,0,0,111,32.12356389,-101.55433056,1,0,0,5,1,8,0,2,1,0,,,,,,
483338,48,2020,12,4,6,9,13,227,0,1,2,2,3,8,1,5,98,0,0,91,32.42400833,-101.53958889,12,6,0,2,2,1,0,1,1,0,,,,,,
483339,48,2020,12,10,5,18,39,113,1730,1,1,1,2,6,2,3,98,1,0,0,32.82704722,-96.82323611,8,0,0,1,1,1,0,3,1,0,,,,,,
483340,48,2020,12,17,5,4,20,113,1730,1,3,3,3,1,2,1,1,1,0,63,32.7907,-96.75916111,12,2,0,1,1,1,0,3,1,0,,,,,,
483341,48,2020,12,16,4,1,2,29,6090,1,2,2,2,2,2,3,98,1,0,18,29.30960278,-98.47382778,12,6,0,8,1,1,0,3,1,0,,,,,,
483342,48,2020,12,19,7,20,13,439,2450,1,2,2,2,3,2,3,98,1,0,112,32.79509722,-97.30783889,12,1,0,8,1,1,1,3,1,0,,,,,,
483343,48,2020,10,21,4,18,43,367,0,1,2,2,2,8,1,5,98,0,0,139,32.81643056,-97.85289167,12,6,0,2,3,1,0,1,1,0,,,,,,
483344,48,2020,12,20,1,16,2,435,0,1,2,2,2,1,1,1,1,1,0,86,30.61984167,-100.82452778,12,6,0,1,1,1,0,1,1,0,,,,,,
483345,48,2020,11,22,1,18,1,139,0,2,2,2,2,7,1,5,1,0,0,6,32.27219444,-96.51499444,8,0,0,1,1,1,0,2,1,0,,,,,,
483346,48,2020,12,14,2,17,47,473,0,1,2,2,2,8,1,5,98,0,0,127,29.98578611,-95.95141944,12,2,0,1,1,1,0,2,10,0,,,,,,
483347,48,2020,12,18,6,5,0,491,2620,1,2,2,2,3,2,3,98,1,0,212,30.70666667,-97.65605278,12,2,0,1,1,1,0,2,1,0,,,,,,
483348,48,2020,12,21,2,19,46,439,2450,1,1,1,3,3,2,3,98,1,0,164,32.73975,-97.27806944,8,0,0,3,2,1,0,2,1,0,,,,,,
483349,48,2020,11,27,6,22,15,331,0,1,2,2,2,2,1,3,98,1,0,101,30.74788889,-96.77401111,12,2,0,1,1,1,0,2,10,0,,,,,,
483350,48,2020,12,20,1,20,0,73,0,1,1,1,1,4,1,7,98,0,0,0,31.84843611,-95.09601111,42,0,0,1,1,4,0,2,1,0,,,,,,
483351,48,2020,12,18,6,18,13,423,7070,1,2,2,3,3,2,3,98,1,0,27,32.310975,-95.27398056,12,6,0,2,2,1,0,3,10,0,,,,,,
483352,48,2020,8,20,5,10,28,201,2560,1,1,1,1,6,2,3,98,1,0,0,29.73243889,-95.24298333,8,0,0,3,3,1,0,1,1,0,,,,,,
483353,48,2020,12,21,2,7,5,201,3280,1,1,1,1,1,2,1,1,1,0,78,29.78503611,-95.68448056,8,0,0,1,1,1,0,4,1,0,,,,,,
483354,48,2020,12,17,5,16,51,139,2240,1,2,2,2,1,2,1,1,1,0,42,32.29827778,-96.56517778,12,2,1,5,1,1,0,1,1,0,,,,,,
483355,48,2020,12,14,2,6,20,121,0,1,2,2,2,2,1,3,98,1,0,85,33.23439444,-97.24408889,33,0,0,1,1,3,0,2,1,0,,,,,,
483356,48,2020,12,22,3,14,41,5,3305,1,2,2,2,3,2,4,98,0,0,69,31.32474167,-94.79645278,12,6,0,1,1,1,0,1,1,0,,,,,,
483357,48,2020,12,10,5,13,55,55,9997,1,1,1,1,6,1,7,98,0,0,0,29.94719444,-97.790775,53,0,0,1,1,4,0,1,1,0,,,,,,
483358,48,2020,12,20,1,11,7,27,3690,1,1,1,1,6,2,5,98,0,0,0,31.12390278,-97.69671389,33,0,0,1,1,4,0,1,1,0,,,,,,
483359,48,2020,12,6,1,12,35,423,0,1,2,2,2,3,1,5,98,0,0,24,32.24590278,-95.01816667,12,6,0,1,1,1,0,1,1,0,,,,,,
483361,48,2020,12,5,7,18,33,301,0,3,2,2,4,4,1,7,98,0,0,0,31.85426944,-103.64988889,12,6,0,1,1,1,0,2,1,0,,,,,,
483362,48,2020,12,19,7,12,35,491,3925,1,2,2,4,8,2,5,98,0,0,127,30.58626944,-97.81077222,11,0,0,1,1,1,0,1,1,0,,,,,,
483363,48,2020,12,22,3,5,38,439,260,1,3,3,1,1,2,1,1,1,0,75,32.67611389,-97.1314,12,1,0,1,1,1,0,3,10,0,,,,,,
483364,48,2020,12,12,7,21,15,115,0,1,2,2,4,2,1,3,98,1,0,351,32.54978333,-101.73305278,12,6,0,7,1,1,0,2,1,0,,,,,,
483365,48,2020,12,20,1,1,12,113,1730,1,2,2,2,2,2,2,98,1,0,102,32.67921111,-96.608525,12,11,0,1,1,1,0,3,10,0,,,,,,
483368,48,2020,12,7,2,3,40,29,6090,1,1,1,1,1,2,1,1,1,0,197,29.39100556,-98.51169167,8,0,0,1,1,1,0,2,1,0,,,,,,
483369,48,2020,12,11,6,23,50,187,0,1,3,3,3,3,1,3,98,1,0,90,29.67694722,-97.96431667,12,1,0,1,1,1,0,2,5,0,,,,,,
483370,48,2020,12,18,6,20,9,121,3960,1,2,2,3,6,2,7,98,0,0,0,32.99242778,-96.98383333,12,8,0,1,1,1,0,3,10,0,,,,,,
483371,48,2020,12,3,5,0,35,65,0,1,2,2,2,1,1,1,1,1,0,21,35.22069444,-101.59031667000001,12,11,0,1,1,1,0,2,4,0,,,,,,
483372,48,2020,12,19,7,20,20,65,0,1,1,1,1,7,1,5,1,0,0,142,35.21521667,-101.38302778,31,0,0,1,1,4,0,2,1,0,,,,,,
483373,48,2020,12,19,7,17,50,99,0,1,1,1,2,8,1,5,98,0,0,14,31.34654444,-97.45821667,32,0,0,1,1,4,0,5,1,0,,,,,,
483374,48,2020,11,10,3,18,0,395,0,1,2,2,2,2,1,3,98,1,0,71,30.81266389,-96.52462778,12,1,0,1,1,1,0,2,1,0,,,,,,
483375,48,2020,12,3,5,13,57,463,0,1,3,3,5,2,1,3,98,1,0,396,29.12099167,-99.83073056,12,1,0,1,1,1,1,1,1,0,,,,,,
483376,48,2020,12,19,7,9,0,21,0,1,1,1,1,8,1,5,98,0,0,33,29.97572222,-97.39888056,42,0,0,1,1,4,0,1,2,0,,,,,,
483377,48,2020,12,24,5,12,20,39,190,1,2,2,2,8,2,4,98,0,0,18,29.197525,-95.45579444,12,2,1,18,1,1,0,1,1,0,,,,,,
483378,48,2020,12,24,5,2,45,29,6090,1,2,2,2,1,2,1,1,1,0,453,29.32178333,-98.48135556,12,1,0,1,1,1,0,3,1,0,,,,,,
483379,48,2020,12,24,5,2,48,29,6090,1,2,2,3,1,2,1,1,1,0,453,29.31560556,-98.59963611,12,2,0,1,1,1,0,3,1,0,,,,,,
483380,48,2020,12,7,2,16,37,481,0,1,2,2,2,2,1,3,98,1,0,202,29.23180278,-96.21160278,12,6,0,2,2,1,0,1,1,0,,,,,,
483381,48,2020,12,24,5,21,1,201,480,1,2,2,4,3,2,3,98,1,0,108,29.76376111,-94.92275833,8,0,0,1,1,1,0,2,1,0,,,,,,
483382,48,2020,12,15,3,18,10,201,3280,1,1,1,1,8,2,3,98,0,0,100,29.73720556,-95.53047222,8,0,0,1,1,1,0,3,1,0,,,,,,
483384,48,2020,12,24,5,23,19,267,0,1,1,1,1,1,1,1,1,1,0,85,30.44087222,-99.71551944,1,0,1,5,1,4,0,2,1,0,,,,,,
483385,48,2020,12,22,3,19,58,299,0,1,1,1,1,8,1,5,98,0,0,29,30.85623056,-98.47560556,1,0,0,1,1,4,0,2,10,0,,,,,,
483386,48,2020,12,23,4,18,56,29,6090,1,1,1,1,6,2,3,98,0,0,0,29.50426389,-98.58425,8,0,0,1,1,1,0,3,1,0,,,,,,
483387,48,2020,9,7,2,5,40,21,460,1,1,1,1,3,2,2,98,1,0,136,30.10958889,-97.34189722,8,0,0,1,1,1,0,2,1,0,,,,,,
483388,48,2020,12,15,3,23,35,443,0,1,1,1,1,2,1,3,98,1,0,496,29.91025278,-101.89313056,8,0,0,1,1,1,0,2,1,0,,,,,,
483389,48,2020,12,23,4,20,32,435,0,1,1,1,2,1,1,1,1,1,0,85,30.58598889,-100.66509444,1,0,0,1,1,4,0,2,1,0,,,,,,
483390,48,2020,12,12,7,18,41,291,1380,2,4,4,9,2,2,2,98,1,0,40,30.34193056,-95.09740833,12,1,0,1,1,1,0,2,1,0,,,,,,
483391,48,2020,12,19,7,15,46,353,6720,1,2,2,4,3,2,3,98,0,0,18,32.460825,-100.40138611,12,6,0,2,2,1,0,1,1,0,,,,,,
483392,48,2020,12,26,7,2,57,141,2190,1,1,1,1,6,2,3,98,1,0,0,31.88100556,-106.40034167,33,0,0,1,1,3,0,2,1,0,,,,,,
483393,48,2020,12,20,1,0,10,441,0,1,1,1,2,2,1,4,98,0,0,196,32.10193889,-100.12314722,1,0,0,1,1,4,0,2,1,0,,,,,,
483394,48,2020,12,25,6,2,50,201,0,1,2,2,2,8,2,3,98,1,0,29,29.98035278,-95.0892,12,2,0,1,1,1,1,2,1,0,,,,,,
483395,48,2020,12,19,7,0,38,341,0,1,1,1,1,2,1,3,98,1,0,98,35.91706944,-101.98118889,42,0,0,1,1,3,0,2,1,0,,,,,,
483396,48,2020,12,20,1,3,31,209,6170,1,1,1,1,1,2,1,1,1,0,69,29.87143611,-97.93640833,25,0,0,1,1,3,0,3,1,0,,,,,,
483397,48,2020,12,14,2,18,3,481,7410,2,2,2,3,2,1,3,98,1,0,85,29.35945278,-96.10143056,12,6,0,2,2,1,1,2,1,0,,,,,,
483398,48,2020,12,11,6,4,30,365,0,1,2,2,3,2,1,3,98,1,0,285,31.98479167,-94.23753056,12,1,0,1,1,1,0,2,1,0,,,,,,
483399,48,2020,11,29,1,0,44,453,330,1,1,1,1,1,2,1,1,1,0,248,30.35866667,-97.68785278,8,0,1,18,1,1,4,2,2,0,,,,,,
483400,48,2020,12,22,3,18,44,245,0,1,2,2,2,3,1,3,98,0,0,34,29.82529167,-94.32638889,12,6,0,2,3,1,0,2,1,0,,,,,,
483401,48,2020,12,21,2,16,59,493,0,1,1,1,1,4,1,7,98,0,0,0,29.20485833,-98.037975,38,0,0,1,1,5,0,1,1,0,,,,,,
483402,48,2020,12,10,5,7,12,71,0,1,1,1,2,7,2,5,98,0,0,,29.82778889,-94.83049167,24,0,0,1,1,10,0,1,1,0,,,,,,
483403,48,2020,12,18,6,19,56,221,0,1,1,1,1,8,2,5,98,0,0,19,32.38073333,-97.73229444,1,0,0,8,1,4,0,2,1,0,,,,,,
483404,48,2020,12,23,4,11,26,41,970,1,1,1,1,6,2,7,98,0,0,0,30.68789722,-96.38647222,38,0,0,3,3,5,0,1,1,0,,,,,,
483405,48,2020,12,23,4,12,38,13,0,2,2,2,3,8,1,5,98,0,0,137,29.05435556,-98.60012778,12,6,0,2,3,1,0,1,1,0,,,,,,
483406,48,2020,12,19,7,1,12,91,0,1,1,1,1,8,1,5,98,0,0,61,29.74281944,-98.02765,1,0,0,1,1,4,0,2,10,0,,,,,,
483407,48,2020,12,24,5,22,47,55,9997,1,2,2,7,3,1,3,98,1,0,142,30.00910556,-97.72836389,12,1,0,3,3,1,0,2,1,0,,,,,,
483408,48,2020,10,3,7,17,10,201,3280,1,3,3,7,8,2,3,98,1,0,0,29.73705556,-95.54836389,12,6,0,2,2,1,0,1,1,0,,,,,,
483409,48,2020,12,18,6,19,1,453,330,1,1,1,4,6,2,7,98,0,0,0,30.37029167,-97.71665833,8,0,0,1,1,1,0,3,2,0,,,,,,
483410,48,2020,12,20,1,11,37,55,4040,1,2,2,2,2,2,3,98,1,0,102,29.89536389,-97.67511944,12,6,0,2,2,1,0,1,1,0,,,,,,
483411,48,2020,12,14,2,18,35,39,0,1,1,1,2,4,1,7,98,0,0,0,29.439025,-95.43301667,8,0,0,3,2,1,0,2,1,0,,,,,,
483412,48,2020,12,11,6,11,33,283,0,1,2,2,3,1,1,1,1,1,0,123,28.59528056,-99.19222222,12,1,0,1,1,1,0,1,1,0,,,,,,
483413,48,2020,12,20,1,16,3,113,1730,1,2,2,2,6,2,4,98,0,0,0,32.67159444,-96.80579722,12,6,0,8,1,1,0,1,1,0,,,,,,
483414,48,2020,12,25,6,0,10,201,0,1,1,1,2,4,1,5,98,0,0,0,29.89249444,-95.80744444,32,0,0,1,1,4,0,2,1,0,,,,,,
483415,48,2020,12,17,5,4,52,375,0,1,2,2,4,2,2,3,98,0,0,82,35.19273056,-101.68940833,12,6,0,2,2,1,0,2,1,0,,,,,,
483416,48,2020,12,21,2,14,10,223,0,1,5,5,7,1,1,1,1,1,0,240,33.14660278,-95.46798056,12,1,0,1,1,1,1,1,1,0,,,,,,
483417,48,2020,12,16,4,21,2,317,0,1,5,5,12,1,1,1,1,1,0,96,32.14226667,-101.75500556,12,1,0,1,1,1,0,2,1,0,,,,,,
483418,48,2020,12,21,2,17,20,121,0,2,2,2,3,8,1,4,98,0,0,185,33.35025833,-97.08883611,12,8,0,8,1,1,0,1,1,0,,,,,,
483419,48,2020,12,10,5,17,55,355,1550,1,1,1,1,6,2,4,98,0,0,0,27.74325,-97.41727222,8,0,0,3,2,1,0,3,1,0,,,,,,
483420,48,2020,12,25,6,20,20,241,0,1,1,1,1,6,2,7,98,0,0,0,30.90202778,-94.013625,1,0,0,3,3,4,0,2,1,0,,,,,,
483421,48,2020,12,23,4,8,25,321,4339,1,2,2,2,6,1,7,98,0,0,0,28.96658889,-96.06625833,12,6,0,2,2,1,0,1,10,0,,,,,,
483422,48,2020,12,18,6,6,21,453,330,1,1,1,1,7,2,3,98,0,0,153,30.19974722,-97.63436389,8,0,0,1,1,1,0,3,1,0,,,,,,
483423,48,2020,12,20,1,18,6,59,0,1,2,2,4,8,1,5,98,0,0,23,32.39195278,-99.56201944,12,11,0,8,1,1,0,2,1,0,,,,,,
483424,48,2020,12,24,5,17,13,375,0,1,1,1,1,3,2,3,98,1,0,76,35.26246111,-101.88398889,1,0,1,19,1,10,0,1,1,0,,,,,,
483425,48,2020,12,13,1,16,16,181,1830,1,1,1,4,2,2,2,98,1,0,62,33.77840556,-96.58404167,25,0,1,19,1,3,0,7,2,0,,,,,,
483426,48,2020,12,20,1,19,55,405,0,1,1,1,1,4,1,7,98,0,0,0,31.43502778,-94.27426389,42,0,0,1,1,4,0,2,10,0,,,,,,
483427,48,2020,12,21,2,15,28,377,0,1,2,2,1,2,1,3,98,1,0,347,29.88904722,-104.27480833,18,0,0,1,1,2,0,1,1,0,,,,,,
483428,48,2020,12,29,3,12,40,453,330,1,1,1,1,6,2,4,98,0,0,0,30.42903611,-97.69330556,42,0,0,1,1,3,0,1,10,0,,,,,,
483429,48,2020,11,25,4,19,35,47,0,1,2,2,2,2,1,3,98,1,0,110,27.10588889,-98.14722222,8,0,0,1,1,1,0,2,1,0,,,,,,
483431,48,2020,11,14,7,5,46,39,0,1,2,2,3,8,2,4,98,0,0,,29.07266944,-95.36031389,12,6,0,1,1,1,0,2,10,0,,,,,,
483432,48,2020,11,28,7,17,18,201,3280,1,1,1,2,6,2,4,98,0,0,0,29.67268333,-95.27195,30,0,0,1,1,4,0,1,2,0,,,,,,
483433,48,2020,11,22,1,5,30,201,3280,1,1,1,1,6,2,3,98,1,0,0,29.84174444,-95.48892778,9,0,0,1,1,1,0,3,1,0,,,,,,
483434,48,2020,12,19,7,17,51,485,0,2,2,2,3,2,1,2,98,1,0,120,33.97126111,-98.77154167,12,6,0,1,1,1,0,5,1,0,,,,,,
483435,48,2020,12,27,1,3,0,439,2450,1,1,1,1,6,2,3,98,0,0,0,32.72537778,-97.361175,21,0,0,1,1,3,0,2,1,0,,,,,,
483436,48,2020,12,18,6,8,54,497,6035,1,2,2,4,2,1,3,98,1,0,16,33.16648889,-97.89289722,12,6,0,2,2,1,0,1,1,0,,,,,,
483437,48,2020,12,26,7,9,28,167,0,1,2,2,2,3,2,3,98,1,0,27,29.51353056,-95.00376389,12,1,0,3,3,1,0,1,10,0,,,,,,
483438,48,2020,12,28,2,7,2,265,0,1,4,4,6,3,1,3,98,0,0,47,29.98004722,-99.10967222,12,6,0,1,1,1,0,2,2,0,,,,,,
483439,48,2020,12,18,6,9,5,481,0,1,2,2,2,8,1,5,98,0,0,138,29.21851944,-95.92010278,12,2,0,1,1,1,0,1,1,0,,,,,,
483440,48,2020,12,22,3,19,36,201,0,1,1,1,1,4,2,4,98,0,0,0,29.82145556,-95.68682222,33,0,0,1,1,3,0,2,1,0,,,,,,
483441,48,2020,12,16,4,15,6,201,0,1,1,1,1,4,2,4,98,0,0,0,29.90901389,-95.57555833,30,0,0,1,1,4,0,1,1,0,,,,,,
483442,48,2020,12,20,1,1,50,113,1730,1,3,3,5,6,2,5,98,0,0,0,32.86608056,-96.86365278,12,1,0,1,1,1,1,3,1,0,,,,,,
483443,48,2020,12,28,2,10,56,473,0,1,1,1,1,4,1,7,98,0,0,0,30.02257222,-95.92704722,1,0,0,1,1,4,0,1,1,0,,,,,,
483444,48,2020,12,19,7,20,1,451,0,1,2,2,3,2,1,3,98,1,0,56,31.31028889,-100.44652222,12,2,0,1,1,1,0,2,1,0,,,,,,
483445,48,2020,12,29,3,21,24,439,2850,1,2,2,2,3,2,2,98,1,0,71,32.93007778,-97.09355278,12,1,0,1,1,1,0,3,2,0,,,,,,
483446,48,2020,12,20,1,17,54,469,0,1,2,2,4,2,1,5,98,0,0,25,28.90378333,-96.79642222,12,2,1,2,4,1,0,5,1,0,,,,,,
483447,48,2020,12,14,2,17,50,451,0,1,2,2,3,2,1,3,98,1,0,27,31.56739722,-100.26066667,12,1,0,1,1,1,0,5,1,0,,,,,,
483449,48,2020,12,30,4,20,41,453,0,1,1,1,1,4,2,5,98,0,0,0,30.48711111,-97.55241944,53,0,0,1,1,4,0,2,2,0,,,,,,
483450,48,2020,12,30,4,18,39,307,0,1,1,1,2,3,1,4,98,0,0,145,30.98056944,-99.14147778,38,0,0,1,1,5,0,2,2,0,,,,,,
483451,48,2020,12,19,7,2,30,305,0,1,1,1,1,2,1,3,98,1,0,25,33.35651389,-101.80655556,1,0,0,1,1,3,0,2,1,0,,,,,,
483452,48,2020,12,28,2,3,4,439,260,1,1,1,1,6,2,7,98,0,0,0,32.64241667,-97.13936667,42,0,0,1,1,4,0,3,1,0,,,,,,
483453,48,2020,12,20,1,2,15,201,3280,1,1,1,1,6,2,4,98,0,0,0,29.81765833,-95.49179167,42,0,0,1,1,3,0,3,5,0,,,,,,
483454,48,2020,12,14,2,14,58,139,0,1,3,3,3,3,1,4,98,0,0,9,32.41250278,-96.47383056,12,1,0,1,1,1,0,1,1,0,,,,,,
483455,48,2020,12,28,2,13,50,201,3280,1,2,2,2,6,2,7,98,0,0,0,29.67935556,-95.49751389,12,6,0,2,3,1,0,1,1,0,,,,,,
483456,48,2020,11,30,2,8,45,163,0,1,1,1,8,1,1,1,1,1,0,316,29.05590556,-99.00900556,1,0,0,1,1,10,0,1,1,0,,,,,,
483457,48,2020,12,27,1,18,5,201,0,1,1,1,1,4,2,4,98,0,0,14,29.68349444,-95.61429444,8,0,0,1,1,1,0,3,1,0,,,,,,
483458,48,2020,12,19,7,0,25,341,1059,1,1,1,2,2,1,3,98,1,0,2,36.05221389,-102.00630833,8,0,0,1,1,3,0,2,1,0,,,,,,
483459,48,2020,11,28,7,2,50,113,3420,1,2,2,1,3,2,2,98,1,0,81,32.83748611,-96.908325,12,1,1,20,1,1,0,2,1,0,,,,,,
483460,48,2020,11,27,6,15,49,113,3420,1,5,5,10,3,2,2,98,1,0,43,32.83710833,-96.97729167,12,1,0,1,1,1,0,1,10,0,,,,,,
483461,48,2020,12,24,5,18,55,167,2570,1,2,2,3,8,2,3,98,0,0,30,29.24388056,-94.8682,12,6,0,2,2,1,1,2,1,0,,,,,,
483462,48,2020,12,29,3,21,33,453,330,1,1,1,1,8,2,4,98,0,0,,30.43841944,-97.66813056,8,0,0,1,1,1,0,2,1,0,,,,,,
483463,48,2020,12,30,4,18,20,453,330,1,1,1,1,6,2,3,98,1,0,193,30.18404722,-97.78177778,8,0,0,1,1,1,0,2,2,0,,,,,,
483464,48,2020,12,27,1,20,18,491,2620,1,3,3,3,1,2,1,1,1,0,154,30.70039444,-97.65226667,8,0,1,20,1,1,0,2,1,0,,,,,,
483465,48,2020,12,20,1,4,57,29,6090,1,1,1,1,1,2,1,1,1,0,273,29.48090556,-98.60419444,8,0,0,1,1,1,0,3,1,0,,,,,,
483466,48,2020,12,11,6,18,30,215,0,1,2,1,5,6,2,7,98,0,0,0,26.33536389,-98.44402222,8,0,0,1,1,1,0,2,1,0,,,,,,
483467,48,2020,12,19,7,0,54,201,3280,1,1,1,1,8,2,3,98,0,0,122,29.737625,-95.49365278,8,0,0,1,1,1,0,3,10,0,,,,,,