st_case,state,year,month,day,day_week,hour,minute,county,city,fatals_crash,vehicles_total,vehicles_in_transport,persons_total,route,rural_urban,functional_system,road_owner,nhs,special_jurisdiction,milepoint,latitude,longitude,first_harmful_event,manner_collision,rel_jct_interchange,rel_jct_location,intersection_type,relation_to_road,work_zone,light_condition,weather,school_bus_related,ems_notified_hour,ems_notified_min,ems_arrival_hour,ems_arrival_min,hospital_hour,hospital_min
490178,49,2020,10,6,3,5,32,35,1700,1,2,2,2,6,2,4,4,0,0,0,40.74046944,-111.94925556,46,0,1,3,7,4,0,3,1,0,5,32,5,38,,
490179,49,2020,10,6,3,18,2,35,865,1,1,1,1,6,2,3,4,1,0,5,40.6675,-112.01554167,38,0,0,1,1,4,0,1,1,0,18,2,18,11,18,31
490180,49,2020,10,8,5,17,35,35,1700,1,1,1,1,2,2,3,1,1,0,3770,40.73690833,-111.88839722,9,0,0,3,2,1,0,1,1,0,17,36,17,38,17,58
490181,49,2020,10,6,3,6,11,35,2113,1,1,1,2,3,2,3,1,1,0,65,40.69658333,-111.9674,8,0,0,3,2,1,0,9,1,0,6,11,6,15,6,35
490182,49,2020,8,29,7,17,39,57,1350,1,2,2,2,2,2,3,1,1,0,4144,41.22961667,-111.970325,12,1,0,1,1,1,0,1,1,0,17,39,17,42,,
490183,49,2020,9,15,3,15,10,55,1960,1,2,2,2,3,1,4,1,0,0,733,38.32587778,-111.35976667,12,2,0,1,1,1,0,1,1,0,15,12,16,6,,
490184,49,2020,9,24,5,10,51,33,1570,1,1,1,1,2,1,4,1,0,0,187,41.63654722,-111.17943056,35,0,0,1,1,4,0,1,1,0,10,52,11,18,12,53
490185,49,2020,10,1,5,12,41,19,0,1,1,1,4,8,1,6,68,0,0,36,38.80750556,-109.26589167,35,0,0,1,1,4,0,1,1,0,13,5,13,58,,
490186,49,2020,10,16,6,19,8,35,1700,1,1,1,1,3,2,4,1,0,0,179,40.72536944,-111.89048056,30,0,0,1,1,4,0,3,1,0,19,9,19,14,19,29
490187,49,2020,10,18,1,15,29,53,628,1,1,1,1,5,1,5,2,0,0,0,37.31956667,-113.72686389,59,0,0,1,1,4,0,1,1,0,15,32,16,4,,
490188,49,2020,5,17,1,17,55,11,860,1,1,1,5,6,2,6,4,0,0,0,41.04522778,-111.92268889,1,0,0,1,1,4,0,1,1,0,17,55,17,58,18,49
490189,49,2020,8,15,7,21,56,3,150,1,2,2,3,1,2,1,1,1,0,3611,41.46928056,-112.05467778,12,7,0,1,1,1,0,2,1,0,21,54,22,1,22,44
490190,49,2020,8,16,1,17,35,35,1700,1,1,1,1,6,2,6,4,1,0,15,40.81328611,-111.96931111,1,0,0,1,1,4,0,1,1,0,17,37,17,47,,
490191,49,2020,5,17,1,3,50,49,1560,1,1,1,2,5,1,7,11,0,0,0,40.31425,-111.63646389,1,0,0,1,1,4,0,2,1,0,3,50,4,4,4,37
490192,49,2020,10,18,1,17,19,11,460,1,1,1,1,6,2,7,4,0,0,35,40.98213611,-111.913,9,0,0,16,1,1,0,1,1,0,17,19,17,23,,
490193,49,2020,10,4,1,7,50,51,1130,1,1,1,1,6,1,7,4,0,0,0,40.42066667,-111.54808056,1,0,0,1,1,4,0,1,1,0,10,10,11,5,,
490194,49,2020,9,30,4,6,33,49,1840,1,2,2,2,6,2,5,4,0,0,0,40.10975833,-111.639025,12,6,0,2,2,1,0,4,1,0,6,33,6,35,,
490195,49,2020,9,27,1,5,40,45,355,2,1,1,2,3,1,5,1,0,0,224,40.54843056,-112.74159444,31,0,0,1,1,4,0,2,1,0,5,43,6,18,,
490196,49,2020,10,3,7,15,16,5,990,1,1,1,1,3,1,5,1,0,0,436,41.41743056,-111.52286111,42,0,0,1,1,4,0,1,1,0,15,19,16,1,,
490197,49,2020,9,27,1,12,39,51,9997,1,1,1,1,3,1,5,1,0,0,192,40.48855556,-111.03542778,59,0,0,1,1,4,0,1,1,0,12,39,13,50,,
490198,49,2020,9,22,3,13,20,53,1670,1,2,2,2,6,2,4,4,0,0,0,37.09623611,-113.56431667,12,6,0,2,2,1,0,1,1,0,13,21,13,26,13,41
490199,49,2020,8,17,2,17,39,45,1880,1,1,1,1,3,1,3,1,1,0,91,40.29148056,-112.27142222,1,0,0,1,1,4,0,1,1,0,17,40,18,11,,
490200,49,2020,10,8,5,4,21,57,9997,1,1,1,3,1,2,1,1,1,0,3476,41.28176667,-112.02558056,25,0,0,1,1,3,0,2,1,0,4,23,4,34,4,57
490201,49,2020,10,15,5,19,6,35,2113,1,2,2,3,3,2,3,1,1,0,189,40.69668611,-111.98090278,12,6,0,2,2,1,0,1,1,0,19,7,19,12,19,23
490202,49,2020,9,17,5,23,45,41,1690,2,3,3,5,1,1,1,1,1,0,902,38.76024444,-111.37029167,12,2,0,1,1,1,0,2,1,0,23,54,0,14,2,6
490203,49,2020,10,15,5,18,13,21,840,1,1,1,1,5,1,7,3,0,0,0,37.56839167,-113.13839722,17,0,0,1,1,4,0,1,1,0,18,13,19,0,,
490204,49,2020,8,15,7,1,10,57,1350,1,2,1,2,6,2,7,4,0,0,0,41.22381944,-111.96204167,30,0,0,1,1,4,0,2,1,0,1,10,1,19,1,45
490205,49,2020,8,21,6,1,26,35,2100,1,1,1,1,6,2,7,4,0,0,0,40.61030833,-111.98150278,1,0,0,2,3,1,0,2,1,0,1,25,1,28,1,53
490206,49,2020,10,23,6,7,24,49,1840,1,4,4,4,3,2,5,1,0,0,16,40.08523333,-111.67400278,12,2,0,1,1,1,0,4,1,0,7,24,7,30,7,45
490207,49,2020,10,26,2,20,58,49,1460,1,2,2,2,3,2,4,1,0,0,1,40.04694444,-111.73226667,12,6,0,2,2,1,0,3,1,0,20,58,21,1,,
490208,49,2020,9,5,7,13,27,21,190,1,1,1,2,1,2,1,1,1,0,636,37.74049167,-113.04061667,1,0,0,1,1,4,1,1,1,0,13,29,13,42,14,7
490209,49,2020,9,25,6,0,36,35,2113,1,3,3,4,1,2,1,1,1,0,170,40.68781667,-111.95139167,8,0,0,1,1,1,0,2,10,0,0,36,0,48,,
490210,49,2020,9,16,4,19,58,11,860,1,3,3,3,2,2,3,1,1,0,4005,41.05306667,-111.91050556,12,6,0,2,2,1,4,2,1,0,20,0,20,7,20,32
490211,49,2020,10,22,5,11,29,41,1760,1,2,2,2,3,1,4,1,0,0,73,38.87490833,-111.95936111,12,2,0,1,1,1,0,1,1,0,11,40,11,45,,
490212,49,2020,10,11,1,20,16,13,1250,2,3,1,1,3,1,3,1,1,0,1019,40.17638889,-110.12309167,18,0,0,1,1,1,0,2,1,0,20,23,20,34,21,4
490213,49,2020,10,25,1,8,7,45,1940,1,2,2,2,3,2,3,1,1,0,39,40.56285833,-112.35821944,12,6,0,1,1,1,0,4,11,0,8,9,8,22,9,6
490214,49,2020,9,26,7,22,50,7,1540,1,1,1,2,5,2,5,2,0,0,43,39.62367778,-110.73545556,1,0,0,1,1,4,0,2,1,0,22,52,22,59,23,43
490216,49,2020,9,20,1,16,31,43,359,1,1,1,1,1,1,1,1,1,0,1717,41.01072778,-111.37351667,31,0,0,1,1,3,0,1,1,0,16,31,16,42,,
490217,49,2020,8,30,1,2,2,49,10,1,1,1,1,6,2,5,4,0,0,12,40.44762222,-111.77856111,25,0,0,3,6,4,0,3,1,0,1,25,1,34,1,44
490218,49,2020,7,9,5,13,35,27,1740,1,1,1,6,1,1,1,1,1,0,1941,39.3293,-112.08212778,18,0,0,1,1,1,1,1,1,0,13,42,14,56,14,23
490219,49,2020,11,5,5,17,25,35,712,1,2,2,2,6,2,4,4,0,0,0,40.66947778,-111.84000556,12,6,0,8,1,1,0,5,1,0,17,25,17,30,,
490220,49,2020,10,31,7,0,43,35,1020,1,1,1,1,6,2,5,4,0,0,0,40.70848333,-112.08263889,1,0,0,2,3,1,0,3,1,0,0,43,0,45,,
490221,49,2020,10,16,6,2,30,25,9997,1,1,1,4,3,1,4,1,0,0,306,37.52369167,-112.65902778,1,0,0,1,1,4,0,2,1,0,3,38,4,33,,
490222,49,2020,11,6,6,21,28,5,960,1,1,1,1,2,1,4,1,0,0,428,41.96338056,-111.81287778,32,0,0,1,1,4,0,2,1,0,21,28,21,49,,
490223,49,2020,9,14,2,17,18,49,1390,1,1,1,1,6,2,4,4,0,4,0,40.27576667,-111.71631944,8,0,0,1,1,1,0,1,1,0,17,18,17,19,,
490224,49,2020,10,26,2,15,27,21,405,1,2,2,2,3,2,4,1,0,0,87,37.76470278,-113.05538889,12,6,0,2,2,1,0,1,1,0,15,30,15,37,,
490225,49,2020,10,20,3,17,33,27,930,2,2,2,2,3,1,5,1,0,0,75,39.54460833,-112.23477222,12,2,0,1,1,1,0,1,1,0,17,35,18,18,,
490226,49,2020,10,17,7,22,34,51,1130,1,1,1,1,3,2,5,1,0,0,1,40.51224167,-111.47494167,8,0,0,1,1,1,0,3,1,0,22,36,22,37,22,45
490227,49,2020,10,29,5,6,49,35,2100,1,1,1,1,3,2,3,1,1,0,489,40.61834722,-111.93877778,8,0,0,3,3,1,0,2,1,0,6,34,6,38,6,59
490228,49,2020,10,19,2,15,0,3,300,1,1,1,1,5,1,7,3,0,0,0,41.54688333,-112.112525,8,0,0,3,2,1,0,1,1,0,15,3,15,14,15,35
490229,49,2020,11,10,3,2,16,11,210,1,1,1,1,1,2,1,1,1,0,3195,40.92155556,-111.89081667,8,0,0,1,1,1,0,2,10,0,2,17,2,22,,
490230,49,2020,8,28,6,19,11,29,1210,1,1,1,1,5,1,5,2,0,0,37,41.05646389,-111.73030833,38,0,0,1,1,4,0,1,1,0,19,11,19,18,20,16
490231,49,2020,6,15,2,13,30,37,1200,1,1,1,3,4,1,6,2,0,0,25,37.87486667,-109.11768611,34,0,0,1,1,4,0,1,1,0,13,30,13,39,14,18
490232,49,2020,1,30,5,22,19,35,1700,1,1,1,1,2,2,3,1,1,0,3766,40.73142778,-111.88828889,8,0,0,1,1,1,0,3,1,0,22,19,22,21,22,41
490233,49,2020,10,28,4,8,26,3,560,1,2,2,2,3,1,4,1,0,0,931,41.78543056,-112.12511944,12,6,0,2,2,1,0,1,1,0,8,27,8,33,,
490234,49,2020,11,11,4,6,25,23,1260,1,1,1,1,1,2,1,1,1,0,2275,39.73363056,-111.82567778,1,0,0,1,1,3,0,1,1,0,6,30,6,55,,
490235,49,2020,11,21,7,17,56,5,960,1,2,2,3,2,1,4,1,0,0,437,41.97604444,-111.81284444,12,6,0,2,2,1,0,2,1,0,17,58,18,10,,
490236,49,2020,10,18,1,14,10,39,1230,1,1,1,1,3,1,3,1,1,0,2808,39.58961111,-111.44969444,31,0,0,1,1,4,0,1,1,0,14,15,14,51,,
490238,49,2020,11,30,2,8,19,53,900,1,2,2,2,3,1,3,1,1,0,145,37.22687222,-113.25395278,12,2,0,1,1,1,0,1,1,0,8,18,8,26,9,9
490239,49,2020,12,4,6,17,20,35,1700,1,2,2,2,6,2,5,4,0,0,0,40.73558333,-111.85958611,12,6,0,2,2,1,0,2,1,0,17,20,17,32,17,47
490241,49,2020,10,23,6,18,3,57,1350,1,1,1,1,3,2,3,1,1,0,54,41.23083056,-111.94793056,8,0,0,3,2,1,0,5,1,0,18,3,18,11,18,20
490242,49,2020,11,27,6,22,35,35,1020,1,2,2,3,3,2,3,1,1,0,98,40.71829444,-112.06315556,12,6,0,2,2,1,0,3,1,0,22,35,22,47,,
490244,49,2020,12,11,6,17,42,35,1700,1,1,1,1,6,2,5,4,0,0,0,40.72206389,-111.85848889,8,0,0,3,2,1,0,3,1,0,17,40,17,44,18,2
490245,49,2020,12,10,5,21,43,49,940,1,1,1,1,2,2,3,1,1,0,3521,40.4044,-111.85794167,8,0,0,1,1,1,0,2,10,0,21,44,21,50,,
490246,49,2020,10,23,6,9,29,35,1700,1,2,2,2,1,1,1,1,1,0,1102,40.77106944,-112.08333056,12,8,0,1,1,1,0,1,1,0,9,35,9,45,,
490247,49,2020,11,30,2,17,20,23,1260,1,1,1,2,3,1,5,1,0,0,165,39.63191667,-112.11445556,1,0,0,1,1,4,0,1,1,0,17,21,17,39,18,18
490248,49,2020,10,30,6,16,4,49,1840,1,2,2,2,1,2,1,1,1,0,2549,40.10225556,-111.68504167,12,1,0,1,1,1,0,1,1,0,15,52,16,6,16,30
490249,49,2020,12,11,6,14,53,35,712,2,4,4,10,3,2,3,1,1,0,,40.67416111,-111.84163889,12,6,0,2,2,1,0,1,10,0,14,53,14,59,15,24
490250,49,2020,12,7,2,8,8,49,1390,1,2,2,2,6,2,4,4,0,0,0,40.296875,-111.67299167,12,6,0,2,3,1,0,1,1,0,8,10,8,15,8,37
490251,49,2020,12,16,4,2,24,15,480,1,2,2,2,3,1,3,1,1,0,189,38.98764444,-111.17020556,12,2,0,1,1,1,0,2,1,0,2,29,2,45,,
490252,49,2020,11,3,3,12,53,49,1060,1,4,4,5,2,2,3,1,1,0,3262,40.13745,-111.59798611,12,8,0,2,2,1,0,1,1,0,12,53,13,2,13,37
490253,49,2020,12,16,4,0,12,3,150,1,5,1,1,6,2,5,4,0,0,0,41.52814167,-112.00413056,33,0,0,1,1,4,0,3,4,0,0,11,0,18,,
490254,49,2020,10,8,5,9,22,35,311,1,1,1,1,3,2,3,1,1,0,12,40.60278333,-111.79557778,8,0,0,3,2,1,0,1,1,0,9,22,9,25,9,51
490255,49,2020,12,25,6,9,27,35,2113,1,2,2,2,3,2,3,1,1,0,,40.65328056,-112.04501389,12,6,0,2,2,1,0,1,1,0,9,27,9,32,9,57
490256,49,2020,12,17,5,20,59,49,1560,2,2,2,3,1,2,1,1,1,0,2677,40.25966667,-111.70404167,12,6,0,1,1,1,0,3,4,0,20,53,21,1,,
490257,49,2020,6,21,1,3,53,35,1700,1,2,2,3,3,2,3,1,1,0,,40.77151667,-111.93926667,12,6,0,2,2,1,0,3,1,0,3,54,4,1,4,42
490258,49,2020,11,24,3,14,45,45,610,1,1,1,1,1,1,1,1,1,0,593,40.80085278,-112.94243056,1,0,0,1,1,1,0,1,1,0,14,45,,,,
490259,49,2020,12,31,5,14,46,35,865,1,2,2,2,3,2,3,1,1,0,35,40.65304444,-112.00966944,12,6,0,1,1,1,0,1,10,0,14,47,14,50,15,15
490260,49,2020,12,21,2,7,0,15,620,1,1,1,8,1,1,1,1,1,0,1484,38.92146667,-110.39065556,35,0,0,1,1,4,0,2,5,0,7,11,8,0,9,42
490261,49,2020,6,11,5,14,30,37,45,1,1,1,1,3,1,4,1,0,0,159,37.25762778,-109.28074722,3,0,0,99,99,5,0,9,99,0,,,,,,
490262,49,2020,12,30,4,11,30,35,685,1,2,2,3,3,2,3,1,1,0,99,40.53531111,-112.01473333,12,6,0,2,2,1,0,1,10,0,11,38,11,59,12,20
490263,49,2020,9,27,1,1,31,35,1700,1,1,1,1,2,2,3,1,1,0,,40.78790278,-111.89981667,25,0,0,1,1,3,4,3,1,0,1,31,1,33,1,50
490264,49,2020,12,16,4,18,14,35,1700,1,2,2,2,3,2,3,1,1,0,86,40.76464722,-112.02501944,12,2,0,1,1,1,1,2,1,0,18,15,18,24,19,19
490265,49,2020,11,14,7,20,14,51,650,1,2,2,2,2,1,3,1,1,0,458,40.20871389,-111.10339722,12,2,0,1,1,1,0,2,10,0,20,14,20,44,,
490266,49,2020,12,27,1,14,45,45,2085,1,1,1,1,1,1,1,1,1,0,601,40.80861944,-112.93253056,1,0,0,1,1,3,0,1,10,0,14,48,15,18,,
490267,49,2020,9,21,2,10,29,35,2113,1,2,2,2,6,2,3,4,1,0,0,40.6676,-111.95798611,12,6,0,2,2,1,0,1,1,0,10,32,10,38,11,8
490268,49,2020,10,31,7,1,20,35,2113,1,2,2,4,3,2,3,1,1,0,,40.69661111,-111.98093333,12,6,0,2,2,1,0,3,1,0,1,23,1,30,1,39
490269,49,2020,12,27,1,20,35,57,1350,1,3,3,3,3,2,3,1,1,0,,41.24428889,-111.96995278,12,1,0,3,2,1,0,3,1,0,20,39,20,42,21,21
490270,49,2020,12,22,3,18,11,57,638,1,1,1,1,3,2,4,1,0,0,10,41.27424167,-111.96945556,8,0,0,1,1,1,0,2,1,0,18,11,18,16,,
490271,49,2020,10,10,7,21,7,7,1540,1,1,1,4,6,1,7,4,0,0,0,39.62064444,-110.81124444,1,0,0,1,1,4,0,2,1,0,21,7,21,16,21,30
490272,49,2020,11,7,7,10,47,45,2015,1,2,2,2,3,1,5,1,0,0,80,39.97999444,-112.26077778,12,2,0,1,1,1,0,1,10,0,,,,,,
490273,49,2020,12,3,5,12,37,35,2113,1,1,1,1,3,2,3,1,1,0,79,40.68007778,-112.091875,18,0,0,1,1,4,4,1,1,0,12,37,12,46,13,8
490274,49,2020,12,30,4,7,29,43,1440,1,3,3,3,3,2,3,1,1,0,34,40.62744167,-111.49638056,12,8,0,1,1,1,0,1,1,0,7,30,7,40,,
490275,49,2020,12,2,4,15,37,3,150,1,1,1,1,6,2,4,4,0,0,0,41.51046111,-112.02365278,8,0,0,3,2,1,0,1,1,0,15,37,15,39,15,49
490276,49,2020,10,13,3,20,50,53,790,1,1,1,1,6,2,4,2,0,0,0,37.14464722,-113.67165833,33,0,0,1,1,4,0,3,1,0,20,51,21,1,21,50
500001,50,2020,1,9,5,19,17,19,170,1,1,1,1,3,1,4,1,0,0,29,44.92045556,-72.10711389,42,0,0,1,1,4,0,2,4,0,19,19,19,31,20,7
500002,50,2020,1,27,2,7,18,27,241,1,2,2,2,1,1,1,1,1,0,620,43.54584444,-72.38606944,12,7,0,1,1,1,0,1,10,0,7,20,7,32,7,53
500003,50,2020,1,30,5,14,29,3,614,1,1,1,1,3,1,5,1,0,0,68,43.02655,-73.18528611,35,0,0,1,1,4,0,1,1,0,14,25,14,31,,
500004,50,2020,2,4,3,,,7,615,1,1,1,1,5,1,7,3,0,0,,44.43041667,-73.25166667,42,0,0,1,1,4,0,1,1,0,16,28,16,38,17,25
500005,50,2020,3,17,3,7,45,5,309,1,2,2,2,2,1,5,1,0,0,52,44.56373056,-71.99233333,12,6,0,1,1,1,0,1,4,0,7,29,7,33,,
500006,50,2020,4,4,7,16,56,19,170,1,1,1,1,5,1,7,3,0,0,,44.95158333,-72.15980278,30,0,0,3,3,4,0,1,10,0,16,52,16,57,17,17
500007,50,2020,4,30,5,9,12,11,243,1,1,1,1,5,1,7,3,0,0,,44.93265556,-72.98521111,8,0,0,3,4,1,0,1,10,0,9,14,9,24,9,52
500008,50,2020,5,5,3,22,46,1,402,1,1,1,1,2,1,3,1,1,0,38,44.10184167,-73.17339444,8,0,0,2,3,1,0,2,10,0,,,,,,
500009,50,2020,5,10,1,1,22,21,73,1,1,1,1,3,1,4,1,0,0,49,43.737625,-73.30638611,32,0,0,1,1,4,0,2,1,0,1,23,1,36,,
500010,50,2020,5,19,3,14,50,19,170,1,1,1,1,3,1,4,1,0,0,36,44.91257778,-72.09708333,32,0,0,1,1,4,0,1,1,0,14,52,15,4,15,37
500011,50,2020,6,1,2,15,33,21,164,1,2,2,2,3,1,3,1,1,0,8,43.48944167,-72.88314167,12,2,0,1,1,1,0,1,10,0,15,32,15,43,,
500012,50,2020,6,4,5,20,34,23,380,1,2,2,2,2,2,3,3,1,0,20,44.25919722,-72.58013333,1,0,0,2,3,1,0,5,10,0,20,35,20,40,,
500013,50,2020,6,6,7,3,0,17,679,1,1,1,3,5,1,7,3,0,0,,44.08589167,-72.36096667,1,0,0,1,1,1,0,2,1,0,3,8,3,29,4,21
500014,50,2020,6,7,1,14,23,27,579,1,2,2,4,1,1,1,1,1,0,218,43.82561389,-72.57799167,12,1,0,1,1,1,0,1,1,0,14,41,14,51,16,15
500015,50,2020,6,9,3,17,38,27,72,1,2,2,2,3,1,5,1,0,0,54,43.87360556,-72.64723056,12,8,0,1,1,1,1,1,1,0,17,39,17,42,,
500016,50,2020,6,14,1,,,5,747,1,1,1,1,3,1,4,1,0,0,11,44.61328889,-72.20806667,42,0,0,1,1,4,0,2,99,0,12,31,12,54,,
500017,50,2020,6,16,3,17,25,7,120,1,1,1,1,6,2,7,4,0,0,,44.48581667,-73.21648611,42,0,0,3,2,4,0,1,1,0,17,25,17,28,,
500018,50,2020,6,20,7,13,21,5,9997,1,2,2,2,2,1,3,1,1,0,2,44.45133333,-71.93375556,12,8,0,1,1,1,0,1,1,0,13,20,13,28,,
500019,50,2020,6,24,4,10,32,21,616,1,2,2,3,3,1,3,1,1,0,11,43.49278889,-72.88824167,12,2,0,1,1,1,0,1,1,0,10,45,10,54,11,28
500020,50,2020,6,26,6,10,30,23,680,1,1,1,1,1,1,1,1,1,0,644,44.34548056,-72.76543056,24,0,0,1,1,3,0,1,1,0,10,34,10,43,,
500021,50,2020,6,30,3,15,4,23,680,1,1,1,1,1,1,1,1,1,0,656,44.35438056,-72.78516111,17,0,0,1,1,3,0,1,1,0,15,4,15,4,,
500022,50,2020,7,1,4,17,2,27,630,1,3,3,5,3,1,4,1,0,0,71,43.270575,-72.45472222,12,1,0,3,3,1,0,1,1,0,17,5,17,7,17,49
500024,50,2020,7,4,7,17,21,5,9997,2,1,1,2,3,1,5,1,0,0,12,44.35487222,-71.90614167,24,0,0,3,3,4,0,1,1,0,17,23,17,37,,
500025,50,2020,7,9,5,3,18,21,520,1,1,1,4,6,2,5,4,0,0,30,43.65244167,-73.04305278,1,0,0,3,3,4,0,2,10,0,3,20,3,30,4,10
500026,50,2020,7,10,6,22,4,19,388,1,1,1,1,3,1,5,1,0,0,26,44.91472222,-72.01805556,42,0,0,1,1,4,0,2,1,0,22,5,22,7,23,3
500027,50,2020,7,15,4,18,20,11,218,1,1,1,1,2,1,5,1,0,0,25,44.71431667,-73.1015,59,0,0,3,4,8,0,1,1,0,18,20,18,23,,
500028,50,2020,7,18,7,2,34,11,650,1,1,1,1,5,1,7,3,0,0,,44.96950278,-73.21171389,17,0,0,1,1,4,0,2,1,0,2,34,2,49,,
500029,50,2020,7,21,3,9,25,27,457,1,1,1,1,5,1,6,3,0,0,,43.73915,-72.30014167,1,0,0,1,1,4,0,1,1,0,9,28,9,35,10,2
500030,50,2020,7,25,7,13,10,1,607,1,2,2,3,2,1,3,1,1,0,6,43.90210556,-73.11021667,12,6,0,2,2,1,0,1,1,0,13,11,13,21,13,48
500031,50,2020,7,25,7,21,6,23,40,1,1,1,2,2,2,4,1,0,0,29,44.15755556,-72.44186667,24,0,0,8,1,4,0,2,1,0,21,5,21,13,21,37
500032,50,2020,7,25,7,21,53,7,246,2,1,1,2,3,1,4,1,0,0,23,44.31290278,-73.07639167,24,0,0,3,3,4,0,2,1,0,21,59,22,16,,
500033,50,2020,7,31,6,22,18,1,636,2,2,2,3,3,1,4,1,0,0,23,44.21743611,-73.0554,12,6,0,2,2,1,0,6,1,0,22,18,22,26,23,16
500034,50,2020,8,5,4,12,57,7,370,1,2,2,2,2,2,3,1,0,0,16,44.61735556,-73.14983889,12,2,0,1,1,1,0,1,1,0,12,59,13,8,14,10
500035,50,2020,8,7,6,6,9,15,390,1,1,1,1,3,1,4,1,0,0,63,44.57218056,-72.59501667,8,0,0,3,2,1,0,4,1,0,6,10,6,19,6,27
500036,50,2020,8,15,7,19,22,23,365,1,1,1,1,2,1,5,1,0,0,3,44.30198611,-72.69381667,41,0,0,1,1,4,0,1,1,0,19,23,19,33,,
500037,50,2020,8,20,5,5,59,21,580,1,1,1,1,5,1,7,3,0,0,,43.66281111,-72.97566667,31,0,0,1,1,4,0,1,1,0,6,0,6,9,6,28
500038,50,2020,8,24,2,23,39,23,793,1,1,1,1,3,1,4,1,0,0,65,44.47444167,-72.39690833,30,0,0,1,1,4,0,2,1,0,23,49,23,59,,
500039,50,2020,8,26,4,11,5,5,320,1,4,4,4,5,1,5,3,0,0,16,44.50771944,-71.99151667,12,2,0,2,4,1,0,1,1,0,11,5,11,11,11,42
500040,50,2020,8,27,5,14,24,7,285,1,1,1,1,3,2,3,1,0,0,2,44.50337778,-73.00130556,9,0,0,3,3,1,0,1,10,0,14,26,14,36,,
500041,50,2020,8,28,6,9,51,27,242,1,1,1,1,5,1,7,3,0,0,,43.67606667,-72.42916389,17,0,0,1,1,4,0,1,1,0,10,0,10,18,11,1
500042,50,2020,8,30,1,17,48,15,202,1,1,1,2,3,1,4,1,0,0,40,44.71319444,-72.52439167,1,0,0,1,1,1,0,1,1,0,17,57,18,10,18,15
500043,50,2020,9,4,6,3,45,7,620,1,2,2,2,2,2,3,1,1,0,12,44.43861389,-73.21024444,12,2,0,2,2,1,0,3,1,0,3,48,3,56,4,36
500044,50,2020,9,4,6,12,31,7,620,1,1,1,2,1,2,1,1,1,0,852,44.44394167,-73.14007222,17,0,0,1,1,3,0,1,1,0,12,34,12,40,13,6
500045,50,2020,9,5,7,18,16,25,672,1,1,1,1,6,1,7,3,0,0,,42.77528056,-72.51575278,31,0,0,3,3,4,0,1,1,0,18,18,18,26,,
500046,50,2020,9,8,3,16,6,7,149,2,2,2,3,2,1,3,1,1,0,49,44.32997222,-73.23736667,12,2,0,2,3,1,0,1,1,0,16,6,16,13,16,49
500047,50,2020,9,14,2,13,42,7,120,1,1,1,0,6,2,7,3,0,0,,44.48138333,-73.21776667,8,0,0,1,1,1,0,1,1,0,13,47,13,53,,
500049,50,2020,9,22,3,12,46,7,155,1,2,2,3,3,2,4,1,0,0,3,44.53174167,-73.13270278,12,2,0,2,3,1,0,1,1,0,12,44,12,56,13,36
500050,50,2020,9,22,3,19,37,25,100,1,1,1,1,6,2,7,3,0,0,,42.87776111,-72.59056667,30,0,0,1,1,4,0,2,1,0,19,42,19,47,,
500051,50,2020,9,30,4,20,55,23,350,1,1,1,2,5,1,6,3,0,0,,44.35954444,-72.36084722,35,0,0,1,1,4,0,2,1,0,20,14,20,57,21,59
500052,50,2020,10,7,4,17,31,1,301,1,1,1,1,2,1,3,1,1,0,27,43.88390833,-73.10345278,24,0,0,3,3,4,0,1,2,0,17,33,17,43,,
500053,50,2020,10,10,7,12,0,21,147,1,1,1,1,2,1,3,1,1,0,74,43.61657778,-73.17109167,1,0,0,1,1,1,0,1,1,0,11,57,12,12,12,33
500054,50,2020,10,17,7,20,10,25,745,1,1,1,1,5,1,5,3,0,0,9,43.02921944,-72.85793056,8,0,0,1,1,98,0,2,1,0,19,19,19,57,20,52
500055,50,2020,10,24,7,16,46,1,212,1,2,2,5,5,1,7,3,0,0,,44.20025556,-73.26139444,12,6,0,2,2,1,0,1,1,0,16,48,16,56,17,29
500056,50,2020,10,26,2,11,40,23,674,1,1,1,1,3,1,4,1,0,0,31,44.18713056,-72.83270278,8,0,0,3,3,1,0,1,2,0,11,41,11,51,12,44
500057,50,2020,11,8,1,18,46,21,580,1,1,1,1,2,2,3,1,1,0,8,43.58478889,-72.96792222,8,0,0,1,1,1,0,3,1,0,18,46,18,52,19,6
500058,50,2020,11,16,2,8,5,19,9997,1,2,2,2,3,1,4,1,0,0,93,44.81695556,-71.95908889,12,2,0,1,1,1,0,1,12,0,8,6,8,15,9,25
500059,50,2020,11,30,2,20,3,7,370,1,1,1,5,6,2,5,3,0,0,13,44.62648056,-73.19740833,34,0,0,1,1,4,0,2,2,0,20,3,20,20,20,57