st_case,state,year,month,day,day_week,hour,minute,county,city,fatals_crash,vehicles_total,vehicles_in_transport,persons_total,route,rural_urban,functional_system,road_owner,nhs,special_jurisdiction,milepoint,latitude,longitude,first_harmful_event,manner_collision,rel_jct_interchange,rel_jct_location,intersection_type,relation_to_road,work_zone,light_condition,weather,school_bus_related,ems_notified_hour,ems_notified_min,ems_arrival_hour,ems_arrival_min,hospital_hour,hospital_min
500060,50,2020,12,14,2,22,29,7,620,1,2,2,2,2,1,3,1,1,0,11,44.43677778,-73.21043611,8,0,0,1,1,1,0,3,1,0,22,30,22,35,22,55
510001,51,2020,2,2,1,2,2,760,2060,1,1,1,1,2,2,3,4,0,0,1361,37.49251667,-77.48862222,8,0,0,1,1,1,0,3,98,0,,,,,,
510002,51,2020,2,4,3,1,8,550,468,1,1,1,1,6,1,7,1,0,0,14,36.77858056,-76.43688889,8,0,0,1,1,1,0,2,98,0,,,,,,
510003,51,2020,2,1,7,21,20,165,0,1,1,1,1,3,1,4,1,0,0,10,38.57388889,-78.75776944,30,0,0,1,1,4,0,2,5,0,,,,,,
510004,51,2020,2,1,7,3,3,199,0,1,2,2,2,1,2,1,1,1,0,2422,37.26236389,-76.64979444,12,1,0,1,1,1,0,2,2,0,,,,,,
510005,51,2020,2,6,5,9,15,171,0,1,1,1,1,4,1,7,1,0,0,2,38.84098056,-78.69959167,42,0,0,1,1,4,0,1,2,0,,,,,,
510006,51,2020,2,7,6,11,40,191,0,1,1,1,1,4,1,6,1,0,0,312,36.85084722,-81.81069722,1,0,0,1,1,4,0,1,4,0,,,,,,
510007,51,2020,2,6,5,16,10,41,0,1,3,3,3,1,2,1,1,1,0,646,37.39575,-77.4238,12,6,0,1,1,1,0,1,2,0,,,,,,
510008,51,2020,2,7,6,1,43,550,468,1,1,1,1,1,2,1,1,1,0,2920,36.7582,-76.27809167,42,0,0,1,1,4,4,3,2,0,,,,,,
510009,51,2020,2,9,1,2,50,650,1180,1,1,1,2,1,2,1,1,1,0,2631,37.04746667,-76.40193889,25,0,0,1,1,4,0,3,98,0,,,,,,
510011,51,2020,2,5,4,11,15,810,2540,1,1,1,1,1,2,1,1,1,0,231,36.84575,-76.01956111,32,0,0,1,1,4,0,1,98,0,,,,,,
510012,51,2020,2,4,3,16,50,680,1490,1,1,1,1,3,2,3,4,1,0,32,37.40611111,-79.16621111,33,0,0,3,3,4,0,1,98,0,,,,,,
510013,51,2020,2,4,3,0,25,810,2540,1,1,1,1,6,2,5,4,0,0,231,36.85338056,-76.09143889,33,0,0,3,3,4,0,3,98,0,,,,,,
510014,51,2020,2,13,5,9,49,163,0,1,1,1,1,1,1,1,1,1,0,1781,37.65077778,-79.55096389,24,0,0,1,1,3,0,1,2,0,,,,,,
510015,51,2020,2,10,2,20,32,700,1720,1,1,1,1,6,2,7,4,0,0,0,37.08398889,-76.48051944,8,0,0,3,2,1,0,3,2,0,,,,,,
510016,51,2020,2,14,6,20,52,760,2060,1,2,2,2,6,2,4,4,0,0,2,37.51218889,-77.46351944,12,6,0,2,2,1,0,3,98,0,,,,,,
510017,51,2020,2,14,6,22,5,105,0,1,1,1,1,4,1,5,1,0,0,16,36.81008056,-82.8344,59,0,0,1,1,4,0,2,98,0,,,,,,
510018,51,2020,2,18,3,8,30,97,0,1,2,2,2,3,1,3,1,1,0,407,37.53526111,-76.78206111,12,2,0,1,1,1,0,1,98,0,,,,,,
510019,51,2020,2,5,4,18,24,690,1570,1,1,1,1,3,2,5,4,0,0,4,36.69345,-79.8794,8,0,0,1,1,1,0,3,2,0,,,,,,
510020,51,2020,2,16,1,4,25,161,0,2,2,2,7,1,1,1,1,1,0,1316,37.25003056,-80.19476944,12,7,0,1,1,1,0,2,98,0,,,,,,
510021,51,2020,2,8,7,10,5,810,2540,1,2,2,2,3,2,3,4,1,0,244,36.79327222,-76.11899167,12,6,1,2,2,1,0,1,98,0,,,,,,
510022,51,2020,2,18,3,19,45,199,0,1,1,1,1,4,2,7,1,0,0,1,37.20186944,-76.4622,34,0,0,1,1,4,0,2,98,0,,,,,,
510023,51,2020,2,14,6,6,2,87,0,1,1,1,1,2,2,3,1,1,0,1315,37.59231944,-77.49318056,8,0,0,3,2,1,0,2,98,0,,,,,,
510024,51,2020,2,17,2,6,56,69,0,1,2,2,2,3,2,3,1,1,0,19,39.18460833,-78.13473056,12,1,0,3,2,1,0,1,98,0,,,,,,
510025,51,2020,2,21,6,11,25,51,0,1,1,1,3,3,1,5,1,0,0,224,37.10659722,-82.37516944,35,0,0,1,1,4,0,1,98,0,,,,,,
510026,51,2020,2,21,6,17,10,93,2270,1,4,4,4,3,1,4,1,0,0,739,36.97843889,-76.64135,12,6,0,1,1,1,0,1,98,0,,,,,,
510027,51,2020,2,19,4,19,35,47,0,1,3,3,3,2,2,4,1,0,0,1579,38.44003889,-78.02155,12,8,0,1,1,1,0,2,98,0,,,,,,
510028,51,2020,2,21,6,23,14,61,0,1,1,1,1,2,1,3,1,0,0,1928,38.4385,-77.64133056,1,0,0,1,1,4,0,2,98,0,,,,,,
510029,51,2020,2,21,6,5,40,800,2390,1,1,1,1,6,2,5,4,0,0,27,36.71568889,-76.6381,18,0,0,1,1,1,0,2,11,0,,,,,,
510030,51,2020,2,20,5,22,45,680,1490,1,1,1,1,2,2,2,4,1,0,759,37.39636944,-79.22368056,34,0,0,1,1,4,0,1,98,0,,,,,,
510031,51,2020,2,21,6,12,55,195,0,1,1,1,1,2,1,3,1,0,0,739,36.93436111,-82.38743056,24,0,0,1,1,4,0,1,98,0,,,,,,
510032,51,2020,2,14,6,17,25,101,0,1,2,2,2,2,1,3,1,1,0,1591,37.68611111,-77.18295,12,1,0,1,1,1,0,5,98,0,,,,,,
510033,51,2020,2,20,5,9,48,161,0,1,2,2,2,3,2,4,1,0,0,63,37.34196111,-79.96886944,12,6,0,2,2,1,0,1,98,0,,,,,,
510034,51,2020,2,22,7,3,40,29,0,2,1,1,2,4,1,5,1,0,0,64,37.62865,-78.32215,42,0,0,1,1,4,0,2,98,0,,,,,,
510035,51,2020,2,19,4,16,23,101,0,1,2,2,3,2,1,3,1,1,0,1650,37.75551111,-77.12603056,12,6,0,2,2,1,0,1,98,0,,,,,,
510036,51,2020,2,25,3,14,11,93,0,1,2,2,2,2,1,3,1,1,0,3641,36.82048056,-76.7625,12,6,0,1,1,1,0,1,98,0,,,,,,
510037,51,2020,2,24,2,19,45,83,0,1,2,2,4,2,1,3,1,0,0,399,36.79078056,-78.79891111,12,6,0,4,1,1,0,2,2,0,,,,,,
510038,51,2020,2,25,3,18,37,193,0,2,3,3,4,4,1,5,1,0,0,24,38.23145,-77.03616944,12,2,0,1,1,1,0,2,98,0,,,,,,
510039,51,2020,2,29,7,13,40,800,2390,1,2,2,3,3,1,3,4,1,0,876,36.80891667,-76.57571667,12,6,0,2,3,1,0,1,98,0,,,,,,
510040,51,2020,3,1,1,2,42,107,0,1,1,1,1,3,2,3,1,0,0,494,39.01588889,-77.37380833,8,0,0,1,1,1,0,2,98,0,,,,,,
510041,51,2020,2,28,6,1,33,700,1720,1,1,1,1,1,2,1,1,1,0,2,37.11660833,-76.50525833,42,0,0,5,1,4,0,3,98,0,,,,,,
510042,51,2020,3,3,3,0,29,191,0,1,1,1,1,1,2,1,1,1,0,0,36.67608056,-82.04206667,35,0,0,5,1,4,0,2,2,0,,,,,,
510043,51,2020,3,2,2,10,45,167,0,1,2,2,3,2,1,3,1,1,0,500,36.997525,-81.82616667,12,6,0,2,2,1,0,1,98,0,,,,,,
510044,51,2020,2,27,5,10,33,710,1760,1,2,2,2,6,2,4,4,0,0,14,36.87778056,-76.29476667,12,6,0,2,2,1,0,1,98,0,,,,,,
510045,51,2020,2,28,6,18,50,109,0,1,1,1,1,4,1,7,1,0,0,21,37.94661667,-78.07853056,42,0,0,1,1,4,0,2,98,0,,,,,,
510046,51,2020,2,29,7,3,42,85,0,1,2,2,3,1,2,1,1,1,0,69,37.68653889,-77.45238611,24,0,0,1,1,3,0,2,98,0,,,,,,
510047,51,2020,3,1,1,14,8,163,0,1,2,2,2,1,1,1,1,1,0,1967,37.85535,-79.35273056,12,1,0,1,1,1,0,1,98,0,,,,,,
510048,51,2020,3,2,2,9,31,87,0,1,2,2,3,4,2,4,2,0,0,23,37.61343056,-77.50138056,12,6,0,2,2,1,0,1,98,0,,,,,,
510049,51,2020,3,2,2,19,43,19,0,1,1,1,2,2,1,3,1,0,0,1883,37.31956111,-79.42594444,35,0,0,3,3,4,0,2,98,0,,,,,,
510050,51,2020,3,5,5,0,47,550,468,1,1,1,4,6,2,7,1,0,0,2,36.74275,-76.34913056,53,0,0,1,1,4,0,3,98,0,,,,,,
510051,51,2020,3,4,4,12,55,171,0,1,1,1,1,4,1,7,1,0,0,119,38.85553889,-78.40611667,18,0,0,1,1,1,0,1,98,0,,,,,,
510052,51,2020,3,6,6,6,37,87,0,1,1,1,1,4,2,5,2,0,0,31,37.51626667,-77.30343611,42,0,0,1,1,5,0,4,98,0,,,,,,
510053,51,2020,3,7,7,15,53,137,0,1,1,1,1,2,1,4,1,0,0,631,38.34823056,-77.96030833,35,0,0,1,1,4,0,1,98,0,,,,,,
510054,51,2020,2,1,7,1,8,59,0,1,1,1,1,4,2,5,1,0,0,0,38.79962778,-77.18441111,8,0,0,1,1,1,0,3,98,0,,,,,,
510055,51,2020,2,12,4,5,9,143,0,2,2,2,2,3,1,4,1,0,0,441,36.78613889,-79.65031389,12,2,0,1,1,1,0,2,98,0,,,,,,
510056,51,2020,1,17,6,2,50,85,110,1,1,1,2,1,2,1,1,1,0,923,37.76256111,-77.46066944,42,0,0,1,1,4,0,2,98,0,,,,,,
510057,51,2020,3,7,7,15,50,127,0,1,1,1,1,3,1,4,1,0,0,250,37.47946667,-77.13296667,42,0,0,1,1,4,0,1,98,0,,,,,,
510058,51,2020,3,9,2,19,36,107,0,1,3,3,3,4,2,4,1,0,0,41,39.04046667,-77.35683056,12,2,0,2,2,1,0,2,98,0,,,,,,
510059,51,2020,3,5,5,18,8,85,0,1,2,2,2,3,1,4,1,0,0,161,37.75116667,-77.40731667,12,7,0,2,3,1,0,5,98,0,,,,,,
510061,51,2020,3,10,3,12,30,167,0,1,1,1,1,4,1,7,1,0,0,10,37.03465833,-81.89295833,38,0,0,1,1,5,0,1,2,0,,,,,,
510062,51,2020,2,3,2,13,44,127,0,1,2,2,2,2,1,3,1,1,0,2224,37.4225,-76.91023889,12,6,0,2,2,1,0,1,98,0,,,,,,
510063,51,2020,3,8,1,19,57,141,0,1,2,2,2,3,1,4,1,0,0,50,36.58879722,-80.28029722,12,2,0,2,3,1,0,2,98,0,,,,,,
510064,51,2020,3,6,6,3,50,53,0,1,1,1,1,1,2,1,1,1,0,622,37.18925,-77.48886667,34,0,0,1,1,4,0,2,98,0,,,,,,
510065,51,2020,1,1,4,4,5,36,0,1,1,1,2,3,1,4,1,0,0,208,37.3329,-77.1956,42,0,0,1,1,4,0,2,1,0,,,,,,
510066,51,2020,1,3,6,22,13,127,0,1,1,1,1,3,1,3,1,1,0,472,37.52391944,-76.82634722,8,0,0,3,3,1,0,2,2,0,,,,,,
510067,51,2020,1,5,1,23,42,143,0,1,1,1,1,2,1,3,1,1,0,22,36.79258889,-79.39366944,8,0,0,1,1,1,0,2,1,0,,,,,,
510068,51,2020,1,5,1,18,30,43,0,1,1,1,1,4,1,7,1,0,0,23,39.14073333,-78.03993889,1,0,0,1,1,1,0,2,98,0,,,,,,
510069,51,2020,1,3,6,23,35,99,0,1,1,1,1,4,1,5,1,0,0,39,38.19406944,-77.17311111,34,0,0,1,1,4,0,2,2,0,,,,,,
510070,51,2020,1,3,6,23,55,17,0,1,1,1,2,2,1,3,1,1,0,1467,38.02391944,-79.80433056,42,0,0,1,1,4,0,2,2,0,,,,,,
510071,51,2020,1,7,3,12,59,61,0,2,2,2,4,3,1,5,1,0,0,431,38.90155833,-77.94017222,12,6,0,1,1,1,0,1,4,1,,,,,,
510072,51,2020,1,6,2,12,31,179,0,2,2,2,2,3,2,4,1,0,0,31,38.31171111,-77.41616111,12,8,1,18,1,1,0,1,1,0,,,,,,
510073,51,2020,1,8,4,17,6,590,720,2,2,2,3,3,1,3,4,1,0,7,36.55217778,-79.40150833,12,6,1,2,2,1,0,1,98,0,,,,,,
510074,51,2020,1,2,5,18,57,85,0,1,1,1,1,2,1,3,1,1,0,1528,37.63399722,-77.2786,53,0,0,1,1,4,0,2,98,0,,,,,,
510075,51,2020,1,11,7,6,17,1,0,1,2,2,2,4,1,5,1,0,0,190,37.96828889,-75.46453056,12,2,0,1,1,1,0,2,98,0,,,,,,
510076,51,2020,1,5,1,1,50,117,0,1,2,2,2,2,1,3,1,1,0,3649,36.67163056,-78.29401111,12,2,1,18,1,1,0,2,1,0,,,,,,
510077,51,2020,1,11,7,12,35,810,2540,1,1,1,1,6,2,5,4,0,0,26,36.71711944,-76.05026111,34,0,0,1,1,4,0,1,98,0,,,,,,
510078,51,2020,1,11,7,18,10,9,0,1,1,1,2,2,2,3,1,1,0,92,37.4458,-79.11998889,8,0,0,1,1,1,0,2,2,0,,,,,,
510079,51,2020,1,12,1,2,40,85,0,1,1,1,1,2,1,4,1,0,0,1146,37.84373056,-77.46536944,35,0,0,1,1,4,0,2,2,0,,,,,,
510080,51,2020,1,11,7,5,13,107,0,1,2,2,2,4,1,5,1,0,0,15,39.09208056,-77.62473056,12,6,0,1,1,1,0,1,2,0,,,,,,
510081,51,2020,1,14,3,2,43,87,0,1,1,1,1,1,2,1,1,1,0,0,37.522175,-77.27713889,1,0,1,5,1,4,0,2,98,0,,,,,,
510082,51,2020,1,11,7,1,41,69,0,1,1,1,1,3,2,3,1,1,0,23,39.186375,-78.12830833,24,0,0,1,1,4,0,2,98,0,,,,,,
510083,51,2020,1,12,1,2,21,710,1760,1,1,1,2,1,2,1,1,1,0,77,36.84116111,-76.28658889,23,0,0,1,1,3,0,3,2,0,,,,,,
510084,51,2020,1,15,4,13,27,3,0,1,1,1,2,3,1,5,1,0,0,78,38.06121944,-78.27463889,53,0,0,1,1,4,0,1,98,0,,,,,,
510085,51,2020,1,12,1,5,41,41,0,1,2,2,2,2,2,3,1,0,0,1336,37.47156667,-77.52770278,8,0,0,2,3,1,0,2,98,0,,,,,,
510086,51,2020,1,14,3,20,0,105,0,1,2,2,2,2,1,4,1,0,0,280,36.67058056,-83.20168889,12,6,0,2,2,1,0,2,5,0,,,,,,
510087,51,2020,1,14,3,15,15,105,0,1,2,2,3,3,1,5,1,0,0,8,36.78592778,-83.05468056,12,6,0,1,1,1,0,1,2,0,,,,,,
510088,51,2020,1,17,6,22,0,199,0,1,1,1,1,4,1,7,1,0,0,25,37.35793056,-76.73633056,42,0,0,1,1,4,0,2,98,0,,,,,,
510089,51,2020,1,15,4,14,0,165,156,3,5,5,8,1,1,1,1,1,0,2401,38.34698889,-78.93316944,12,2,0,1,1,1,0,1,98,0,,,,,,
510090,51,2020,1,8,4,1,15,153,0,1,2,2,3,1,1,1,1,1,0,1497,38.53828056,-77.35063889,12,1,0,1,1,1,0,2,98,0,,,,,,
510091,51,2020,1,19,1,2,45,47,0,1,1,1,1,4,1,7,1,0,0,79,38.52771111,-78.05746944,42,0,0,1,1,4,0,2,98,0,,,,,,
510092,51,2020,1,19,1,13,54,550,468,1,2,2,4,2,2,3,4,0,0,156,36.74603056,-76.28601111,12,2,0,1,1,1,0,1,98,0,,,,,,
510093,51,2020,1,21,3,18,45,195,0,1,1,1,1,2,1,3,1,0,0,491,37.02241944,-82.58988889,34,0,0,1,1,4,0,2,98,0,,,,,,
510094,51,2020,1,22,4,15,0,183,0,1,1,1,2,2,1,3,1,1,0,3364,37.07326944,-77.14673056,42,0,0,1,1,4,0,1,98,0,,,,,,
510095,51,2020,1,19,1,1,25,135,0,1,1,1,1,2,1,3,1,1,0,2660,37.20866389,-78.22818889,42,0,0,1,1,4,0,2,98,0,,,,,,
510096,51,2020,1,22,4,19,45,191,0,1,2,2,2,3,1,5,1,0,0,47,36.64176667,-81.99211111,12,2,0,1,1,1,0,2,98,0,,,,,,
510097,51,2020,1,22,4,18,11,36,0,1,1,1,1,3,1,4,1,0,0,406,37.26458056,-76.89298889,42,0,0,1,1,4,0,2,98,0,,,,,,
510098,51,2020,1,24,6,0,39,760,2060,1,1,1,1,2,2,3,4,0,0,1346,37.55796944,-77.46246944,33,0,0,3,2,3,0,3,98,0,,,,,,
510099,51,2020,1,15,4,17,56,153,810,1,1,1,2,2,2,3,1,1,0,1673,38.5545,-77.33255,8,0,0,1,1,1,0,3,98,0,,,,,,
510100,51,2020,1,24,6,14,21,197,0,1,2,2,3,2,1,4,1,0,0,615,36.91681944,-81.23826944,12,2,0,1,1,1,0,1,2,1,,,,,,
510101,51,2020,1,11,7,16,53,41,0,1,1,1,1,2,2,3,1,0,0,1316,37.45388889,-77.5568,8,0,0,1,1,4,0,5,2,0,,,,,,
510102,51,2020,1,19,1,23,31,147,0,1,1,1,1,2,1,4,1,0,0,534,37.20171111,-78.43431111,42,0,0,1,1,4,0,2,98,0,,,,,,
510103,51,2020,1,24,6,20,17,87,0,1,1,1,1,2,2,3,1,0,0,1288,37.627,-77.50503056,8,0,0,1,1,1,0,2,1,0,,,,,,
510104,51,2020,1,18,7,0,13,760,2060,1,5,1,2,2,2,3,4,1,0,885,37.47759444,-77.44394167,14,0,0,1,1,6,0,3,98,0,,,,,,
510105,51,2020,1,16,5,21,45,59,0,1,1,1,1,2,2,7,1,0,0,1826,38.70855,-77.15975,8,0,0,1,1,1,0,2,98,0,,,,,,
510106,51,2020,1,23,5,18,48,700,1720,1,1,1,1,6,2,5,4,0,0,13,36.98338056,-76.39543056,59,0,0,1,1,4,0,3,98,0,,,,,,
510107,51,2020,1,24,6,20,0,730,1910,1,2,2,2,6,2,4,4,0,0,9,37.21314722,-77.41008889,12,6,0,2,2,1,0,3,98,0,,,,,,
510108,51,2020,1,20,2,0,25,25,0,1,1,1,1,4,1,6,1,0,0,62,36.8251,-77.7371,34,0,0,1,1,4,0,2,98,0,,,,,,
510109,51,2020,1,20,2,19,31,65,0,1,1,1,1,4,2,5,1,0,0,31,37.91546111,-78.29956944,24,0,0,3,3,4,0,2,98,0,,,,,,
510110,51,2020,1,29,4,4,20,183,0,2,2,2,4,1,1,1,1,1,0,242,36.85096111,-77.42821944,12,1,0,1,1,1,0,2,98,0,,,,,,
510111,51,2020,1,30,5,14,5,113,0,2,2,2,2,3,1,4,1,0,0,5,38.44360278,-78.272225,12,2,0,2,3,1,0,1,98,0,,,,,,
510112,51,2020,1,30,5,9,46,87,0,2,3,3,5,6,2,7,99,0,0,5,37.57588333,-77.40393611,12,6,0,2,2,1,0,1,98,0,,,,,,
510113,51,2020,1,27,2,1,50,11,0,1,2,2,2,4,1,5,1,0,0,77,37.31181111,-78.83163056,12,2,0,1,1,1,0,2,98,0,,,,,,
510114,51,2020,1,26,1,19,0,67,0,1,1,1,5,4,1,5,1,0,0,79,37.08486389,-79.74962222,42,0,0,1,1,4,0,2,1,0,,,,,,
510115,51,2020,1,26,1,18,41,41,0,1,1,1,1,4,2,4,1,0,0,21,37.40651944,-77.60128889,42,0,0,1,1,4,0,2,1,0,,,,,,
510116,51,2020,1,30,5,21,21,735,1946,1,1,1,1,6,2,5,4,0,0,5,37.13411111,-76.4037,43,0,0,1,1,4,0,3,98,0,,,,,,
510117,51,2020,1,31,6,13,21,105,0,1,2,2,2,2,1,4,1,0,0,146,36.7801,-82.91881944,12,6,0,8,1,1,0,1,98,0,,,,,,
510118,51,2020,1,29,4,14,50,61,0,1,1,1,1,2,1,3,1,0,0,1818,38.67731111,-77.78763056,52,0,0,3,3,4,0,1,98,0,,,,,,
510119,51,2020,1,17,6,22,10,760,2060,1,5,2,3,2,2,3,4,1,0,923,37.56485,-77.44403889,12,6,0,2,3,1,0,3,98,0,,,,,,
510120,51,2020,1,26,1,12,21,550,468,1,7,7,8,3,2,3,4,1,0,126,36.74881111,-76.245625,12,1,0,2,2,1,0,1,98,0,,,,,,
510121,51,2020,1,18,7,17,35,87,0,1,1,1,1,6,2,7,2,0,0,12,37.60238889,-77.58648056,8,0,0,3,3,1,0,2,2,0,,,,,,
510122,51,2020,1,20,2,21,35,87,0,1,2,2,2,2,2,3,1,0,0,1583,37.62578056,-77.53063056,12,6,0,2,2,1,0,3,98,0,,,,,,
510123,51,2020,1,10,6,14,29,650,1180,1,2,2,2,2,2,3,4,1,0,646,37.04361944,-76.35988056,12,1,1,18,1,1,0,1,98,0,,,,,,
510124,51,2020,1,9,5,20,5,59,0,1,1,1,1,2,2,3,1,0,0,1900,38.78055833,-77.07921389,8,0,0,1,1,1,0,3,98,0,,,,,,
510125,51,2020,2,18,3,14,55,89,0,1,1,1,1,4,2,7,1,0,0,2,36.70903333,-79.82418611,53,0,0,1,1,4,0,1,2,0,,,,,,
510126,51,2020,3,2,2,20,49,3,0,1,1,1,1,2,2,3,1,0,0,981,38.03446667,-78.45828056,8,0,0,1,1,1,0,3,2,0,,,,,,
510127,51,2020,1,22,4,2,15,700,1720,1,1,1,1,2,2,3,4,1,0,2657,36.9991,-76.44145,42,0,0,1,1,4,0,3,98,0,,,,,,
510128,51,2020,3,2,2,17,21,760,2060,1,1,1,0,1,2,1,1,1,0,694,37.46354722,-77.42508056,8,0,0,1,1,1,0,5,98,0,,,,,,
510129,51,2020,2,24,2,14,17,193,0,1,2,2,3,4,1,5,1,0,0,5,38.03363611,-76.63008611,12,6,0,2,3,1,0,1,98,0,,,,,,
510130,51,2020,3,1,1,20,25,125,0,1,1,1,1,3,1,4,1,0,0,87,37.73240833,-79.00705,16,0,0,1,1,4,0,2,98,0,,,,,,
510131,51,2020,2,11,3,1,13,59,0,1,1,1,1,2,2,3,1,0,0,1782,38.68516667,-77.22305278,8,0,0,1,1,1,0,2,2,0,,,,,,
510132,51,2020,3,8,1,1,39,87,0,1,2,2,1,1,1,1,1,1,0,351,37.38678056,-77.3468,18,0,1,18,1,1,4,2,98,0,,,,,,
510133,51,2020,3,11,4,14,11,177,0,1,1,1,2,6,2,7,2,0,0,56,38.31654444,-77.54730556,53,0,0,1,1,4,0,1,98,0,,,,,,
510134,51,2020,3,14,7,13,27,121,0,1,2,2,2,3,1,4,1,0,0,529,37.10009722,-80.4424,12,2,0,1,1,1,0,1,98,0,,,,,,
510135,51,2020,3,14,7,2,0,165,0,1,1,1,2,4,1,5,1,0,0,9,38.42335833,-78.63626667,30,0,0,1,1,4,0,2,98,0,,,,,,
510136,51,2020,3,14,7,4,20,710,1760,1,2,2,2,1,2,1,1,1,0,2818,36.88063056,-76.20701667,24,0,0,1,1,4,0,3,98,0,,,,,,
510137,51,2020,3,16,2,3,52,137,0,1,2,2,2,3,1,4,1,0,0,716,38.24825278,-78.03791944,53,0,0,1,1,4,0,2,98,0,,,,,,
510138,51,2020,3,16,2,6,29,73,0,1,2,2,2,2,1,3,1,0,0,789,37.38140833,-76.534975,12,2,0,1,1,1,0,2,98,0,,,,,,
510139,51,2020,3,3,3,22,2,800,2390,1,2,2,3,6,2,5,4,0,0,11,36.58566667,-76.82404167,12,2,0,1,1,1,0,2,98,0,,,,,,
510140,51,2020,1,5,1,2,51,650,1180,1,1,1,1,3,2,3,4,0,0,56,37.07596111,-76.39576944,34,0,0,1,1,4,0,6,2,0,,,,,,
510141,51,2020,3,10,3,18,35,177,0,1,2,2,2,4,2,7,1,0,0,2,38.29148611,-77.5849,12,8,0,1,1,1,0,1,98,0,,,,,,
510142,51,2020,3,1,1,3,33,710,1760,1,1,1,1,3,2,4,4,0,0,397,36.91598056,-76.30790833,30,0,0,3,98,4,0,3,98,0,,,,,,
510143,51,2020,3,11,4,19,46,730,1910,1,2,2,5,2,2,3,4,1,0,3212,37.21265833,-77.35721667,12,6,0,8,1,1,0,5,98,0,,,,,,
510144,51,2020,3,14,7,16,42,131,0,1,2,2,2,2,1,3,32,1,0,718,37.11910556,-75.96808611,12,2,0,1,1,1,4,1,98,0,,,,,,
510145,51,2020,3,14,7,9,28,117,0,1,2,2,4,2,1,5,1,0,0,1,36.54610278,-78.19831667,12,2,0,1,1,1,0,1,98,0,,,,,,
510146,51,2020,3,22,1,14,40,177,0,1,1,1,1,4,1,7,1,0,0,47,38.17236667,-77.55681944,42,0,0,1,1,4,0,1,98,0,,,,,,
510147,51,2020,3,22,1,19,25,7,0,1,1,1,3,4,1,5,1,0,0,174,37.44604722,-78.00196944,32,0,0,1,1,4,0,2,98,0,,,,,,
510148,51,2020,3,22,1,14,5,191,0,1,2,2,2,2,1,3,1,0,0,1193,36.67237778,-81.86213611,12,6,0,2,2,1,0,1,98,0,,,,,,
510149,51,2020,3,24,3,9,10,710,1760,1,1,1,1,1,2,1,1,1,0,0,36.93594722,-76.26525833,35,0,0,1,1,3,0,1,98,0,,,,,,
510150,51,2020,3,25,4,16,41,61,0,1,2,2,2,2,1,3,1,0,0,2128,38.76871667,-77.70573611,12,6,0,2,2,1,0,1,2,0,,,,,,
510151,51,2020,3,25,4,0,14,3,0,1,1,1,1,2,2,3,1,0,0,1446,38.12311111,-78.44552222,8,0,0,1,1,1,0,2,2,0,,,,,,
510152,51,2020,3,25,4,18,40,141,0,1,2,2,2,4,1,6,1,0,0,70,36.58883333,-80.58285,12,2,0,1,1,1,0,1,98,0,,,,,,
510153,51,2020,3,28,7,15,4,51,0,1,1,1,1,4,1,6,1,0,0,61,37.18047778,-82.50433611,35,0,0,1,1,4,0,1,98,0,,,,,,
510154,51,2020,3,27,6,23,26,710,1760,1,1,1,1,1,2,1,1,1,0,0,36.84347778,-76.19810833,8,0,1,20,1,1,0,3,98,0,,,,,,
510155,51,2020,2,28,6,15,43,59,0,1,1,1,1,4,2,4,1,0,0,26,38.77042778,-77.18409167,8,0,0,3,2,1,0,1,98,0,,,,,,
510156,51,2020,2,27,5,21,39,59,0,1,1,1,1,4,2,4,1,0,0,6,38.86570833,-77.37058611,8,0,0,3,3,1,0,3,98,0,,,,,,
510157,51,2020,3,1,1,2,22,760,2060,1,2,2,2,1,2,1,1,1,0,1884,37.57348889,-77.45891111,8,0,0,1,1,1,0,3,98,0,,,,,,
510158,51,2020,3,25,4,9,47,47,0,1,2,2,3,2,1,4,1,0,0,1552,38.41084444,-78.05638333,12,6,0,2,3,1,0,1,2,0,,,,,,
510159,51,2020,2,7,6,22,29,650,1180,1,1,1,2,1,2,1,1,1,0,0,37.01565,-76.32762222,46,0,1,3,2,4,0,3,98,0,,,,,,
510160,51,2020,3,27,6,23,37,41,0,2,3,3,7,1,2,1,1,1,0,576,37.30236667,-77.39197778,12,2,0,1,1,1,0,2,2,0,,,,,,
510161,51,2020,2,29,7,16,35,59,0,1,1,1,2,4,2,6,1,0,0,47,38.68611111,-77.210575,8,0,0,1,1,1,0,1,1,0,,,,,,
510162,51,2020,3,30,2,19,16,69,0,1,1,1,1,4,1,5,1,0,0,195,39.23293056,-78.29086667,42,0,0,1,1,4,0,1,98,0,,,,,,
510163,51,2020,3,21,7,13,25,15,0,1,1,1,1,4,1,7,1,0,0,220,38.14805278,-78.82670833,34,0,0,1,1,4,0,1,2,0,,,,,,
510164,51,2020,3,22,1,22,39,59,0,1,1,1,1,4,2,4,1,0,0,0,38.86705833,-77.37411667,31,0,0,1,1,4,0,3,98,0,,,,,,
510165,51,2020,3,29,1,22,2,165,0,1,1,1,1,2,2,3,1,1,0,266,38.40418611,-78.82283056,35,0,0,1,1,4,0,2,98,0,,,,,,
510166,51,2020,4,5,1,12,40,89,0,1,2,2,6,4,1,6,1,0,0,41,36.62199444,-79.7583,12,6,0,2,2,1,0,1,98,0,,,,,,
510168,51,2020,4,4,7,1,0,37,0,1,1,1,4,2,1,3,1,1,0,330,36.92980556,-78.508425,1,0,0,1,1,3,0,2,98,0,,,,,,
510169,51,2020,4,2,5,17,10,133,0,1,1,1,1,4,1,5,1,0,0,28,38.00671667,-76.5137,35,0,0,1,1,4,0,1,98,0,,,,,,