st_case,state,year,month,day,day_week,hour,minute,county,city,fatals_crash,vehicles_total,vehicles_in_transport,persons_total,route,rural_urban,functional_system,road_owner,nhs,special_jurisdiction,milepoint,latitude,longitude,first_harmful_event,manner_collision,rel_jct_interchange,rel_jct_location,intersection_type,relation_to_road,work_zone,light_condition,weather,school_bus_related,ems_notified_hour,ems_notified_min,ems_arrival_hour,ems_arrival_min,hospital_hour,hospital_min
510170,51,2020,4,6,2,18,58,165,0,1,1,1,1,4,1,5,1,0,0,26,38.65806667,-78.78528889,24,0,0,1,1,4,0,1,98,0,,,,,,
510171,51,2020,4,9,5,16,45,65,0,1,2,2,2,4,1,7,1,0,0,33,37.86801667,-78.38836667,12,2,0,1,1,1,0,1,98,0,,,,,,
510172,51,2020,4,10,6,13,48,143,0,1,1,1,2,4,1,5,1,0,0,16,36.67940833,-79.20351667,42,0,0,1,1,4,0,1,98,0,,,,,,
510173,51,2020,4,7,3,22,45,15,0,1,2,2,4,1,1,1,1,1,0,2074,37.95325833,-79.20863056,12,6,0,1,1,1,0,2,3,0,,,,,,
510174,51,2020,4,6,2,11,0,199,0,1,2,2,6,4,1,4,1,1,0,43,37.28165833,-76.62676667,12,6,0,1,1,1,0,1,98,0,,,,,,
510175,51,2020,4,5,1,21,15,109,0,1,2,2,3,2,1,4,1,0,0,942,37.96103056,-77.90433056,12,6,0,2,3,1,0,2,98,0,,,,,,
510176,51,2020,4,9,5,17,51,145,0,1,2,2,2,2,1,4,1,0,0,1550,37.56648611,-78.03320833,12,6,0,1,1,1,0,1,98,0,,,,,,
510177,51,2020,4,9,5,4,15,660,1190,1,1,1,1,1,2,1,1,1,0,2452,38.41299722,-78.88995833,24,0,0,1,1,4,0,2,2,0,,,,,,
510178,51,2020,4,5,1,20,34,41,0,1,1,1,1,2,2,3,1,1,0,858,37.43848611,-77.43904722,8,0,0,1,1,1,0,2,98,0,,,,,,
510179,51,2020,4,10,6,14,4,57,2420,1,1,1,1,4,1,5,1,0,0,126,37.92120833,-76.87653611,34,0,0,1,1,4,0,1,98,0,,,,,,
510180,51,2020,4,8,4,18,29,149,0,1,1,1,1,4,1,7,1,0,0,12,37.2126,-77.21056667,42,0,0,1,1,4,0,1,98,0,,,,,,
510181,51,2020,2,11,3,9,21,650,1180,2,2,2,2,3,2,3,4,1,0,46,37.09333889,-76.39616944,12,6,0,2,2,1,0,1,2,0,,,,,,
510182,51,2020,4,15,4,8,20,31,0,1,2,2,2,2,1,3,1,1,0,534,37.14736667,-79.23056667,12,6,0,2,3,1,0,1,98,0,,,,,,0
510183,51,2020,4,14,3,16,52,115,0,1,2,2,2,3,1,5,1,0,0,13,37.48268889,-76.31068611,12,6,0,8,1,1,0,1,98,0,,,,,,
510184,51,2020,4,17,6,15,30,181,0,2,2,2,2,3,1,6,1,0,0,,37.0459,-76.79233611,12,6,0,2,2,1,0,1,98,0,,,,,,
510185,51,2020,4,16,5,21,20,165,0,1,2,2,6,4,1,6,1,0,0,36,38.5289,-78.98908889,12,7,0,1,1,1,0,2,98,0,,,,,,
510187,51,2020,2,7,6,1,40,177,0,1,3,1,1,3,2,3,1,1,0,300,38.28895,-77.53905556,53,0,0,1,1,4,0,3,98,0,,,,,,
510188,51,2020,4,12,1,19,55,810,2540,1,2,2,2,6,2,5,4,0,0,25,36.83820833,-76.11713611,12,6,0,2,2,1,0,3,98,0,,,,,,
510189,51,2020,3,6,6,14,8,85,0,1,2,2,2,2,2,3,1,0,0,1494,37.61368611,-77.33077778,12,6,1,2,2,1,0,1,98,0,,,,,,
510190,51,2020,3,13,6,2,7,183,0,2,3,3,8,1,1,1,1,1,0,205,36.80590833,-77.45878056,24,0,0,1,1,4,0,2,98,0,,,,,,
510191,51,2020,4,22,4,6,4,710,1760,1,1,1,1,1,2,1,1,1,0,2785,36.90396944,-76.25130833,24,0,0,1,1,4,0,4,98,0,,,,,,
510192,51,2020,4,18,7,0,1,149,0,1,1,1,2,2,1,5,1,0,0,444,37.12316667,-77.35006667,42,0,0,1,1,4,0,2,98,0,,,,,,
510193,51,2020,4,21,3,19,40,109,0,1,1,1,1,2,1,4,1,0,0,413,38.06018333,-77.88048611,42,0,0,1,1,4,0,2,98,0,,,,,,
510194,51,2020,4,23,5,23,0,35,0,1,1,1,1,4,1,7,1,0,0,0,36.67674167,-80.71734444,42,0,0,3,3,4,0,2,5,0,,,,,,
510195,51,2020,4,23,5,15,56,590,720,1,2,2,2,6,2,4,4,0,0,8,36.60911111,-79.39741667,12,2,0,1,1,1,0,1,2,0,,,,,,
510196,51,2020,4,5,1,16,20,710,1760,1,2,2,3,6,2,7,4,0,0,1,36.89825833,-76.23898889,12,6,0,2,2,1,0,1,98,0,,,,,,
510197,51,2020,4,13,2,21,4,41,0,1,1,1,1,3,2,3,1,0,0,89,37.39381667,-77.51493056,42,0,0,1,1,3,0,2,98,0,,,,,,
510198,51,2020,4,20,2,14,40,53,0,1,1,1,1,3,1,4,1,1,0,1750,36.99390833,-77.75188333,35,0,0,1,1,4,0,1,98,0,,,,,,
510199,51,2020,4,23,5,21,12,67,2110,1,1,1,2,2,2,4,1,0,0,50,37.02273889,-79.88323056,24,0,0,1,1,4,0,2,2,0,,,,,,
510200,51,2020,4,24,6,17,0,145,0,1,2,2,2,4,1,4,1,0,0,80,37.59356944,-77.76688889,12,2,0,1,1,1,0,1,2,0,,,,,,
510201,51,2020,4,25,7,19,36,650,1180,1,2,2,3,1,2,1,1,1,0,2632,37.04731667,-76.40193889,12,1,0,1,1,1,0,5,98,0,,,,,,
510202,51,2020,4,24,6,19,10,590,720,1,1,1,1,2,1,3,1,1,0,95,36.63763056,-79.38578056,33,0,0,1,1,4,0,1,98,0,,,,,,
510203,51,2020,4,25,7,20,31,101,0,2,1,1,2,3,1,4,1,0,0,162,37.78845833,-77.19124167,35,0,0,1,1,4,0,2,98,0,,,,,,
510204,51,2020,2,3,2,11,15,125,0,1,1,1,1,4,1,5,1,0,0,3,37.71274444,-78.87083333,35,0,0,1,1,4,0,1,98,0,,,,,,
510205,51,2020,3,11,4,17,33,85,0,1,2,2,2,4,2,4,1,0,0,36,37.63488056,-77.35120556,8,0,0,1,1,1,0,1,98,0,,,,,,
510206,51,2020,3,13,6,8,31,87,0,1,2,2,2,4,2,3,2,0,0,107,37.6402,-77.44429722,12,6,0,2,3,1,0,1,98,0,,,,,,
510207,51,2020,4,17,6,13,44,107,0,1,1,1,1,4,1,5,1,0,0,41,39.11991944,-77.7275,23,0,0,1,1,4,0,1,98,0,,,,,,
510208,51,2020,4,21,3,6,8,59,0,1,1,1,1,4,2,4,1,0,0,3,38.83801389,-77.20856111,8,0,0,1,1,1,0,2,98,0,,,,,,
510209,51,2020,2,27,5,7,47,700,1720,1,2,2,2,3,2,3,1,0,0,,37.0443,-76.45953889,12,1,0,2,2,1,0,1,98,0,,,,,,
510210,51,2020,4,29,4,23,57,19,0,1,1,1,1,4,1,5,1,0,0,6,37.15568333,-79.39328611,34,0,0,1,1,4,0,2,2,0,,,,,,
510211,51,2020,4,30,5,3,30,69,0,2,2,2,5,2,2,4,1,0,0,181,39.16010278,-78.153125,12,6,0,2,3,1,0,2,2,0,,,,,,
510212,51,2020,4,30,5,20,54,87,0,2,1,1,2,3,1,7,1,0,0,3,37.498775,-77.24383333,34,0,0,1,1,4,0,2,98,0,,,,,,
510213,51,2020,5,2,7,18,50,191,0,1,2,2,5,2,1,3,1,1,0,171,36.73238611,-82.03669722,12,6,0,2,2,1,0,1,98,0,,,,,,
510214,51,2020,3,23,2,22,56,760,2060,1,1,1,1,3,2,3,4,1,0,0,37.50731667,-77.46338333,8,0,0,3,2,1,0,3,98,0,,,,,,
510215,51,2020,4,30,5,9,0,177,0,1,2,2,2,1,1,1,1,1,0,1174,38.11550556,-77.517925,24,0,0,1,1,4,0,1,2,0,,,,,,
510216,51,2020,4,29,4,0,1,3,0,2,1,1,2,4,1,5,1,0,0,70,37.98079722,-78.69108333,42,0,0,1,1,4,0,2,98,0,,,,,,
510217,51,2020,4,30,5,11,52,131,0,1,1,1,1,4,1,6,1,0,0,149,37.33035278,-75.920775,32,0,0,1,1,4,0,1,98,0,,,,,,
510218,51,2020,5,6,4,13,25,177,0,1,3,3,6,4,1,5,1,0,0,87,38.28563333,-77.68880278,12,2,0,1,1,1,0,1,98,0,,,,,,
510219,51,2020,3,8,1,1,36,177,0,1,2,2,2,3,2,3,1,0,0,,38.28955833,-77.53146667,12,1,0,1,1,1,0,3,98,0,,,,,,
510220,51,2020,4,16,5,1,45,730,1910,1,2,2,2,1,2,1,1,1,0,649,37.19986667,-77.44383056,12,7,0,1,1,1,0,2,98,0,,,,,,
510221,51,2020,5,3,1,17,23,760,2060,1,2,2,2,2,2,3,4,1,0,874,37.46278889,-77.44258056,12,7,0,2,2,1,0,1,98,0,,,,,,
510222,51,2020,5,5,3,3,0,135,0,1,1,1,1,4,1,6,1,0,0,6,37.10928611,-78.02233056,20,0,0,1,1,4,0,2,98,0,,,,,,
510223,51,2020,5,9,7,23,1,73,0,1,1,1,1,4,2,5,1,0,0,2,37.26926667,-76.49155,34,0,0,1,1,4,0,2,98,0,,,,,,
510224,51,2020,5,2,7,20,45,650,1180,1,3,2,4,3,2,5,4,0,0,62,37.00043889,-76.3893,12,6,0,2,2,1,0,3,98,0,,,,,,
510225,51,2020,4,5,1,6,0,137,0,1,1,1,1,4,1,7,1,0,0,8,38.22429722,-77.87346667,42,0,0,1,1,4,0,4,98,0,,,,,,
510226,51,2020,5,2,7,12,12,41,0,1,1,1,1,1,2,1,1,1,0,590,37.32168056,-77.40096667,24,0,0,1,1,4,0,1,98,0,,,,,,
510227,51,2020,5,10,1,16,48,630,1020,1,1,1,2,6,2,5,4,0,0,8,38.31298056,-77.47263889,59,0,0,1,1,4,0,1,98,0,,,,,,
510228,51,2020,5,9,7,11,7,87,0,1,2,2,2,4,2,4,2,0,0,25,37.61359722,-77.49705,12,1,0,3,2,1,0,1,98,0,,,,,,
510229,51,2020,5,11,2,5,15,49,0,1,1,1,1,4,1,7,1,0,0,19,37.50471667,-78.31078056,42,0,0,1,1,4,0,2,98,0,,,,,,
510230,51,2020,5,12,3,13,30,159,0,1,2,2,3,2,1,3,1,1,0,1983,37.95006667,-76.66281667,12,6,0,2,2,1,0,1,98,0,,,,,,
510231,51,2020,5,12,3,12,10,97,0,1,1,1,1,4,1,7,1,0,0,1,37.77941667,-76.92136667,43,0,0,1,1,4,0,1,98,0,,,,,,
510232,51,2020,5,1,6,14,21,153,0,1,1,1,1,4,2,4,1,0,0,43,38.61673889,-77.32931667,33,0,0,3,2,4,0,1,98,0,,,,,,
510233,51,2020,5,12,3,17,50,191,0,1,1,1,3,3,1,5,1,0,0,58,36.66228889,-81.80663889,34,0,0,1,1,4,0,1,98,0,,,,,,
510234,51,2020,5,13,4,18,53,87,0,1,1,1,1,4,2,4,2,0,0,21,37.63219722,-77.48383056,59,0,0,1,1,4,0,1,98,0,,,,,,
510235,51,2020,1,26,1,7,52,510,40,1,1,1,1,5,2,3,4,1,0,114,38.81213889,-77.11946667,8,0,0,3,2,1,0,1,98,0,,,,,,
510236,51,2020,5,10,1,5,55,650,1180,1,1,1,3,1,2,1,1,1,0,0,37.05050833,-76.40483611,42,0,0,1,1,4,0,1,98,0,,,,,,
510237,51,2020,4,26,1,21,55,650,1180,1,5,1,1,6,2,4,4,0,0,18,37.06847778,-76.38462222,33,0,0,1,1,3,0,3,98,0,,,,,,
510238,51,2020,5,9,7,18,50,33,0,1,3,3,3,1,1,1,1,1,0,1073,37.96781667,-77.49051667,12,2,0,1,1,1,0,1,98,0,,,,,,
510239,51,2020,5,17,1,18,35,177,0,1,1,1,1,4,1,5,1,0,0,74,38.27005833,-77.67600833,42,0,0,1,1,4,0,1,98,0,,,,,,
510240,51,2020,5,16,7,14,15,27,0,1,1,1,1,4,1,6,1,0,0,105,37.38578056,-82.05103889,8,0,0,1,1,4,0,1,98,0,,,,,,
510241,51,2020,5,15,6,20,30,171,0,1,1,1,1,4,1,7,1,0,0,60,38.66725833,-78.63028056,38,0,0,1,1,5,0,2,98,0,,,,,,
510242,51,2020,5,16,7,17,18,710,1760,1,1,1,1,6,2,4,4,0,0,6,36.93300278,-76.25271944,15,0,0,2,3,1,0,1,98,0,,,,,,
510243,51,2020,5,19,3,12,49,125,0,1,2,2,2,2,1,4,1,0,0,1033,37.56770833,-78.85036667,12,2,0,1,1,1,0,1,2,0,,,,,,
510244,51,2020,5,6,4,4,58,153,0,1,2,2,2,3,2,4,1,0,0,69,38.79823889,-77.51855833,8,0,0,1,1,1,0,2,2,0,,,,,,
510245,51,2020,3,6,6,9,25,195,0,1,1,1,1,2,1,4,1,0,0,101,36.91823611,-82.707375,1,0,0,1,1,2,0,1,4,0,,,,,,
510246,51,2020,5,2,7,12,30,193,0,1,1,1,1,3,1,4,1,0,0,669,38.1772,-76.96310833,42,0,0,1,1,4,0,1,98,0,,,,,,
510247,51,2020,4,24,6,4,40,41,0,1,3,3,3,1,2,1,1,1,0,631,37.379175,-77.41026944,25,0,0,1,1,3,0,2,2,0,,,,,,
510248,51,2020,5,19,3,21,45,37,0,1,1,1,1,4,1,5,1,0,0,28,37.11755,-78.75716667,42,0,0,1,1,4,0,2,2,0,,,,,,
510249,51,2020,5,20,4,14,46,19,0,1,2,2,2,4,1,5,1,0,0,28,37.29279722,-79.46918889,12,6,0,8,1,1,0,1,2,0,,,,,,
510250,51,2020,5,20,4,20,58,760,2060,1,2,2,5,2,2,3,4,1,0,1667,37.53811667,-77.42955,12,6,0,3,2,1,0,3,98,0,,,,,,
510251,51,2020,5,17,1,14,0,650,1180,1,2,2,2,1,2,1,1,1,0,0,37.03323056,-76.38224722,12,1,0,1,1,1,0,1,98,0,,,,,,
510252,51,2020,5,19,3,11,48,161,0,1,2,2,4,3,1,4,1,0,0,61,37.37053889,-80.05701667,12,2,0,1,1,1,0,1,2,0,,,,,,
510253,51,2020,5,19,3,17,9,710,1760,1,1,1,1,6,2,5,99,0,0,0,36.87800278,-76.30213611,9,0,0,2,2,1,0,1,2,0,,,,,,
510254,51,2020,5,23,7,22,30,183,0,1,1,1,1,2,1,5,1,0,0,219,36.83176944,-77.44901944,8,0,0,1,1,1,0,2,98,0,,,,,,
510255,51,2020,5,24,1,18,10,175,0,1,1,1,1,4,1,6,1,0,0,21,36.73569444,-77.04012778,42,0,0,1,1,4,0,1,98,0,,,,,,
510256,51,2020,5,8,6,21,59,131,0,1,3,3,3,2,1,3,1,1,0,885,37.32626111,-75.94896389,8,0,0,1,1,1,0,2,2,0,,,,,,
510257,51,2020,5,21,5,22,0,1,0,1,2,2,3,2,1,3,1,0,0,1415,37.98426667,-75.52970556,12,6,0,2,3,1,0,2,98,0,,,,,,
510258,51,2020,4,24,6,16,10,153,0,1,2,2,3,1,2,1,1,1,0,1,38.79812222,-77.60600833,12,1,1,20,1,1,0,1,98,0,,,,,,
510259,51,2020,5,20,4,7,0,710,1760,1,1,1,1,1,2,1,1,1,0,7,36.82794722,-76.28521667,34,0,0,1,1,4,0,1,98,0,,,,,,
510260,51,2020,5,24,1,0,18,143,0,1,1,1,1,2,2,3,1,0,0,140,36.69936667,-79.36785833,31,0,0,1,1,4,0,2,98,0,,,,,,
510261,51,2020,5,27,4,3,50,197,0,1,1,1,2,1,1,1,1,1,0,635,36.921675,-81.22949722,1,0,0,1,1,4,0,2,98,0,,,,,,
510262,51,2020,5,30,7,5,35,73,0,1,1,1,1,2,1,3,1,0,0,823,37.42101944,-76.54605833,34,0,0,1,1,3,0,4,98,0,,,,,,
510263,51,2020,5,28,5,23,25,153,0,1,2,2,2,4,2,5,1,0,0,0,38.64360833,-77.34238611,12,6,0,2,3,1,0,3,98,0,,,,,,
510264,51,2020,5,24,1,19,41,810,2540,1,2,2,4,2,2,3,4,0,0,2885,36.90696389,-76.16363056,32,0,0,1,1,3,0,1,98,0,,,,,,
510265,51,2020,6,1,2,22,1,770,2100,1,1,1,1,1,2,1,1,1,0,32,37.30083056,-79.96385556,34,0,0,1,1,3,0,3,98,0,,,,,,
510266,51,2020,5,23,7,21,48,33,0,1,2,2,2,4,1,7,1,0,0,41,38.08051667,-77.49501667,42,0,0,1,1,4,0,2,5,0,,,,,,
510267,51,2020,6,2,3,18,11,139,0,1,3,3,4,2,1,4,1,0,0,782,38.75909167,-78.39964444,12,6,0,1,1,1,0,1,98,0,,,,,,
510268,51,2020,5,24,1,5,7,153,0,1,1,1,1,4,2,5,1,0,0,0,38.73236944,-77.40363056,42,0,0,3,2,4,0,4,98,0,,,,,,
510269,51,2020,5,23,7,9,28,121,0,1,3,3,3,1,1,1,1,1,0,1120,37.09874167,-80.47181667,12,1,0,1,1,1,0,1,98,0,,,,,,
510270,51,2020,5,28,5,2,11,23,0,2,2,2,3,1,1,1,1,1,0,1680,37.54458056,-79.66885833,12,11,0,1,1,1,0,2,2,0,,,,,,
510271,51,2020,6,4,5,20,8,800,2390,1,1,1,1,3,2,2,1,0,0,3,36.86465833,-76.43916944,24,0,0,1,1,4,0,1,98,0,,,,,,
510272,51,2020,5,31,1,19,27,7,0,1,1,1,1,4,1,6,1,0,0,29,37.3777,-78.10532222,42,0,0,1,1,4,0,1,98,0,,,,,,
510273,51,2020,6,5,6,22,53,19,0,1,2,2,2,2,1,3,1,0,0,1914,37.30355833,-79.38595556,12,2,0,1,1,1,0,2,98,0,,,,,,
510274,51,2020,6,4,5,17,20,520,300,1,1,1,1,1,2,1,1,1,0,0,36.62358056,-82.18048056,1,0,1,5,1,4,0,1,98,0,,,,,,
510275,51,2020,6,4,5,14,45,177,0,1,2,2,2,1,2,1,1,1,0,1237,38.2045,-77.49832778,12,6,0,1,1,1,0,1,98,0,,,,,,
510276,51,2020,6,7,1,0,30,770,2100,1,1,1,1,2,2,3,4,1,0,1534,37.29279722,-79.93535,15,0,0,1,1,1,0,3,98,0,,,,,,
510277,51,2020,6,6,7,23,15,65,0,1,1,1,1,4,1,7,1,0,0,37,37.87226667,-78.105225,42,0,0,1,1,4,0,2,98,0,,,,,,
510278,51,2020,6,7,1,23,0,107,0,1,2,2,3,4,2,7,1,0,0,44,39.06388333,-77.44271389,12,6,0,2,3,1,0,3,98,0,,,,,,
510279,51,2020,6,7,1,20,30,47,0,1,1,1,1,4,1,6,1,0,0,21,38.51311667,-77.9722,53,0,0,1,1,4,0,2,98,0,,,,,,
510280,51,2020,6,8,2,19,34,15,0,1,1,1,3,3,1,4,1,0,0,1898,38.10104722,-79.32326944,42,0,0,1,1,4,0,1,98,0,,,,,,
510281,51,2020,3,2,2,9,15,71,1890,1,2,2,2,2,1,3,1,1,0,983,37.32056667,-80.64020833,12,2,0,1,1,1,0,1,98,0,,,,,,
510282,51,2020,5,13,4,21,32,87,0,1,2,2,2,2,2,3,1,1,0,1303,37.60799444,-77.49552778,8,0,0,1,1,1,0,2,98,0,,,,,,
510283,51,2020,5,15,6,19,11,770,2100,1,2,2,2,6,2,4,4,0,0,10,37.25721667,-79.96393056,8,0,0,1,1,1,0,1,98,0,,,,,,
510284,51,2020,6,3,4,15,31,9,0,1,2,2,2,2,2,3,1,1,0,118,37.48226389,-79.11891111,12,2,0,1,1,1,0,1,98,0,,,,,,
510286,51,2020,5,18,2,14,57,41,0,1,1,1,1,3,2,2,1,0,0,137,37.42505556,-77.63154167,34,0,0,1,1,4,0,1,2,0,,,,,,
510287,51,2020,5,21,5,13,45,131,890,1,1,1,1,3,1,5,1,0,0,65,37.53462778,-75.83844444,42,0,0,1,1,4,0,1,98,0,,,,,,
510288,51,2020,6,8,2,22,20,59,0,1,5,4,4,1,2,1,1,1,0,60,38.84253056,-77.22006389,12,6,1,18,1,1,0,3,98,0,,,,,,
510289,51,2020,6,13,7,15,25,197,0,1,2,2,2,3,1,5,1,0,0,34,36.84968056,-80.85851667,12,6,0,1,1,1,0,1,98,0,,,,,,
510290,51,2020,6,11,5,12,35,630,1020,1,2,1,1,1,2,1,1,1,0,1,38.29466667,-77.50815833,8,0,1,5,1,4,4,1,98,0,,,,,,
510291,51,2020,6,11,5,19,7,19,0,1,2,2,4,3,1,4,1,0,0,139,37.25373056,-79.71096667,12,2,0,1,1,1,0,1,98,0,,,,,,
510292,51,2020,6,14,1,21,45,171,0,1,1,1,1,2,2,5,1,0,0,2943,38.82014722,-78.57365,59,0,0,1,1,4,0,2,98,0,,,,,,
510293,51,2020,6,7,1,2,30,650,1180,1,1,1,2,1,2,1,1,1,0,,36.98711389,-76.30488056,25,0,0,1,1,3,0,3,98,0,,,,,,
510294,51,2020,6,11,5,2,0,69,0,1,1,1,1,2,1,3,1,1,0,20,39.28056667,-78.35881667,34,0,0,1,1,4,0,2,2,0,,,,,,
510295,51,2020,6,13,7,23,28,760,2060,1,1,1,1,1,2,1,1,1,0,781,37.57330833,-77.45866667,25,0,0,1,1,3,0,3,98,0,,,,,,
510296,51,2020,6,6,7,0,25,13,0,1,2,2,2,1,2,1,1,1,0,723,38.89189167,-77.10155,8,0,0,1,1,1,0,2,5,0,,,,,,
510297,51,2020,6,16,3,8,25,147,0,1,1,1,1,2,1,3,1,1,0,2470,37.30973056,-78.50295833,53,0,0,1,1,4,0,1,98,0,,,,,,
510298,51,2020,6,17,4,10,31,800,2390,1,1,1,2,2,2,3,4,1,0,61,36.75058056,-76.52606667,42,0,0,1,1,3,0,1,98,0,,,,,,
510299,51,2020,6,14,1,15,40,157,0,1,2,2,2,2,1,3,1,1,0,287,38.64918056,-78.25928611,12,2,0,1,1,1,0,1,98,0,,,,,,
510300,51,2020,4,2,5,0,51,59,0,1,1,1,1,2,2,4,1,0,0,2267,38.83338611,-77.46308611,8,0,1,18,1,1,0,2,98,0,,,,,,
510301,51,2020,6,16,3,18,3,69,0,1,1,1,1,3,2,3,1,1,0,48,39.18246667,-78.08490833,42,0,0,1,1,3,0,1,98,0,,,,,,
510302,51,2020,6,16,3,22,47,155,0,1,1,1,2,3,1,4,1,0,0,293,37.11048889,-80.69593056,42,0,0,1,1,4,0,2,2,0,,,,,,
510303,51,2020,6,10,4,18,15,41,0,2,1,1,2,4,2,4,1,0,0,51,37.35368889,-77.65778611,42,0,0,1,1,4,0,1,2,0,,,,,,
510304,51,2020,5,9,7,12,57,59,0,1,1,1,1,4,2,6,1,0,0,40,38.71653333,-77.28551389,42,0,0,1,1,4,0,1,98,0,,,,,,
510305,51,2020,6,18,5,13,21,161,0,1,2,2,2,3,2,3,1,1,0,3,37.22821667,-79.97808056,12,6,0,2,2,1,0,1,98,0,,,,,,
510306,51,2020,2,8,7,1,17,59,0,1,3,3,2,6,2,2,1,0,0,163,38.82269722,-77.35588889,12,1,0,1,1,1,0,2,98,0,,,,,,
510307,51,2020,6,14,1,21,20,69,0,1,2,2,2,2,2,4,1,0,0,219,39.11805833,-78.11833889,12,1,0,1,1,1,0,2,98,0,,,,,,
510308,51,2020,6,24,4,21,45,141,0,1,3,3,3,3,1,4,1,0,0,14,36.73270556,-80.22128611,12,1,0,1,1,1,0,2,98,0,,,,,,
510309,51,2020,6,21,1,10,44,117,0,1,2,2,6,4,1,7,1,0,0,5,36.55603056,-78.23151667,12,2,0,1,1,1,0,1,98,0,,,,,,
510310,51,2020,6,23,3,2,45,143,0,1,1,1,1,2,1,3,1,0,0,2830,36.61465833,-79.58933056,1,0,0,1,1,4,0,2,98,0,,,,,,
510311,51,2020,6,19,6,17,50,83,0,1,1,1,1,4,1,5,1,0,0,12,36.96548611,-79.08086667,42,0,0,1,1,4,0,1,98,0,,,,,,
510312,51,2020,6,24,4,18,50,31,0,1,1,1,2,2,1,3,1,1,0,597,37.22883056,-79.18736667,52,0,0,1,1,4,0,1,98,0,,,,,,
510313,51,2020,6,29,2,2,29,69,0,1,1,1,2,4,1,6,99,0,0,33,39.25867778,-78.12924722,30,0,0,1,1,4,0,2,98,0,,,,,,
510314,51,2020,6,29,2,8,55,167,0,1,2,1,1,4,1,7,1,0,0,85,36.84934444,-82.26328333,14,0,0,3,3,4,0,1,98,0,,,,,,
510315,51,2020,6,30,3,5,10,109,0,1,1,1,1,4,1,5,1,0,0,6,37.89284167,-78.01798889,42,0,0,1,1,4,0,2,98,0,,,,,,
510316,51,2020,6,27,7,19,0,185,0,1,1,1,1,4,1,3,1,0,0,91,37.04453056,-81.79968889,42,0,0,1,1,4,0,1,98,0,,,,,,
510317,51,2020,6,27,7,2,4,810,2540,1,3,3,3,6,2,3,4,1,0,1,36.79458056,-75.99890833,5,0,0,1,1,1,0,3,98,0,,,,,,
510318,51,2020,6,11,5,2,0,550,468,1,2,2,1,2,2,4,4,0,0,4820,36.78731667,-76.41348056,12,6,0,2,2,1,0,2,98,0,,,,,,
510319,51,2020,6,20,7,17,20,760,2060,1,1,1,1,2,2,3,4,1,0,1424,37.54923333,-77.41736111,42,0,0,1,1,3,0,1,98,0,,,,,,
510320,51,2020,6,13,7,3,14,700,1720,1,1,1,1,2,2,3,4,1,0,524,37.03736667,-76.45553889,33,0,0,3,2,4,0,3,98,0,,,,,,
510321,51,2020,6,7,1,21,20,153,0,1,1,1,1,3,2,3,1,0,0,127,38.64678056,-77.31246944,42,0,0,1,1,4,0,2,98,0,,,,,,
510322,51,2020,6,27,7,19,45,125,0,1,1,1,1,3,1,3,1,1,0,175,37.82808056,-79.01873611,42,0,0,1,1,4,0,1,98,0,,,,,,
510323,51,2020,6,29,2,9,57,19,0,1,2,2,2,2,2,4,1,0,0,1446,37.38513056,-79.24303611,12,1,0,2,3,1,0,1,98,0,,,,,,
510324,51,2020,6,30,3,20,54,810,2540,1,1,1,1,6,2,7,99,0,0,0,36.83888333,-75.991275,38,0,0,1,1,4,0,5,98,0,,,,,,
510325,51,2020,6,27,7,14,15,111,0,1,3,3,5,3,1,4,1,0,0,382,36.89050833,-78.39005833,12,2,0,1,1,1,0,1,98,0,,,,,,0
510326,51,2020,7,2,5,14,4,111,0,1,2,2,2,3,1,5,1,0,0,37,36.92362778,-78.089175,12,6,0,2,2,1,0,1,98,0,,,,,,
510327,51,2020,6,22,2,16,19,41,0,1,1,1,1,4,2,4,1,0,0,87,37.44540833,-77.52130833,53,0,0,1,1,4,0,1,2,0,,,,,,
510328,51,2020,6,13,7,11,35,185,0,1,2,2,2,4,1,6,1,0,0,113,37.12753056,-81.41083611,1,0,0,1,1,1,0,1,98,0,,,,,,
510330,51,2020,7,3,6,23,5,35,0,1,1,1,1,4,2,4,1,0,0,8,36.70083056,-80.87081944,1,0,0,1,1,4,0,2,98,0,,,,,,
510331,51,2020,6,3,4,16,15,173,0,1,2,2,2,4,1,6,1,0,0,19,36.82909722,-81.41571944,12,2,0,1,1,1,0,1,98,0,,,,,,
510332,51,2020,6,1,2,3,50,169,0,2,1,1,2,2,2,3,1,0,0,69,36.63383056,-82.61808056,11,0,0,1,1,1,0,2,98,0,,,,,,
510333,51,2020,6,7,1,6,4,121,0,1,1,1,2,4,1,5,1,0,0,7,37.15598056,-80.38891111,42,0,0,1,1,4,0,4,98,0,,,,,,
510334,51,2020,6,28,1,7,20,760,2060,1,1,1,1,1,2,1,1,1,0,1923,37.55815,-77.41371111,24,0,0,1,1,4,0,1,98,0,,,,,,
510335,51,2020,6,27,7,16,51,115,0,1,2,2,2,3,1,4,1,0,0,539,37.46303056,-76.43271667,12,2,0,1,1,1,0,1,98,0,,,,,,
510336,51,2020,7,3,6,17,0,15,0,1,3,3,3,6,2,5,4,0,0,1,38.04906389,-78.93233056,12,2,0,1,1,1,0,1,98,0,,,,,,
510337,51,2020,6,18,5,13,8,59,0,1,1,1,1,4,2,4,1,0,0,18,38.85958611,-77.45221667,43,0,0,3,3,4,0,1,98,0,,,,,,
510338,51,2020,7,3,6,12,17,3,0,1,2,2,2,3,1,5,1,0,0,513,38.13915833,-78.32717778,12,2,0,1,1,1,0,1,98,0,,,,,,