st_case,state,year,month,day,day_week,hour,minute,county,city,fatals_crash,vehicles_total,vehicles_in_transport,persons_total,route,rural_urban,functional_system,road_owner,nhs,special_jurisdiction,milepoint,latitude,longitude,first_harmful_event,manner_collision,rel_jct_interchange,rel_jct_location,intersection_type,relation_to_road,work_zone,light_condition,weather,school_bus_related,ems_notified_hour,ems_notified_min,ems_arrival_hour,ems_arrival_min,hospital_hour,hospital_min
510340,51,2020,6,13,7,18,16,800,2390,1,1,1,1,3,2,4,4,0,0,5,36.72978056,-76.59011667,42,0,0,3,2,4,0,1,98,0,,,,,,
510341,51,2020,7,3,6,19,45,13,0,1,1,1,1,4,2,4,2,0,0,3,38.84465,-77.09990833,33,0,0,1,1,4,0,1,98,0,,,,,,
510342,51,2020,6,26,6,11,24,770,2100,1,1,1,1,2,2,3,4,1,0,1585,37.30404722,-79.8918,8,0,0,3,3,1,0,1,98,0,,,,,,
510343,51,2020,7,6,2,2,30,650,1180,1,2,2,3,1,2,1,1,1,0,2614,37.06311111,-76.42371667,12,7,0,1,1,2,0,3,98,0,,,,,,
510344,51,2020,7,5,1,12,28,147,0,1,2,2,3,4,1,5,1,0,0,40,37.18535833,-78.49498889,12,6,0,1,1,1,0,1,98,0,,,,,,
510345,51,2020,6,27,7,15,10,61,0,1,2,2,2,4,1,5,1,0,0,15,38.88831111,-77.85471944,12,2,0,1,1,1,0,1,98,0,,,,,,
510346,51,2020,6,30,3,21,50,41,0,2,1,1,1,2,2,3,1,0,0,1288,37.43690833,-77.60171944,8,0,0,1,1,1,0,2,98,0,,,,,,
510347,51,2020,7,10,6,16,45,135,0,1,2,2,2,2,1,3,1,1,0,2705,37.18975833,-78.18325,12,6,0,2,2,1,0,1,98,0,,,,,,
510348,51,2020,7,12,1,21,48,143,0,1,1,1,1,3,1,4,1,0,0,672,36.93200278,-79.32663889,42,0,0,1,1,4,0,2,98,0,,,,,,
510349,51,2020,7,6,2,11,55,71,0,1,2,2,2,3,1,4,1,0,0,392,37.22879444,-80.73382222,12,2,0,1,1,1,0,1,98,0,,,,,,
510350,51,2020,6,19,6,17,7,710,1760,1,3,1,2,3,2,3,1,1,0,358,36.91482778,-76.24135556,33,0,0,3,2,4,0,1,98,0,,,,,,
510351,51,2020,5,16,7,15,41,19,0,1,2,2,3,2,1,3,1,0,0,1889,37.31945833,-79.42602778,12,6,0,2,3,1,0,1,98,0,,,,,,
510352,51,2020,6,14,1,23,45,13,0,2,1,1,2,6,2,4,2,0,0,0,38.84241667,-77.08554444,33,0,0,1,1,3,0,3,98,0,,,,,,
510353,51,2020,6,22,2,18,35,127,0,1,1,1,1,1,1,1,1,1,0,2059,37.51536667,-77.18517778,16,0,0,1,1,1,0,1,2,0,,,,,,
510354,51,2020,6,22,2,18,28,167,1430,3,2,2,6,3,1,4,3,0,0,352,36.89408889,-82.10666667,53,0,0,1,1,4,0,1,98,0,,,,,,
510355,51,2020,7,10,6,1,40,85,0,1,1,1,2,1,1,1,1,1,0,959,37.81508889,-77.459,59,0,0,1,1,4,0,2,98,0,,,,,,
510356,51,2020,7,11,7,16,46,29,0,2,2,2,6,2,1,4,1,0,0,951,37.67293056,-78.33939722,12,2,0,1,1,1,0,1,98,0,,,,,,
510357,51,2020,7,7,3,21,0,13,0,1,2,1,1,6,2,7,2,0,0,18,38.85934722,-77.11180833,14,0,0,1,1,4,0,3,98,0,,,,,,
510358,51,2020,7,10,6,14,49,197,0,1,5,5,8,1,2,1,1,1,0,581,36.90208333,-81.32041667,1,0,0,1,1,1,0,1,98,0,,,,,,
510359,51,2020,7,13,2,10,40,87,0,1,1,1,1,2,2,3,1,1,0,809,37.62141667,-77.44005833,52,0,0,3,2,4,0,1,98,0,,,,,,
510360,51,2020,7,14,3,0,0,137,0,2,1,1,2,4,1,5,1,0,0,76,38.22645833,-78.03138333,1,0,0,1,1,4,0,2,98,0,,,,,,
510361,51,2020,7,12,1,1,9,197,0,1,1,1,1,1,2,1,1,1,0,635,36.92223611,-81.22558611,24,0,0,1,1,3,0,2,98,0,,,,,,
510362,51,2020,7,15,4,14,13,13,0,1,1,1,1,4,2,5,2,0,0,7,38.86408056,-77.05700833,8,0,0,1,1,1,0,1,98,0,,,,,,
510363,51,2020,7,14,3,14,43,87,0,1,2,2,2,4,2,5,2,0,0,17,37.45106667,-77.29929722,12,6,0,2,2,1,0,1,98,0,,,,,,
510364,51,2020,6,17,4,13,11,830,2630,1,1,1,1,2,2,3,4,1,0,2402,37.27890833,-76.69038056,33,0,1,3,2,8,0,1,2,0,,,,,,
510365,51,2020,7,14,3,18,18,85,0,1,1,1,2,1,2,1,1,1,0,354,37.59349444,-77.346,35,0,0,1,1,4,0,1,98,0,,,,,,
510366,51,2020,7,10,6,22,1,810,2540,1,1,1,1,2,2,3,4,1,0,2995,36.8945,-75.98961667,8,0,0,3,2,1,0,3,98,0,,,,,,
510367,51,2020,7,15,4,14,38,61,0,2,3,3,5,3,1,4,1,0,0,843,38.63183056,-77.67934722,12,2,0,1,1,1,0,1,98,0,,,,,,
510368,51,2020,7,16,5,19,30,173,480,1,2,2,3,1,1,1,1,1,0,349,36.78673056,-81.69285,12,6,0,1,1,1,0,1,2,0,,,,,,
510369,51,2020,7,17,6,15,20,183,2360,1,2,2,3,3,1,4,1,0,0,1958,36.94196667,-77.40354722,12,6,0,2,2,1,0,1,2,0,,,,,,
510370,51,2020,6,24,4,18,20,21,0,1,1,1,1,1,1,1,1,1,0,609,37.19376111,-81.11465278,24,0,0,1,1,4,0,1,98,0,,,,,,
510371,51,2020,7,18,7,2,0,119,0,2,2,2,3,2,1,3,1,0,0,1074,37.71909722,-76.70580833,12,2,0,1,1,1,0,3,98,0,,,,,,
510372,51,2020,7,15,4,21,29,103,0,1,2,2,2,3,1,4,1,0,0,51,37.70201944,-76.400225,12,1,0,8,1,1,0,3,98,0,,,,,,
510373,51,2020,7,16,5,22,39,191,0,1,1,1,4,4,1,7,1,0,0,4,36.76793611,-81.82650833,42,0,0,1,1,4,0,2,98,0,,,,,,
510374,51,2020,7,4,7,0,20,95,0,1,1,1,4,6,2,3,99,0,0,4,37.24441944,-76.72118333,34,0,0,1,1,4,0,2,98,0,,,,,,
510375,51,2020,6,9,3,23,43,760,2060,1,1,1,1,6,2,7,4,0,0,4,37.55938056,-77.44750833,39,0,0,3,2,4,0,3,98,0,,,,,,
510376,51,2020,6,1,2,0,4,15,0,1,1,1,1,4,1,5,1,0,0,107,38.25916667,-79.31738056,17,0,0,1,1,4,0,2,98,0,,,,,,
510377,51,2020,7,16,5,19,54,161,0,1,1,1,1,4,2,5,1,0,0,29,37.20343889,-80.00563889,43,0,0,1,1,4,0,5,98,0,,,,,,
510378,51,2020,7,20,2,21,5,173,0,1,1,1,1,4,1,5,1,0,0,103,36.7227,-81.6409,24,0,0,1,1,4,0,2,98,0,,,,,,
510379,51,2020,7,25,7,1,11,800,2390,1,1,1,1,2,1,3,4,0,0,4623,36.69838056,-76.70908056,11,0,0,1,1,1,0,2,98,0,,,,,,
510380,51,2020,6,24,4,14,0,3,0,1,1,1,1,1,2,1,1,1,0,1189,38.01196944,-78.52442778,24,0,0,1,1,4,0,1,98,0,,,,,,
510381,51,2020,6,21,1,15,2,161,0,1,2,2,3,2,1,3,1,0,0,563,37.19108056,-79.93656667,12,6,0,2,3,1,0,1,98,0,,,,,,
510382,51,2020,7,10,6,20,35,760,2060,1,6,6,7,3,2,3,4,1,0,96,37.56613333,-77.46818333,12,1,0,2,2,1,0,5,98,0,,,,,,
510383,51,2020,7,11,7,18,50,53,0,1,1,1,1,4,2,7,1,0,0,2,37.20613889,-77.47313056,53,0,0,1,1,4,0,1,98,0,,,,,,
510384,51,2020,7,19,1,20,45,810,2540,1,1,1,1,6,2,5,4,0,0,67,36.63890556,-76.09578333,9,0,0,1,1,1,0,2,98,0,,,,,,
510385,51,2020,7,20,2,6,30,33,0,1,1,1,1,4,1,5,1,0,0,100,37.90780833,-77.43358611,42,0,0,1,1,4,0,1,98,0,,,,,,
510386,51,2020,7,20,2,5,21,25,0,1,1,1,2,1,1,1,1,1,0,378,36.91990833,-77.76228056,34,0,0,1,1,4,0,2,98,0,,,,,,
510387,51,2020,7,20,2,9,24,59,0,1,2,2,2,3,2,4,1,0,0,11,38.79783333,-77.080275,30,0,0,3,3,4,0,1,98,0,,,,,,
510388,51,2020,7,23,5,23,31,81,0,3,2,2,6,1,1,1,1,1,0,65,36.63741667,-77.56126667,12,1,0,1,1,1,0,2,98,0,,,,,,
510389,51,2020,7,17,6,19,48,179,0,1,2,2,3,2,2,3,1,1,0,1574,38.4316,-77.40585,12,2,0,1,1,1,0,1,98,0,,,,,,
510390,51,2020,7,13,2,2,15,710,1760,1,1,1,1,2,2,3,4,1,0,4030,36.89028889,-76.27888056,33,0,0,1,1,4,0,3,98,0,,,,,,
510391,51,2020,7,24,6,15,35,165,0,1,2,2,5,2,1,3,1,1,0,347,38.38852222,-78.699725,12,6,0,2,2,1,0,1,98,0,,,,,,
510392,51,2020,7,22,4,21,0,89,0,1,1,1,1,4,1,6,1,0,0,38,36.58713056,-79.94453056,8,0,0,1,1,1,0,5,98,0,,,,,,
510393,51,2020,7,26,1,19,26,143,0,1,1,1,1,3,1,4,1,0,0,767,36.94641667,-79.161225,49,0,0,1,1,1,0,1,98,0,,,,,,
510394,51,2020,7,25,7,10,16,3,0,1,2,2,2,4,1,5,1,0,0,60,37.99933611,-78.39963889,12,2,0,1,1,1,0,1,98,0,,,,,,
510395,51,2020,7,23,5,16,0,15,0,1,2,2,2,2,2,4,1,0,0,114,38.05598333,-78.95320278,12,6,0,2,2,1,0,1,98,0,,,,,,
510396,51,2020,6,11,5,21,36,700,1720,1,1,1,1,3,2,3,4,1,0,108,37.01429722,-76.44135833,8,0,0,1,1,1,0,3,98,0,,,,,,
510397,51,2020,7,4,7,16,5,167,0,1,1,1,1,2,1,3,1,0,0,250,36.81505833,-82.11733056,24,0,0,1,1,3,0,1,98,0,,,,,,
510398,51,2020,6,29,2,21,50,153,0,1,1,1,1,3,2,4,1,0,0,192,38.73533889,-77.54068056,8,0,0,1,1,1,0,2,98,0,,,,,,
510399,51,2020,7,23,5,16,0,171,0,1,1,1,1,3,1,5,1,0,0,10,38.80328056,-78.80388056,42,0,0,1,1,4,0,1,98,0,,,,,,
510400,51,2020,7,21,3,20,3,25,0,1,1,1,1,2,1,3,1,0,0,3992,36.77668611,-77.76044722,42,0,0,1,1,4,0,2,98,0,,,,,,
510401,51,2020,7,18,7,3,23,700,1720,1,1,1,3,1,2,1,1,1,0,2593,37.08338611,-76.45286667,52,0,0,1,1,4,0,3,98,0,,,,,,
510402,51,2020,7,27,2,8,38,87,0,1,1,1,2,6,2,7,2,0,0,4,37.57265833,-77.60373889,8,0,0,1,1,1,0,1,98,0,,,,,,
510403,51,2020,7,26,1,23,51,59,0,1,1,1,1,1,2,1,1,1,0,1708,38.78795,-77.17746667,25,0,1,5,1,4,0,2,98,0,,,,,,
510404,51,2020,7,24,6,22,3,71,1690,1,2,2,2,2,1,3,1,0,0,882,37.33617778,-80.79892778,12,11,0,2,3,1,0,2,98,0,,,,,,
510405,51,2020,7,24,6,20,38,41,0,1,1,1,1,2,2,3,1,0,0,827,37.39428056,-77.4294,8,0,0,3,2,1,0,3,98,0,,,,,,
510406,51,2020,6,11,5,21,48,59,0,1,1,1,1,2,2,3,1,0,0,2296,38.83961667,-77.41163611,8,0,0,3,2,1,0,3,98,0,,,,,,
510407,51,2020,7,29,4,5,17,23,0,1,2,2,2,1,1,1,1,1,0,1589,37.47033056,-79.80863611,12,6,0,1,1,1,0,2,98,0,,,,,,
510408,51,2020,7,30,5,13,0,187,0,1,1,1,2,2,1,4,1,0,0,909,38.88583611,-78.24424722,42,0,0,1,1,4,0,1,98,0,,,,,,
510409,51,2020,7,30,5,18,28,155,0,1,1,1,1,4,1,5,1,0,0,6,37.04690833,-80.57049722,42,0,0,1,1,4,0,1,98,0,,,,,,
510410,51,2020,7,30,5,13,30,51,0,1,1,1,2,3,1,4,1,0,0,449,37.11028889,-82.15823611,1,0,0,3,3,1,0,1,98,0,,,,,,
510411,51,2020,8,1,7,3,45,29,0,1,1,1,2,2,1,4,1,0,0,1307,37.50518889,-78.43899722,42,0,0,1,1,4,0,2,98,0,,,,,,
510412,51,2020,7,31,6,16,40,167,0,1,2,2,2,2,1,4,1,0,0,362,36.90858056,-82.03631667,12,6,0,2,3,1,0,1,98,0,,,,,,
510413,51,2020,8,1,7,20,13,177,0,1,1,1,1,3,1,3,1,1,0,202,38.32290833,-77.71075,18,0,0,1,1,1,0,1,98,0,,,,,,
510414,51,2020,7,30,5,7,57,153,0,1,1,1,1,3,1,4,1,0,0,142,38.69091667,-77.60953611,24,0,0,1,1,4,0,1,98,0,,,,,,
510415,51,2020,8,1,7,18,30,185,0,1,2,2,2,3,1,4,1,0,0,743,37.19200833,-81.53410833,12,6,0,1,1,1,0,1,98,0,,,,,,
510416,51,2020,8,2,1,18,15,137,0,1,2,2,4,2,1,4,1,0,0,579,38.27478056,-77.95673056,12,2,1,18,1,1,0,1,98,0,,,,,,
510417,51,2020,8,2,1,15,30,89,0,1,1,1,1,2,1,3,1,1,0,2600,36.64231667,-79.92451667,34,0,0,1,1,4,0,1,98,0,,,,,,
510418,51,2020,8,3,2,13,30,93,0,1,1,1,2,2,1,3,1,0,0,3622,36.84478611,-76.79949722,42,0,0,1,1,4,0,1,2,0,,,,,,
510419,51,2020,7,29,4,18,50,99,0,1,1,1,1,2,1,3,1,1,0,1318,38.25224722,-77.14191667,24,0,0,1,1,4,0,1,98,0,,,,,,
510420,51,2020,7,23,5,22,0,87,0,1,1,1,1,1,2,1,1,1,0,526,37.65748611,-77.60511667,42,0,1,5,1,4,0,2,2,0,,,,,,
510421,51,2020,7,30,5,12,50,169,0,1,2,2,3,2,1,3,1,1,0,176,36.68798889,-82.75374722,35,0,0,1,1,4,0,1,98,0,,,,,,
510422,51,2020,8,5,4,16,10,760,2060,1,1,1,1,6,2,7,4,0,0,2,37.5461,-77.42085,33,0,0,1,1,4,0,1,98,0,,,,,,
510423,51,2020,8,4,3,18,2,85,0,1,1,1,1,1,1,1,1,1,0,8,37.71538889,-77.4479,59,0,0,1,1,3,0,1,98,0,,,,,,
510424,51,2020,7,27,2,13,50,15,0,1,1,1,1,4,1,6,1,0,0,81,37.99785556,-79.1165,31,0,0,1,1,4,0,1,98,0,,,,,,
510425,51,2020,8,4,3,23,0,165,0,1,1,1,1,3,1,4,1,0,0,184,38.73794722,-78.91681667,42,0,0,1,1,4,0,2,98,0,,,,,,
510426,51,2020,8,6,5,7,35,590,720,1,2,2,2,2,1,3,4,1,0,79,36.62205,-79.40476667,12,6,0,2,3,1,0,1,98,0,,,,,,
510427,51,2020,7,11,7,10,50,31,0,1,2,2,3,3,1,5,1,0,0,43,37.13921111,-79.33031667,12,2,0,1,1,1,0,1,98,0,,,,,,
510428,51,2020,8,1,7,21,7,680,1490,1,2,2,2,6,2,4,4,0,0,2,37.40624444,-79.15103889,12,6,0,2,2,1,4,3,98,0,,,,,,
510429,51,2020,8,6,5,23,25,89,0,1,2,2,2,3,2,4,1,0,0,140,36.76290278,-80.03768056,12,2,0,1,1,1,0,2,98,0,,,,,,
510430,51,2020,8,8,7,1,21,107,1440,1,1,1,2,2,2,4,1,0,0,0,39.13568056,-77.54955833,31,0,0,1,1,4,0,2,98,0,,,,,,
510431,51,2020,8,4,3,18,15,5,0,1,1,1,1,1,1,1,1,1,0,0,37.77358056,-79.96484167,24,0,0,1,1,3,0,1,98,0,,,,,,
510432,51,2020,8,9,1,12,20,141,0,1,2,2,5,2,1,3,1,1,9,2287,36.71828611,-80.32666667,12,2,0,1,1,1,0,1,98,0,,,,,,
510433,51,2020,7,10,6,7,4,700,1720,1,1,1,1,3,2,4,4,0,0,2,37.06527222,-76.48486389,9,0,0,1,1,6,0,3,98,0,,,,,,
510435,51,2020,6,27,7,10,24,730,1910,2,3,3,8,2,2,3,4,1,0,3226,37.20881111,-77.34583889,12,2,0,1,1,1,0,1,98,0,,,,,,
510436,51,2020,8,1,7,6,30,710,1760,1,1,1,1,1,2,1,1,1,0,1,36.89815,-76.23396667,42,0,0,1,1,4,0,1,98,0,,,,,,
510437,51,2020,8,6,5,22,45,37,0,1,2,2,2,3,1,5,1,0,0,19,37.01882778,-78.57663333,12,6,0,8,1,1,0,2,98,0,,,,,,
510438,51,2020,8,12,4,6,0,43,0,1,1,1,1,2,1,4,1,0,0,1161,39.13551389,-77.99325556,8,0,0,8,1,1,0,2,98,0,,,,,,
510439,51,2020,8,12,4,21,42,161,0,1,1,1,1,1,2,1,1,1,0,1440,37.34076389,-79.99731389,24,0,0,1,1,4,0,2,98,0,,,,,,
510440,51,2020,8,8,7,22,3,700,1720,1,3,3,6,1,2,1,1,1,0,83,36.96820278,-76.41591111,12,1,0,1,1,1,0,2,98,0,,,,,,
510441,51,2020,7,22,4,8,54,41,0,1,2,2,2,2,1,3,1,0,0,1180,37.39518056,-77.77936667,12,6,0,2,2,1,0,1,98,0,,,,,,
510442,51,2020,8,14,6,23,30,77,0,1,1,1,1,2,1,4,1,0,0,16,36.59299444,-81.15745556,24,0,0,1,1,4,0,2,98,0,,,,,,
510443,51,2020,8,3,2,0,50,89,0,1,1,1,1,4,2,4,1,0,0,35,36.71536667,-79.94363056,24,0,0,1,1,4,0,2,2,0,,,,,,
510444,51,2020,8,14,6,20,26,9,0,1,1,1,1,2,2,3,1,1,0,86,37.43784444,-79.12266667,8,0,0,1,1,1,0,2,2,0,,,,,,
510445,51,2020,8,8,7,10,17,85,0,1,3,3,5,3,1,4,1,0,0,47,37.81722222,-77.58108333,12,8,0,1,1,1,0,1,2,0,,,,,,
510446,51,2020,3,18,4,21,50,41,0,1,1,1,1,4,2,3,1,0,1,18,37.44750833,-77.66384722,42,0,0,1,1,3,0,2,98,0,,,,,,
510447,51,2020,7,3,6,6,39,19,0,1,1,1,2,4,1,5,1,0,0,30,37.14423611,-79.60031944,31,0,0,1,1,4,0,4,98,0,,,,,,
510448,51,2020,7,14,3,16,52,59,0,1,2,2,2,4,2,6,1,0,0,24,39.00200833,-77.29380833,12,6,0,1,1,1,0,1,98,0,,,,,,
510449,51,2020,7,30,5,21,1,810,2540,2,1,1,2,3,2,3,4,0,0,9,36.84585833,-76.13694722,8,0,0,2,2,1,0,3,98,0,,,,,,
510450,51,2020,8,10,2,0,30,59,0,1,2,2,2,4,2,4,1,0,0,5,38.74695278,-77.18574167,12,6,0,1,1,1,0,2,98,0,,,,,,
510451,51,2020,7,27,2,15,5,197,0,1,1,1,1,3,1,4,1,0,0,258,36.90328611,-80.96891667,1,0,0,1,1,4,0,1,98,0,,,,,,
510452,51,2020,8,5,4,16,56,155,0,2,8,8,10,1,1,1,1,1,0,876,36.98065833,-80.83155833,12,1,0,1,1,1,0,1,2,0,,,,,,
510453,51,2020,8,15,7,18,42,810,2540,1,2,2,2,3,2,4,4,0,0,288,36.83298889,-76.17701111,12,1,0,1,1,1,0,1,2,0,,,,,,
510454,51,2020,8,14,6,21,16,810,2540,1,3,3,3,3,2,4,4,0,0,294,36.84003333,-76.18281389,12,6,0,2,2,1,0,3,98,0,,,,,,
510455,51,2020,8,13,5,20,55,95,0,1,2,1,1,1,1,1,1,1,0,2459,37.22067778,-76.60936389,14,0,0,1,1,2,0,2,98,0,,,,,,
510456,51,2020,8,8,7,12,54,41,0,1,2,2,2,4,2,4,1,0,0,76,37.44845,-77.66320278,12,2,0,1,1,1,0,1,98,0,,,,,,
510457,51,2020,7,1,4,14,20,35,1250,1,2,2,2,2,1,4,1,0,0,329,36.77683889,-80.70986667,12,6,0,2,2,1,0,1,98,0,,,,,,
510458,51,2020,6,15,2,12,40,36,0,1,1,1,1,3,1,4,1,0,0,194,37.41165556,-77.18026944,42,0,0,1,1,4,0,1,2,0,,,,,,
510459,51,2020,7,24,6,16,36,143,0,1,1,1,1,4,1,7,1,0,0,17,36.93283889,-79.46296667,1,0,0,1,1,4,0,1,98,0,,,,,,
510460,51,2020,8,27,5,22,52,3,0,1,1,1,1,4,1,5,1,0,0,57,37.97735,-78.45146667,1,0,0,1,1,4,0,2,5,0,,,,,,
510461,51,2020,8,22,7,20,20,31,0,1,1,1,1,4,1,6,1,0,0,42,37.16286944,-78.97901389,34,0,0,1,1,4,0,2,98,0,,,,,,
510462,51,2020,8,23,1,22,24,137,0,1,1,1,1,2,1,4,1,0,0,664,38.17521111,-78.28622222,42,0,0,1,1,4,0,2,98,0,,,,,,
510463,51,2020,8,20,5,18,15,650,1180,1,2,2,2,2,2,4,4,0,0,674,37.02513333,-76.32235556,12,6,0,2,2,1,0,1,98,0,,,,,,
510464,51,2020,8,22,7,3,0,51,0,1,1,1,1,4,1,6,1,0,0,38,37.18327778,-82.47581944,42,0,0,1,1,4,0,2,98,0,,,,,,
510465,51,2020,8,25,3,4,0,191,0,1,1,1,1,4,1,7,1,0,0,9,36.63376667,-81.66750833,42,0,0,1,1,4,0,2,98,0,,,,,,
510466,51,2020,8,6,5,17,41,770,2100,1,2,2,2,6,2,5,4,0,0,6,37.2815,-79.9658,12,2,0,2,2,1,0,1,98,0,,,,,,
510467,51,2020,8,16,1,2,9,41,0,1,2,2,2,4,2,7,1,0,0,3,37.43824444,-77.47303889,12,6,0,2,2,1,0,3,2,0,,,,,,
510468,51,2020,8,22,7,12,29,33,0,1,1,1,4,3,1,3,1,0,0,37,37.96570833,-77.43079444,42,0,0,1,1,4,0,1,98,0,,,,,,
510469,51,2020,8,23,1,15,25,83,0,1,1,1,2,2,1,3,1,1,0,209,36.62635,-79.03219444,42,0,0,1,1,3,0,1,98,0,,,,,,
510470,51,2020,8,24,2,11,44,107,0,1,2,2,4,4,2,4,1,0,0,140,39.04462778,-77.51984167,12,6,0,2,2,1,0,1,98,0,,,,,,
510471,51,2020,8,24,2,18,51,71,0,1,1,1,2,4,1,7,1,0,0,71,37.40264444,-80.64800833,35,0,0,1,1,4,0,1,98,0,,,,,,
510472,51,2020,8,24,2,15,59,139,2320,1,3,3,5,2,1,5,1,0,0,44,38.57683056,-78.51338889,12,6,0,4,1,1,0,1,98,0,,,,,,
510473,51,2020,8,23,1,22,15,85,0,1,2,2,5,2,2,3,1,1,0,1487,37.61126667,-77.34406667,34,0,0,1,1,4,0,2,98,0,,,,,,
510474,51,2020,8,28,6,9,53,43,0,1,2,2,2,2,1,4,1,0,0,1153,39.12440833,-77.99864722,53,0,0,1,1,4,0,1,98,0,,,,,,
510475,51,2020,8,28,6,13,30,127,0,1,1,1,1,1,1,1,1,1,0,2170,37.49045,-76.98380833,35,0,0,1,1,3,0,1,98,0,,,,,,
510476,51,2020,8,25,3,18,45,133,0,1,1,1,1,4,1,7,1,0,0,76,37.77758889,-76.376025,53,0,0,1,1,4,0,1,98,0,,,,,,
510477,51,2020,8,29,7,4,5,19,0,1,1,1,1,2,1,4,1,0,0,874,37.50359722,-79.31731667,52,0,0,1,1,4,0,2,2,0,,,,,,
510478,51,2020,8,29,7,22,5,31,0,1,1,1,1,2,2,3,1,1,0,25,37.33628056,-79.24063056,8,0,0,1,1,1,0,3,98,0,,,,,,
510479,51,2020,5,24,1,3,24,59,0,1,1,1,2,4,2,4,1,0,0,1,38.94630833,-77.33820833,5,0,1,2,3,1,0,3,98,0,,,,,,
510480,51,2020,7,26,1,18,9,63,0,1,1,1,1,4,1,5,1,0,0,22,36.80014722,-80.41925833,1,0,0,1,1,1,0,1,98,0,,,,,,
510481,51,2020,7,29,4,14,36,710,1760,1,3,3,4,1,2,1,1,1,0,2776,36.91298889,-76.26368056,12,7,0,1,1,1,0,1,98,0,,,,,,
510482,51,2020,8,30,1,10,51,47,690,1,2,2,1,2,2,5,1,0,0,1,38.45165,-78.01928889,12,1,0,1,1,1,0,1,98,0,,,,,,
510483,51,2020,9,1,3,15,20,183,0,1,1,1,1,1,1,1,1,1,0,271,36.88571667,-77.40250278,38,0,0,1,1,4,0,1,2,0,,,,,,
510484,51,2020,8,29,7,19,5,121,0,1,2,2,2,1,1,1,1,1,0,1207,37.15310833,-80.32730833,12,1,0,1,1,1,0,1,98,0,,,,,,
510485,51,2020,8,25,3,20,15,87,0,1,2,2,2,6,2,98,99,0,0,0,37.514975,-77.39054722,12,6,0,4,1,1,0,2,98,0,,,,,,
510486,51,2020,9,2,4,7,38,710,1760,1,2,2,4,1,2,1,1,1,0,2815,36.88148056,-76.21263056,12,7,0,1,1,1,0,1,98,0,,,,,,
510487,51,2020,9,2,4,21,25,61,0,1,1,1,1,2,1,3,1,1,0,2186,38.74345833,-77.81068611,8,0,0,1,1,1,0,2,98,0,,,,,,
510488,51,2020,7,18,7,18,23,540,440,1,2,2,2,6,2,3,4,1,0,4,38.01437222,-78.50002778,12,6,0,2,2,1,0,1,98,0,,,,,,
510489,51,2020,8,21,6,0,40,89,0,1,1,1,1,4,1,7,1,0,0,6,36.72084167,-79.77154167,35,0,0,1,1,4,0,2,98,0,,,,,,
510490,51,2020,9,1,3,0,47,107,0,1,2,2,2,2,1,3,1,1,0,2254,39.19615,-77.53811667,12,2,0,1,1,1,0,2,2,0,,,,,,
510491,51,2020,9,2,4,20,50,47,0,1,1,1,2,4,1,7,1,0,0,4,38.46111111,-78.04965556,42,0,0,1,1,4,0,2,98,0,,,,,,
510492,51,2020,8,31,2,9,2,41,0,1,1,1,1,4,2,4,1,0,0,28,37.46758056,-77.55786667,42,0,0,1,1,4,0,1,98,0,,,,,,
510493,51,2020,9,4,6,23,10,31,0,1,1,1,1,4,1,5,1,0,0,102,37.18288056,-79.20059444,34,0,0,1,1,4,0,2,98,0,,,,,,
510494,51,2020,7,14,3,15,15,700,1720,1,3,3,3,2,2,3,4,1,0,2599,37.06768889,-76.49254167,12,6,0,2,2,1,0,1,98,0,,,,,,
510495,51,2020,8,9,1,0,59,650,1180,1,1,1,2,3,2,4,4,0,0,17,37.02508889,-76.38008056,21,0,0,1,1,4,0,3,98,0,,,,,,
510496,51,2020,8,31,2,10,46,540,440,1,2,2,3,2,2,3,4,1,0,30,38.05285833,-78.49905833,12,6,0,2,2,1,0,1,2,0,,,,,,
510497,51,2020,8,16,1,10,39,85,0,1,2,1,4,1,2,1,1,1,0,387,37.63170833,-77.37918056,8,0,0,1,1,2,0,1,98,0,,,,,,
510498,51,2020,9,4,6,13,7,21,0,1,2,2,2,1,1,1,1,1,0,501,37.06020556,-81.1302,12,1,0,1,1,1,0,1,98,0,,,,,,
510499,51,2020,9,3,5,21,54,69,0,1,2,2,2,1,2,1,1,1,0,3111,39.12268333,-78.18970556,12,2,1,18,1,1,0,2,98,0,,,,,,
510500,51,2020,9,5,7,2,21,15,0,1,1,1,1,2,1,4,1,0,0,236,38.16714722,-78.85026667,42,0,0,1,1,4,0,2,98,0,,,,,,
510501,51,2020,8,30,1,21,21,540,440,1,3,3,3,6,2,3,4,0,0,7,38.01805833,-78.49668056,12,6,0,1,1,1,0,3,98,0,,,,,,
510502,51,2020,8,30,1,9,39,15,0,1,3,3,3,3,2,2,1,1,0,28,38.12710833,-79.08790833,12,1,0,1,1,1,0,1,98,0,,,,,,
510503,51,2020,9,7,2,17,24,87,0,2,2,2,4,1,2,1,1,1,0,250,37.47480833,-77.30545833,12,6,0,1,1,1,0,1,98,0,,,,,,
510504,51,2020,8,31,2,11,29,119,0,1,3,3,3,3,1,4,1,0,0,643,37.55063056,-76.44365,12,6,0,2,2,1,0,1,98,0,,,,,,
510505,51,2020,9,7,2,0,16,179,0,1,2,2,2,1,2,1,1,1,0,120,38.5116,-77.37635833,5,0,0,1,1,4,0,2,98,0,,,,,,
510506,51,2020,9,9,4,22,30,700,1720,1,2,2,2,1,2,1,1,1,0,1,37.08628056,-76.45629722,12,7,0,1,1,1,0,3,98,0,,,,,,