st_case,state,year,month,day,day_week,hour,minute,county,city,fatals_crash,vehicles_total,vehicles_in_transport,persons_total,route,rural_urban,functional_system,road_owner,nhs,special_jurisdiction,milepoint,latitude,longitude,first_harmful_event,manner_collision,rel_jct_interchange,rel_jct_location,intersection_type,relation_to_road,work_zone,light_condition,weather,school_bus_related,ems_notified_hour,ems_notified_min,ems_arrival_hour,ems_arrival_min,hospital_hour,hospital_min
530033,53,2020,1,30,5,2,42,5,1020,1,1,1,1,6,2,4,4,0,0,0,46.20095833,-119.24408056,33,0,0,3,5,12,0,3,1,0,,,,,,
530034,53,2020,2,1,7,13,46,67,0,1,1,1,1,4,1,5,2,0,0,45,46.93015,-122.755,42,0,0,1,1,4,0,1,1,0,,,,,,
530035,53,2020,2,2,1,16,28,11,0,1,1,1,1,4,1,7,2,0,0,7,45.60718889,-122.32475278,42,0,0,1,1,4,0,1,1,0,,,,,,
530037,53,2020,2,1,7,0,54,63,22,1,1,1,1,2,2,3,1,1,0,2706,47.64293611,-117.57202222,8,0,0,1,1,1,0,3,6,0,,,,,,
530038,53,2020,2,4,3,15,2,1,0,1,2,2,2,3,1,5,1,0,0,572,47.04061944,-118.347825,12,6,0,1,1,1,0,1,1,0,15,2,15,20,,
530039,53,2020,2,2,1,2,21,11,1860,2,1,1,4,6,2,7,4,0,0,0,45.80754167,-122.68283889,38,0,0,3,3,4,0,3,1,0,2,21,2,28,18,47
530040,53,2020,2,11,3,1,41,33,735,1,1,1,1,3,2,4,1,0,0,153,47.32986389,-122.34830556,8,0,0,1,1,1,0,2,1,0,,,,,,
530041,53,2020,2,1,7,4,30,33,0,1,1,1,1,3,1,3,1,0,3,78,47.23532778,-122.10686389,8,0,0,1,1,1,0,3,2,0,4,35,4,47,5,54
530042,53,2020,2,2,1,19,35,15,0,1,1,1,2,4,1,3,2,0,0,8,45.89408611,-122.73616111,8,0,0,1,1,1,0,2,1,0,,,,,,
530043,53,2020,2,9,1,6,13,61,690,1,2,2,2,6,2,3,4,0,0,0,47.93620278,-122.21901667,12,6,0,2,2,1,0,1,5,0,,,,,,
530044,53,2020,2,10,2,19,20,33,100,1,3,3,4,6,2,3,4,0,0,0,47.32238056,-122.24362222,12,1,0,3,4,1,0,3,10,0,19,28,19,35,20,18
530045,53,2020,2,12,4,23,57,67,0,2,3,3,5,1,2,1,1,1,0,894,46.81609444,-122.99918333,12,2,0,1,1,1,0,2,5,0,,,,,,
530046,53,2020,2,2,1,15,10,37,0,1,2,2,2,4,1,5,2,0,0,31,46.98532222,-120.64534722,12,6,0,2,2,1,0,1,1,0,15,16,15,22,15,51
530047,53,2020,2,19,4,6,57,33,1030,1,2,2,2,6,2,3,4,1,0,0,47.41599722,-122.28231944,12,6,0,1,1,1,0,4,1,0,6,58,7,10,,
530048,53,2020,2,22,7,15,55,9,0,1,3,3,7,2,1,3,1,1,0,2683,48.03861667,-123.03083056,12,1,0,2,3,1,0,1,1,0,16,17,16,35,17,9
530049,53,2020,2,25,3,19,47,63,0,1,1,1,1,4,1,6,2,0,0,24,47.67131111,-117.62525833,1,0,0,1,1,1,0,2,1,0,19,48,19,55,,
530050,53,2020,2,18,3,19,31,11,0,1,2,2,5,4,2,3,2,0,0,54,45.67874167,-122.63399444,12,6,0,4,1,1,0,3,1,0,19,48,19,51,20,8
530051,53,2020,1,7,3,15,50,33,1960,1,1,1,1,6,2,4,4,0,0,0,47.58611667,-122.32351667,8,0,0,3,2,1,0,1,2,0,15,52,15,55,16,23
530052,53,2020,3,3,3,4,26,63,2110,1,1,1,1,2,2,3,1,1,0,2718,47.64313056,-117.54614167,8,0,0,3,3,1,0,2,1,0,,,,,,
530053,53,2020,3,4,4,3,35,53,0,1,1,1,1,4,2,3,2,0,0,13,47.10693611,-122.45836667,42,0,0,1,1,4,0,2,10,0,,,,,,
530054,53,2020,2,24,2,0,42,15,1010,1,1,1,1,1,2,1,1,1,0,383,46.12434444,-122.89154167,25,0,0,1,1,3,0,2,1,0,,,,,,
530055,53,2020,2,14,6,18,12,45,0,1,2,2,5,3,1,4,1,0,0,87,47.10342778,-123.14890278,12,6,0,1,1,1,0,2,10,0,18,14,18,31,19,12
530056,53,2020,3,8,1,4,38,53,2160,1,5,1,1,6,2,7,4,0,0,0,47.17166944,-122.59098889,53,0,0,1,1,4,1,6,10,0,4,39,4,49,,
530058,53,2020,3,2,2,23,29,11,0,1,1,1,1,4,2,5,2,0,0,10,45.70580556,-122.65685278,39,0,0,1,1,4,0,2,10,0,,,,,,
530059,53,2020,3,8,1,20,15,33,0,1,1,1,1,4,2,4,2,0,0,31,47.50494722,-122.355125,8,0,0,3,3,1,0,3,1,0,,,,,,
530060,53,2020,3,7,7,15,46,11,2370,1,2,2,2,6,2,5,4,0,0,0,45.65713889,-122.53194167,12,6,0,3,6,1,0,1,2,0,15,47,15,55,,
530061,53,2020,3,12,5,5,19,11,2370,1,1,1,1,6,2,3,4,1,0,0,45.65893056,-122.60218056,8,0,0,1,1,1,0,3,1,0,5,20,5,28,5,45
530062,53,2020,3,3,3,0,11,63,2110,1,1,1,1,6,2,3,4,1,0,0,47.67706667,-117.39652222,59,0,0,1,1,4,0,3,1,0,0,13,0,17,,
530063,53,2020,3,11,4,18,57,53,2230,2,1,1,3,3,2,3,1,1,0,0,47.23216111,-122.43403611,33,0,0,3,3,4,0,1,1,0,,,,,,
530064,53,2020,3,1,1,1,47,77,0,1,1,1,3,2,2,4,1,0,3,688,46.44931389,-120.430275,8,0,0,1,1,1,0,6,1,0,,,,,,
530065,53,2020,3,14,7,21,4,5,0,1,1,1,1,1,2,1,1,1,0,1010,46.25853611,-119.38655833,1,0,0,1,1,4,0,2,1,0,,,,,,
530066,53,2020,3,15,1,21,56,11,2370,1,1,1,1,6,2,3,4,1,0,0,45.63853056,-122.647925,8,0,0,3,2,1,0,3,1,0,23,23,0,5,,
530067,53,2020,3,12,5,14,17,59,0,1,3,3,4,3,1,3,1,1,0,360,45.63593611,-121.99999167,12,8,0,1,1,1,0,1,1,0,14,18,14,28,15,13
530068,53,2020,3,11,4,20,45,5,0,1,2,2,4,1,2,1,1,1,0,1035,46.23027778,-119.35533056,12,1,0,1,1,1,0,2,1,0,21,50,22,2,22,31
530069,53,2020,3,6,6,15,50,11,0,3,2,2,5,3,2,3,1,1,0,54,45.7455,-122.55143889,12,2,0,1,1,1,0,1,2,0,,,,,,
530070,53,2020,1,6,2,7,42,61,1407,1,1,1,1,6,2,4,4,0,0,0,47.79980556,-122.29231944,30,0,0,1,1,4,0,1,10,0,,,,,,
530071,53,2020,3,8,1,22,10,67,2320,1,1,1,1,1,2,1,1,1,0,2,47.0014,-122.91188056,1,0,1,5,1,8,0,3,1,0,,,,,,
530074,53,2020,1,18,7,2,58,33,1960,1,2,2,3,6,2,3,4,1,0,0,47.58842222,-122.30583056,12,2,0,2,2,1,0,3,2,0,,,,,,
530075,53,2020,1,24,6,16,20,61,690,1,1,1,1,6,2,4,4,0,0,0,47.95463611,-122.19550278,8,0,0,1,1,2,0,1,1,0,16,21,16,26,16,50
530076,53,2020,2,2,1,14,47,11,2370,1,2,2,2,6,2,3,4,1,0,0,45.61547222,-122.50431389,12,6,0,2,2,1,0,1,1,0,14,47,14,52,15,5
530077,53,2020,3,15,1,14,41,11,0,1,2,2,2,4,1,5,2,0,0,46,45.81445,-122.48654167,9,0,0,1,1,1,0,1,1,0,14,43,14,58,15,12
530078,53,2020,3,18,4,3,0,45,0,1,1,1,1,8,1,98,64,0,0,,,,1,0,0,1,1,4,0,2,1,0,7,32,7,43,,
530079,53,2020,3,20,6,5,59,11,2370,1,1,1,1,6,2,4,4,0,0,0,45.67889722,-122.59288056,8,0,0,1,1,1,0,2,1,0,6,9,6,16,6,45
530080,53,2020,3,20,6,17,38,5,0,1,2,2,2,3,1,4,1,0,0,240,46.199375,-119.71533889,12,2,0,1,1,1,0,1,1,0,18,43,18,46,,
530082,53,2020,2,29,7,22,22,53,747,1,1,1,1,1,2,1,1,1,0,1361,47.24134722,-122.38527778,25,0,0,1,1,4,1,3,1,0,,,,,,
530083,53,2020,3,28,7,1,31,63,0,1,2,2,2,2,1,2,1,1,0,736,47.37865,-117.38676389,12,8,0,1,1,4,0,2,1,0,1,30,1,59,,
530085,53,2020,4,5,1,10,16,1,0,1,1,1,1,2,1,2,1,1,0,767,46.82020556,-118.68417222,1,0,0,1,1,3,0,1,1,0,10,20,10,25,,
530086,53,2020,4,10,6,13,0,53,0,1,2,2,4,4,2,4,2,0,0,66,47.15541111,-122.43291389,12,6,0,2,2,1,0,1,1,0,13,8,13,15,13,36
530087,53,2020,3,22,1,15,59,33,109,1,1,1,2,6,2,4,4,0,0,0,47.61686667,-122.10726944,9,0,0,2,3,1,0,1,10,0,,,,,,
530088,53,2020,4,12,1,22,45,77,2590,1,1,1,1,6,2,7,4,0,0,0,46.59125556,-120.50944444,9,0,0,1,1,1,0,3,1,0,,,,,,
530089,53,2020,4,10,6,15,38,61,0,1,1,1,2,4,1,6,2,0,0,10,48.26035556,-122.34136111,1,0,0,1,1,4,0,1,1,0,,,,,,
530091,53,2020,4,6,2,18,49,25,0,1,1,1,3,4,1,7,2,0,0,58,47.32078611,-119.34948056,1,0,0,1,1,4,0,1,1,0,20,57,21,7,,
530092,53,2020,4,6,2,21,22,11,0,1,1,1,2,4,1,5,2,0,0,65,45.75491389,-122.59966389,8,0,0,1,1,1,0,2,1,0,21,24,21,30,21,53
530093,53,2020,4,9,5,19,41,11,0,1,2,2,2,4,2,5,2,0,0,5,45.67845556,-122.51759167,33,0,0,1,1,3,0,5,1,0,19,41,19,42,,
530094,53,2020,4,10,6,19,30,39,0,1,1,1,6,3,1,3,1,1,0,725,45.70999167,-121.35104167,39,0,0,1,1,4,0,1,1,0,19,31,20,15,20,57
530095,53,2020,4,3,6,23,44,61,690,1,1,1,1,3,2,3,1,1,0,58,48.02389444,-122.18567778,8,0,0,1,1,1,0,3,2,0,,,,,,
530096,53,2020,4,13,2,16,19,61,0,1,1,1,1,4,1,5,2,0,0,30,48.20647222,-122.25360556,18,0,0,1,1,4,0,1,1,0,,,,,,
530097,53,2020,4,10,6,23,38,33,980,1,1,1,1,1,2,1,1,1,0,162,47.53170833,-122.02206944,25,0,0,1,1,4,0,3,1,0,,,,,,
530098,53,2020,4,9,5,18,58,21,0,1,2,2,2,4,1,5,2,0,0,20,46.30008056,-119.12019167,12,6,0,2,3,1,0,1,1,0,19,0,19,6,,
530099,53,2020,4,17,6,15,20,61,0,1,2,2,2,3,1,5,1,0,0,314,48.22460556,-122.14330833,12,6,0,2,3,1,0,1,1,0,15,20,15,26,,
530100,53,2020,4,18,7,16,4,73,0,1,1,1,1,4,1,5,2,0,0,20,48.92021667,-122.27745,53,0,0,1,1,4,0,1,1,0,16,3,16,24,,
530101,53,2020,4,14,3,11,6,37,0,1,1,1,1,4,1,6,2,0,0,5,47.26537778,-120.89805556,1,0,0,1,1,4,0,1,1,0,,,,,,
530102,53,2020,4,18,7,10,13,45,0,1,1,1,2,4,1,5,2,0,0,16,47.24501111,-123.013,52,0,0,1,1,4,0,1,1,0,10,28,10,48,11,31
530103,53,2020,4,18,7,0,20,11,2370,1,1,1,1,6,2,3,4,1,0,0,45.62776667,-122.62961944,38,0,0,1,1,4,0,3,1,0,,,,,,
530104,53,2020,3,9,2,21,23,67,0,1,2,2,2,2,1,3,1,1,0,396,46.82579167,-123.13920556,12,6,0,2,2,1,0,3,10,0,,,,,,
530105,53,2020,4,18,7,15,27,77,2590,1,1,1,2,6,2,5,4,0,0,0,46.59223333,-120.47933056,59,0,0,3,10,4,0,1,1,0,15,31,15,41,15,56
530107,53,2020,4,21,3,8,53,33,1830,1,2,2,2,6,2,4,4,0,0,0,47.45491389,-122.20047778,12,6,0,2,3,1,0,1,1,0,8,53,8,58,,
530108,53,2020,4,10,6,23,17,33,475,1,1,1,1,3,2,3,1,0,0,2,47.35551667,-122.12531389,8,0,1,20,1,1,0,2,10,0,23,18,23,28,,
530109,53,2020,4,17,6,18,8,31,0,1,1,1,2,4,1,5,2,0,0,47,47.94600556,-122.78555278,1,0,0,1,1,4,0,1,10,0,18,9,18,16,,
530110,53,2020,4,26,1,19,46,19,0,1,2,2,3,4,1,7,2,0,0,1,48.53921389,-118.18010556,12,8,0,1,1,1,0,5,1,0,,,,,,
530111,53,2020,4,1,4,20,15,33,1960,1,1,1,1,3,2,3,1,0,0,332,47.71958611,-122.34494167,8,0,0,3,2,1,0,3,1,0,,,,,,
530112,53,2020,4,20,2,7,47,7,0,1,1,1,2,4,1,98,64,0,0,73,47.59964167,-120.42870556,18,0,0,1,1,1,0,1,1,0,,,,,,
530113,53,2020,4,30,5,14,25,57,1970,1,3,2,5,6,2,5,4,0,0,0,48.50239167,-122.22590556,12,6,0,2,2,1,0,1,10,0,14,30,14,35,15,17
530114,53,2020,5,1,6,19,8,53,2230,2,1,1,3,6,2,3,4,1,0,0,47.19034167,-122.48487778,59,0,0,1,1,4,0,1,10,0,18,17,18,27,19,34
530115,53,2020,5,2,7,5,4,53,0,1,1,1,2,3,2,3,1,1,0,109,47.37727778,-122.70796944,52,0,0,3,3,4,0,2,2,0,4,9,4,16,,
530116,53,2020,4,24,6,19,32,11,2370,1,1,1,2,6,2,3,4,1,0,0,45.61819722,-122.50428889,39,0,0,3,3,4,0,5,1,0,19,35,19,40,20,3
530117,53,2020,4,28,3,17,35,63,2113,1,2,2,5,6,2,4,4,0,0,,47.65350556,-117.33256944,12,6,0,2,3,1,0,1,1,0,,,,,,
530118,53,2020,5,1,6,1,18,53,0,1,1,1,2,4,2,3,2,0,0,90,47.12261667,-122.35764167,30,0,0,1,1,4,0,6,1,0,1,19,1,28,2,3
530120,53,2020,5,1,6,13,49,53,0,1,1,1,1,4,1,6,2,0,0,18,46.96060556,-122.515725,98,0,0,1,1,4,0,1,1,0,,,,,,
530121,53,2020,4,25,7,20,17,33,1960,2,1,1,2,6,2,3,4,0,0,0,47.57351667,-122.32164167,30,0,0,3,3,4,0,1,1,0,20,20,20,27,,
530123,53,2020,5,4,2,23,10,63,2110,1,2,1,2,6,2,6,4,0,0,0,47.67811667,-117.37382222,14,0,0,3,3,2,0,3,1,0,23,15,23,19,23,54
530124,53,2020,4,8,4,22,6,61,0,1,1,1,2,1,2,1,1,1,0,1851,47.86511667,-122.24561667,35,0,0,1,1,4,0,2,1,0,22,24,22,30,22,50
530125,53,2020,5,6,4,8,52,63,0,1,1,1,1,4,1,5,2,0,0,93,47.95193889,-117.26064167,42,0,0,1,1,4,0,1,2,0,,,,,,
530126,53,2020,5,5,3,16,42,67,0,1,1,1,1,4,1,6,2,0,0,14,46.80743056,-123.07350278,42,0,0,1,1,4,0,1,1,0,,,,,,
530127,53,2020,5,7,5,8,24,33,0,1,2,2,3,3,2,3,1,1,0,2,47.77761389,-122.342525,12,2,0,2,3,1,0,1,1,0,8,26,8,31,,
530128,53,2020,5,3,1,23,25,33,2310,1,1,1,1,1,2,1,1,1,0,,47.46460833,-122.26241667,8,0,1,3,4,1,0,3,1,0,,,,,,
530129,53,2020,5,8,6,1,13,33,100,1,2,2,2,3,2,3,1,1,0,183,47.32770278,-122.24468611,12,2,0,1,1,1,0,3,1,0,1,15,1,23,1,52
530130,53,2020,5,10,1,6,55,53,0,1,1,1,1,3,2,4,1,0,0,106,47.09616944,-122.15444722,35,0,0,1,1,4,0,1,1,0,,,,,,
530131,53,2020,5,8,6,20,58,61,0,1,2,2,4,4,2,4,2,0,0,41,48.07230278,-122.02658889,12,2,0,1,1,1,0,2,1,0,21,1,21,11,21,34
530132,53,2020,5,4,2,9,41,35,0,1,2,2,2,3,2,3,1,1,0,342,47.52563889,-122.704525,12,6,0,2,2,1,0,1,1,0,9,46,9,47,,
530133,53,2020,5,9,7,12,53,53,2230,1,4,4,5,6,2,5,4,0,0,0,47.18280278,-122.42099167,12,7,0,1,1,1,0,1,1,0,12,52,12,55,,
530134,53,2020,5,11,2,14,19,33,2310,1,2,2,2,6,2,7,4,0,0,0,47.46219444,-122.24921111,1,0,0,1,1,1,0,1,10,0,14,20,14,28,,
530135,53,2020,5,9,7,14,51,53,800,1,1,1,2,3,2,3,1,1,0,127,47.35795833,-122.61445556,1,0,0,1,1,1,0,1,1,0,14,50,14,59,15,40
530136,53,2020,4,18,7,20,27,7,320,1,2,2,2,3,2,4,1,0,0,56,47.85501667,-120.05213611,12,2,0,1,1,1,0,2,1,0,20,29,20,37,21,10
530137,53,2020,5,9,7,16,7,35,0,1,2,2,6,3,2,3,1,1,0,89,47.66471667,-122.68903333,12,2,0,3,4,1,0,1,1,0,16,7,16,11,16,26
530138,53,2020,5,7,5,21,40,67,0,1,1,1,1,4,1,5,2,0,0,15,47.03037778,-122.69881111,38,0,0,1,1,4,0,2,1,0,,,,,,
530140,53,2020,5,14,5,19,2,67,1102,1,1,1,3,6,2,7,4,0,0,0,46.99498056,-122.82500556,5,0,0,1,1,1,0,1,10,0,,,,,,
530141,53,2020,5,9,7,14,57,35,0,1,1,1,1,4,2,5,2,0,0,45,47.46756944,-122.63138333,9,0,0,1,1,2,0,1,1,0,14,50,15,3,,
530142,53,2020,5,15,6,10,25,5,0,1,1,1,1,1,1,1,1,1,0,925,46.26755278,-119.55742778,1,0,0,1,1,3,0,1,1,0,,,,,,
530143,53,2020,5,16,7,3,10,33,1030,1,1,1,2,1,2,1,1,1,0,1488,47.38593333,-122.28997778,35,0,0,1,1,4,0,3,10,0,,,,,,
530144,53,2020,4,13,2,6,54,75,1760,1,2,2,2,3,2,3,1,1,0,45,46.72170278,-117.14436111,12,6,0,2,3,1,0,1,1,0,6,57,7,3,7,25
530145,53,2020,5,3,1,19,13,29,0,1,2,2,2,4,2,3,2,0,0,18,48.30835833,-122.62875833,12,6,0,8,1,1,0,1,1,0,19,14,19,21,,
530146,53,2020,4,27,2,12,5,25,0,1,2,2,2,3,1,4,1,0,0,53,46.63335,-119.84383056,12,6,0,1,1,1,0,1,1,0,12,8,12,18,14,1
530147,53,2020,5,18,2,22,4,77,840,1,1,1,2,1,2,1,1,1,0,723,46.27281667,-119.92884444,1,0,0,1,1,4,0,2,10,0,22,13,22,45,,
530148,53,2020,5,9,7,20,0,41,0,1,2,2,4,2,1,3,1,1,0,1059,46.53006944,-122.13173333,12,6,0,8,1,1,0,5,1,0,19,58,19,59,20,19
530149,53,2020,5,1,6,23,25,5,0,1,1,1,1,4,1,5,2,0,0,88,46.057825,-119.37138889,38,0,0,1,1,4,0,2,10,0,23,36,23,57,,
530151,53,2020,3,14,7,21,19,33,0,1,1,1,3,4,2,3,2,0,0,145,47.49263611,-122.02323889,8,0,0,1,1,1,0,2,1,0,21,21,21,31,21,52
530152,53,2020,5,13,4,14,32,33,2005,1,3,3,3,6,2,3,4,1,0,0,47.75579444,-122.31876389,12,6,0,2,2,1,0,1,1,0,14,35,14,38,15,8
530153,53,2020,5,12,3,15,20,49,0,1,1,1,3,3,1,5,1,0,0,52,46.40570556,-124.05236667,42,0,0,1,1,4,0,1,10,0,15,24,15,33,16,13
530155,53,2020,5,26,3,10,5,53,2230,1,2,2,2,3,2,3,1,0,0,0,47.23706667,-122.43495556,12,6,0,2,2,1,0,1,1,0,10,5,10,12,10,33
530156,53,2020,5,12,3,19,15,59,0,1,1,1,1,8,1,7,64,0,0,,45.84654167,-121.85388333,1,0,0,1,1,4,0,1,2,0,19,30,19,53,,
530158,53,2020,5,23,7,17,12,27,0,1,1,1,2,4,1,7,2,0,0,,47.04881667,-123.22810556,1,0,0,8,1,1,0,1,10,0,17,12,17,29,18,36
530160,53,2020,5,29,6,23,4,33,0,1,1,1,1,4,2,5,2,0,0,22,47.28525278,-122.27120833,1,0,0,1,1,4,0,3,10,0,,,,,,
530161,53,2020,6,1,2,16,22,33,0,1,2,2,2,4,1,4,2,0,0,10,47.42923056,-122.44720278,12,1,0,8,1,1,0,1,1,0,16,22,16,22,,
530162,53,2020,6,2,3,23,54,63,2113,1,2,2,2,6,2,3,4,1,0,0,47.65698889,-117.31506944,12,7,0,3,2,1,0,3,1,0,23,55,23,58,0,29
530163,53,2020,6,2,3,17,41,33,1030,1,1,1,3,6,2,7,4,0,0,0,47.37326944,-122.24726667,38,0,0,1,1,4,0,1,10,0,17,57,18,2,18,23
530164,53,2020,5,18,2,14,34,25,0,2,2,2,2,1,1,1,1,1,0,1806,47.09341667,-119.18374167,12,2,0,1,1,1,0,1,1,0,,,,,,
530165,53,2020,6,6,7,21,31,63,2113,1,2,2,2,6,2,3,4,1,0,0,47.65685833,-117.30410556,12,6,0,2,2,1,0,3,1,0,21,32,21,36,,
530166,53,2020,6,5,6,23,0,15,0,1,1,1,2,8,6,96,96,0,0,,45.97331667,-122.64715556,1,0,0,1,1,4,0,2,1,0,23,7,23,44,0,49
530167,53,2020,5,31,1,19,13,33,2005,1,2,2,3,6,2,4,4,0,0,0,47.74131944,-122.3237,12,6,0,2,2,1,0,1,10,0,19,22,19,28,19,55
530168,53,2020,6,9,3,6,11,53,0,1,1,1,1,4,1,4,2,0,0,105,47.02218056,-122.21093611,42,0,0,1,1,4,0,2,2,0,,,,,,
530169,53,2020,6,8,2,15,30,53,0,1,2,2,2,4,2,5,2,0,0,0,47.105175,-122.37650278,12,2,0,1,1,1,0,1,1,0,15,32,15,38,,
530170,53,2020,6,4,5,2,2,61,0,1,1,1,1,1,2,1,1,1,0,2011,48.08123056,-122.18466667,8,0,0,1,1,1,0,2,1,0,,,,,,
530171,53,2020,5,23,7,2,11,53,2230,1,1,1,1,3,2,3,1,0,0,2,47.24591667,-122.50633611,25,0,0,5,1,4,0,3,1,0,2,9,2,14,,
530172,53,2020,6,1,2,7,1,77,0,1,2,2,2,2,2,4,1,0,3,687,46.44788333,-120.430125,12,6,0,2,2,1,0,1,1,0,7,5,7,11,,
530173,53,2020,6,7,1,13,5,17,0,2,3,3,14,2,1,2,1,1,0,2036,47.6946,-120.19034167,12,8,0,1,1,1,0,1,1,0,,,,,,
530175,53,2020,6,11,5,20,58,63,0,1,2,2,2,4,1,5,2,0,0,14,47.98949167,-117.48038611,12,6,0,2,2,1,0,5,10,0,21,0,21,5,22,18
530176,53,2020,6,12,6,2,13,63,0,1,1,1,2,4,1,5,2,0,0,17,47.67868056,-117.52598333,1,0,0,1,1,4,0,2,1,0,,,,,,
530177,53,2020,6,14,1,18,51,45,0,1,1,1,1,4,1,5,2,0,0,35,47.2653,-123.10680278,30,0,0,1,1,4,0,1,1,0,18,55,19,7,,
530178,53,2020,5,24,1,16,59,65,0,1,1,1,1,4,1,7,2,0,0,13,48.30274444,-117.71599722,42,0,0,1,1,4,0,1,1,0,,,,,,
530180,53,2020,6,18,5,0,44,53,1124,1,1,1,1,6,2,3,1,0,0,0,47.14773056,-122.50436944,8,0,0,1,1,1,0,3,1,0,,,,,,
530181,53,2020,6,12,6,23,55,11,0,1,1,1,1,4,2,5,2,0,0,0,45.69364167,-122.53204722,32,0,0,3,3,4,0,3,10,0,23,56,0,3,,
530182,53,2020,6,12,6,21,56,57,50,1,1,1,3,3,2,3,1,1,0,480,48.46281944,-122.57098056,15,0,0,2,2,1,0,2,2,0,,,,,,
530183,53,2020,6,13,7,12,20,71,0,1,1,1,3,4,1,6,2,0,0,45,46.05686944,-118.76795556,1,0,0,1,1,1,0,1,1,0,15,33,15,47,18,0
530184,53,2020,6,13,7,2,50,1,0,1,1,1,1,3,1,3,1,1,0,271,46.89894167,-119.14437778,58,0,0,1,1,4,0,2,2,0,,,,,,
530185,53,2020,6,18,5,22,5,63,0,1,2,2,3,3,1,5,1,0,0,798,47.54799444,-117.21366667,12,2,0,1,1,1,0,2,1,0,22,12,22,24,23,11
530186,53,2020,6,19,6,1,5,63,0,1,1,1,1,4,1,5,2,0,0,56,47.33354444,-117.49193333,32,0,0,1,1,4,0,2,1,0,,,,,,
530187,53,2020,6,20,7,4,55,57,0,1,2,2,2,3,1,3,1,1,0,417,48.40942778,-122.64590556,12,2,0,1,1,1,1,2,10,0,4,53,5,1,5,50
530188,53,2020,6,18,5,14,24,73,0,1,1,1,1,4,1,5,2,0,3,52,48.81919722,-122.59555,9,0,0,3,2,1,0,1,1,0,12,25,12,34,,
530189,53,2020,6,21,1,15,11,33,1030,1,1,1,1,6,2,7,4,0,0,0,47.36881389,-122.14955,1,0,0,3,2,4,0,1,1,0,,,,,,
530190,53,2020,6,10,4,21,19,45,0,1,1,1,1,2,1,3,1,1,0,3188,47.54768056,-123.04338056,42,0,0,1,1,4,0,5,1,0,,,,,,
530191,53,2020,5,11,2,6,39,63,0,1,3,3,3,4,1,5,2,0,0,27,47.72478333,-117.28658056,12,2,0,1,1,1,0,1,1,0,6,42,6,51,7,28
530192,53,2020,2,14,6,19,9,77,0,1,2,2,4,4,1,5,2,0,0,69,46.45044167,-120.34983056,12,2,0,1,1,1,0,2,1,0,19,12,19,23,20,9
530193,53,2020,2,8,7,11,40,33,2310,1,1,1,2,6,2,3,4,1,0,0,47.52676667,-122.30318056,1,0,0,3,2,1,0,1,10,0,11,48,12,1,12,23
530194,53,2020,6,23,3,6,42,57,0,1,1,1,1,3,1,4,1,0,0,482,48.45821667,-121.58909444,43,0,0,1,1,4,0,1,1,0,6,42,7,4,7,54
530195,53,2020,6,25,5,13,26,63,2110,2,5,5,7,2,2,3,1,1,0,2731,47.64310556,-117.51834167,12,6,0,2,2,1,0,1,1,0,13,49,13,58,14,17
530196,53,2020,6,16,3,6,23,15,0,1,2,2,3,1,1,1,1,1,0,470,46.24479167,-122.88569167,12,6,0,1,1,1,0,4,2,0,6,22,6,30,7,32
530197,53,2020,6,19,6,6,2,25,0,1,1,1,1,4,1,6,2,0,0,49,47.22035833,-119.66415278,1,0,0,1,1,4,0,1,1,0,6,23,6,48,,
530198,53,2020,6,12,6,18,34,25,0,1,2,2,3,3,1,3,1,0,0,344,46.99903056,-119.12568333,12,1,0,2,3,1,0,1,1,0,,,,,,
530200,53,2020,6,23,3,18,24,45,0,1,1,1,1,4,1,5,2,0,0,39,47.325,-122.84349167,1,0,0,1,1,4,0,1,1,0,18,26,18,34,,
530201,53,2020,6,21,1,5,21,9,0,1,1,1,1,2,1,3,1,1,0,2135,48.06933333,-124.06246667,11,0,0,1,1,1,0,4,10,0,5,21,5,48,,
530202,53,2020,6,26,6,22,0,53,0,1,1,1,2,8,1,7,64,0,0,,47.01338611,-122.02632222,1,0,0,1,1,4,0,5,1,0,23,16,23,18,,
530203,53,2020,6,26,6,3,30,53,1770,2,1,1,4,6,2,4,4,0,0,0,47.16211389,-122.32813056,1,0,0,3,2,4,0,2,1,0,3,31,3,40,4,16
530204,53,2020,6,18,5,2,45,53,0,2,1,1,2,4,2,4,2,0,0,71,47.19172778,-122.34929167,1,0,0,1,1,4,0,2,1,0,,,,,,
530205,53,2020,6,25,5,13,25,15,1190,1,2,2,3,6,2,3,4,0,0,0,46.13323333,-122.95770833,12,6,0,2,2,1,0,1,1,0,13,32,13,43,14,18
530206,53,2020,6,25,5,23,10,39,0,1,1,1,1,3,1,3,1,1,0,754,45.69926667,-121.29574444000001,24,0,0,1,1,4,0,2,1,0,,,,,,
530207,53,2020,6,25,5,12,49,77,0,2,2,2,3,4,1,5,2,0,3,28,46.47733056,-120.48046667,12,6,0,8,1,1,0,1,1,0,12,51,12,59,,
530208,53,2020,5,27,4,11,28,65,0,1,1,1,2,4,1,5,2,0,0,7,48.15393056,-118.15649167,35,0,0,1,1,4,0,1,1,0,,,,,,
530209,53,2020,6,26,6,14,12,33,1958,1,1,1,1,3,2,3,1,1,0,129,47.40880278,-122.29808056,8,0,0,1,1,1,0,1,1,0,14,13,14,18,,