st_case,state,year,month,day,day_week,hour,minute,county,city,fatals_crash,vehicles_total,vehicles_in_transport,persons_total,route,rural_urban,functional_system,road_owner,nhs,special_jurisdiction,milepoint,latitude,longitude,first_harmful_event,manner_collision,rel_jct_interchange,rel_jct_location,intersection_type,relation_to_road,work_zone,light_condition,weather,school_bus_related,ems_notified_hour,ems_notified_min,ems_arrival_hour,ems_arrival_min,hospital_hour,hospital_min
530376,53,2020,9,13,1,18,40,33,1960,1,3,3,3,3,2,3,1,0,0,209,47.54733056,-122.33371667,12,2,0,2,4,1,0,5,5,0,,,,,,
530377,53,2020,9,26,7,8,20,57,0,1,2,2,2,3,1,5,1,0,0,140,48.64353056,-122.48202778,1,0,0,1,1,4,0,1,2,0,8,20,8,38,,
530378,53,2020,9,23,4,7,58,77,0,1,1,1,1,4,1,6,2,0,0,14,46.28474167,-119.97837778,38,0,0,1,1,4,0,1,1,0,7,58,8,6,,
530379,53,2020,9,25,6,19,38,63,0,1,2,2,4,2,2,2,1,1,0,2918,47.82440278,-117.34753056,12,6,0,2,2,1,0,3,2,0,19,38,19,52,20,41
530380,53,2020,9,19,7,15,37,33,1960,1,1,1,1,6,2,7,4,0,0,0,47.542825,-122.29688056,8,0,0,1,1,1,0,1,1,0,15,38,15,44,16,2
530381,53,2020,10,2,6,20,29,63,2110,1,1,1,1,6,2,3,4,1,0,0,47.69342222,-117.36504722,8,0,0,3,3,1,0,3,1,0,,,,,,
530382,53,2020,9,14,2,5,7,61,690,1,2,2,2,1,2,1,1,1,0,1953,47.99746667,-122.17485,24,0,0,1,1,4,0,2,5,0,,,,,,
530383,53,2020,9,22,3,20,30,57,0,1,1,1,1,4,1,5,2,0,0,12,48.5589,-122.35627778,59,0,0,1,1,4,0,2,10,0,21,50,21,56,,
530384,53,2020,9,30,4,20,28,53,100,1,1,1,1,6,2,4,4,0,0,0,47.24675556,-122.21056389,8,0,0,3,2,1,0,5,1,0,20,42,21,3,21,30
530386,53,2020,10,4,1,22,31,33,100,1,1,1,1,6,2,5,4,0,0,0,47.30771667,-122.23897222,10,0,0,6,1,1,0,3,1,0,,,,,,
530387,53,2020,10,3,7,16,51,33,1030,1,3,3,3,6,2,4,4,0,0,0,47.41583889,-122.197,8,0,0,3,2,1,0,1,10,0,17,1,17,4,17,34
530389,53,2020,7,4,7,1,36,33,1960,1,1,1,1,1,2,1,1,1,0,1663,47.61623056,-122.3292,8,0,0,1,1,1,0,3,1,0,1,39,1,46,2,3
530390,53,2020,6,13,7,19,30,11,0,1,1,1,1,4,1,6,2,0,0,12,45.72234167,-122.58781111,30,0,0,1,1,4,0,1,2,0,19,30,19,37,,
530391,53,2020,8,29,7,12,18,33,1960,1,5,2,4,6,2,3,4,0,0,0,47.55030556,-122.31796389,12,7,0,1,1,1,0,1,10,0,,,,,,
530392,53,2020,10,6,3,19,50,27,0,1,1,1,2,2,1,3,1,1,0,276,46.93024167,-123.30670278,9,0,0,1,1,1,0,2,1,0,19,51,20,2,,
530393,53,2020,10,2,6,19,34,33,0,1,1,1,1,3,1,3,1,1,0,235,47.46331944,-121.94189167,1,0,0,1,1,1,0,2,1,0,19,38,19,55,,
530395,53,2020,10,4,1,20,25,77,0,1,1,1,1,1,1,1,1,1,0,256,46.68669167,-120.46409167,1,0,0,1,1,3,0,3,1,0,20,27,20,39,21,15
530398,53,2020,9,15,3,13,13,35,0,1,2,2,2,4,1,5,2,0,0,26,47.4397,-122.66123333,12,6,0,2,3,1,0,1,1,0,13,22,13,31,14,8
530399,53,2020,10,5,2,17,1,53,100,1,1,1,1,6,2,3,4,1,0,0,47.24395833,-122.21351111,8,0,0,1,1,1,0,1,1,0,,,,,,
530400,53,2020,10,12,2,22,41,11,2370,1,1,1,1,3,2,3,1,1,0,41,45.65598056,-122.58158611,8,0,0,1,1,1,0,3,1,0,,,,,,
530401,53,2020,10,13,3,23,17,63,2110,1,2,2,3,6,2,4,4,0,0,0,47.61728056,-117.3686,12,6,0,2,2,1,0,3,1,0,,,,,,
530402,53,2020,9,25,6,21,29,53,1770,1,1,1,1,3,2,3,1,0,0,254,47.15792778,-122.29298056,8,0,0,1,1,1,0,2,1,0,,,,,,
530403,53,2020,10,9,6,20,42,61,690,1,1,1,1,3,2,3,1,0,0,0,47.92230556,-122.27186111,39,0,0,3,3,4,0,3,2,0,20,45,20,53,,
530404,53,2020,5,20,4,8,49,33,1960,1,2,2,2,6,2,3,4,1,0,0,47.72304167,-122.31265833,12,6,0,2,3,1,0,1,10,0,,,,,,
530405,53,2020,10,2,6,19,59,33,1960,1,1,1,1,6,2,3,4,1,0,0,47.57548611,-122.29598889,8,0,0,1,1,1,0,3,1,0,,,,,,
530406,53,2020,10,13,3,5,16,33,1958,1,1,1,1,6,2,3,4,1,0,0,47.43447778,-122.29074444,8,0,0,1,1,1,0,3,2,0,,,,,,
530407,53,2020,9,19,7,17,51,25,0,1,2,2,3,3,1,4,1,0,0,151,46.75252222,-119.92675833,12,6,0,2,3,1,0,1,1,0,17,51,18,2,19,2
530409,53,2020,10,9,6,22,25,41,0,1,2,2,2,8,1,6,64,0,0,70,46.43071944,-121.76262778,8,0,0,1,1,1,0,2,1,0,22,25,22,46,,
530410,53,2020,10,13,3,18,37,25,0,1,3,3,3,3,1,3,1,1,0,39,47.13728333,-119.85350556,12,2,0,1,1,1,0,2,8,0,18,36,18,46,19,23
530411,53,2020,10,16,6,20,50,57,0,1,2,2,3,3,1,5,1,0,0,41,48.53039167,-122.39139167,12,6,0,2,2,1,0,3,2,0,,,,,,
530412,53,2020,10,11,1,2,12,63,0,1,1,1,4,4,2,5,2,0,0,2,47.71225556,-117.20760556,35,0,0,3,10,4,0,2,1,0,2,24,2,39,3,14
530413,53,2020,10,6,3,23,37,63,2113,1,1,1,1,6,2,4,4,0,0,0,47.67726944,-117.30402222,8,0,0,99,1,1,0,2,1,0,23,54,0,0,0,39
530414,53,2020,10,17,7,4,30,57,0,1,1,1,1,3,1,4,1,0,0,691,48.52960278,-122.15720278,52,0,0,3,4,4,0,2,10,0,,,,,,
530415,53,2020,10,16,6,3,51,33,1830,1,2,2,2,1,2,1,1,1,0,23,47.46795,-122.21778611,12,1,0,1,1,1,0,3,1,0,,,,,,
530416,53,2020,10,13,3,15,46,25,0,1,2,2,2,4,1,5,2,0,0,84,47.25256944,-119.00105278,12,1,0,1,1,1,0,1,7,0,,,,,,
530417,53,2020,10,15,5,22,32,53,2230,1,1,1,1,3,2,3,1,1,0,0,47.23613056,-122.43474167,30,0,0,3,2,4,0,3,1,0,,,,,,
530418,53,2020,10,17,7,14,27,37,0,1,1,1,1,1,1,1,1,1,0,1287,46.94419167,-120.11128056,1,0,0,1,1,3,0,1,1,0,14,25,14,48,,
530419,53,2020,10,24,7,19,42,41,0,1,1,1,1,4,1,5,2,0,0,59,46.593425,-122.93540556,1,0,0,1,1,1,0,2,1,0,19,45,19,46,,
530420,53,2020,10,24,7,22,52,67,0,2,2,2,3,4,1,5,2,0,0,32,46.90020556,-122.54207222,12,2,0,1,1,1,0,2,1,0,,,,,,
530421,53,2020,10,4,1,1,2,5,1020,1,2,2,3,6,2,3,4,1,0,0,46.21235,-119.16938611,5,0,0,2,2,1,0,3,1,0,1,2,1,9,,
530422,53,2020,10,17,7,21,36,33,1960,1,2,2,2,1,2,1,1,1,0,1646,47.59528056,-122.32059167,8,0,0,1,1,1,0,3,1,0,,,,,,
530423,53,2020,10,30,6,13,1,63,2110,1,3,3,6,1,2,1,1,1,0,2809,47.65403333,-117.37068056,12,7,0,1,1,1,0,1,1,0,,,,,,
530424,53,2020,10,31,7,22,4,77,0,1,1,1,2,4,1,5,2,0,3,14,46.37525278,-120.35699167,8,0,0,3,2,1,0,2,1,0,,,,,,
530425,53,2020,10,31,7,18,25,61,690,1,1,1,1,3,2,3,1,0,0,7,47.98185278,-122.198625,15,0,0,3,2,1,0,3,1,0,,,,,,
530426,53,2020,10,30,6,15,43,77,0,1,2,2,2,2,1,3,1,1,3,541,46.28361389,-120.36477778,12,2,0,1,1,1,0,1,1,0,15,56,16,41,17,5
530427,53,2020,11,3,3,0,13,53,2230,1,3,1,1,6,2,5,4,0,0,0,47.18670833,-122.45253889,14,0,0,1,1,2,1,3,1,0,,,,,,
530428,53,2020,9,25,6,19,51,61,0,1,1,1,1,4,1,5,2,0,0,85,47.85246944,-121.81470833,42,0,0,1,1,4,0,2,2,0,19,54,20,5,20,55
530429,53,2020,10,26,2,13,13,33,0,1,1,1,2,4,1,3,2,0,0,2,47.36640556,-122.23725,42,0,0,1,1,4,0,1,10,0,13,26,13,34,14,23
530430,53,2020,10,31,7,0,15,33,670,1,1,1,4,6,2,4,4,0,0,0,47.19922778,-121.99258889,30,0,0,1,1,4,0,3,1,0,0,41,1,4,1,48
530431,53,2020,10,26,2,6,35,41,0,1,2,2,3,2,1,2,1,1,0,919,46.53411389,-122.38226389,24,0,0,1,1,4,0,2,1,0,6,41,7,13,7,43
530432,53,2020,11,4,4,23,22,33,0,1,2,2,3,3,2,3,1,1,0,327,47.50373056,-122.32470556,12,2,0,1,1,1,0,2,10,0,23,36,23,46,0,16
530434,53,2020,11,5,5,11,35,11,240,1,2,2,4,6,2,4,4,0,0,0,45.60754444,-122.41670278,12,2,0,1,1,1,0,1,2,0,,,,,,
530435,53,2020,11,7,7,3,9,61,0,2,1,1,2,8,1,6,1,0,0,7,47.97798889,-122.14940556,43,0,0,1,1,4,0,2,1,0,,,,,,
530436,53,2020,10,30,6,10,24,67,0,1,2,2,2,1,1,1,1,1,0,952,46.89611111,-122.96086667,1,0,1,5,1,1,0,1,2,0,,,,,,
530437,53,2020,11,4,4,6,33,5,0,2,3,3,5,3,1,4,1,0,0,354,46.56930278,-119.79108056,12,1,0,3,3,1,0,4,1,0,,,,,,
530438,53,2020,11,6,6,5,55,33,2310,1,1,1,1,6,2,4,4,0,0,0,47.46408889,-122.26086111,8,0,0,1,1,1,0,3,1,0,,,,,,
530439,53,2020,11,8,1,21,9,33,0,1,1,1,1,4,2,5,2,0,0,17,47.27873889,-122.27537222,59,0,0,1,1,4,0,3,1,0,,,,,,
530440,53,2020,11,7,7,1,56,21,1660,1,2,2,3,1,2,1,1,1,0,132,46.24846667,-119.10623889,12,2,0,1,1,1,0,3,1,0,1,56,2,2,2,30
530441,53,2020,11,8,1,17,26,33,735,1,2,2,2,3,2,3,1,1,0,68,47.32298333,-122.31326389,8,0,0,1,1,1,0,3,1,0,17,29,17,33,,
530442,53,2020,11,12,5,17,25,57,0,1,2,2,1,1,1,1,1,1,0,2215,48.34710556,-122.33628056,12,1,0,1,1,1,0,2,10,0,17,23,17,44,18,6
530443,53,2020,11,12,5,14,41,77,1440,1,2,2,2,6,2,5,4,0,0,0,46.73094167,-120.69769167,12,6,0,2,2,1,0,1,1,0,14,42,14,58,15,22
530444,53,2020,11,10,3,17,1,35,0,1,1,1,1,4,1,5,2,0,3,12,47.72831111,-122.56068056,8,0,0,1,1,2,0,3,2,0,,,,,,
530445,53,2020,11,14,7,9,18,33,0,1,1,1,1,4,1,5,2,0,0,6,47.44743056,-122.46181944,8,0,0,3,2,1,0,1,10,0,9,26,9,42,10,5
530446,53,2020,11,18,4,7,18,65,0,1,2,2,2,2,1,2,1,1,0,1998,48.1208,-117.64912222,12,6,0,1,1,1,0,4,1,0,,,,,,
530447,53,2020,11,18,4,10,7,61,690,1,1,1,4,1,2,1,1,1,0,1,47.92290556,-122.225425,20,0,0,5,1,8,0,1,2,0,10,10,10,12,10,39
530448,53,2020,10,31,7,19,45,33,1960,1,1,1,1,6,2,3,4,1,0,0,47.56079167,-122.28707778,8,0,0,3,2,1,0,3,1,0,19,46,19,51,20,22
530449,53,2020,11,19,5,20,0,63,2110,1,1,1,1,6,2,3,4,1,0,0,47.70075556,-117.44323056,8,0,0,3,2,1,0,2,1,0,,,,,,
530450,53,2020,11,4,4,17,49,33,1960,1,1,1,1,3,2,3,1,1,0,337,47.72873056,-122.34505556,8,0,0,3,2,1,0,3,2,0,17,50,17,58,,
530451,53,2020,11,18,4,4,25,33,0,1,2,2,4,3,2,3,1,1,0,109,47.34841667,-122.13770833,12,1,0,1,1,1,0,3,2,0,4,54,5,7,,
530452,53,2020,11,14,7,20,55,11,0,1,2,2,3,4,2,5,2,0,0,43,45.72230556,-122.59942222,12,6,0,2,2,1,0,2,2,0,,,,,,
530453,53,2020,11,12,5,17,15,29,1550,1,2,2,3,6,2,4,4,0,0,0,48.29200278,-122.63582222,12,6,0,2,3,1,0,2,1,0,17,30,17,35,,
530454,53,2020,11,13,6,15,8,9,0,1,3,3,7,2,2,3,1,1,0,2605,48.07963333,-123.17296667,12,6,0,2,2,1,0,1,10,0,15,11,15,14,15,39
530455,53,2020,11,21,7,14,28,53,2230,1,2,2,3,3,2,3,1,1,3,52,47.27021667,-122.37090833,12,6,0,1,1,1,0,1,10,0,14,46,14,57,15,18
530456,53,2020,11,18,4,20,49,77,0,1,2,2,2,2,1,4,1,0,3,668,46.426025,-120.40833056,12,1,0,1,1,1,0,2,1,0,20,54,21,15,22,2
530457,53,2020,11,13,6,15,37,11,2370,1,1,1,1,1,2,1,1,1,0,53,45.66898056,-122.58065,42,0,0,1,1,4,0,1,10,0,,,,,,
530458,53,2020,11,22,1,22,46,33,2310,1,1,1,1,6,2,7,4,0,0,0,47.48848056,-122.26650278,43,0,0,1,1,4,0,3,2,0,,,,,,
530459,53,2020,11,19,5,20,10,73,0,1,1,1,2,4,1,5,2,0,0,32,48.93554444,-122.67691667,8,0,0,3,3,1,0,2,1,0,20,13,20,16,,
530460,53,2020,11,21,7,6,41,7,0,1,4,4,4,4,2,5,2,0,0,6,47.38986389,-120.28998333,12,8,0,2,3,1,0,4,10,0,,,,,,
530461,53,2020,7,23,5,10,41,53,1770,1,2,2,2,6,2,5,4,0,0,0,47.19549167,-122.28768056,12,6,0,2,3,1,0,1,1,0,,,,,,
530462,53,2020,10,6,3,19,0,19,0,1,1,1,1,3,1,4,1,0,0,3086,48.59901944,-118.6512,35,0,0,1,1,4,0,2,1,0,19,0,19,19,19,43
530463,53,2020,10,29,5,15,14,33,735,1,2,2,2,6,2,3,4,1,0,0,47.30009167,-122.36097778,1,0,0,8,1,1,0,1,1,0,15,15,15,24,16,13
530464,53,2020,11,16,2,16,50,77,2590,1,2,2,3,6,2,4,4,0,0,0,46.56373056,-120.59376667,12,6,0,2,2,1,0,3,1,0,16,51,17,2,17,24
530465,53,2020,11,14,7,18,9,17,200,1,2,1,2,3,1,5,1,0,0,8,48.00636667,-119.66825278,14,0,0,3,3,5,0,2,2,0,18,55,19,5,19,30
530466,53,2020,11,27,6,17,47,33,0,1,2,2,3,4,2,3,2,0,0,105,47.44716667,-121.98863056,12,6,0,1,1,1,0,2,1,0,17,48,17,58,18,35
530467,53,2020,11,20,6,17,59,77,2590,1,1,1,1,6,2,7,4,0,0,0,46.62554167,-120.51701944,8,0,0,1,1,2,0,2,10,0,18,2,18,6,18,25
530468,53,2020,11,26,5,17,15,77,0,1,2,2,3,4,1,5,2,0,0,40,46.47682222,-120.39234722,12,2,0,1,1,1,0,2,1,0,17,21,17,39,18,6
530469,53,2020,10,25,1,15,8,61,0,1,2,2,2,4,1,5,2,0,0,1,48.18778889,-122.20593056,12,6,0,8,1,1,0,1,1,0,15,11,15,18,15,41
530470,53,2020,8,19,4,18,2,33,0,1,1,1,3,4,2,5,2,0,0,0,47.43035278,-122.14396667,38,0,0,3,3,4,0,1,1,0,,,,,,
530471,53,2020,11,30,2,17,19,33,109,1,1,1,2,6,2,4,4,0,0,0,47.61697778,-122.12621389,8,0,0,1,1,1,0,5,1,0,17,21,17,27,17,52
530472,53,2020,12,1,3,23,35,33,1640,2,7,7,7,3,2,3,1,0,0,132,47.26889167,-122.26072778,12,2,0,1,1,1,0,3,1,0,,,,,,
530473,53,2020,12,1,3,9,10,45,0,1,2,2,2,4,1,5,2,0,0,113,47.24304722,-123.30285556,12,2,0,1,1,1,0,1,5,0,9,29,9,32,10,17
530474,53,2020,12,4,6,5,4,67,0,1,2,2,2,2,2,3,1,1,0,3589,47.06656667,-123.01879722,12,2,0,1,1,1,0,2,10,0,,,,,,
530475,53,2020,12,1,3,8,24,61,0,1,1,1,1,4,2,5,2,0,0,4,47.85587778,-122.28025556,8,0,0,1,1,2,0,1,1,0,,,,,,
530476,53,2020,12,7,2,20,27,53,2230,1,2,2,3,3,2,3,1,1,0,554,47.19988611,-122.43386667,42,0,0,1,1,4,0,3,10,0,,,,,,
530477,53,2020,12,6,1,16,3,33,1264,1,2,2,2,3,2,4,1,0,0,154,47.35796667,-122.04353056,12,2,0,2,2,1,0,1,1,0,16,5,16,14,,
530478,53,2020,12,8,3,17,50,53,0,1,1,1,2,4,2,3,2,0,0,62,47.15527778,-122.42356667,8,0,0,1,1,1,0,3,2,0,17,50,17,55,,
530479,53,2020,12,10,5,0,0,27,930,1,1,1,1,6,2,5,4,0,0,0,46.98900278,-123.90087778,24,0,0,1,1,4,0,3,5,0,,,,,,
530480,53,2020,12,9,4,19,49,63,2110,1,1,1,1,6,2,4,4,0,0,0,47.65348056,-117.42105556,8,0,0,3,2,1,0,3,1,0,19,51,19,56,,
530481,53,2020,12,9,4,15,32,77,0,1,1,1,1,4,1,6,2,0,3,90,46.40535833,-120.35195278,1,0,0,1,1,4,0,1,1,0,15,43,15,46,,
530482,53,2020,12,10,5,17,58,63,0,1,2,2,2,2,2,3,1,1,0,2687,47.64294444,-117.61415556,12,6,0,8,1,1,0,3,1,0,18,5,18,9,,
530483,53,2020,11,5,5,16,36,53,2210,1,2,2,2,6,2,4,4,0,0,,47.22680833,-122.22691944,12,2,0,1,1,1,0,1,2,0,16,35,16,45,17,45
530484,53,2020,12,9,4,0,1,45,0,1,1,1,1,4,1,5,2,0,0,1,47.24706667,-122.93043333,35,0,0,1,1,4,0,3,2,0,,,,,,
530485,53,2020,12,2,4,19,59,65,0,1,1,1,1,4,1,6,2,0,0,30,48.672325,-117.91509722,1,0,0,1,1,4,0,2,1,0,20,3,20,17,20,55
530486,53,2020,10,26,2,17,58,25,0,1,2,2,2,3,1,3,1,0,0,253,46.86253056,-119.47532778,12,6,0,2,2,1,0,3,10,0,,,,,,
530487,53,2020,12,7,2,17,10,73,0,1,1,1,1,4,1,5,2,0,0,13,48.92449167,-122.57459167,8,0,0,1,1,1,0,2,2,0,,,,,,
530488,53,2020,12,8,3,2,1,45,0,1,1,1,2,2,1,3,1,1,0,3386,47.29919167,-123.18150278,42,0,0,1,1,4,0,2,2,0,2,0,2,13,2,40
530489,53,2020,12,14,2,15,38,57,50,1,1,1,1,3,2,3,1,1,0,35,48.50451667,-122.61271667,8,0,0,3,2,1,0,1,1,0,15,37,15,45,15,52
530490,53,2020,12,8,3,10,30,33,1960,1,1,1,1,6,2,4,4,0,0,0,47.63474444,-122.35698056,8,0,0,3,2,1,0,1,2,0,,,,,,
530491,53,2020,12,14,2,17,32,29,0,1,1,1,1,3,2,3,1,1,0,368,48.35806111,-122.61761389,1,0,0,1,1,4,0,2,1,0,,,,,,
530492,53,2020,12,10,5,15,30,21,1660,1,5,5,6,1,2,1,1,1,0,135,46.24865556,-119.10030833,12,2,1,5,1,1,0,1,10,0,15,32,15,53,,
530493,53,2020,12,9,4,21,35,21,0,1,1,1,1,4,1,5,2,0,0,79,46.28435556,-118.91204444,35,0,0,1,1,4,0,2,5,0,21,47,21,59,,
530494,53,2020,12,4,6,15,18,61,690,1,2,2,2,1,2,1,1,1,0,1874,47.89227778,-122.21954167,12,7,0,1,1,1,0,1,1,0,15,17,15,27,15,42
530495,53,2020,11,29,1,17,12,73,0,1,1,1,2,4,1,6,2,0,3,9,48.81952778,-122.68929167,8,0,0,1,1,1,0,2,1,0,,,,,,
530496,53,2020,12,19,7,0,40,53,2230,1,1,1,1,6,2,3,4,1,0,0,47.19191667,-122.44558056,8,0,0,2,3,1,0,3,2,0,,,,,,
530497,53,2020,12,20,1,1,13,53,2230,1,1,1,4,3,2,4,1,0,3,72,47.28460833,-122.40529444,30,0,0,1,1,4,0,3,2,0,1,43,2,0,2,33
530498,53,2020,11,20,6,12,33,33,1050,1,2,2,3,6,2,3,4,1,0,0,47.69316944,-122.17576667,12,6,0,2,3,1,0,1,1,0,12,39,12,40,13,9
530499,53,2020,12,2,4,14,20,61,590,1,1,1,1,3,2,3,1,1,0,390,47.84104444,-122.29793889,8,0,0,3,2,1,0,1,1,0,14,22,14,26,14,49
530500,53,2020,12,11,6,0,54,35,0,1,1,1,3,4,1,5,2,0,0,35,47.46376389,-122.54586667,1,0,0,1,1,4,0,2,1,0,0,57,1,13,1,56
530501,53,2020,12,20,1,0,56,53,2337,1,2,2,2,6,2,5,4,0,0,0,47.22820833,-122.52983611,12,2,0,1,1,1,0,2,10,0,,,,,,
530502,53,2020,12,10,5,2,58,53,800,1,1,1,2,3,2,3,1,1,0,129,47.36078611,-122.6157,8,0,0,1,1,1,0,3,5,0,,,,,,
530503,53,2020,12,21,2,10,39,51,0,1,2,2,2,3,1,4,1,0,0,4203,48.31018056,-117.28723889,12,6,0,2,2,1,0,1,2,0,10,42,10,54,11,25
530504,53,2020,12,16,4,15,59,61,0,2,2,2,3,3,2,3,1,1,0,43,47.84145,-122.12165,12,6,0,8,1,1,0,1,1,0,16,1,16,7,,
530505,53,2020,12,18,6,19,37,57,0,1,2,2,2,3,2,3,1,1,0,449,48.43606667,-122.60744167,12,2,0,1,1,1,0,2,2,0,19,58,20,,21,23
530506,53,2020,12,20,1,14,22,61,0,1,1,1,1,3,1,4,1,0,0,177,48.27213056,-121.89069167,30,0,0,1,1,4,0,1,10,0,,,,,,
530507,53,2020,12,24,5,4,20,61,0,1,1,1,1,1,1,1,1,1,0,2105,48.21269167,-122.21765556,8,0,0,1,1,1,0,2,1,0,,,,,,
530508,53,2020,12,24,5,6,39,61,690,1,4,4,4,1,2,1,1,1,0,1950,47.99383056,-122.17880278,25,0,0,1,1,3,0,2,1,0,6,45,6,57,,
530509,53,2020,12,15,3,1,35,61,690,1,1,1,1,1,2,1,1,1,0,6,47.91008056,-122.20975,1,0,1,5,1,4,0,3,2,0,,,,,,
530510,53,2020,12,2,4,22,22,61,0,1,1,1,2,4,1,7,2,0,0,17,47.80235556,-121.96153889,31,0,0,1,1,4,0,2,1,0,,,,,,
530511,53,2020,12,26,7,13,27,9,1990,2,2,2,4,2,2,3,1,1,0,2661,48.06201944,-123.05604167,12,2,0,1,1,1,0,1,10,0,13,32,13,55,14,45
530512,53,2020,12,19,7,19,51,61,690,1,1,1,1,6,2,3,4,1,0,0,47.93009167,-122.22078056,8,0,0,3,2,1,0,3,2,0,,,,,,
530513,53,2020,1,14,3,3,53,77,0,1,1,1,4,4,1,6,2,0,3,50,46.39014444,-120.46062222,1,0,0,1,1,4,0,2,4,0,3,53,4,12,4,53
530514,53,2020,12,2,4,12,11,67,0,1,1,1,1,4,2,5,2,0,0,114,46.95286944,-122.97240833,18,0,0,3,3,5,4,1,1,0,,,,,,
530515,53,2020,12,22,3,21,30,77,0,1,1,1,1,4,1,5,2,0,3,8,46.37631667,-120.72892778,1,0,0,1,1,4,0,2,1,0,21,38,21,44,22,10
530516,53,2020,6,6,7,15,35,9,0,1,1,1,2,8,6,96,96,0,0,15,48.00813333,-123.22803333,1,0,0,1,1,1,0,1,10,0,15,49,16,53,17,32
530517,53,2020,12,6,1,20,40,25,0,1,3,3,7,3,1,4,1,0,0,45,46.63319444,-119.82688611,12,8,0,1,1,1,0,2,1,0,20,46,20,56,,
530518,53,2020,11,21,7,20,38,61,0,1,1,1,1,4,1,6,2,0,0,4,47.91488333,-121.985825,42,0,0,1,1,4,0,2,1,0,20,40,20,46,,
530519,53,2020,9,2,4,6,57,1,0,1,2,2,2,3,1,3,1,0,0,468,46.79954167,-119.04820278,12,6,0,2,2,1,0,4,1,0,,,,,,
530521,53,2020,10,30,6,21,31,61,0,1,1,1,2,4,2,5,2,0,0,3,47.88349722,-122.24956944,38,0,0,1,1,4,0,3,1,0,,,,,,
530522,53,2020,9,27,1,17,47,33,1960,1,1,1,1,6,2,3,4,1,0,0,47.68155833,-122.31533056,9,0,0,2,3,1,0,1,1,0,17,48,17,52,18,21
530523,53,2020,11,9,2,15,47,61,1120,1,2,2,2,6,1,4,4,0,0,,48.01080833,-122.04586667,12,6,0,8,1,1,0,1,10,0,15,49,16,3,,
530524,53,2020,12,22,3,0,1,61,0,1,1,1,1,4,1,5,2,0,0,12,48.18858056,-122.22708056,8,0,0,1,1,2,0,2,1,0,,,,,,
530525,53,2020,7,12,1,20,0,33,1960,1,2,2,2,3,2,3,1,1,0,332,47.72229167,-122.34496389,12,6,0,2,2,1,0,5,10,0,,,,,,
530526,53,2020,2,3,2,9,26,33,735,1,4,4,4,3,2,3,1,1,0,28,47.26825,-122.3332,12,11,0,1,1,1,0,1,1,0,9,40,9,44,10,2
530527,53,2020,1,3,6,16,47,53,1350,1,1,1,1,3,2,3,1,1,3,20,47.25696389,-122.33622778,8,0,0,1,1,1,0,5,2,0,,,,,,
530528,53,2020,11,12,5,16,4,53,1770,1,2,2,2,3,2,3,1,1,0,54,47.19895556,-122.29450278,12,6,0,8,1,1,0,1,2,0,16,4,16,16,16,37
530529,53,2020,5,24,1,21,52,33,1030,1,1,1,0,6,2,7,4,0,0,0,47.38593889,-122.19255,8,0,0,1,1,1,0,2,10,0,21,54,22,5,22,50
530530,53,2020,9,14,2,12,50,33,100,1,1,1,1,6,2,5,4,0,0,0,47.28197222,-122.21253333,9,0,0,1,1,1,0,1,1,0,13,13,13,13,,
530531,53,2020,1,24,6,18,5,61,1280,1,1,1,1,1,2,1,1,1,0,1,48.05185278,-122.18360556,8,0,1,3,2,1,0,3,1,0,18,4,18,13,18,33
530532,53,2020,2,28,6,19,16,77,0,1,2,2,2,3,1,5,1,0,3,14,46.37525278,-120.35699167,12,6,0,2,2,1,0,2,1,0,19,18,19,22,20,8
530533,53,2020,1,23,5,12,17,63,0,1,1,1,1,4,1,6,2,0,0,14,47.55608889,-117.35829722,42,0,0,3,3,4,0,1,2,0,,,,,,
530534,53,2020,4,16,5,21,15,33,1960,1,1,1,1,6,2,3,4,1,0,0,47.57633056,-122.29660556,8,0,0,3,2,1,0,3,1,0,21,16,21,32,21,43
530535,53,2020,5,3,1,0,52,33,1960,1,1,1,1,6,2,5,4,0,0,0,47.59300556,-122.31485556,8,0,0,3,4,1,0,3,1,0,0,58,1,8,1,22
530536,53,2020,6,9,3,23,14,33,0,1,1,1,1,4,1,3,2,0,0,7,47.72836111,-122.12429167,42,0,0,1,1,4,0,2,10,0,23,14,23,22,0,25
530537,53,2020,2,29,7,1,33,33,1030,1,1,1,1,6,2,4,4,0,0,0,47.42580278,-122.22806667,33,0,0,1,1,4,0,3,10,0,,,,,,
530538,53,2020,3,13,6,19,5,5,1850,1,2,2,3,6,2,4,4,0,0,0,46.30725,-119.28460556,12,6,0,2,3,1,0,2,2,0,16,10,16,12,16,35
530539,53,2020,3,21,7,14,11,29,0,1,2,2,2,3,1,3,1,1,0,236,48.07364444,-122.56741944,12,1,0,3,3,1,0,1,1,0,14,17,14,24,15,33
530540,53,2020,4,23,5,18,25,33,2310,1,1,1,2,6,2,5,4,0,0,0,47.49237778,-122.28009444,1,0,0,3,3,4,0,1,10,0,17,48,17,54,19,59