st_case,state,year,month,day,day_week,hour,minute,county,city,fatals_crash,vehicles_total,vehicles_in_transport,persons_total,route,rural_urban,functional_system,road_owner,nhs,special_jurisdiction,milepoint,latitude,longitude,first_harmful_event,manner_collision,rel_jct_interchange,rel_jct_location,intersection_type,relation_to_road,work_zone,light_condition,weather,school_bus_related,ems_notified_hour,ems_notified_min,ems_arrival_hour,ems_arrival_min,hospital_hour,hospital_min
530541,53,2020,6,3,4,4,29,63,0,1,1,1,2,4,1,5,2,0,0,27,47.80033889,-117.76730278,42,0,0,1,1,4,0,4,1,0,4,24,5,0,6,38
530542,53,2020,6,25,5,1,46,53,0,1,2,2,3,4,2,5,2,0,0,33,47.18087778,-122.38913056,12,6,0,2,2,1,0,3,1,0,1,46,1,52,2,17
530543,53,2020,6,25,5,18,42,61,690,1,3,3,8,3,2,3,1,1,0,11,47.92243056,-122.27956111,33,0,0,1,1,3,0,1,1,0,19,2,19,7,19,22
530544,53,2020,7,5,1,17,47,11,2370,1,1,1,1,6,2,3,4,1,0,0,45.60346667,-122.47585556,42,0,0,1,1,4,0,1,1,0,17,48,17,54,18,17
530545,53,2020,7,24,6,16,40,53,2230,1,1,1,1,1,2,1,1,1,0,9,47.22665556,-122.46263611,1,0,1,20,1,1,0,1,1,0,,,,,,
530546,53,2020,7,22,4,19,5,11,0,1,1,1,1,4,1,6,2,0,0,3,45.93420833,-122.53195278,42,0,0,1,1,4,0,1,1,0,,,,,,
530547,53,2020,7,21,3,17,56,45,0,1,1,1,1,4,1,5,2,0,0,20,47.15383889,-123.05698889,42,0,0,1,1,4,0,1,1,0,18,1,18,18,18,47
530548,53,2020,8,28,6,16,6,63,2110,1,1,1,1,6,2,3,4,1,0,0,47.65349444,-117.42675556,15,0,0,8,1,1,0,1,1,0,16,7,16,11,16,30
530549,53,2020,9,2,4,5,53,33,1030,1,2,2,2,3,2,3,1,0,0,14,47.39761111,-122.24933333,12,6,0,2,2,1,0,1,1,0,5,54,6,3,6,59
530550,53,2020,10,20,3,22,41,33,1960,1,1,1,1,6,2,7,4,0,0,0,47.72110278,-122.29610833,15,0,0,1,1,1,0,3,10,0,,,,,,
530551,53,2020,6,3,4,22,31,15,1010,1,1,1,2,6,2,4,4,0,0,0,45.90651111,-122.74344722,30,0,0,1,1,4,0,2,1,0,22,31,22,47,23,3
530552,53,2020,7,26,1,16,40,33,1960,1,2,1,4,6,2,7,4,0,0,0,47.61865556,-122.29378611,14,0,0,1,1,7,0,1,1,0,16,41,16,51,17,10
530553,53,2020,4,18,7,12,8,53,2210,1,1,1,3,6,2,4,4,0,0,0,47.23835278,-122.22525833,43,0,0,1,1,5,0,1,1,0,12,11,12,28,12,58
530554,53,2020,1,4,7,1,40,51,0,1,1,1,1,4,1,5,2,0,0,,48.210775,-117.0442,32,0,0,1,1,4,0,3,5,0,1,40,1,53,,
530555,53,2020,1,19,1,22,6,33,735,1,2,2,4,6,2,5,4,0,0,0,47.302975000000004,-122.34770833,12,6,0,2,2,1,0,3,1,0,22,15,22,23,23,4
530556,53,2020,8,12,4,8,47,53,2230,1,1,1,1,6,2,3,4,1,0,0,47.24009444,-122.48207222,9,0,0,8,1,1,0,1,10,0,8,47,8,53,9,5
530557,53,2020,8,26,4,20,48,41,310,1,1,1,1,6,2,3,4,0,0,0,46.66144167,-122.96978056,8,0,0,3,2,1,0,5,1,0,,,,,,
530558,53,2020,9,29,3,18,30,53,2230,1,3,2,6,6,2,7,4,0,0,0,47.25442222,-122.49046389,12,6,0,2,2,1,0,5,1,0,,,,,,
530559,53,2020,10,5,2,16,10,77,2590,1,2,2,2,6,2,4,4,0,0,0,46.57664444,-120.57128056,12,6,0,2,3,1,0,1,1,0,16,18,16,25,16,57
530560,53,2020,10,10,7,2,11,33,1830,1,1,1,1,3,2,3,1,1,0,285,47.47978889,-122.21716944,8,0,0,3,2,1,0,3,2,0,2,19,2,26,3,3
530561,53,2020,10,26,2,12,56,33,1958,1,1,1,1,6,2,4,4,0,0,0,47.404925,-122.29011667,8,0,0,3,3,2,0,1,1,0,13,8,13,14,,
530562,53,2020,10,30,6,22,3,53,0,1,1,1,2,8,1,98,64,0,0,,47.11816389,-121.57995556,42,0,0,1,1,4,0,2,2,0,,,,,,
530563,53,2020,11,14,7,17,37,9,1990,1,1,1,1,6,2,7,4,0,0,0,48.07783056,-123.10188333,8,0,0,1,1,1,0,2,1,0,17,43,17,48,18,37
530564,53,2020,11,23,2,6,10,67,1790,1,1,1,1,3,1,4,1,0,0,231,46.888375,-122.68880556,8,0,0,3,2,1,0,2,2,0,,,,,,
530565,53,2020,12,5,7,12,15,53,2230,1,3,1,1,6,2,3,4,1,0,0,47.20905,-122.48377222,30,0,0,1,1,4,0,1,1,0,,,,,,
530566,53,2020,12,9,4,5,10,33,1830,1,2,2,3,6,2,4,4,0,0,0,47.47468611,-122.24635833,12,2,0,1,1,1,0,3,1,0,5,33,5,40,6,11
530567,53,2020,12,1,3,15,29,27,0,1,2,2,2,4,1,5,2,0,0,,46.98420278,-123.56468333,12,6,0,2,3,1,0,5,1,0,15,29,15,33,16,17
530568,53,2020,12,4,6,11,29,77,2590,1,2,2,3,6,2,4,4,0,0,0,46.59802222,-120.5243,12,6,0,2,2,1,0,1,1,0,11,37,11,38,12,2
530569,53,2020,10,2,6,16,3,17,0,1,2,2,6,2,1,3,1,1,0,1983,47.62576111,-120.22810833,12,1,0,8,1,1,0,1,1,0,,,,,,
530570,53,2020,8,24,2,0,38,35,180,1,1,1,1,6,2,5,4,0,0,0,47.52465556,-122.75600833,21,0,0,1,1,4,0,2,1,0,0,42,0,50,,
530571,53,2020,10,2,6,22,25,33,1960,1,1,1,1,6,2,3,4,0,0,0,47.58606667,-122.334025,8,0,0,3,2,1,0,6,1,0,,,,,,
530572,53,2020,11,14,7,19,30,63,2113,1,1,1,1,6,2,3,4,0,0,0,47.65183611,-117.44220556,8,0,0,3,2,1,0,3,2,0,,,,,,
530573,53,2020,12,5,7,17,47,77,0,1,1,1,1,9,1,6,99,0,3,,46.41338889,-120.36408611,8,0,0,1,1,98,0,8,98,0,17,50,18,3,,
530574,53,2020,11,28,7,17,49,33,1960,1,1,1,1,6,2,4,4,0,0,0,47.58831667,-122.29808056,8,0,0,3,2,1,0,3,10,0,,,,,,
530575,53,2020,10,9,6,12,3,9,760,1,2,2,2,2,1,3,1,1,0,1915,47.95698056,-124.38763611,12,6,0,2,3,1,0,1,98,0,,,,,,
540001,54,2020,1,4,7,17,44,81,553,1,1,1,1,3,2,3,1,1,0,141,37.96676389,-81.5294,34,0,0,1,1,4,0,2,2,0,17,45,18,41,,
540002,54,2020,1,8,4,19,30,3,1307,1,1,1,1,3,2,6,1,0,0,56,39.36261111,-78.04664444,8,0,0,1,1,1,0,2,1,0,,,,,,
540003,54,2020,1,4,7,12,1,27,410,1,2,2,2,2,1,4,1,0,0,259,39.27869444,-78.51115556,12,6,0,2,3,1,0,1,10,0,,,,,,
540004,54,2020,1,1,4,0,28,3,1660,1,3,3,3,1,2,1,1,1,0,130,39.4429,-77.98937778,12,1,0,1,1,1,0,2,1,0,,,,,,
540005,54,2020,1,11,7,15,24,87,1928,1,1,1,1,4,1,5,1,0,0,55,38.58013056,-81.20751667,17,0,0,1,1,4,0,1,1,0,15,26,16,1,,
540006,54,2020,1,12,1,11,34,25,1887,1,1,1,1,3,1,4,1,0,0,153,37.96529444,-80.13688333,34,0,0,1,1,4,0,1,1,0,11,48,12,2,,
540007,54,2020,1,3,6,2,43,37,2230,1,2,2,2,3,1,4,1,0,0,21,39.30795278,-77.86375,12,2,0,1,1,1,0,2,2,0,,,,,,
540008,54,2020,1,11,7,1,35,25,2360,1,1,1,3,4,1,6,1,0,0,98,38.06774722,-80.60366111,34,0,0,1,1,4,0,2,10,0,,,,,,
540009,54,2020,1,23,5,21,50,109,1937,1,1,1,1,3,1,4,1,0,0,212,37.57596667,-81.50643889,1,0,0,1,1,4,0,2,10,0,,,,,,
540010,54,2020,1,16,5,19,21,37,490,2,2,2,3,3,2,4,1,0,0,76,39.30052778,-77.9065,12,2,0,1,1,1,0,2,1,0,19,33,19,59,,
540011,54,2020,1,26,1,1,55,35,1759,1,1,1,1,3,1,3,1,0,0,46,38.88323056,-81.84872222,34,0,0,1,1,4,0,2,10,0,1,59,2,9,2,45
540012,54,2020,1,12,1,12,24,55,2180,1,2,2,2,3,2,4,1,0,0,25,37.36395278,-81.08394722,12,2,0,1,1,1,0,1,1,0,,,,,,
540013,54,2020,1,26,1,6,56,31,127,1,2,2,3,3,1,5,1,0,0,203,39.04249722,-78.74307222,12,2,0,1,1,1,0,2,1,0,,,,,,
540014,54,2020,1,27,2,21,4,39,560,1,1,1,1,2,2,6,1,0,0,391,38.49039167,-81.349175,8,0,0,1,1,1,0,2,10,0,21,4,21,9,,
540015,54,2020,1,27,2,18,42,39,242,1,2,2,2,1,2,1,1,1,0,30,38.40731944,-81.58133611,12,1,0,1,1,1,0,2,1,0,,,,,,
540016,54,2020,1,25,7,12,56,49,840,1,1,1,1,5,6,96,96,0,0,0,39.45313889,-80.17268056,33,0,0,1,1,4,0,1,2,0,12,58,13,4,13,55
540017,54,2020,1,27,2,15,25,55,2180,1,2,2,5,2,2,3,1,1,0,38,37.34364167,-81.12062222,12,6,0,2,3,1,0,1,1,0,,,,,,
540018,54,2020,1,29,4,17,48,3,1660,1,2,2,2,3,2,4,1,0,0,148,39.44186389,-77.98225278,12,6,0,2,2,1,0,2,1,0,,,,,,
540019,54,2020,2,1,7,22,13,39,560,1,1,1,1,1,1,1,1,1,0,140,38.51495,-81.38575278,43,0,0,1,1,3,0,2,2,0,22,15,22,22,,
540020,54,2020,2,3,2,10,54,107,2686,1,1,1,1,4,2,7,1,0,0,12,39.139875,-81.44745833,43,0,0,1,1,5,0,1,1,0,,,,,,
540021,54,2020,2,3,2,10,47,45,620,1,1,1,1,4,1,5,1,0,0,23,37.76199722,-81.84226389,1,0,0,1,1,1,0,1,1,0,,,,,,
540022,54,2020,2,5,4,11,36,107,2040,1,1,1,1,1,2,1,1,1,0,1748,39.20710833,-81.519925,35,0,0,1,1,4,0,1,1,0,11,40,11,48,,
540023,54,2020,2,11,3,15,39,53,1180,1,1,1,1,2,2,3,1,1,0,179,38.82941389,-82.13333889,24,0,0,1,1,3,0,1,10,0,,,,,,
540024,54,2020,2,8,7,14,45,33,540,2,2,2,4,2,2,3,1,1,0,133,39.29365,-80.35744444,12,2,0,1,1,1,0,1,4,0,14,52,14,54,15,21
540025,54,2020,2,14,6,16,45,97,340,1,1,1,1,2,1,3,1,1,0,110,38.98040833,-80.14979167,26,0,0,1,1,3,0,5,4,0,16,49,16,57,17,7
540026,54,2020,2,7,6,15,41,67,2570,1,3,3,6,2,1,3,1,1,0,81,38.25371667,-80.85718056,12,1,0,1,1,1,0,1,4,0,,,,,,
540027,54,2020,2,8,7,16,11,87,0,1,2,2,5,3,1,5,1,0,0,214,38.73764444,-81.28413056,12,2,0,1,1,1,0,1,4,0,16,15,16,29,17,57
540028,54,2020,2,14,6,1,52,3,864,1,2,2,4,1,2,1,1,1,0,25,39.58435278,-77.83315278,12,1,0,1,1,1,4,2,10,0,1,53,2,1,2,24
540029,54,2020,2,14,6,20,37,39,183,1,2,2,3,2,2,3,1,1,0,316,38.20398889,-81.50229722,12,6,0,2,2,1,0,2,1,0,,,,,,
540030,54,2020,2,15,7,23,53,99,626,1,1,1,1,4,1,6,1,0,0,28,37.90975,-82.36350833,35,0,0,1,1,4,0,2,1,0,23,55,0,37,,
540031,54,2020,2,16,1,14,10,5,2206,1,2,2,2,3,1,5,1,0,0,2,38.14333333,-81.65839444,12,6,0,1,1,1,2,1,1,0,14,14,14,20,,
540032,54,2020,2,17,2,17,13,77,330,1,1,1,1,4,1,6,1,0,0,83,39.65829167,-79.64651111,9,0,0,1,1,1,0,1,1,0,,,,,,
540033,54,2020,2,16,1,19,5,19,1970,1,2,2,3,2,2,3,1,1,0,57,37.95645,-81.15564167,12,6,0,2,3,1,0,2,1,0,9,,,,,
540034,54,2020,2,13,5,13,52,103,0,1,1,1,2,4,1,5,1,0,0,1,39.58049722,-80.66006389,35,0,0,1,1,4,0,1,1,0,,,,,,
540035,54,2020,2,16,1,5,30,65,205,1,2,2,2,2,1,3,1,1,0,136,39.59666389,-78.24350556,8,0,0,1,1,1,0,2,1,0,9,,,,,
540036,54,2020,2,19,4,18,48,83,285,2,2,2,2,2,1,3,1,0,0,151,38.9116,-79.77369167,12,2,0,1,1,1,0,2,1,0,,,,,,
540037,54,2020,2,19,4,16,8,107,2040,1,2,2,2,3,2,4,1,0,0,29,39.22633056,-81.50539167,12,2,0,1,1,1,0,1,1,1,16,11,16,18,,
540038,54,2020,2,25,3,8,24,27,121,1,1,1,3,2,1,4,1,0,0,174,39.31477778,-78.65863333,31,0,0,1,1,4,0,1,1,0,,,,,,
540039,54,2020,2,24,2,17,18,3,864,1,2,2,2,2,2,4,1,0,0,216,39.5242,-77.92186944,12,2,0,1,1,1,0,1,1,0,17,27,17,33,17,58
540040,54,2020,3,2,2,11,45,5,2206,1,1,1,5,3,1,5,1,0,0,15,38.144375,-81.65741944,35,0,0,1,1,4,0,1,2,0,11,49,11,52,12,33
540041,54,2020,3,1,1,16,16,3,1660,1,2,2,3,4,2,6,1,0,0,48,39.42405278,-78.03803333,12,2,0,1,1,1,0,1,1,0,,,,,,
540042,54,2020,3,2,2,11,13,95,2440,1,2,2,2,3,1,5,1,0,0,297,39.55145278,-81.00126944,12,8,0,1,1,1,0,1,10,0,,,,,,
540043,54,2020,3,4,4,20,10,27,257,1,1,1,1,3,1,5,1,0,0,256,39.40099167,-78.44456111,42,0,0,1,1,4,0,2,1,0,,,,,,
540044,54,2020,3,6,6,6,52,39,480,1,1,1,1,6,6,96,96,0,0,0,38.36157222,-81.652775,8,0,0,1,1,4,0,4,2,0,,,,,,
540045,54,2020,3,10,3,15,59,55,300,1,2,2,6,2,1,3,1,1,0,36,37.34220556,-81.31516667,12,6,0,1,1,1,0,1,2,0,,,,,,
540046,54,2020,3,12,5,10,16,107,2686,1,1,1,1,3,1,5,1,0,0,99,39.17674167,-81.43538611,35,0,0,1,1,4,0,1,1,0,10,22,10,35,11,9
540047,54,2020,3,13,6,16,35,39,64,1,2,2,3,2,2,3,1,1,1,77,38.27254722,-81.78372778,12,6,0,2,2,1,0,1,1,0,,,,,,
540048,54,2020,3,12,5,18,30,97,957,1,1,1,1,4,1,6,1,0,0,11,38.78273889,-80.22596111,30,0,0,1,1,4,0,1,1,0,,,,,,
540049,54,2020,3,24,3,7,3,45,470,1,2,2,2,2,1,3,1,1,0,335,37.93502778,-82.01321667,12,1,0,3,3,1,0,1,1,0,7,7,7,15,7,33
540050,54,2020,3,27,6,10,50,107,1775,1,2,2,3,3,2,4,1,0,0,67,39.1548,-81.472275,12,6,0,1,1,1,0,1,2,0,10,54,11,3,11,47
540051,54,2020,3,28,7,1,18,39,2439,1,1,1,7,4,1,7,1,0,0,80,38.538975,-81.65534167,42,0,0,1,1,4,0,2,1,0,,,,,,
540052,54,2020,3,30,2,19,12,19,2523,1,1,1,1,3,1,4,1,0,0,37,37.94013333,-80.80623333,42,0,0,1,1,4,0,1,1,0,,,,,,
540053,54,2020,4,2,5,8,48,39,480,1,1,1,2,3,2,4,1,0,0,30,38.366175,-81.58253889,30,0,0,1,1,4,0,1,1,0,8,49,9,0,8,
540054,54,2020,4,4,7,15,44,55,260,1,2,2,2,6,6,96,96,0,0,0,37.25149167,-81.22860278,12,6,0,2,3,1,0,1,1,0,15,45,15,47,16,11
540055,54,2020,4,10,6,13,50,107,2670,1,1,1,2,3,2,3,1,1,0,166,39.30300833,-81.54923333,33,0,0,3,3,4,0,1,1,0,13,53,13,54,14,14
540056,54,2020,4,11,7,19,54,35,2240,1,1,1,2,4,1,6,1,0,0,55,38.87926111,-81.78401111,34,0,0,1,1,4,0,1,1,0,19,57,20,8,20,35
540057,54,2020,4,13,2,6,36,35,0,1,1,1,1,3,1,3,1,1,0,67,38.92104167,-81.82053611,16,0,0,1,1,1,0,2,2,0,,,,,,
540058,54,2020,4,13,2,20,23,81,165,1,2,2,3,1,2,1,1,1,0,1255,37.76973611,-81.11399167,12,1,0,1,1,1,0,2,1,0,,,,,,
540059,54,2020,4,15,4,10,32,3,0,1,2,2,2,4,2,6,1,0,0,12,39.41740556,-77.97161944,12,8,0,1,1,1,0,1,1,0,,,,,,
540060,54,2020,4,18,7,12,30,99,725,2,1,1,2,3,1,5,1,0,0,237,38.14034722,-82.369325,42,0,0,1,1,4,0,1,1,0,,,,,,
540061,54,2020,4,21,3,13,31,39,64,1,1,1,3,3,1,5,1,0,0,30,38.29644722,-81.76384444,34,0,0,1,1,4,0,1,1,0,13,31,13,46,14,30
540062,54,2020,4,3,6,22,3,25,2340,1,1,1,2,2,2,3,1,1,0,69,37.74695833,-80.46989167,24,0,0,1,1,4,0,2,1,0,,,,,,
540063,54,2020,4,21,3,13,12,25,730,1,1,1,1,2,1,4,1,0,0,5,37.96750278,-80.78208889,8,0,0,2,2,1,0,1,10,0,13,13,13,22,14,1
540064,54,2020,4,4,7,23,25,17,1935,1,1,1,4,4,1,7,1,0,0,11,39.23818611,-80.68586111,1,0,0,1,1,4,0,2,10,0,23,34,,,,
540065,54,2020,4,28,3,15,15,87,0,1,2,2,2,2,1,4,1,0,0,117,38.80248889,-81.36758889,12,2,0,1,1,1,0,1,1,0,15,16,15,26,15,59
540066,54,2020,5,1,6,9,5,61,1840,2,4,4,4,1,2,1,1,1,0,65,39.63489167,-79.89918333,12,6,0,1,1,1,0,1,1,0,9,5,9,15,9,43
540067,54,2020,3,9,2,23,20,19,1031,1,1,1,1,3,2,4,1,0,0,52,37.92086389,-81.16121944,8,0,0,1,1,1,0,2,1,0,,,,,,
540068,54,2020,4,23,5,16,54,3,1660,1,2,2,2,4,2,7,1,0,0,2,39.435775,-77.95733056,32,0,0,1,1,4,0,1,2,0,,,,,,
540069,54,2020,4,30,5,15,45,69,0,1,3,3,3,1,2,1,1,1,0,124,40.08855556,-80.53902778,12,1,0,1,1,1,0,1,1,0,15,49,15,56,,
540070,54,2020,4,17,6,21,26,45,0,1,1,1,1,4,1,7,1,0,0,2,37.91276667,-82.10656667,35,0,0,3,3,4,0,2,2,0,,,,,,
540071,54,2020,5,17,1,14,3,51,0,1,1,1,1,4,1,5,1,0,0,142,39.82646389,-80.693525,1,0,0,1,1,1,0,1,1,0,,,,,,
540072,54,2020,5,14,5,18,30,83,810,1,2,2,6,2,2,3,1,1,0,388,38.89139722,-79.84669722,12,6,0,8,1,1,0,1,1,0,,,,,,
540073,54,2020,5,18,2,16,4,107,2670,1,3,2,3,3,2,3,1,1,0,162,39.29789167,-81.54718333,12,6,0,2,3,1,0,1,2,0,16,3,16,11,16,41
540074,54,2020,5,20,4,8,18,83,810,1,2,2,3,3,2,3,1,1,0,340,38.90678889,-79.84414444,12,2,0,1,1,1,0,1,10,0,8,20,8,25,8,52
540076,54,2020,3,29,1,20,8,3,0,1,1,1,2,1,2,1,1,1,0,185,39.53119444,-77.92274444,32,0,0,1,1,4,0,3,1,0,,,,,,
540077,54,2020,4,4,7,15,40,3,1170,1,1,1,1,4,1,7,1,0,0,31,39.55938056,-78.06227778,42,0,0,1,1,4,0,1,1,0,14,53,15,5,15,35
540078,54,2020,4,30,5,5,47,19,2400,1,2,2,2,1,1,1,1,1,0,630,37.93966667,-81.25966667,12,9,0,1,1,1,0,4,2,0,7,25,8,2,,
540079,54,2020,5,23,7,22,18,41,2688,1,1,1,1,4,1,6,1,0,0,51,38.81694167,-80.46141667,42,0,0,1,1,4,0,2,1,0,22,19,22,48,,
540080,54,2020,5,23,7,19,34,109,1430,1,1,1,2,4,1,6,1,0,0,4,37.71278889,-81.59663611,24,0,0,1,1,4,0,1,1,0,,,,,,
540081,54,2020,5,23,7,16,22,27,121,1,4,4,7,2,1,4,1,0,0,194,39.29786389,-78.60035556,12,1,0,2,3,1,0,1,1,0,,,,,,
540082,54,2020,5,23,7,20,0,77,1690,2,1,1,2,4,1,7,1,0,0,1,39.55323889,-79.78028611,42,0,0,1,1,4,0,1,1,0,,,,,,
540083,54,2020,5,1,6,15,36,99,2720,1,1,1,1,3,1,5,1,0,0,325,38.21863056,-82.44788889,24,0,0,1,1,4,0,1,1,0,15,46,15,56,,
540084,54,2020,5,23,7,14,50,107,2040,1,1,1,1,4,1,7,1,0,0,11,39.23068611,-81.49841111,42,0,0,1,1,4,0,1,1,0,14,57,15,7,,
540086,54,2020,5,24,1,12,25,27,2330,1,1,1,4,4,1,7,1,0,0,31,39.33835,-78.80829444,42,0,0,1,1,4,0,1,1,0,,,,,,
540087,54,2020,5,24,1,13,53,55,1803,1,2,2,4,4,1,5,1,0,0,150,37.35401111,-81.25588056,12,2,0,1,1,1,0,1,1,0,13,56,14,29,,
540088,54,2020,5,25,2,15,35,19,1730,1,2,2,5,3,1,5,1,0,0,133,37.85826944,-80.85448889,12,2,0,1,1,1,0,1,10,0,,,,,,
540089,54,2020,5,26,3,21,37,61,1840,1,1,1,1,2,2,3,1,1,0,106,39.59350556,-79.95377778,52,0,0,1,1,4,0,2,1,0,,,,,,
540090,54,2020,5,29,6,22,5,15,1495,1,2,2,4,3,1,5,1,0,0,45,38.33374722,-81.174925,12,1,0,4,1,1,0,2,1,0,22,20,22,15,23,0
540091,54,2020,6,2,3,15,54,37,2420,2,2,2,4,3,1,4,1,0,0,8,39.43749444,-77.84040278,12,2,0,1,1,1,0,1,1,0,16,9,16,13,17,8
540092,54,2020,6,7,1,3,45,3,1660,1,1,1,1,1,2,1,1,1,0,180,39.52639722,-77.92763056,42,0,0,1,1,4,0,2,1,0,,,,,,
540093,54,2020,6,3,4,22,35,107,1775,1,2,2,4,3,1,5,1,0,0,32,39.16993889,-81.48805,12,6,0,1,1,1,0,2,1,0,22,37,22,46,23,29
540094,54,2020,6,13,7,19,0,97,0,1,1,1,2,4,1,7,1,0,0,4,38.92866111,-80.26651389,35,0,0,1,1,4,0,1,1,0,,,,,,
540095,54,2020,6,13,7,3,23,25,2275,1,1,1,2,2,1,3,1,0,0,310,37.99348056,-80.36165278,42,0,0,1,1,4,0,2,1,0,3,35,4,2,5,5
540096,54,2020,6,14,1,14,22,109,556,1,1,1,1,3,1,5,1,0,0,75,37.66936667,-81.65818333,9,0,0,1,1,1,0,1,1,0,,,,,,
540097,54,2020,6,14,1,23,48,39,480,1,1,1,1,6,2,7,1,0,0,0,38.3363,-81.65885278,8,0,0,1,1,1,0,3,2,0,,,,,,
540098,54,2020,6,22,2,15,12,69,2830,1,1,1,1,6,2,5,1,0,0,0,40.07092222,-80.68595,8,0,0,1,1,1,0,1,1,0,,,,,,
540099,54,2020,6,27,7,3,28,107,2040,2,1,1,2,6,2,6,1,0,0,0,39.29424167,-81.53936111,33,0,0,1,1,4,0,2,1,0,,,,,,
540100,54,2020,6,14,1,5,38,33,0,1,2,2,2,2,2,4,1,0,0,108,39.28465,-80.25251944,12,2,0,1,1,1,0,1,2,0,,,,,,
540101,54,2020,6,17,4,22,0,3,1660,1,2,2,3,4,2,6,1,0,0,48,39.42419444,-78.03795556,12,6,0,1,1,1,0,2,10,0,22,9,22,11,22,45
540102,54,2020,6,19,6,13,35,23,0,1,4,4,4,3,1,4,1,0,0,36,39.04815,-79.11176667,12,1,0,1,1,1,0,1,10,0,,,,,,
540103,54,2020,6,21,1,13,13,47,1390,1,2,2,3,2,1,3,1,1,0,283,37.42578333,-81.50718611,12,2,0,1,1,1,0,1,2,0,,,,,,
540104,54,2020,6,27,7,22,59,61,1840,1,1,1,1,3,2,3,1,1,0,21,39.65571667,-79.94595,8,0,0,1,1,1,0,2,10,0,23,0,23,3,23,20
540105,54,2020,6,28,1,2,5,69,2830,1,3,1,2,2,2,4,1,0,0,23,40.07906944,-80.71258611,14,0,0,1,1,2,0,3,10,0,,,,,,
540106,54,2020,6,28,1,18,57,25,1470,1,1,1,1,2,1,5,1,0,0,281,37.82418056,-80.48081667,38,0,0,1,1,4,0,1,1,0,18,58,19,4,19,42
540107,54,2020,6,29,2,20,0,19,1508,1,2,2,3,2,1,4,1,0,0,321,38.04970833,-80.95277778,12,6,0,4,1,1,0,5,1,0,,,,,,
540108,54,2020,6,29,2,13,0,55,0,1,2,2,2,1,1,1,1,1,0,160,37.48771667,-81.08135833,12,1,0,1,1,2,4,1,1,0,13,2,13,18,13,33
540109,54,2020,7,2,5,1,15,33,0,1,1,1,1,2,2,3,1,1,0,103,39.29412222,-80.55939167,24,0,0,1,1,4,0,6,1,0,1,32,1,35,2,2
540110,54,2020,7,8,4,12,56,107,2040,1,2,1,2,6,2,5,4,0,0,0,39.26887222,-81.54724167,9,0,0,1,1,1,0,1,1,0,,,,,,
540111,54,2020,7,2,5,6,35,3,354,1,2,2,2,4,2,6,1,0,0,39,39.33277778,-78.06055278,12,6,0,2,3,1,0,1,1,0,,,,,,
540112,54,2020,7,8,4,13,1,39,700,1,1,1,1,3,2,3,1,1,0,78,38.363975,-81.71978056,33,0,0,1,1,4,0,1,1,0,,,,,,
540113,54,2020,7,9,5,13,52,31,0,1,2,2,3,3,1,5,1,0,0,109,38.92858333,-78.83585,12,1,0,1,1,1,0,1,1,0,,,,,,
540114,54,2020,7,10,6,17,53,11,1270,1,1,1,1,4,2,7,1,0,0,2,38.38,-82.37459444,34,0,0,1,1,4,0,1,10,0,,,,,,
540115,54,2020,7,11,7,22,53,91,920,1,1,1,1,3,1,5,1,0,0,3,39.26998056,-80.13200833,42,0,0,1,1,4,0,2,1,0,,,,,,
540116,54,2020,7,6,2,22,30,15,0,1,1,1,1,4,1,7,1,0,0,30,38.42190833,-81.24666944,11,0,0,1,1,1,1,2,1,0,,,,,,
540117,54,2020,5,29,6,20,5,99,2720,1,2,1,1,3,1,5,1,0,0,304,38.20410278,-82.45208056,14,0,0,1,1,4,0,1,1,0,20,16,20,17,20,55
540118,54,2020,7,11,7,20,4,35,595,1,2,2,3,3,1,4,1,0,0,94,38.841475,-81.79583889,12,6,0,1,1,1,0,5,1,0,20,11,20,26,20,35
540119,54,2020,7,12,1,3,10,37,2230,1,1,1,1,4,2,6,1,0,0,4,39.30379444,-77.84411667,33,0,0,1,1,4,0,6,1,0,3,17,3,25,4,24
540120,54,2020,7,18,7,17,17,47,2740,1,1,1,1,2,1,3,1,1,0,210,37.42075833,-81.63656111,34,0,0,1,1,4,0,1,1,0,,,,,,
540121,54,2020,7,19,1,1,28,11,1270,1,1,1,1,3,2,3,1,1,0,7,38.42820833,-82.39103889,25,0,0,5,1,4,0,3,1,0,,,,,,
540122,54,2020,7,22,4,23,52,11,1270,1,1,1,4,6,2,7,4,0,0,0,38.40670833,-82.44170278,35,0,0,1,1,4,0,2,1,0,0,24,1,3,1,19
540123,54,2020,4,24,6,20,16,23,2090,1,2,2,3,3,1,4,1,0,0,3,39.00285556,-79.13139722,12,6,0,1,1,1,0,5,1,0,,,,,,
540124,54,2020,7,26,1,12,40,97,340,1,1,1,1,3,1,5,1,0,0,220,38.94689722,-80.249925,24,0,0,1,1,4,0,1,1,0,12,42,12,46,13,46
540125,54,2020,7,27,2,19,13,37,1345,1,1,1,1,4,1,5,1,0,0,124,39.35655278,-77.92556111,1,0,0,1,1,4,0,1,1,0,19,29,19,51,,
540126,54,2020,7,28,3,21,45,55,260,1,1,1,1,5,2,7,3,0,0,0,37.24921667,-81.22096111,30,0,0,1,1,4,0,3,2,0,22,7,22,14,23,11