st_case,state,year,month,day,day_week,hour,minute,county,city,fatals_crash,vehicles_total,vehicles_in_transport,persons_total,route,rural_urban,functional_system,road_owner,nhs,special_jurisdiction,milepoint,latitude,longitude,first_harmful_event,manner_collision,rel_jct_interchange,rel_jct_location,intersection_type,relation_to_road,work_zone,light_condition,weather,school_bus_related,ems_notified_hour,ems_notified_min,ems_arrival_hour,ems_arrival_min,hospital_hour,hospital_min
540127,54,2020,7,23,5,16,10,51,1850,1,2,2,2,4,1,5,1,0,0,193,39.88595833,-80.75434444,1,0,0,1,1,1,0,1,10,0,,,,,,
540128,54,2020,7,18,7,21,50,7,0,1,1,1,1,5,6,96,96,0,0,0,38.66122778,-80.70388056,1,0,0,1,1,1,0,2,1,0,,,,,,
540129,54,2020,7,20,2,14,40,61,1840,1,2,2,2,2,2,3,1,1,0,105,39.58751389,-79.95486111,12,6,0,2,2,1,0,1,1,0,,,,,,
540130,54,2020,7,25,7,17,29,59,0,1,2,2,2,3,1,5,1,0,0,41,37.703175,-82.18531389,12,2,0,1,1,1,0,1,1,0,17,30,17,42,18,15
540131,54,2020,7,31,6,18,41,39,480,1,4,4,6,2,1,4,1,0,0,0,38.35273611,-81.64720556,12,6,0,2,3,1,0,1,10,0,,,,,,
540132,54,2020,8,2,1,19,23,81,610,1,1,1,1,4,2,6,1,0,0,44,37.76226389,-81.24438889,42,0,0,1,1,4,0,1,10,0,,,,,,
540133,54,2020,8,7,6,9,46,37,1140,1,1,1,1,4,1,5,1,0,0,37,39.27534722,-77.78736944,42,0,0,1,1,4,0,1,1,0,9,54,10,2,10,29
540134,54,2020,8,1,7,10,45,39,480,1,3,1,1,6,2,7,4,0,0,0,38.37639444,-81.67585556,14,0,0,1,1,5,0,1,10,0,,,,,,
540135,54,2020,8,9,1,21,1,77,330,1,1,1,2,1,1,1,1,1,0,190,39.64887778,-79.70704722,1,0,0,1,1,1,0,1,1,0,12,35,13,14,12,48
540136,54,2020,8,7,6,10,46,53,1450,1,2,2,2,3,1,5,1,0,0,35,38.70215833,-81.95013056,12,6,0,2,2,1,0,1,1,0,10,52,11,13,11,35
540137,54,2020,8,9,1,6,16,99,2177,2,2,2,4,2,1,3,1,1,0,170,38.30062222,-82.57516667,12,2,0,1,1,1,0,1,5,0,,,,,,
540139,54,2020,8,11,3,12,41,107,2040,1,2,2,2,3,1,5,1,0,0,6,39.24665278,-81.62146389,12,6,0,2,3,1,0,1,1,0,12,47,12,53,,
540140,54,2020,8,12,4,15,5,23,2401,2,1,1,3,3,1,3,1,1,0,120,39.19118333,-79.17134167,1,0,0,1,1,4,0,1,1,0,,,,,,
540141,54,2020,8,13,5,6,38,73,2380,1,1,1,1,3,1,3,1,1,0,84,39.384525,-81.22944167,35,0,0,1,1,4,0,1,1,0,6,41,6,43,7,20
540142,54,2020,8,14,6,17,30,61,1840,1,2,2,3,2,2,3,1,0,0,102,39.58413056,-79.95385833,12,6,0,2,3,1,0,1,1,0,,,,,,
540143,54,2020,8,10,2,21,46,45,1500,1,1,1,1,2,1,3,1,1,0,92,37.82917222,-82.04843056,8,0,0,1,1,1,0,3,1,0,,,,,,
540144,54,2020,8,19,4,14,45,81,648,1,1,1,2,2,2,4,1,0,0,123,37.74428056,-81.12410278,1,0,0,1,1,1,0,1,1,0,14,48,14,56,,
540145,54,2020,8,20,5,20,38,37,2418,1,2,2,2,4,1,5,1,0,0,59,39.36702222,-77.82780833,12,2,0,1,1,1,0,2,1,0,20,47,20,55,21,27
540146,54,2020,8,20,5,14,38,39,480,1,1,1,5,1,2,1,1,1,0,950,38.30744722,-81.5656,1,0,1,5,1,8,0,1,1,0,,,,,,
540147,54,2020,8,20,5,6,30,83,646,1,2,2,2,2,1,3,1,1,0,216,38.80419444,-79.88811111,12,6,0,4,1,1,0,4,5,0,5,55,6,5,6,36
540148,54,2020,8,21,6,17,11,27,2444,1,2,2,2,3,1,5,1,0,0,228,39.37545833,-78.51720833,12,6,0,1,1,1,0,1,10,0,,,,,,
540149,54,2020,8,22,7,20,50,35,2310,1,1,1,1,1,1,1,1,1,0,1350,38.80325556,-81.72866667,35,0,0,1,1,4,0,2,1,0,20,55,20,58,21,12
540150,54,2020,8,25,3,19,0,35,2240,1,1,1,3,4,1,6,1,0,0,7,39.034475,-81.64831111,42,0,0,1,1,4,0,1,2,0,19,17,19,50,,
540151,54,2020,8,25,3,1,45,39,365,1,1,1,2,1,2,1,1,1,0,835,38.196325,-81.50579444,25,0,0,1,1,3,0,3,1,0,1,55,2,12,2,25
540152,54,2020,8,26,4,10,23,35,595,1,3,3,3,3,1,4,1,0,0,63,38.86732222,-81.81781667,12,6,0,2,2,1,0,1,1,0,,,,,,
540154,54,2020,8,29,7,3,26,77,1890,1,1,1,1,4,1,7,1,0,0,33,39.38005556,-79.86485278,1,0,0,1,1,1,0,2,2,0,,,,,,
540155,54,2020,8,30,1,14,5,103,1930,1,2,2,3,3,1,4,1,0,0,100,39.61713056,-80.84568333,12,6,0,2,3,1,0,1,1,0,,,,,,
540156,54,2020,9,1,3,13,36,27,0,1,2,2,2,2,2,3,1,1,0,76,39.29533333,-78.45060278,12,6,0,2,2,1,0,1,1,0,,,,,,
540157,54,2020,9,8,3,20,42,95,2440,2,3,3,6,3,1,5,1,0,0,30,39.54173611,-80.884475,12,2,0,1,1,1,0,2,1,0,,,,,,
540158,54,2020,8,10,2,9,0,43,0,1,2,2,3,3,1,5,1,0,0,34,38.33809722,-82.0493,12,6,0,1,1,1,0,1,1,0,,,,,,
540159,54,2020,8,24,2,1,55,25,2840,1,1,1,1,2,1,4,1,0,0,427,37.80024444,-80.28102778,8,0,0,1,1,1,0,2,5,0,,,,,,
540160,54,2020,8,29,7,2,47,65,0,1,1,1,2,4,1,6,1,0,0,143,39.56793889,-78.18524167,34,0,0,1,1,4,0,2,2,0,,,,,,
540161,54,2020,9,9,4,8,40,103,1930,1,1,1,1,8,6,96,96,0,0,0,39.63703611,-80.863075,21,0,0,1,1,4,0,1,1,0,,,,,,
540162,54,2020,9,9,4,6,30,99,2177,1,1,1,1,4,1,7,1,0,0,20,38.23176944,-82.6068,24,0,0,1,1,4,0,2,1,0,,,,,,
540163,54,2020,9,11,6,21,0,67,612,1,1,1,1,3,1,5,1,0,0,317,38.33819167,-80.63248611,34,0,0,1,1,4,0,2,1,0,,,,,,
540164,54,2020,9,8,3,15,20,47,2740,1,1,1,1,3,1,3,1,1,0,305,37.44084444,-81.57438889,42,0,0,1,1,4,0,1,1,0,,,,,,
540165,54,2020,9,15,3,17,55,17,2454,1,1,1,1,2,1,3,1,0,0,110,39.28521389,-80.65678611,35,0,0,1,1,4,0,1,1,0,,,,,,
540166,54,2020,6,27,7,8,10,1,0,1,1,1,1,4,1,7,1,0,0,6,39.11577778,-79.95505556,42,0,0,1,1,4,0,1,1,0,,,,,,
540167,54,2020,8,19,4,17,16,61,1840,1,2,2,4,4,2,4,1,0,0,44,39.64937778,-79.92167222,24,0,0,1,1,4,0,1,1,0,,,,,,
540168,54,2020,9,14,2,15,59,37,490,1,2,2,2,2,1,3,1,1,0,146,39.25905,-77.87695833,12,6,0,2,2,1,0,1,1,0,16,2,16,9,,
540170,54,2020,9,16,4,10,15,27,2444,1,1,1,1,3,1,5,1,0,0,244,39.37013889,-78.53280833,1,0,0,1,1,4,0,1,1,0,,,,,,
540171,54,2020,9,16,4,12,20,67,1005,1,2,2,2,3,1,5,1,0,0,196,38.30019167,-80.94299444,35,0,0,1,1,4,0,1,1,0,,,,,,
540172,54,2020,9,18,6,17,4,37,1140,1,3,3,5,2,1,3,1,1,0,120,39.31462778,-77.79066944,12,6,0,2,3,1,0,1,1,0,17,7,17,10,17,41
540173,54,2020,9,19,7,15,14,97,340,1,1,1,1,4,2,7,1,0,0,1,38.99445,-80.19306944,30,0,0,1,1,4,0,1,1,0,15,33,15,39,,
540174,54,2020,9,20,1,17,55,11,1270,1,2,2,2,2,2,3,1,1,0,55,38.40626944,-82.50056667,12,8,0,1,1,1,0,1,1,0,,,,,,
540175,54,2020,9,20,1,22,30,39,480,1,1,1,1,2,2,3,1,1,0,76,38.375325,-81.66549444,9,0,0,2,2,1,0,1,1,0,,,,,,
540177,54,2020,9,23,4,19,23,23,1873,1,2,2,2,2,1,4,1,0,0,121,39.29338333,-79.34624722,1,0,0,1,1,1,0,5,1,0,,,,,,
540179,54,2020,9,27,1,12,21,57,1895,1,1,1,1,2,1,4,1,0,0,118,39.32815833,-79.11703889,34,0,0,1,1,4,0,1,1,0,,,,,,
540180,54,2020,9,28,2,21,45,39,242,1,1,1,2,1,1,1,1,1,0,75,38.42284722,-81.54415278,23,0,0,1,1,4,0,2,2,0,,,,,,
540181,54,2020,9,28,2,19,7,59,2870,1,2,2,3,2,1,3,1,1,0,221,37.67525833,-82.24134167,12,2,0,1,1,1,0,2,1,0,19,8,19,11,19,41
540182,54,2020,10,1,5,19,35,39,2439,1,1,1,1,4,1,5,1,0,0,156,38.47819722,-81.6705,8,0,0,1,1,1,0,5,1,0,19,36,19,49,,
540183,54,2020,10,3,7,3,19,29,1910,1,1,1,2,8,6,96,96,0,0,0,40.60204722,-80.59585556,1,0,0,1,1,4,0,2,1,0,3,21,3,34,,
540184,54,2020,10,3,7,3,15,43,2581,1,1,1,1,3,1,5,1,0,0,105,38.26916111,-82.05833333,35,0,0,1,1,4,0,2,1,0,3,22,3,35,4,38
540185,54,2020,10,5,2,18,55,91,1060,1,1,1,1,2,1,4,1,0,0,154,39.40442778,-79.93871944,1,0,0,1,1,1,0,5,1,0,18,48,19,9,,
540186,54,2020,10,6,3,20,12,53,2150,1,2,2,4,3,1,4,1,0,0,236,38.89192778,-82.12168611,12,6,0,1,1,1,0,2,1,0,,,,,,
540187,54,2020,10,6,3,19,50,49,0,1,1,1,1,4,1,7,1,0,0,6,39.57149722,-80.19519722,42,0,0,1,1,4,0,2,1,0,,,,,,
540188,54,2020,10,7,4,10,27,81,165,1,2,2,2,3,2,4,1,0,0,8,37.74946111,-81.13443889,12,2,0,1,1,1,0,1,1,0,,,,,,
540189,54,2020,10,11,1,15,55,37,1140,1,1,1,2,5,1,4,1,0,0,37,39.33719444,-77.76377222,35,0,0,3,3,4,0,1,2,0,16,3,16,15,16,54
540190,54,2020,10,12,2,9,5,37,1345,1,2,2,3,4,1,5,1,0,0,14,39.33564444,-77.91441111,12,6,0,2,2,1,0,1,2,0,9,8,9,13,9,51
540191,54,2020,10,13,3,6,5,39,965,1,1,1,2,1,1,1,1,1,0,680,38.04116111,-81.36325556,8,0,0,1,1,1,0,2,10,0,,,,,,
540192,54,2020,10,14,4,13,55,79,2591,1,1,1,1,3,2,4,1,0,0,131,38.44608611,-81.96602778,8,0,0,1,1,1,0,1,1,0,13,58,14,4,14,39
540193,54,2020,6,23,3,8,13,17,0,1,1,1,1,4,1,7,1,0,0,24,39.28176389,-80.83776111,42,0,0,1,1,4,0,1,10,0,,,,,,
540194,54,2020,8,3,2,6,30,35,2394,1,2,2,2,4,1,5,1,0,0,272,38.86435278,-81.69235556,12,2,0,1,1,1,0,4,1,0,,,,,,
540195,54,2020,10,2,6,15,14,47,2173,1,1,1,2,2,1,3,1,1,0,165,37.421725,-81.64819444,30,0,0,1,1,4,0,1,1,0,15,20,15,31,16,0
540196,54,2020,10,3,7,5,13,83,1955,1,1,1,1,4,1,7,1,0,0,20,38.93921667,-79.95850556,34,0,0,1,1,4,0,2,1,0,5,20,5,28,5,47
540197,54,2020,10,18,1,3,15,37,2418,1,1,1,1,4,2,6,1,0,0,20,39.38664167,-77.81839444,30,0,0,1,1,4,0,2,1,0,4,14,4,53,,
540198,54,2020,10,21,4,9,35,67,2570,1,2,2,2,4,1,7,1,0,0,17,38.23180278,-80.84352778,12,2,1,2,2,1,0,1,1,0,,,,,,
540199,54,2020,10,27,3,8,35,55,1437,1,2,2,4,3,1,5,1,0,0,31,37.415075,-81.18583611,12,7,0,8,1,1,0,1,1,0,,,,,,
540200,54,2020,10,29,5,14,41,53,2485,1,1,1,1,3,1,7,1,0,0,135,38.77651389,-82.03237778,35,0,0,1,1,4,0,1,2,0,,,,,,
540201,54,2020,10,31,7,13,52,39,0,1,2,2,2,2,2,4,1,0,0,281,38.41553889,-81.49568611,12,2,0,1,1,1,0,1,1,0,13,56,14,2,14,28
540202,54,2020,11,1,1,3,15,43,305,1,1,1,1,4,1,6,1,0,0,15,38.24073056,-82.19796111,1,0,0,1,1,4,0,2,1,0,,,,,,
540203,54,2020,11,6,6,14,0,55,260,1,1,1,1,4,1,7,1,0,0,17,37.31495833,-81.22550833,34,0,0,1,1,4,0,1,1,0,,,,,,
540204,54,2020,11,7,7,19,54,39,720,1,2,2,3,3,1,4,1,0,0,50,38.210225,-81.45542778,12,2,0,1,1,1,0,2,1,0,19,53,20,3,21,0
540205,54,2020,11,9,2,13,12,33,320,1,1,1,1,1,2,1,1,1,0,1220,39.31034444,-80.26603611,1,0,0,1,1,3,0,1,1,0,13,14,13,18,,
540206,54,2020,10,22,5,19,26,31,1998,1,1,1,1,8,6,96,96,0,0,0,39.19205833,-78.92854722,1,0,0,1,1,4,0,2,1,0,19,36,19,45,,
540207,54,2020,11,7,7,17,11,59,680,1,1,1,2,3,1,5,1,0,0,160,37.78018333,-82.25204722,1,0,0,1,1,1,0,1,1,0,,,,,,
540208,54,2020,11,17,3,16,45,67,403,2,2,2,2,3,1,4,1,0,0,334,38.26395556,-80.79110278,12,2,0,1,1,1,0,1,1,0,,,,,,
540209,54,2020,11,18,4,11,18,83,1290,1,2,2,3,2,1,4,1,0,0,144,38.70394722,-79.97707222,12,2,0,1,1,1,0,1,1,0,11,21,11,33,12,26
540210,54,2020,11,22,1,16,10,97,957,1,1,1,1,4,1,7,1,0,0,24,38.84282222,-80.27841944,34,0,0,1,1,4,0,1,1,0,16,14,16,33,,
540211,54,2020,11,26,5,0,23,99,2720,1,1,1,1,3,1,5,1,0,0,131,38.20243611,-82.43729444,53,0,0,1,1,4,0,2,2,0,0,27,0,30,,
540212,54,2020,11,26,5,17,30,47,290,1,1,1,1,3,1,5,1,0,0,18,37.32295278,-81.81857222,8,0,0,1,1,1,0,1,1,0,,,,,,
540213,54,2020,11,26,5,12,30,97,340,1,1,1,3,4,1,7,1,0,0,0,38.95102222,-80.33225,1,0,0,1,1,4,0,1,2,0,12,47,13,4,14,7
540214,54,2020,6,25,5,9,50,7,360,2,2,2,2,5,1,7,1,0,0,13,38.84465833,-80.63264167,12,2,0,1,1,1,0,1,1,0,,,,,,
540215,54,2020,11,14,7,7,24,27,3001,1,2,2,3,3,1,5,1,0,0,47,39.16687778,-78.52685556,12,2,0,1,1,1,0,1,10,0,,,,,,
540216,54,2020,11,24,3,14,57,65,0,1,2,2,2,2,1,3,1,1,0,110,39.58539444,-78.25020278,12,1,0,3,3,1,0,1,1,0,,,,,,
540217,54,2020,10,29,5,7,0,23,1726,1,2,2,2,2,1,3,1,1,0,160,39.15175,-79.13225556,12,6,0,2,3,1,0,4,1,0,,,,,,
540218,54,2020,10,31,7,21,29,99,1438,1,1,1,2,3,2,4,1,0,0,114,38.33595278,-82.45715,17,0,0,1,1,4,0,2,1,0,21,29,21,32,22,20
540219,54,2020,11,23,2,7,10,3,1660,2,1,1,2,1,2,1,1,1,0,170,39.50549444,-77.94107778,42,0,0,1,1,4,0,4,1,0,,,,,,
540220,54,2020,12,1,3,7,25,93,0,1,2,2,2,2,1,3,1,1,0,82,39.09619444,-79.67076111,12,6,0,1,1,1,0,1,4,0,,,,,,
540221,54,2020,12,1,3,10,17,33,0,1,2,2,3,1,2,1,1,1,0,1180,39.26930556,-80.28783333,12,1,0,1,1,1,0,1,4,0,,,,,,
540222,54,2020,12,2,4,12,19,55,261,1,2,2,6,2,1,3,1,1,0,50,37.30401944,-81.25683889,12,1,0,1,1,1,0,1,1,0,,,,,,
540223,54,2020,12,2,4,15,6,5,2221,1,1,1,1,3,1,5,1,0,0,31,37.98474722,-81.82274722,18,0,0,1,1,4,0,1,1,0,,,,,,
540224,54,2020,12,4,6,4,50,3,354,1,1,1,1,1,1,1,1,1,0,18,39.32971389,-78.06755278,1,0,0,1,1,3,0,2,1,0,,,,,,
540225,54,2020,12,5,7,18,0,75,335,1,1,1,1,4,1,7,1,0,0,2,38.18368889,-80.13410833,35,0,0,1,1,8,2,3,4,0,,,,,,
540226,54,2020,12,6,1,18,51,79,2247,1,1,1,1,4,1,5,1,0,0,62,38.57900833,-81.91723611,34,0,0,1,1,4,0,2,1,0,,,,,,
540227,54,2020,12,9,4,3,5,29,2730,1,1,1,2,6,1,6,1,0,0,0,40.40665556,-80.54340278,35,0,0,1,1,4,0,3,1,0,,,,,,
540228,54,2020,12,9,4,14,30,39,2439,1,2,2,4,1,1,1,1,1,0,1160,38.53906111,-81.641925,12,6,0,1,1,1,0,1,1,0,14,31,14,39,15,1
540229,54,2020,12,9,4,15,26,35,595,1,1,1,1,3,1,4,1,0,0,50,38.86820278,-81.81840556,24,0,0,1,1,4,0,1,1,0,15,27,15,38,16,22
540230,54,2020,12,10,5,18,40,39,2370,1,2,2,2,2,2,3,1,1,0,77,38.37536667,-81.79279722,12,2,0,1,1,1,0,3,1,0,18,50,18,54,19,14
540231,54,2020,7,10,6,5,20,103,2243,1,1,1,2,4,1,7,1,0,0,29,39.54135278,-80.73454167,1,0,0,1,1,1,0,4,1,0,9,,,,,
540232,54,2020,10,11,1,14,56,7,1486,1,2,2,5,2,1,3,1,1,0,37,38.57880556,-80.73187222,12,7,0,1,1,1,0,1,1,0,,,,,,
540233,54,2020,10,11,1,22,20,19,2400,1,1,1,1,3,2,4,1,0,0,67,37.95760833,-81.16446944,35,0,0,1,1,4,0,2,5,0,,,,,,
540234,54,2020,11,29,1,19,8,11,1270,1,1,1,3,6,1,7,1,0,0,0,38.40165,-82.4749,11,0,0,1,1,1,0,3,1,0,,,,,,
540235,54,2020,12,12,7,16,21,75,335,1,1,1,3,2,1,3,1,1,0,138,38.181525,-80.13499722,42,0,0,1,1,4,0,5,1,0,,,,,,
540236,54,2020,12,12,7,22,30,99,1438,1,1,1,1,3,2,4,1,0,0,97,38.35617222,-82.51483333,8,0,0,1,1,1,0,2,1,0,,,,,,
540237,54,2020,8,18,3,22,15,29,1927,1,1,1,1,3,1,5,1,0,0,39,40.54336944,-80.56257778,35,0,0,1,1,4,0,2,1,0,,,,,,
540238,54,2020,11,22,1,0,20,61,1840,1,1,1,1,1,1,1,1,1,0,1430,39.52397778,-80.00999167,1,0,0,1,1,3,0,2,1,0,0,20,0,38,,
540239,54,2020,12,7,2,7,25,49,1630,1,2,2,4,2,1,4,1,0,0,182,39.51060278,-80.302275,12,2,0,2,3,1,0,1,1,0,,,,,,
540240,54,2020,12,12,7,11,20,83,2658,1,2,2,3,3,1,5,1,0,0,105,38.55345,-80.03486944,12,2,0,1,1,1,0,1,1,0,,,,,,
540241,54,2020,12,14,2,10,45,99,1350,1,2,2,2,1,2,1,1,1,0,5,38.38189167,-82.59291111,57,0,0,1,1,3,0,1,2,0,,,,,,
540242,54,2020,12,15,3,20,36,107,2040,1,1,1,1,3,2,3,1,0,0,154,39.28463889,-81.54719444,8,0,0,1,1,1,0,2,1,0,20,36,20,41,20,55
540243,54,2020,5,15,6,18,13,45,1500,1,1,1,1,3,2,3,1,1,0,212,37.84251111,-81.98029444,26,0,0,1,1,3,0,1,1,0,9,,,,,
540244,54,2020,12,16,4,19,15,99,1270,1,1,1,1,3,2,5,1,0,0,445,38.37459444,-82.45473333,24,0,0,1,1,4,0,2,2,0,,,,,,
540245,54,2020,12,17,5,11,45,25,2340,1,3,3,3,2,1,3,1,1,0,17,37.74981389,-80.46310833,12,7,0,3,2,1,0,1,10,0,,,,,,
540246,54,2020,12,18,6,10,1,27,2414,3,2,2,4,2,1,4,1,0,0,148,39.31286944,-78.65513056,12,2,0,1,1,1,0,1,2,0,10,3,10,15,10,29
540247,54,2020,12,21,2,17,52,3,1660,1,1,1,1,6,2,7,1,0,0,0,39.45395278,-77.92107778,19,0,0,1,1,5,0,2,2,0,,,,,,
540248,54,2020,12,25,6,4,0,3,1660,2,1,1,2,1,2,1,1,1,0,140,39.47866111,-77.98132778,46,0,1,3,2,4,0,2,2,0,,,,,,
540249,54,2020,12,25,6,14,0,27,1089,1,2,2,2,4,1,5,1,0,0,1,39.49571111,-78.65672222,12,2,0,1,1,1,0,1,10,0,14,5,14,22,15,30
540250,54,2020,12,29,3,14,35,99,1438,1,1,1,1,3,2,6,1,0,0,410,38.33494444,-82.45461389,32,0,0,1,1,4,0,1,1,0,,,,,,
540251,54,2020,12,29,3,19,2,35,831,1,1,1,1,4,1,5,1,0,0,15,38.82764444,-81.79275278,38,0,0,1,1,4,0,2,1,0,19,6,19,13,20,13
540252,54,2020,12,29,3,1,50,37,490,1,2,2,3,3,2,4,1,0,0,85,39.29386944,-77.84588056,12,6,0,2,2,1,0,3,1,0,2,8,2,19,2,34
540253,54,2020,12,30,4,15,13,107,1775,2,3,3,5,3,1,5,1,0,0,13,39.14186944,-81.45250278,12,6,0,1,1,1,0,1,1,0,15,16,15,33,,
540254,54,2020,11,29,1,13,28,15,1495,1,2,2,2,3,1,5,1,0,0,44,38.33064722,-81.178175,12,2,0,1,1,1,0,1,1,0,9,,,,,
540255,54,2020,12,15,3,7,0,93,2050,1,1,1,1,3,1,4,1,0,0,64,39.03537778,-79.4443,43,0,0,1,1,1,0,4,4,0,7,2,7,20,,
540256,54,2020,11,25,4,19,45,71,2653,1,1,1,2,4,1,7,1,0,0,1,38.77833056,-79.22519167,23,0,0,1,1,4,0,2,2,0,,,,,,
550001,55,2020,1,2,5,14,17,119,0,1,2,2,2,3,1,3,1,1,0,,45.28485,-90.30230278,12,2,0,1,1,1,0,1,10,0,14,20,14,30,,
550002,55,2020,1,4,7,6,50,25,2780,1,2,2,3,2,2,2,1,1,0,,43.06736111,-89.52265278,12,1,0,1,1,1,0,6,10,0,0,0,0,0,0,0
550003,55,2020,1,1,4,2,54,79,3100,1,2,2,4,6,2,4,4,0,0,0,43.09685833,-87.95688611,12,2,0,1,1,1,0,3,10,0,2,55,2,55,3,0
550004,55,2020,1,3,6,16,41,7,0,1,2,2,3,2,1,3,1,1,0,,46.3556,-91.16768333,12,2,0,1,1,1,0,5,10,0,16,,16,58,,
550005,55,2020,1,3,6,4,29,59,3795,1,1,1,1,1,2,1,1,1,0,,42.49666111,-87.95099444,8,0,0,1,1,1,0,2,10,0,5,6,5,13,,
550006,55,2020,1,11,7,17,36,1,0,1,2,2,3,3,1,4,1,0,0,,44.05381944,-89.80645556,12,6,0,2,2,1,0,2,1,0,17,42,17,45,,
550008,55,2020,1,15,4,14,10,25,0,1,2,2,5,2,1,3,1,1,0,,43.13686111,-89.73813611,12,2,0,1,1,1,0,1,2,0,,,,,,
550009,55,2020,1,13,2,12,52,5,0,1,2,2,4,4,1,5,2,0,0,0,45.29301111,-91.69015,12,6,0,2,3,1,0,1,10,0,12,55,13,0,,
550010,55,2020,1,15,4,12,35,133,5060,1,1,1,1,3,2,3,1,1,0,,43.00237778,-88.19905556,33,0,0,3,2,4,0,1,10,0,12,35,12,43,13,6
550011,55,2020,1,25,7,13,28,135,0,1,1,1,2,2,1,3,1,1,0,,44.25703333,-88.87939444,1,0,0,1,1,4,0,1,10,0,13,28,13,39,14,32
550012,55,2020,1,26,1,1,33,79,3100,1,1,1,1,6,2,7,4,0,0,0,43.06425833,-87.95746389,9,0,0,2,2,1,0,3,10,0,,,,,,
550013,55,2020,1,22,4,10,36,17,1000,1,2,2,2,6,2,7,4,0,0,0,44.93770278,-91.35950556,12,6,1,2,2,1,0,1,4,0,10,37,10,38,11,16
550014,55,2020,1,30,5,17,9,139,0,1,2,2,2,5,1,7,2,0,0,0,44.18890556,-88.52374722,54,11,0,1,1,1,0,5,10,0,17,15,17,22,18,0
550015,55,2020,1,24,6,19,32,55,0,2,2,2,3,2,1,4,1,0,0,,43.01265556,-88.99161389,12,6,0,1,1,1,0,2,4,0,,,,,,
550016,55,2020,1,27,2,6,40,121,0,1,3,3,3,3,1,3,1,1,0,,44.48670556,-91.42261389,12,2,0,1,1,1,0,2,12,0,6,50,7,22,,
550017,55,2020,1,30,5,17,36,83,0,2,2,2,3,2,1,3,1,1,0,,44.95590278,-88.03576111,12,2,0,5,1,1,0,2,10,0,17,38,17,48,18,45
550018,55,2020,1,27,2,18,17,59,9997,1,2,2,2,7,2,7,21,0,0,0,42.6352,-87.95169167,12,2,0,1,1,1,0,2,1,0,18,23,18,26,18,50
550019,55,2020,1,25,7,11,11,79,3100,1,2,2,3,6,2,4,4,0,0,0,43.04318056,-87.92437222,12,6,0,2,2,1,0,1,10,0,,,,,,
550020,55,2020,1,10,6,9,15,21,0,1,2,2,2,4,1,5,2,0,0,0,43.38992222,-89.52142222,12,6,0,2,3,1,0,1,10,0,9,28,,,,
550021,55,2020,2,18,3,19,6,89,0,1,2,2,3,3,1,3,1,1,0,26,43.46000556,-87.94054167,12,6,0,16,1,1,0,2,10,0,,,,,,
550022,55,2020,1,17,6,11,8,37,0,1,3,3,3,2,1,3,1,1,0,,45.93500833,-88.27755,12,1,0,3,3,1,0,1,10,0,11,12,11,28,12,17
550023,55,2020,1,17,6,1,48,79,3100,1,1,1,1,6,2,6,4,0,0,0,43.09684444,-87.97199722,42,0,0,1,1,4,0,3,1,0,1,54,1,58,,
550024,55,2020,1,31,6,17,43,79,3100,1,1,1,1,6,2,4,4,0,0,0,43.07523056,-87.97173056,8,0,0,1,1,1,0,3,1,0,17,48,17,58,18,20
550025,55,2020,3,1,1,19,57,59,9997,1,1,1,2,4,2,6,2,0,0,0,42.52642778,-88.13166667,34,0,0,3,3,4,0,5,1,0,20,8,20,10,20,34
550026,55,2020,2,28,6,0,30,59,4880,1,1,1,1,4,2,7,2,0,0,0,42.536625,-88.24651944,30,0,0,1,1,4,0,3,1,0,0,32,0,37,1,1
550027,55,2020,2,26,4,2,28,59,2400,1,1,1,1,6,2,4,4,0,0,0,42.59897778,-87.82825556,33,0,0,1,1,4,0,3,4,0,2,31,2,33,3,47
550028,55,2020,3,6,6,14,17,105,0,1,1,1,1,3,1,4,1,0,0,,42.54685278,-89.09825556,1,0,0,1,1,4,0,1,1,0,14,18,14,26,14,55
550029,55,2020,3,5,5,19,16,19,0,1,1,1,1,3,1,3,1,1,0,,44.9438,-90.47851389,1,0,0,1,1,3,0,2,4,0,19,25,19,26,,
550030,55,2020,3,1,1,2,32,101,3970,1,1,1,1,3,2,3,1,1,0,,42.71865,-87.83830278,59,0,0,3,2,3,0,3,1,0,2,34,2,39,,
550031,55,2020,3,7,7,0,12,39,1730,1,1,1,1,6,2,7,4,0,0,0,43.78684167,-88.44339722,42,0,0,1,1,4,0,3,1,0,,,,,,
550032,55,2020,3,10,3,6,10,61,0,1,2,2,2,4,1,5,2,0,0,0,44.51621111,-87.70414722,12,6,0,2,2,1,0,2,1,0,6,13,6,19,7,3
550034,55,2020,2,28,6,17,10,25,3140,1,2,2,2,2,2,2,1,1,0,,43.04448611,-89.33108611,12,7,0,1,1,1,0,1,1,0,17,13,17,30,18,0
550035,55,2020,2,19,4,17,28,93,0,1,2,2,3,2,1,3,1,1,0,,44.82788333,-92.41080833,12,2,0,2,4,1,0,1,1,0,17,31,17,47,18,0
550036,55,2020,2,13,5,14,21,105,0,1,2,2,2,5,1,7,3,0,0,0,42.77803611,-88.89651111,12,6,0,8,1,1,0,1,1,0,,,,,,