st_case,state,year,month,day,day_week,hour,minute,county,city,fatals_crash,vehicles_total,vehicles_in_transport,persons_total,route,rural_urban,functional_system,road_owner,nhs,special_jurisdiction,milepoint,latitude,longitude,first_harmful_event,manner_collision,rel_jct_interchange,rel_jct_location,intersection_type,relation_to_road,work_zone,light_condition,weather,school_bus_related,ems_notified_hour,ems_notified_min,ems_arrival_hour,ems_arrival_min,hospital_hour,hospital_min
550205,55,2020,6,2,3,8,57,13,0,1,1,1,1,4,1,5,2,0,0,0,45.68835278,-92.09364167,32,0,0,1,1,4,0,1,1,0,9,1,9,19,,
550206,55,2020,6,4,5,16,48,79,3100,1,2,2,8,6,2,7,4,0,0,0,43.07113056,-87.91833333,12,6,0,2,2,1,0,1,1,0,16,49,16,52,17,11
550207,55,2020,6,6,7,13,3,15,0,1,2,2,3,4,1,5,2,0,0,0,43.95149167,-88.16089444,12,6,0,2,2,1,0,1,1,0,13,3,13,57,,
550208,55,2020,6,2,3,19,37,111,0,1,1,1,3,3,1,5,1,0,0,,43.42733056,-89.68905556,42,0,0,1,1,5,0,5,10,0,19,51,20,5,,
550209,55,2020,6,7,1,11,50,89,0,1,1,1,1,3,2,3,1,1,0,,43.27999167,-88.00401667,33,0,0,1,1,3,0,1,1,0,11,51,12,3,12,45
550210,55,2020,6,12,6,4,40,137,0,1,1,1,1,3,1,4,1,0,0,,44.23957778,-89.24719167,35,0,0,1,1,4,0,4,1,0,4,43,4,50,,
550211,55,2020,6,11,5,20,43,21,0,1,2,2,2,2,1,4,1,0,0,,43.46265278,-89.40856667,12,7,0,1,1,1,0,5,1,0,20,45,20,55,,
550212,55,2020,6,13,7,18,22,117,0,1,1,1,1,4,1,5,2,0,0,0,43.79097778,-87.87332778,34,0,0,1,1,4,0,1,1,0,18,28,18,36,,
550213,55,2020,6,17,4,18,34,73,2090,1,1,1,2,3,2,3,1,1,0,,44.88132778,-89.33323056,34,0,0,1,1,4,0,1,1,0,18,38,18,49,19,24
550214,55,2020,6,14,1,11,59,141,0,2,2,2,4,3,1,5,1,0,0,,44.44489167,-89.96394167,12,6,0,2,7,1,0,1,1,0,11,59,,,,
550215,55,2020,6,12,6,2,3,101,0,1,1,1,1,4,1,5,2,1,0,0,42.78455556,-88.04471944,34,0,0,1,1,4,0,2,1,0,2,15,2,29,,
550216,55,2020,6,17,4,15,17,87,0,1,1,1,1,3,1,3,1,1,0,,44.35998056,-88.71663056,42,0,0,1,1,5,0,1,1,0,,,,,,
550217,55,2020,6,17,4,17,52,11,0,1,1,1,1,4,1,5,2,0,0,0,44.46879444,-91.90948056,34,0,0,1,1,4,0,1,1,0,17,52,18,15,,
550218,55,2020,6,14,1,2,45,27,0,1,1,1,1,3,1,4,1,0,0,,43.50584167,-88.85545556,34,0,0,1,1,4,0,2,1,0,7,35,7,38,,
550219,55,2020,6,19,6,23,25,79,3100,1,1,1,1,6,2,3,4,1,0,0,43.06063056,-87.96495278,8,0,0,1,1,1,0,3,1,0,23,27,23,33,23,45
550220,55,2020,6,11,5,10,9,63,2490,1,2,2,2,6,2,6,4,0,0,0,43.87704167,-91.26663611,12,6,0,2,2,1,0,1,1,0,10,10,10,17,10,55
550221,55,2020,6,12,6,21,29,43,0,1,1,1,1,4,1,5,2,0,0,0,42.92878056,-91.07743611,1,0,0,1,1,4,0,2,1,0,21,31,21,40,,
550222,55,2020,6,21,1,,,83,0,1,1,1,1,4,1,6,2,0,0,0,45.01393333,-88.31529444,1,0,0,1,1,4,0,2,1,0,21,47,22,0,,
550223,55,2020,6,18,5,17,45,21,0,1,2,2,4,4,1,6,2,0,0,0,43.53845278,-89.22724722,12,6,0,2,2,1,0,1,1,0,17,46,17,55,18,50
550224,55,2020,6,19,6,0,47,79,5160,1,1,1,1,6,2,3,4,1,0,0,43.01259167,-88.00731111,33,0,0,1,1,4,0,3,1,0,0,47,,,,
550225,55,2020,6,28,1,15,32,45,0,1,2,2,4,3,1,3,1,1,0,,42.59268056,-89.50440556,12,6,0,2,2,1,0,1,10,0,15,35,15,44,16,14
550226,55,2020,6,28,1,,,87,0,1,1,1,1,5,1,7,3,0,0,0,44.46545833,-88.702025,11,0,0,1,1,1,0,4,1,0,7,33,7,50,,
550227,55,2020,6,22,2,1,8,25,2780,1,1,1,2,6,2,4,4,0,0,0,43.08425556,-89.30373333,8,0,0,1,1,1,0,3,2,0,1,8,1,14,1,30
550228,55,2020,6,21,1,10,40,77,0,2,1,1,2,3,1,5,1,0,0,,43.64840278,-89.59867778,9,0,0,1,1,1,0,1,1,0,10,47,10,58,,
550229,55,2020,6,22,2,23,24,113,0,1,1,1,1,4,1,5,2,0,0,0,45.898625,-91.00555278,1,0,0,1,1,1,0,2,1,0,23,24,23,41,,
550230,55,2020,6,26,6,12,45,9,223,1,1,1,2,1,2,1,1,1,0,,44.48318056,-88.08058056,1,0,0,1,1,1,0,1,10,0,12,48,12,50,13,0
550231,55,2020,6,27,7,21,31,31,0,1,1,1,1,4,1,5,2,0,0,0,46.28485556,-91.57198889,41,0,0,3,3,8,0,5,1,0,21,31,21,51,,
550232,55,2020,6,27,7,5,38,103,0,1,1,1,1,3,1,5,1,0,0,,43.16680833,-90.19253333,17,0,0,1,1,6,0,4,5,0,,,,,,
550233,55,2020,6,26,6,0,30,25,4720,2,1,1,4,6,2,7,4,0,0,0,43.18071389,-89.23345556,33,0,0,1,1,4,0,3,1,0,0,37,0,52,,
550234,55,2020,6,21,1,3,42,79,3100,2,1,1,2,6,2,3,4,1,0,0,43.08486389,-87.967375,42,0,0,1,1,5,0,3,10,0,,,,,,
550235,55,2020,6,21,1,13,50,101,3970,1,2,2,2,3,2,3,1,1,0,,42.74424444,-87.79651944,12,6,0,8,1,1,0,1,1,0,13,50,13,55,14,9
550236,55,2020,8,9,1,20,15,107,0,1,1,1,1,5,1,7,3,0,0,,45.32686667,-91.04918611,11,0,0,1,1,1,0,9,10,0,21,13,,,,
550237,55,2020,8,15,7,9,19,5,0,1,1,1,2,4,1,5,2,0,0,,45.29303056,-91.69006944,8,0,0,3,3,1,0,1,1,0,9,19,,,,
550238,55,2020,8,12,4,23,16,139,0,1,1,1,2,4,2,5,3,0,0,0,44.01844167,-88.62186389,8,0,0,1,1,1,0,2,1,0,23,16,23,23,,
550239,55,2020,8,15,7,8,28,89,0,1,1,1,1,5,1,7,3,0,0,0,43.52845556,-87.80096667,9,0,0,2,2,1,0,1,1,0,8,,8,51,,
550240,55,2020,6,1,2,3,21,79,3100,1,1,1,1,6,2,6,4,0,0,0,43.07414167,-87.93516944,40,0,0,1,1,4,0,3,10,0,3,28,3,35,,
550241,55,2020,7,23,5,19,15,65,0,1,1,1,1,3,1,3,1,1,0,,42.582225,-90.04327778,49,0,0,1,1,1,0,1,1,0,19,21,19,34,20,14
550242,55,2020,8,20,5,5,35,117,2470,1,1,1,1,4,2,5,2,0,0,,43.73478333,-87.76066944,23,0,0,1,1,4,0,4,1,0,7,2,,,,
550243,55,2020,8,20,5,9,4,139,0,1,2,2,3,3,1,4,1,0,0,,43.97275278,-88.62323611,12,6,0,3,2,1,0,1,10,0,9,9,9,26,,
550244,55,2020,8,20,5,16,26,107,0,1,1,1,1,5,1,7,3,0,0,0,45.56689722,-90.68382778,2,0,0,1,1,4,0,1,1,0,,,,,,
550245,55,2020,8,12,4,12,55,137,0,1,2,2,3,3,1,3,1,1,0,,44.02211389,-89.59803611,12,6,0,2,2,1,0,1,1,0,12,58,13,15,,
550246,55,2020,8,14,6,17,23,99,0,1,2,2,4,4,1,5,2,0,0,,45.9224,-90.54688056,12,8,0,1,1,1,0,1,1,0,,,,,,
550247,55,2020,8,30,1,,,105,0,1,1,1,1,5,1,7,3,0,0,0,42.60718056,-88.82807778,34,0,0,1,1,4,0,2,1,0,4,37,4,55,5,52
550248,55,2020,7,25,7,7,15,79,3100,1,1,1,1,4,2,3,2,1,0,0,43.14858889,-88.03583611,33,0,0,1,1,4,0,1,1,0,,,,,,
550249,55,2020,8,30,1,13,34,127,0,1,2,2,2,2,2,3,1,1,0,,42.74156389,-88.55281944,12,6,0,2,2,1,0,1,1,0,13,34,13,40,,
550250,55,2020,8,29,7,4,15,35,0,1,1,1,1,4,1,7,2,0,0,0,44.666575,-91.42256667,34,0,0,1,1,4,0,2,1,0,,,,,,
550251,55,2020,7,31,6,9,49,101,795,1,2,2,2,7,2,3,4,0,0,0,42.76425278,-87.95347778,12,6,0,3,2,1,0,1,10,0,9,50,10,0,,
550252,55,2020,8,3,2,14,20,101,795,1,2,2,2,3,2,3,1,1,0,,42.784775,-87.86872778,12,2,0,2,2,1,0,1,1,0,14,20,14,26,14,57
550253,55,2020,9,3,5,14,22,9,2000,1,3,3,4,2,2,3,1,1,0,0,44.51079167,-87.99571667,12,6,0,2,2,1,0,1,1,0,14,22,14,26,14,45
550254,55,2020,8,12,4,10,15,113,0,1,1,1,1,3,1,4,1,0,0,,45.88585556,-90.82890556,1,0,0,1,1,2,0,1,1,0,10,15,10,21,,
550255,55,2020,8,13,5,16,13,141,0,2,2,2,2,4,1,5,2,0,0,,44.65613889,-90.2995,12,6,0,2,2,1,0,1,1,0,16,13,16,23,16,57
550256,55,2020,9,7,2,11,25,1,0,1,1,1,1,5,1,7,3,0,0,0,43.90149722,-89.81723056,38,0,0,3,4,4,0,1,1,0,11,30,11,30,,
550257,55,2020,8,22,7,11,55,79,3100,1,1,1,1,3,2,3,1,1,0,,42.95203611,-87.94868611,8,0,0,2,2,1,0,1,1,0,,,,,,
550258,55,2020,9,8,3,19,45,79,3100,2,4,2,7,6,2,5,4,0,0,0,43.08257778,-87.97435278,12,11,0,2,2,1,0,3,2,0,19,55,20,0,,
550259,55,2020,9,10,5,18,20,59,2400,1,1,1,1,3,2,3,1,1,0,,42.58806667,-87.83815,8,0,0,2,3,1,0,1,2,0,,,,,,
550260,55,2020,9,5,7,18,17,127,0,1,1,1,1,5,1,7,3,0,0,0,42.75059167,-88.63206667,1,0,0,1,1,8,0,1,1,0,18,22,18,31,,
550261,55,2020,6,25,5,10,45,105,1030,2,2,1,4,4,1,5,2,0,0,0,42.55683056,-88.87223056,14,0,0,1,1,7,0,1,1,0,10,50,10,57,,
550262,55,2020,8,28,6,10,45,39,0,1,1,1,1,3,1,4,1,0,0,9,43.66445556,-88.17532778,42,0,0,1,1,4,0,1,2,0,10,50,11,2,12,5
550263,55,2020,6,24,4,23,10,79,3100,2,2,2,5,1,2,1,1,1,0,,42.99576667,-87.91505278,12,2,0,1,1,1,0,3,1,0,23,15,23,21,,
550264,55,2020,9,10,5,18,34,113,0,1,2,2,4,3,1,4,1,0,0,,45.66801667,-91.21510556,12,6,0,2,2,1,0,1,1,1,18,35,19,5,19,45
550265,55,2020,9,9,4,23,36,79,3100,1,1,1,1,6,2,3,4,1,0,1,43.11931667,-87.97233056,42,0,0,1,1,3,0,3,2,0,23,36,23,43,,
550266,55,2020,9,17,5,10,14,85,0,1,2,2,3,2,1,3,1,1,0,13,45.60454167,-89.55606667,12,2,0,1,1,1,0,1,1,0,,,,,,
550267,55,2020,9,25,6,1,39,79,3100,1,2,1,2,3,2,4,1,0,0,,43.06510556,-87.93751667,14,0,0,1,1,1,0,3,1,0,1,42,1,46,2,16
550268,55,2020,9,24,5,14,19,101,0,1,2,2,2,3,2,3,1,1,0,,42.68306667,-88.08394444,12,2,0,1,1,1,0,1,1,0,14,26,14,31,,
550269,55,2020,9,27,1,2,0,97,0,1,1,1,2,4,2,5,2,0,0,,44.42611667,-89.50885556,42,0,0,1,1,4,0,2,1,0,2,7,2,14,,
550270,55,2020,9,26,7,10,24,39,1730,1,2,2,2,4,2,4,2,0,0,0,43.77709167,-88.48189444,12,6,0,2,3,1,0,1,10,0,10,25,10,28,,
550271,55,2020,9,23,4,6,20,77,0,1,1,1,1,5,1,7,3,0,0,0,43.68602778,-89.45209444,11,0,0,1,1,1,0,4,1,0,6,26,6,39,,
550272,55,2020,9,30,4,10,25,5,0,1,2,2,3,3,1,4,1,0,0,,45.50984167,-91.82923056,12,2,0,1,1,1,0,1,1,0,,,,,,
550273,55,2020,9,29,3,15,30,109,0,1,1,1,1,4,1,5,2,0,0,,44.99708056,-92.67547778,34,0,0,1,1,4,0,1,10,0,15,33,15,40,16,50
550274,55,2020,7,25,7,11,40,105,0,1,2,2,5,3,1,4,1,0,0,,42.68805556,-89.3676,12,1,0,8,1,1,0,1,1,0,,,,,,
550275,55,2020,8,21,6,15,31,79,3100,1,1,1,1,1,2,1,1,1,0,,43.02774444,-88.01744444,33,0,1,3,2,4,0,1,1,0,15,32,15,50,,
550276,55,2020,8,30,1,21,4,127,9997,1,2,2,2,2,2,2,1,1,0,6,42.52622778,-88.31600556,12,8,0,1,1,1,4,2,10,0,21,6,,,,
550277,55,2020,9,16,4,18,26,17,0,1,1,1,1,3,1,4,1,0,0,,45.12103056,-91.49753056,8,0,0,1,1,2,0,1,1,0,18,28,18,32,18,46
550278,55,2020,9,26,7,21,11,79,3100,1,3,2,3,6,2,7,4,0,0,0,43.05285833,-87.95761944,12,6,0,2,2,1,0,3,1,0,,,,,,
550279,55,2020,9,22,3,19,13,79,3100,1,3,3,5,3,2,3,1,1,0,3,43.07160556,-87.95275556,12,1,0,2,2,1,0,3,1,0,,,,,,
550280,55,2020,10,2,6,12,17,9,2000,1,2,2,4,2,2,3,1,1,0,0,44.47790556,-87.96890556,12,6,0,2,2,1,0,1,10,0,,,,,,
550281,55,2020,10,9,6,8,29,25,0,1,2,2,2,4,2,4,2,0,0,0,43.10933056,-89.24903056,12,2,0,1,1,1,0,1,1,0,8,32,8,40,9,14
550282,55,2020,9,22,3,13,52,59,2400,1,2,2,2,6,2,7,4,0,0,0,42.63421667,-87.95193611,12,2,0,1,1,1,0,1,1,0,13,52,14,0,14,15
550283,55,2020,10,1,5,17,1,51,0,1,3,3,3,2,1,3,1,1,0,,46.42052222,-90.18179444,12,1,0,2,3,1,0,1,99,0,17,0,17,0,,
550284,55,2020,9,18,6,5,0,79,5130,1,1,1,1,3,2,3,1,1,0,,43.05983056,-88.04754167,46,0,0,3,2,3,0,3,10,0,5,8,5,15,,
550285,55,2020,10,4,1,16,0,9,223,1,1,1,1,6,2,7,4,0,0,0,44.48516944,-88.04486389,1,0,0,1,1,1,0,1,1,0,,,,,,
550286,55,2020,10,5,2,22,44,9,223,1,1,1,1,3,2,3,1,1,0,,44.49724167,-88.13846667,8,0,0,1,1,1,0,2,1,0,,,,,,
550287,55,2020,10,7,4,10,28,79,5160,1,1,1,1,3,2,3,1,1,0,,43.01670556,-87.996566670000007,15,0,0,3,2,1,0,1,1,0,10,28,10,33,10,45
550288,55,2020,9,15,3,15,3,79,3100,1,1,1,1,3,2,3,1,1,0,,43.11069167,-87.93286667,33,0,0,1,1,3,0,1,1,0,,,,,,
550289,55,2020,9,24,5,8,2,101,3970,1,1,1,1,3,2,3,1,1,0,,42.69689167,-87.83980278,8,0,0,1,1,4,4,1,1,0,8,2,8,2,8,30
550290,55,2020,10,15,5,14,45,47,0,1,1,1,4,4,1,7,2,0,0,0,43.74858056,-89.05228889,34,0,0,1,1,4,0,1,10,0,14,46,15,0,15,22
550291,55,2020,10,9,6,10,10,25,0,1,1,1,2,4,2,4,2,0,0,0,43.10671944,-89.27653056,34,0,0,1,1,4,0,1,1,0,,,,,,
550292,55,2020,10,15,5,8,52,17,0,1,1,1,1,3,1,3,1,1,0,,44.93888889,-91.04719167,34,0,0,1,1,4,0,1,10,0,8,54,9,8,,
550293,55,2020,10,24,7,1,30,13,0,1,1,1,1,4,1,5,2,0,9,0,45.90214444,-92.29088889,34,0,0,1,1,4,0,2,1,0,7,55,8,1,,
550294,55,2020,10,8,5,19,3,55,1760,1,1,1,2,2,2,3,1,1,0,2,42.93243889,-88.84211111,8,0,0,3,3,1,0,5,10,0,19,7,19,12,,
550295,55,2020,7,24,6,19,0,71,2810,1,2,1,1,6,2,4,26,0,0,0,44.09308333,-87.65429722,33,0,0,1,1,4,4,1,1,0,,,,,,
550296,55,2020,8,16,1,2,49,9,0,1,1,1,1,3,1,4,1,0,0,,44.54466111,-87.80969167,1,0,0,1,1,4,0,2,1,0,2,51,3,13,,
550297,55,2020,10,24,7,19,39,9,2000,1,1,1,1,6,2,7,4,0,0,0,44.52376111,-88.09568056,8,0,0,1,1,1,0,3,1,0,,,,,,
550299,55,2020,10,31,7,0,48,109,0,1,1,1,1,5,1,7,3,0,0,0,45.00706667,-92.46393056,32,0,0,1,1,4,0,2,10,0,0,50,1,1,,
550300,55,2020,10,29,5,17,29,91,0,1,1,1,1,3,1,4,1,0,0,,44.47336667,-92.23686111,52,0,0,1,1,4,0,2,1,0,19,37,19,41,,
550301,55,2020,11,7,7,14,2,73,9997,1,1,1,1,2,1,2,1,1,0,,45.069225,-89.64248611,11,0,0,1,1,1,0,1,1,0,14,6,14,15,,
550302,55,2020,11,7,7,21,52,85,0,1,1,1,1,3,1,4,1,0,0,,45.88666944,-89.79300556,11,0,0,1,1,1,0,2,1,0,21,54,22,4,,
550304,55,2020,11,8,1,0,54,111,0,1,1,1,2,4,1,5,2,0,0,0,43.34408056,-89.90106389,1,0,0,1,1,4,0,2,1,0,0,58,1,20,1,47
550305,55,2020,11,15,1,2,35,73,0,1,1,1,2,4,2,4,2,0,0,0,44.91221667,-89.50269444,35,0,0,1,1,4,0,2,2,0,2,35,2,46,3,28
550306,55,2020,11,10,3,16,28,139,0,1,3,3,3,3,1,4,1,0,0,0,44.18514444,-88.54402778,12,6,0,2,2,1,0,1,2,0,16,28,16,35,17,0
550307,55,2020,11,17,3,21,16,139,0,1,3,3,3,1,1,1,1,1,0,,43.94543889,-88.58304167,12,6,0,1,1,1,0,2,1,0,21,16,21,25,21,59
550308,55,2020,6,14,1,16,35,79,3100,1,2,1,2,8,6,96,96,0,0,0,43.08046944,-87.96081667,5,0,0,1,1,1,0,1,1,0,16,48,16,48,,
550311,55,2020,5,27,4,22,47,101,3970,1,2,1,1,6,2,4,4,0,0,0,42.72990833,-87.8246,42,0,0,1,1,4,0,2,1,0,22,48,22,50,22,56
550312,55,2020,11,28,7,6,30,141,0,1,2,2,2,3,1,5,1,0,0,,44.53341944,-89.99399444,12,6,0,8,1,1,0,2,1,0,6,33,6,55,,
550313,55,2020,11,10,3,10,33,79,5130,1,2,1,1,6,2,4,4,0,0,0,43.03878333,-87.98557222,14,0,0,1,1,1,0,1,10,0,10,35,10,37,,
550314,55,2020,6,21,1,,,25,2780,1,1,1,1,2,2,3,1,1,0,,43.13304444,-89.30144444,8,0,0,1,1,1,0,9,99,0,8,25,8,30,8,55
550315,55,2020,11,3,3,7,46,79,3100,1,2,1,1,6,2,3,4,1,0,0,43.12788889,-87.96610556,42,0,0,1,1,4,0,1,1,0,,,,,,
550316,55,2020,11,16,2,2,9,79,3100,2,3,3,4,1,2,1,1,1,0,,43.03044167,-87.92256667,25,0,0,1,1,3,0,3,10,0,2,10,2,20,,
550318,55,2020,7,2,5,23,30,95,0,2,2,2,3,3,1,3,1,1,0,,45.34739167,-92.64001667,12,2,0,1,1,1,0,2,1,0,1,10,,,,
550319,55,2020,7,4,7,15,17,85,0,1,1,1,1,5,1,7,3,0,0,0,45.83314167,-89.31320278,34,0,0,1,1,4,0,1,1,0,15,17,15,26,,
550320,55,2020,7,5,1,23,30,19,0,1,1,1,1,5,1,7,3,0,0,0,44.7415,-90.55216667,1,0,0,1,1,4,0,2,10,0,,,,,,
550321,55,2020,7,5,1,0,48,127,0,1,1,1,2,5,1,7,3,0,0,0,42.79919167,-88.33666667,59,0,0,3,3,4,0,2,1,0,,,,,,
550322,55,2020,7,5,1,20,42,79,3100,1,1,1,2,6,2,4,4,0,0,0,43.16260556,-88.02445833,33,0,0,1,1,4,0,3,1,0,20,46,20,49,21,19
550323,55,2020,7,7,3,10,14,19,0,2,2,2,4,4,1,5,2,0,0,0,44.65457778,-90.50685278,12,6,0,2,2,1,0,1,1,0,10,17,10,27,11,9
550324,55,2020,7,12,1,13,9,93,0,1,2,2,2,4,1,6,2,0,0,0,44.79045556,-92.57854167,12,6,0,2,2,1,0,1,1,0,13,10,13,31,,
550325,55,2020,7,5,1,,,131,4089,1,1,1,1,3,1,5,1,0,0,,43.27308056,-88.20605556,24,0,0,1,1,4,0,1,1,0,17,20,17,38,,
550326,55,2020,7,13,2,10,2,21,0,1,2,2,2,3,1,4,1,0,0,,43.50842778,-89.58699167,12,6,0,1,1,1,0,1,1,0,10,4,10,18,,
550327,55,2020,7,12,1,8,29,21,0,1,1,1,1,4,1,6,2,0,0,0,43.44938056,-89.21873056,9,0,0,1,1,1,0,1,1,0,8,30,8,42,,
550328,55,2020,7,10,6,20,52,79,3100,2,2,2,4,3,2,3,1,1,0,,42.99589444,-87.94843056,12,6,0,2,2,1,0,3,1,0,20,54,20,58,21,0
550329,55,2020,7,13,2,11,38,79,5160,1,2,2,2,3,2,3,1,1,0,,43.00548056,-88.04678333,12,1,0,1,1,1,0,1,1,0,11,38,11,42,,
550330,55,2020,7,13,2,8,28,21,0,1,1,1,1,2,1,2,1,1,0,,43.31736667,-89.04573056,8,0,0,1,1,5,1,1,10,0,8,28,8,37,,
550331,55,2020,7,16,5,13,33,135,0,1,1,1,1,5,1,7,3,0,0,0,44.29751667,-89.18733056,9,0,0,3,3,1,0,1,1,0,,,,,,
550332,55,2020,7,19,1,0,12,113,2120,1,1,1,2,2,1,3,1,1,0,,46.0137,-91.48348611,8,0,0,3,2,1,0,2,10,0,0,13,0,14,0,25
550333,55,2020,7,16,5,3,16,23,0,1,2,2,2,3,1,3,1,1,0,,43.21535278,-91.09045,12,2,0,1,1,1,0,2,1,0,3,20,3,35,,
550334,55,2020,7,2,5,6,35,79,3100,1,1,1,1,8,2,7,25,0,0,0,42.93823056,-87.908175,33,0,0,1,1,4,0,1,1,0,6,37,6,43,,
550335,55,2020,7,15,4,4,54,9,2000,1,1,1,1,6,2,4,4,0,0,0,44.49369167,-87.992225,9,0,0,3,3,7,0,3,10,0,,,,,,
550336,55,2020,7,12,1,1,39,79,3475,1,1,1,1,3,2,3,1,1,0,,42.84720556,-87.85424167,59,0,0,1,1,4,0,3,1,0,1,39,1,47,,
550337,55,2020,7,19,1,1,33,135,0,1,1,1,1,4,1,5,2,0,0,0,44.45293056,-88.97970278,1,0,0,1,1,4,0,2,10,0,1,35,1,48,,
550338,55,2020,7,17,6,0,0,21,0,1,1,1,2,5,1,7,3,0,0,0,43.45608056,-89.26839444,1,0,0,1,1,4,0,2,1,0,0,0,0,15,,
550339,55,2020,7,6,2,14,42,79,3100,1,1,1,1,6,2,3,4,1,0,0,43.11911944,-87.97059444,42,0,0,1,1,4,0,1,10,0,14,46,14,51,,
550340,55,2020,7,4,7,9,20,79,3100,1,1,1,1,6,2,4,4,0,0,0,43.08541667,-87.94709444,33,0,0,1,1,4,0,1,1,0,9,23,9,27,9,44
550341,55,2020,7,16,5,4,40,121,0,1,2,2,2,3,1,4,1,0,0,,44.00273611,-91.41653056,12,2,0,1,1,1,0,2,5,0,,,,,,
550342,55,2020,7,16,5,7,26,59,9997,1,3,3,3,3,2,3,1,1,0,,42.63974444,-87.876675,12,11,0,2,2,1,0,1,10,0,7,26,7,30,,
550343,55,2020,7,19,1,21,14,39,0,2,1,1,5,1,1,1,1,1,0,,43.816225,-88.51525556,1,0,0,1,1,1,0,2,10,0,21,15,21,16,21,41
550344,55,2020,7,26,1,15,13,123,0,1,1,1,1,3,1,4,1,0,0,,43.51704167,-90.74519167,34,0,0,1,1,4,0,1,2,0,15,22,,,,
550345,55,2020,7,24,6,7,1,97,0,1,1,1,1,4,1,7,2,0,0,0,44.31399167,-89.48821667,11,0,0,1,1,1,0,4,1,0,7,3,7,18,,
550346,55,2020,7,17,6,15,20,25,0,1,5,5,5,1,1,1,1,1,0,,43.109225,-89.0708,12,1,0,1,1,1,0,1,1,0,15,30,15,34,,
550347,55,2020,7,16,5,13,25,69,0,1,2,2,2,4,1,5,2,0,0,0,45.13444167,-89.69332778,12,1,0,3,2,1,0,1,1,0,13,29,13,34,,
550348,55,2020,7,31,6,14,40,59,2400,1,1,1,1,3,2,3,1,1,0,,42.56624722,-87.85556944,33,0,0,3,7,4,0,1,10,0,14,40,14,45,,
550349,55,2020,7,13,2,21,29,105,0,1,2,2,1,1,1,1,1,1,0,,42.55555556,-88.92268889,12,6,0,1,1,1,0,2,1,0,21,29,21,40,,
550350,55,2020,7,29,4,16,54,93,0,1,2,2,2,2,1,3,1,1,0,,44.77063056,-92.41616667,12,6,0,1,1,1,0,1,1,0,16,57,17,11,,
550351,55,2020,7,31,6,13,32,117,4330,1,1,1,3,8,6,96,96,0,0,0,43.74828056,-87.72324167,8,0,0,1,1,5,0,1,1,0,13,34,13,36,,
550352,55,2020,7,31,6,21,58,79,3100,1,1,1,1,3,1,3,1,1,0,,43.124025,-88.01749167,25,0,0,1,1,3,0,3,1,0,22,0,22,16,22,30
550353,55,2020,7,31,6,21,3,111,0,1,1,1,1,4,1,5,2,0,0,0,43.53237778,-89.73861667,1,0,1,3,2,4,4,2,1,0,21,5,,,,
550354,55,2020,7,25,7,22,13,79,3100,1,1,1,1,6,2,4,4,0,0,0,43.05145556,-87.92706667,9,0,0,1,1,1,0,2,1,0,22,18,22,23,,
550355,55,2020,7,7,3,16,25,79,3100,1,2,2,3,6,2,3,4,1,0,0,42.98834444,-87.89723056,12,2,0,1,1,1,0,1,10,0,16,27,16,31,17,49
550356,55,2020,7,18,7,7,37,25,2780,1,2,1,1,6,2,7,4,0,0,0,43.13199167,-89.35838889,1,0,0,1,1,1,0,1,10,0,7,41,7,45,,
550357,55,2020,7,14,3,19,39,79,3100,1,1,1,1,6,2,7,4,0,0,0,43.06034167,-87.95111667,38,0,0,1,1,4,0,1,1,0,16,44,16,53,,
550358,55,2020,7,30,5,2,12,79,3100,1,1,1,3,6,2,4,4,0,0,0,43.08015,-87.94719444,30,0,0,1,1,4,0,3,1,0,2,14,2,18,2,42
550359,55,2020,7,1,4,13,42,79,3100,1,2,2,2,6,2,4,4,0,0,0,43.01018333,-87.93310556,12,6,1,2,2,1,0,1,1,0,13,44,13,52,14,15
550360,55,2020,7,31,6,10,51,79,3100,1,1,1,2,6,2,5,4,0,0,0,43.09693611,-87.94663056,8,0,0,1,1,1,0,1,1,0,10,54,11,4,,
550361,55,2020,12,5,7,17,51,17,0,1,1,1,1,3,1,2,1,1,0,,44.89416667,-91.53273056,8,0,0,1,1,1,0,2,10,0,,,,,,
550362,55,2020,12,11,6,2,12,59,2400,1,1,1,1,3,2,3,1,1,0,,42.606425,-87.82280556,30,0,0,1,1,4,0,3,1,0,2,13,2,28,,
550363,55,2020,12,8,3,15,0,105,0,1,1,1,1,5,1,7,3,0,0,0,42.62000833,-88.93328333,34,0,0,1,1,4,0,1,10,0,,,,,,
550364,55,2020,11,27,6,13,11,79,3100,1,1,1,1,2,2,3,1,1,0,4,43.03488056,-88.03780833,9,0,0,1,1,1,0,1,1,0,,,,,,
550365,55,2020,12,6,1,11,19,79,3100,1,1,1,1,6,2,5,4,0,0,0,43.07160278,-87.97382778,19,0,0,1,1,4,0,1,10,0,,,,,,
550366,55,2020,12,6,1,19,26,79,3100,1,1,1,4,3,2,4,1,0,0,,43.04811944,-87.937775,33,0,0,1,1,4,0,3,10,0,,,,,,
550367,55,2020,12,15,3,22,30,5,0,1,1,1,1,5,1,7,3,0,0,,45.26744167,-91.74602778,34,0,0,1,1,4,0,2,1,0,4,14,4,29,,
550368,55,2020,12,15,3,10,4,81,0,1,2,2,3,3,1,3,1,1,0,,44.02588056,-90.33268889,12,6,0,2,2,1,0,1,10,0,10,7,10,20,11,14
550369,55,2020,12,16,4,11,45,105,0,1,2,2,2,1,1,1,1,1,0,,42.57205833,-88.82806667,12,2,0,1,1,1,0,1,10,0,11,45,11,57,12,31