st_case,state,year,month,day,day_week,hour,minute,county,city,fatals_crash,vehicles_total,vehicles_in_transport,persons_total,route,rural_urban,functional_system,road_owner,nhs,special_jurisdiction,milepoint,latitude,longitude,first_harmful_event,manner_collision,rel_jct_interchange,rel_jct_location,intersection_type,relation_to_road,work_zone,light_condition,weather,school_bus_related,ems_notified_hour,ems_notified_min,ems_arrival_hour,ems_arrival_min,hospital_hour,hospital_min
550535,55,2020,8,22,7,10,12,87,0,1,3,3,4,4,1,5,2,0,0,0,44.38709722,-88.41520833,12,1,0,3,2,1,0,1,10,0,,,,,,
550536,55,2020,8,21,6,14,21,79,5220,1,2,2,2,6,2,4,4,0,0,0,43.01016667,-87.97470278,12,2,0,1,1,1,0,1,10,0,14,22,14,30,,
550537,55,2020,8,19,4,14,45,63,0,1,4,4,6,2,1,3,1,1,0,,44.04963611,-91.29095278,12,1,0,3,3,1,0,1,1,0,14,47,,,,
550538,55,2020,8,29,7,14,48,137,0,1,2,2,3,3,1,3,1,1,0,2,44.02756944,-89.53994444,12,2,0,1,1,1,0,1,1,0,14,57,15,2,,
550539,55,2020,8,20,5,13,7,55,0,1,1,1,1,4,1,5,2,0,0,0,43.02553333,-88.689475,1,0,0,1,1,5,0,1,1,0,13,13,13,19,,
550540,55,2020,8,30,1,0,22,71,1026,1,1,1,2,8,1,6,2,0,0,0,43.91428611,-87.72542222,1,0,0,3,4,1,0,3,1,0,0,26,0,38,,
550541,55,2020,8,29,7,16,26,49,0,1,1,1,1,3,1,4,1,0,0,,42.824175,-90.13825278,1,0,0,1,1,4,0,1,1,0,16,37,16,44,,
550542,55,2020,8,28,6,14,46,21,0,1,1,1,1,5,1,6,3,0,0,0,43.40036667,-89.52748889,39,0,0,1,1,4,0,1,1,0,14,49,15,4,,
550543,55,2020,8,22,7,14,55,81,0,1,1,1,2,3,1,3,1,1,0,6,43.79109444,-90.79205,1,0,0,3,2,4,0,1,1,0,14,59,15,14,,
550544,55,2020,8,29,7,13,13,75,0,1,3,3,3,4,1,5,2,0,0,0,45.06303611,-87.82958056,12,1,0,1,1,1,0,1,1,0,13,13,13,27,,
550545,55,2020,8,15,7,17,58,79,3100,1,2,2,2,6,2,4,4,0,0,0,43.01229167,-87.92550833,12,6,0,2,2,1,0,1,10,0,,,,,,
550546,55,2020,8,17,2,13,40,79,3100,1,3,1,2,6,2,7,4,0,0,0,43.01410556,-87.947575,14,0,0,1,1,7,0,1,10,0,,,,,,
550547,55,2020,8,22,7,5,23,137,0,1,1,1,1,4,1,6,2,0,0,0,44.12042778,-89.44637778,34,0,0,1,1,4,0,2,10,0,5,25,5,35,,
550548,55,2020,8,30,1,0,50,1,0,1,1,1,2,5,1,6,3,0,0,0,43.80339167,-89.79638056,43,0,0,1,1,4,0,2,1,0,0,50,1,9,,
550549,55,2020,8,16,1,14,20,79,3100,1,2,2,2,6,2,4,4,0,0,0,43.06453889,-87.95745833,12,6,0,1,1,1,0,1,1,0,,,,,,
550550,55,2020,8,18,3,17,4,79,3100,1,2,2,2,6,2,4,4,0,0,0,43.05898611,-87.95760278,12,6,0,8,1,1,0,1,1,0,,,,,,
550551,55,2020,8,27,5,23,30,79,3100,1,2,2,2,6,2,3,4,0,0,0,43.052966670000004,-87.89908056,12,2,0,3,2,1,0,3,10,0,23,32,23,37,0,47
550552,55,2020,8,30,1,18,5,79,3100,1,2,1,1,6,2,7,4,0,0,0,43.02661389,-88.01937222,14,0,0,1,1,7,0,1,1,0,18,6,,,,
550553,55,2020,8,19,4,11,46,39,0,1,2,2,2,5,2,4,3,0,0,0,43.79820278,-88.47709167,12,2,0,1,1,1,0,1,1,0,11,47,,,,
550554,55,2020,11,24,3,8,28,55,0,1,2,2,3,2,1,3,1,1,0,,42.97389167,-88.93976111,12,6,0,1,1,1,0,1,4,0,8,28,8,42,,
550555,55,2020,6,14,1,4,2,21,0,1,1,1,2,4,1,5,2,0,0,0,43.62450556,-89.58686667,5,0,0,1,1,1,0,3,1,0,4,2,4,2,,
550556,55,2020,7,31,6,4,59,95,0,2,2,2,2,3,1,4,1,0,0,,45.57029167,-92.27909444,12,6,0,1,1,1,0,4,1,0,5,1,,,,
550557,55,2020,1,20,2,20,50,15,0,1,1,1,1,2,1,4,1,0,0,,44.01541944,-88.18548889,34,0,0,1,1,4,0,2,1,0,,,,,,
550558,55,2020,4,18,7,15,7,123,0,1,1,1,4,5,1,7,3,0,0,0,43.45407778,-91.04833889,30,0,0,1,1,4,0,1,1,0,,,,,,
550559,55,2020,4,19,1,10,38,57,0,1,1,1,1,5,1,7,3,0,0,0,43.76707222,-90.02036111,42,0,0,1,1,4,0,1,1,0,,,,,,
550560,55,2020,5,7,5,20,20,31,0,1,1,1,1,5,1,7,3,0,0,0,46.52523056,-92.01462778,1,0,0,1,1,1,0,2,1,0,,,,,,
550561,55,2020,5,24,1,15,30,83,0,1,1,1,1,5,1,7,3,0,0,0,44.87453333,-88.48369167,1,0,0,1,1,1,0,1,1,0,,,,,,
550562,55,2020,7,18,7,15,30,3,0,1,1,1,2,5,1,7,3,0,0,0,46.16864722,-90.42773333,42,0,0,1,1,4,0,1,1,0,15,36,,,,
550563,55,2020,7,31,6,20,35,1,0,1,1,1,1,5,1,7,3,0,0,0,43.83476389,-89.91582222,5,0,0,2,3,1,0,2,1,0,20,46,,,,
550564,55,2020,8,17,2,19,26,85,0,1,1,1,3,5,1,7,3,0,0,0,45.67343889,-89.40291944,42,0,0,1,1,4,0,1,1,0,,,,,,
550565,55,2020,8,27,5,12,45,5,0,1,1,1,4,5,1,7,3,0,0,0,45.56763611,-91.92315556,1,0,0,1,1,1,0,1,1,0,12,54,,,,
550566,55,2020,9,5,7,19,39,3,0,1,1,1,1,3,1,4,1,0,0,,46.35685556,-90.62706111,1,0,0,1,1,1,0,5,1,0,19,39,,,,
550567,55,2020,9,5,7,20,36,7,0,1,1,1,1,4,1,5,2,0,0,0,46.51813056,-91.17841944,11,0,0,1,1,1,0,2,1,0,20,36,,,,
550568,55,2020,9,13,1,18,38,59,2400,1,1,1,1,6,2,7,4,0,0,0,42.61672778,-87.85413056,18,0,0,1,1,4,0,1,1,0,18,38,,,,
550569,55,2020,10,9,6,21,20,41,0,1,1,1,3,5,1,7,3,0,0,0,45.91948611,-88.72358611,1,0,0,1,1,4,0,2,1,0,0,1,,,,
550570,55,2020,10,9,6,4,27,35,0,1,1,1,1,4,1,7,2,0,0,0,44.615725,-91.58728333,1,0,0,1,1,1,0,2,1,0,4,42,,,,
550571,55,2020,10,10,7,18,48,95,0,1,1,1,2,5,1,7,3,0,0,0,45.252925,-92.16357778,1,0,0,1,1,1,0,5,1,0,18,51,,,,
550572,55,2020,11,20,6,12,25,23,0,1,1,1,1,5,1,7,3,0,0,0,43.08213056,-90.96340278,1,0,0,1,1,4,0,1,1,0,12,39,,,,
550573,55,2020,11,28,7,23,12,95,0,1,1,1,1,4,1,5,2,0,0,0,45.42873333,-92.17661111,1,0,0,1,1,4,0,2,1,0,11,19,,,,
550574,55,2020,8,8,7,14,24,85,0,1,1,1,1,5,1,7,3,0,0,0,45.81708056,-89.18162778,1,0,0,1,1,4,0,1,1,0,,,,,,
550575,55,2020,12,5,7,10,30,91,0,1,1,1,1,4,1,7,2,0,0,0,44.51106944,-92.26554167,1,0,0,1,1,1,0,1,1,0,11,15,,,,
550576,55,2020,7,12,1,0,22,37,0,1,1,1,1,5,1,7,3,0,0,0,45.74902778,-88.42542222,1,0,0,1,1,4,0,2,1,0,0,23,0,44,,
550577,55,2020,6,17,4,12,25,83,0,1,1,1,1,5,1,7,3,0,0,0,45.13879722,-88.37033889,1,0,0,1,1,4,0,1,1,0,12,30,,,,
550578,55,2020,7,4,7,23,43,141,0,1,1,1,2,4,1,5,2,0,0,0,44.48150833,-89.92544722,32,0,0,8,1,4,0,2,1,0,,,,,,
550579,55,2020,10,7,4,13,15,135,0,1,1,1,1,4,1,7,2,0,0,0,44.49683333,-88.9835,32,0,0,3,3,4,0,1,1,0,,,,,,
560001,56,2020,1,5,1,6,15,7,0,1,1,1,2,1,1,1,1,1,0,2556,41.724275,-106.45952778,24,0,1,19,1,3,0,2,1,0,6,20,7,30,,
560002,56,2020,1,11,7,11,0,37,0,1,1,1,2,1,1,1,1,1,0,1832,41.71118611,-107.802875,48,0,0,1,1,4,0,1,1,0,11,4,11,32,,
560003,56,2020,1,20,2,10,19,1,470,1,4,4,11,2,2,3,1,1,0,4030,41.26842222,-105.596375,12,2,0,3,2,1,0,1,1,0,10,21,10,28,10,49
560004,56,2020,1,29,4,14,52,1,470,1,3,3,4,2,2,3,1,0,0,3311,41.30542778,-105.54310556,12,6,0,1,1,1,0,1,1,0,,,,,,
560005,56,2020,1,31,6,8,52,5,0,1,2,2,2,3,1,3,1,1,0,695,43.68118333,-105.47015,12,6,0,1,1,1,0,1,10,0,,,,,,
560006,56,2020,2,14,6,15,23,3,0,1,2,2,3,2,1,3,1,1,0,2163,44.60000833,-108.20620278,12,6,0,1,1,1,0,1,11,0,15,30,15,43,,
560007,56,2020,2,16,1,15,45,37,0,1,1,1,2,3,1,5,1,0,0,1393,41.01170833,-109.84264444,1,0,0,1,1,1,0,1,10,0,16,35,17,25,18,40
560008,56,2020,2,29,7,8,35,25,90,1,1,1,1,2,2,3,1,1,0,28,42.86677778,-106.34671667,8,0,1,19,1,2,0,2,1,0,,,,,,
560009,56,2020,3,1,1,15,39,37,0,1,5,5,8,1,1,1,1,1,0,1844,41.71671111,-107.78056389,12,1,0,1,1,1,0,1,4,0,15,44,16,39,18,23
560010,56,2020,3,12,5,9,13,25,90,1,3,3,4,3,2,3,1,1,0,123,42.80603333,-106.33555556,12,6,0,1,1,1,0,1,4,0,9,13,9,19,,
560011,56,2020,3,17,3,1,30,21,100,1,1,1,1,1,2,1,1,1,0,3610,41.11638611,-104.82381667,57,0,0,1,1,3,0,2,5,0,1,34,1,37,,
560012,56,2020,4,3,6,18,50,41,0,1,1,1,2,3,1,5,1,0,0,1133,41.16004722,-110.19237222,35,0,0,1,1,4,0,1,1,0,18,43,19,9,19,34
560013,56,2020,4,4,7,23,0,9,0,1,1,1,1,3,1,6,1,0,0,2210,42.62375278,-105.12508333,31,0,0,1,1,5,0,2,1,0,,,,,,
560014,56,2020,4,6,2,22,0,17,0,1,1,1,1,3,1,5,1,0,0,39,43.74161667,-108.09945,1,0,0,1,1,1,0,2,1,0,22,33,22,51,,
560015,56,2020,4,8,4,4,45,9,0,1,1,1,1,2,1,5,1,0,0,1670,42.86067778,-105.89871944,34,0,0,1,1,4,0,2,10,0,,,,,,
560016,56,2020,4,9,5,12,44,37,730,2,2,2,2,1,2,1,1,1,0,1013,41.57295556,-109.272775,12,2,0,1,1,1,0,1,1,0,12,45,12,55,,
560017,56,2020,4,18,7,13,54,13,0,1,2,2,5,2,1,3,1,1,0,958,43.235875,-109.01373056,12,6,0,1,1,1,0,1,1,0,13,54,14,16,16,0
560018,56,2020,4,19,1,15,15,5,0,1,1,1,1,4,1,6,2,0,0,135,44.09326667,-105.17783056,35,0,0,1,1,4,0,1,1,0,15,30,16,2,,
560019,56,2020,4,20,2,23,59,15,0,1,1,1,2,3,1,5,1,0,0,133,41.97120278,-104.381975,1,0,0,1,1,4,0,2,1,0,0,2,0,23,1,4
560020,56,2020,4,26,1,17,16,11,0,1,1,1,1,4,1,6,2,0,0,79,44.32831389,-104.7612,34,0,0,1,1,4,0,1,1,0,17,22,17,39,,
560021,56,2020,4,27,2,23,44,1,0,1,1,1,1,1,1,1,1,1,0,3049,41.34906944,-105.70278333,1,0,0,1,1,2,0,2,1,0,,,,,,
560022,56,2020,4,30,5,20,41,5,0,1,2,2,7,3,1,4,1,0,0,569,43.70615278,-105.29605556,12,2,0,1,1,1,0,2,10,0,20,38,20,55,22,18
560023,56,2020,5,19,3,12,46,41,0,1,1,1,1,1,1,1,1,1,0,409,41.36257778,-110.31851111,1,0,0,1,1,3,0,1,1,0,12,46,12,59,,
560024,56,2020,5,21,5,11,9,1,470,2,2,2,3,2,2,3,1,1,0,4040,41.25383333,-105.60180556,12,6,0,1,1,1,0,1,1,0,,,,,,
560025,56,2020,5,22,6,10,36,35,0,1,1,1,3,3,1,5,1,0,0,199,42.60313611,-109.71833056,1,0,0,1,1,1,0,1,1,0,10,36,11,1,,
560026,56,2020,5,17,1,9,30,21,100,1,2,2,3,2,2,3,1,1,0,3654,41.14279167,-104.7578,12,6,0,2,2,1,0,1,1,0,9,31,9,33,10,34
560027,56,2020,5,30,7,16,34,21,100,1,1,1,1,3,2,5,1,0,0,49,41.05476389,-104.81020833,1,0,0,3,3,1,0,1,1,0,16,34,16,40,17,37
560028,56,2020,5,31,1,4,30,33,0,1,1,1,1,3,1,5,1,0,0,113,44.91715278,-107.18269444,24,0,0,1,1,4,0,2,1,0,,,,,,
560029,56,2020,5,29,6,12,55,33,680,1,1,1,1,3,1,7,1,0,0,128,44.91128056,-107.15405,38,0,0,3,2,5,0,1,1,0,13,0,13,15,13,48
560030,56,2020,6,2,3,20,45,5,0,2,1,1,4,3,1,3,1,1,0,630,43.58875556,-105.47226111,31,0,0,1,1,4,0,5,1,0,20,51,21,4,,
560031,56,2020,6,5,6,15,58,9,0,1,1,1,1,4,1,6,2,0,0,56,42.67369167,-105.32654444,42,0,0,1,1,5,0,1,1,0,15,58,16,4,,
560032,56,2020,6,6,7,21,4,5,310,1,1,1,6,6,2,7,4,0,0,991,44.28571667,-105.52513333,1,0,0,3,3,1,0,3,1,0,21,4,21,9,,
560033,56,2020,6,9,3,17,56,35,0,1,1,1,1,4,1,5,2,0,0,88,42.47035,-110.26311111,1,0,0,1,1,1,0,1,1,0,17,58,18,12,,
560034,56,2020,6,17,4,6,14,43,0,2,2,2,2,2,1,3,1,1,0,1691,44.06073056,-107.93203889,12,2,0,1,1,1,0,1,2,0,6,14,6,19,,
560035,56,2020,6,19,6,10,52,7,0,1,1,1,2,1,1,1,1,1,0,2422,41.73049444,-106.69689722,1,0,0,1,1,3,0,1,1,0,10,53,11,18,,
560036,56,2020,6,25,5,18,14,37,0,1,1,1,2,3,1,5,1,0,0,135,41.38320833,-109.60426389,5,0,0,1,1,1,0,1,1,0,18,16,18,29,19,32
560037,56,2020,7,1,4,22,56,1,0,1,1,1,1,1,1,1,1,1,0,3207,41.263975,-105.46498611,17,0,0,1,1,4,0,2,1,0,22,54,23,8,23,54
560038,56,2020,7,2,5,16,30,19,0,1,2,2,3,2,1,3,1,1,0,832,44.32445556,-106.86509444,12,6,0,1,1,1,0,1,1,0,,,,,,
560039,56,2020,7,3,6,17,0,21,100,1,2,2,4,2,2,3,1,1,0,61,41.08659167,-104.80036667,12,6,0,2,3,1,0,1,1,0,17,5,17,6,17,30
560040,56,2020,7,3,6,0,35,23,0,1,1,1,1,2,1,3,1,1,0,705,42.52197778,-110.895475,1,0,0,1,1,5,0,2,1,0,,,,,,
560041,56,2020,7,11,7,19,0,25,0,1,1,1,2,4,1,6,2,0,0,66,42.46990833,-106.84783333,1,0,0,1,1,1,0,1,1,0,19,5,19,38,21,17
560042,56,2020,7,13,2,2,0,29,0,1,1,1,1,2,1,3,1,1,0,623,44.49135556,-108.87618056,31,0,0,1,1,4,0,2,1,0,,,,,,
560043,56,2020,7,14,3,6,40,15,0,1,2,2,2,2,1,3,1,1,0,264,42.22781944,-104.53790833,12,6,0,1,1,1,0,1,1,0,6,46,7,7,7,49
560044,56,2020,7,16,5,14,50,39,0,1,1,1,1,3,2,4,1,0,0,9,43.47873056,-110.80214444,38,0,0,1,1,4,0,1,1,0,,,,,,
560045,56,2020,7,18,7,20,20,25,0,1,1,1,1,3,1,5,1,0,0,53,42.77338333,-106.32826667,17,0,0,1,1,4,0,5,1,0,20,29,20,37,,
560046,56,2020,7,14,3,17,5,35,0,1,2,2,2,2,1,3,1,1,0,1337,43.14854167,-110.26561667,12,2,0,1,1,1,0,1,1,0,17,11,17,43,,
560047,56,2020,7,19,1,4,9,37,0,2,1,1,2,2,1,4,1,0,0,5254,41.22420833,-109.19124167,1,0,0,1,1,4,0,1,1,0,,,,,,
560048,56,2020,7,17,6,12,29,7,0,1,2,2,2,2,1,3,1,1,0,321,42.20565278,-107.46569444,12,6,0,1,1,1,0,1,1,0,12,30,12,50,,
560049,56,2020,7,23,5,14,10,25,90,1,2,2,2,8,2,3,1,1,0,992,42.86928056,-106.33910556,12,6,0,2,2,1,0,1,1,0,,,,,,
560050,56,2020,7,29,4,14,0,13,0,2,1,1,2,2,1,3,1,1,0,703,43.14086667,-107.55666111,1,0,0,1,1,4,0,1,1,0,14,7,,,,
560051,56,2020,7,31,6,13,36,1,0,2,2,2,3,2,1,4,1,0,0,3205,41.42392222,-105.60752778,12,2,0,1,1,1,0,1,1,0,13,38,13,47,14,11
560052,56,2020,7,17,6,16,40,29,0,1,1,1,1,2,1,4,1,9,0,242,44.94725556,-109.49208611,17,0,0,1,1,4,0,1,10,0,16,46,17,23,18,38
560053,56,2020,7,11,7,14,56,21,100,1,1,1,1,1,2,1,1,1,0,139,41.185425,-104.83796944,18,0,1,18,1,1,1,1,1,0,14,57,15,5,15,19
560054,56,2020,8,6,5,18,8,11,0,1,1,1,1,1,1,1,1,1,0,1831,44.37499444,-104.43651667,31,0,0,1,1,4,0,1,1,0,18,10,18,29,,
560055,56,2020,8,7,6,13,15,37,0,1,1,1,1,2,1,3,1,1,0,499,42.24010833,-109.465,1,0,0,1,1,1,0,1,1,0,,,,,,
560056,56,2020,8,8,7,18,14,9,0,2,2,2,3,2,1,5,1,0,0,1631,42.84785833,-105.82668333,12,2,0,1,1,1,0,1,1,0,18,16,18,21,19,13
560057,56,2020,8,9,1,12,25,25,0,1,1,1,1,1,1,1,1,1,0,2064,43.11268333,-106.33734167,1,0,0,1,1,1,0,1,1,0,12,28,12,45,,
560058,56,2020,8,11,3,16,55,11,0,2,1,1,2,3,1,5,1,0,0,178,44.69755556,-104.57280556,5,0,0,1,1,4,0,1,1,0,17,2,17,6,,
560059,56,2020,8,10,2,0,4,21,0,1,1,1,1,4,1,7,2,0,0,10,41.13005278,-104.54284167,1,0,0,1,1,4,0,2,1,0,0,5,0,21,,
560060,56,2020,5,6,4,21,0,21,100,1,1,1,0,1,2,1,1,1,0,168,41.22951111,-104.83743611,8,0,1,20,1,1,0,2,1,0,,,,,,
560061,56,2020,7,19,1,9,0,31,0,1,1,1,2,4,1,6,2,0,0,92,42.186625,-104.67936944,35,0,0,1,1,4,0,1,1,0,9,8,9,47,,
560062,56,2020,8,8,7,7,56,7,690,1,2,2,2,6,2,7,4,0,0,,41.78895833,-107.24333333,12,6,0,2,2,1,0,1,1,0,,,,,,
560063,56,2020,8,13,5,13,30,13,0,1,1,1,2,2,1,3,1,1,0,389,42.54434167,-108.12824722,1,0,0,1,1,4,0,1,1,0,13,27,14,5,,
560064,56,2020,8,5,4,8,59,21,0,1,2,1,2,4,1,6,2,0,0,121,41.27227222,-104.90505556,45,0,0,1,1,1,2,1,1,0,9,1,9,8,,
560065,56,2020,8,19,4,14,24,37,0,1,1,1,1,1,1,1,1,1,0,1406,41.64869444,-108.60485278,38,0,0,1,1,4,0,1,1,0,,,,,,
560067,56,2020,8,22,7,0,44,31,370,1,1,1,1,2,1,3,1,1,0,150,42.26976389,-104.74610278,33,0,0,8,1,4,0,3,1,0,0,42,1,6,,
560068,56,2020,8,25,3,17,36,13,0,1,1,1,3,3,1,5,1,0,3,130,43.10694444,-108.74738056,1,0,0,1,1,1,0,1,1,0,17,30,17,45,,
560069,56,2020,8,17,2,19,58,5,310,1,1,1,1,4,2,5,2,0,0,38,44.27649167,-105.44753333,58,0,0,1,1,1,0,1,1,0,20,0,20,5,,
560070,56,2020,8,30,1,11,15,1,0,1,2,2,6,2,1,3,1,1,0,4183,41.074,-105.49288333,12,7,0,1,1,1,0,1,1,0,10,38,10,56,11,22
560071,56,2020,8,30,1,21,15,7,0,1,3,3,5,1,1,1,1,1,0,2237,41.76970556,-107.048725,12,2,0,1,1,1,0,2,1,0,,,,,,
560072,56,2020,8,29,7,17,22,11,0,1,1,1,1,1,1,1,1,1,0,1760,44.33129444,-104.54311389,42,0,0,1,1,4,0,1,3,0,17,23,17,40,,
560073,56,2020,8,24,2,20,30,21,100,1,1,1,1,6,2,5,4,0,0,1036,41.16391111,-104.79936667,8,0,0,1,1,1,1,2,1,0,20,31,20,34,22,0
560074,56,2020,9,4,6,21,28,7,0,1,1,1,1,8,1,98,64,0,0,0,41.18728333,-107.26787222,5,0,0,1,1,1,0,2,1,0,,,,,,
560075,56,2020,9,7,2,19,20,11,0,1,1,1,1,1,1,1,1,1,0,1849,44.38258333,-104.40405556,24,0,0,1,1,4,0,2,4,0,,,,,,
560076,56,2020,9,8,3,11,53,37,0,1,2,2,3,2,1,3,1,1,0,167,41.78736111,-109.334875,12,6,0,1,1,1,0,1,4,0,11,55,12,11,13,13
560077,56,2020,9,11,6,4,58,7,690,1,1,1,2,3,2,3,1,0,0,18,41.81130833,-107.22700833,5,0,0,1,1,2,0,3,1,0,4,52,4,59,,
560078,56,2020,9,12,7,21,15,39,0,1,2,2,3,3,2,4,1,0,0,20,43.48263333,-110.82317778,12,6,0,1,1,1,0,2,1,0,21,18,21,25,21,56
560079,56,2020,9,13,1,13,50,13,0,1,1,1,3,3,1,5,1,0,3,18,42.95948889,-108.77514167,1,0,0,1,1,1,0,1,1,0,13,48,13,53,,
560080,56,2020,9,15,3,5,0,15,0,1,3,3,6,2,1,3,1,1,0,1229,42.40075556,-104.35654444,12,2,0,1,1,1,0,2,1,0,5,22,5,43,6,42
560081,56,2020,9,15,3,10,51,33,0,1,1,1,3,2,1,5,1,0,0,929,44.7541,-107.63150556,1,0,0,1,1,4,0,1,1,0,,,,,,
560082,56,2020,8,20,5,9,26,29,130,1,3,3,11,2,2,3,1,1,0,532,44.51554167,-109.05313333,12,6,0,2,2,1,0,1,1,0,9,24,9,29,10,2
560083,56,2020,9,18,6,20,20,37,0,1,3,3,4,1,1,1,1,1,0,745,41.54293056,-109.75047222,12,1,0,1,1,1,0,2,1,0,20,20,20,42,,
560084,56,2020,9,20,1,14,17,45,0,1,1,1,2,2,1,3,1,1,0,2564,43.79448611,-104.08200556,11,0,0,1,1,1,0,1,1,0,14,12,14,19,14,34
560085,56,2020,9,21,2,6,0,33,0,1,1,1,1,2,1,5,1,0,0,36,44.74571667,-106.88783889,11,0,0,1,1,1,0,4,1,0,,,,,,
560086,56,2020,9,23,4,14,53,29,660,1,1,1,1,2,2,3,1,1,0,243,44.75325,-108.75132222,8,0,0,4,1,1,0,1,1,0,14,54,14,59,15,15
560087,56,2020,9,26,7,2,40,13,0,1,1,1,1,3,1,5,1,0,0,82,42.89456667,-108.28391944,1,0,0,1,1,4,0,2,1,0,2,37,2,58,,
560088,56,2020,9,23,4,14,8,23,0,2,2,2,6,2,1,3,1,1,0,33,42.17810278,-111.00386111,31,0,0,1,1,4,0,1,1,0,14,12,14,25,16,45
560089,56,2020,3,1,1,15,39,37,0,1,2,2,2,1,1,1,1,1,0,1844,41.71670556,-107.78055556,12,6,0,1,1,1,0,1,4,0,15,44,16,39,18,23
560090,56,2020,3,1,1,15,39,37,0,1,6,6,6,1,1,1,1,1,0,1844,41.71670833,-107.78059444,12,1,0,1,1,1,0,1,4,0,15,44,16,39,,
560091,56,2020,10,1,5,13,50,13,0,2,2,2,3,2,1,3,1,1,0,38,42.86601111,-108.77751944,12,6,0,8,1,1,0,1,1,0,13,55,14,2,14,32
560092,56,2020,10,6,3,22,46,5,0,1,1,1,1,4,1,7,2,0,0,40,44.10371667,-105.58865,1,0,0,1,1,4,0,2,1,0,22,46,23,9,,
560093,56,2020,10,2,6,17,14,21,0,1,1,1,2,4,1,7,2,0,0,52,41.23153333,-104.59734167,31,0,0,1,1,4,0,1,1,0,17,18,17,35,18,25
560094,56,2020,10,10,7,20,14,25,0,1,1,1,2,4,1,6,2,0,0,53,42.48079444,-106.84191111,1,0,0,1,1,4,0,2,1,0,20,14,20,44,,
560095,56,2020,10,14,4,6,30,7,0,1,2,2,2,1,1,1,1,1,0,2211,41.77283333,-107.09647778,12,2,0,1,1,1,0,1,6,0,6,31,6,43,,
560096,56,2020,10,15,5,15,30,29,0,1,1,1,1,8,1,7,64,0,0,,44.99665833,-109.27315,1,0,0,1,1,4,0,1,1,0,,,,,,
560097,56,2020,10,18,1,3,0,9,0,1,1,1,1,1,1,1,1,1,0,1695,42.8357,-105.9649,1,0,0,1,1,1,0,2,1,0,3,3,3,21,,
560098,56,2020,10,21,4,6,18,13,0,1,2,2,2,2,1,3,1,1,0,297,43.71650556,-110.01,12,2,0,1,1,1,0,2,10,0,6,18,6,41,,
560099,56,2020,10,22,5,20,5,9,0,1,2,1,1,1,1,1,1,1,0,1447,42.78005278,-105.49132222,8,0,0,1,1,4,0,2,4,0,20,5,20,31,,
560100,56,2020,10,22,5,9,14,5,0,2,2,2,8,3,1,3,1,1,0,807,43.84316389,-105.46477778,12,6,0,1,1,2,0,1,4,0,9,11,9,19,10,22
560101,56,2020,10,20,3,6,30,1,0,1,1,1,2,1,1,1,1,1,0,3322,41.138225,-105.35525833,31,0,0,1,1,3,0,2,1,0,6,34,6,55,,
560102,56,2020,10,31,7,15,46,1,0,1,1,1,1,4,1,6,2,0,0,60,41.37933889,-105.54350833,1,0,0,1,1,4,0,1,1,0,15,46,15,55,16,15
560103,56,2020,10,22,5,17,35,1,0,1,2,2,5,2,1,4,1,0,0,2814,41.84465278,-106.03351944,12,2,0,1,1,2,0,5,4,0,17,46,17,54,18,44
560104,56,2020,11,2,2,17,20,13,0,1,1,1,4,3,1,5,1,0,3,112,43.08475,-108.76731944,1,0,0,1,1,4,0,5,1,0,17,23,17,40,,
560105,56,2020,11,14,7,5,25,13,0,1,1,1,1,4,1,5,2,0,3,40,43.02121667,-108.80644167,8,0,0,1,1,1,0,2,1,0,5,25,6,18,,
560106,56,2020,11,2,2,15,20,13,460,1,1,1,1,4,2,5,2,0,0,28,42.84751667,-108.72526944,38,0,0,1,1,4,0,1,1,0,,,,,,
560107,56,2020,11,21,7,4,30,31,0,1,1,1,1,1,1,1,1,1,0,702,41.92382778,-104.94012778,1,0,0,1,1,4,0,2,1,0,8,7,8,28,,
560108,56,2020,12,2,4,13,14,29,0,1,2,2,2,2,1,3,1,1,0,44,44.54988333,-108.98500556,12,6,0,1,1,1,0,1,1,0,13,16,13,24,,
560109,56,2020,12,9,4,19,13,9,0,1,1,1,1,1,1,1,1,1,0,1740,42.84039444,-106.05191389,1,0,0,1,1,3,0,2,1,0,19,13,19,24,,
560110,56,2020,12,8,3,11,1,33,0,1,3,3,3,3,1,5,1,0,0,41,44.88242222,-106.986225,12,11,0,3,3,1,0,1,1,0,,,,,,
560111,56,2020,12,12,7,16,36,21,0,1,2,2,2,4,1,6,2,0,0,34,41.21198056,-105.12378056,12,2,0,1,1,1,0,2,4,0,16,38,16,57,,
560112,56,2020,12,18,6,18,6,23,0,2,3,3,8,2,1,3,1,1,0,918,42.81413056,-110.95727222,12,6,0,8,1,1,0,2,1,0,18,4,18,19,18,50
560113,56,2020,12,11,6,17,30,13,0,1,3,3,9,3,1,5,1,0,3,13,42.99303333,-108.40651389,12,2,0,1,1,1,0,2,4,0,17,23,17,33,,
560114,56,2020,12,15,3,20,21,21,100,1,2,2,3,2,2,3,1,1,0,3638,41.13847778,-104.78713333,12,7,0,1,1,1,0,2,1,0,20,21,20,22,,
560115,56,2020,12,24,5,9,25,31,0,1,1,1,2,1,1,1,1,1,0,480,41.66303056,-104.83977778,1,0,0,1,1,1,0,1,6,0,9,30,9,51,11,15