st_case,state,year,month,day,day_week,hour,minute,county,city,fatals_crash,vehicles_total,vehicles_in_transport,persons_total,route,rural_urban,functional_system,road_owner,nhs,special_jurisdiction,milepoint,latitude,longitude,first_harmful_event,manner_collision,rel_jct_interchange,rel_jct_location,intersection_type,relation_to_road,work_zone,light_condition,weather,school_bus_related,ems_notified_hour,ems_notified_min,ems_arrival_hour,ems_arrival_min,hospital_hour,hospital_min
60085,6,2020,1,2,5,21,5,85,0,1,2,2,3,3,1,3,1,0,0,12,36.9562,-121.53088056,12,6,0,1,1,1,0,2,1,0,,,,,,
60086,6,2020,1,9,5,12,7,37,1980,1,2,2,2,9,2,5,98,0,0,0,34.24090833,-118.58581111,12,6,0,4,1,1,0,1,10,0,,,,,,
60087,6,2020,1,7,3,6,40,95,1260,1,1,1,1,9,2,3,98,1,0,0,38.27376944,-122.03406944,8,0,0,1,1,1,0,3,1,0,,,,,,
60088,6,2020,2,1,7,1,23,71,3210,1,1,1,2,3,2,2,1,0,0,271,34.13437222,-117.23204167,8,0,0,1,1,1,0,3,1,0,,,,,,
60089,6,2020,2,14,6,7,45,77,0,1,3,3,7,3,1,3,1,0,0,56,37.89857778,-121.47335278,12,2,0,1,1,1,0,1,1,0,,,,,,
60090,6,2020,2,7,6,3,20,39,0,1,1,1,1,3,2,4,1,0,0,215,37.01030556,-119.86684722,8,0,0,1,1,1,0,2,1,0,,,,,,
60091,6,2020,1,16,5,17,40,71,0,1,1,1,1,3,1,5,1,0,0,132,35.67034167,-117.41667222,35,0,0,1,1,4,0,1,6,0,,,,,,
60092,6,2020,3,4,4,19,22,65,0,1,1,1,1,9,2,4,98,0,0,0,33.83779722,-117.12218056,8,0,0,1,1,1,0,2,1,0,,,,,,
60093,6,2020,1,17,6,8,35,73,0,1,3,3,3,3,2,4,1,0,0,195,33.01092778,-116.93732222,12,6,0,1,1,1,0,1,2,0,,,,,,
60094,6,2020,2,15,7,16,51,33,0,2,1,1,3,3,2,3,1,0,0,299,39.01775833,-122.64378056,42,0,0,1,1,4,0,1,1,0,,,,,,
60095,6,2020,1,4,7,21,40,65,290,1,1,1,1,9,2,4,98,0,9,0,33.96277222,-116.97725278,59,0,0,1,1,4,0,3,1,0,,,,,,
60096,6,2020,1,5,1,22,19,79,2705,1,1,1,1,9,2,4,98,0,0,0,35.65631944,-120.64098611,42,0,0,1,1,4,0,2,1,0,,,,,,
60097,6,2020,1,2,5,2,5,37,810,1,1,1,1,9,2,4,98,0,0,0,33.87443889,-118.22639444000001,8,0,0,1,1,1,0,3,1,0,,,,,,
60098,6,2020,1,2,5,4,52,77,3770,1,3,3,3,9,2,3,98,1,0,0,37.92884167,-121.32735278,9,0,0,1,1,1,0,3,1,0,,,,,,
60099,6,2020,1,5,1,23,14,77,2070,1,1,1,1,9,2,3,98,1,0,0,37.78758889,-121.21609167,9,0,0,3,2,1,0,3,1,0,,,,,,
60100,6,2020,2,21,6,2,7,71,0,1,1,1,1,3,1,4,1,0,0,377,35.7486,-116.31533611,59,0,0,1,1,4,0,2,1,0,,,,,,
60101,6,2020,1,3,6,13,50,89,0,1,2,2,2,3,1,4,1,0,0,445,40.7461,-122.06253889,12,2,0,1,1,1,0,1,1,0,,,,,,
60102,6,2020,1,19,1,0,33,67,3150,1,1,1,1,9,2,4,98,0,0,0,38.71239444,-121.36444444,8,0,0,1,1,1,0,3,1,0,,,,,,
60103,6,2020,1,23,5,13,10,85,0,1,1,1,1,3,1,5,1,0,0,119,37.34043056,-121.71168889,42,0,0,1,1,4,0,1,1,0,,,,,,
60104,6,2020,1,6,2,17,25,37,1980,1,1,1,1,9,2,3,98,1,0,0,33.98912778,-118.31208056,8,0,0,1,1,1,0,5,1,0,,,,,,
60105,6,2020,1,6,2,18,20,73,3260,1,2,2,2,9,2,4,98,1,0,0,33.01856944,-117.06275833,12,6,0,2,3,1,0,3,1,0,,,,,,
60106,6,2020,1,16,5,19,47,81,3730,1,1,1,1,3,2,3,1,1,0,207,37.64441667,-122.44791389,8,0,0,1,1,1,0,3,2,0,,,,,,
60107,6,2020,1,7,3,6,18,85,3790,1,1,1,1,3,2,3,1,1,0,147,37.35218056,-122.00101944,8,0,0,3,3,1,0,3,1,0,,,,,,
60108,6,2020,1,8,4,17,59,99,3950,1,1,1,1,9,2,4,98,0,0,0,37.49268333,-120.83794444,8,0,0,1,1,1,0,2,1,0,,,,,,
60109,6,2020,1,8,4,2,30,37,720,1,1,1,1,9,2,3,98,1,0,0,34.11336389,-117.73687222,8,0,0,1,1,1,0,2,1,0,,,,,,
60110,6,2020,1,18,7,0,35,37,1980,1,4,1,2,9,2,3,98,1,0,0,34.26549444,-118.48478056,33,0,0,1,1,4,0,3,1,0,,,,,,
60111,6,2020,1,8,4,23,40,75,3290,1,1,1,1,9,1,7,98,0,0,0,37.82528333,-122.36993889,42,0,0,1,1,4,0,3,10,0,,,,,,
60112,6,2020,1,18,7,18,31,71,3000,1,4,4,10,9,2,3,98,1,0,0,34.16668611,-117.4165,12,2,0,2,2,1,0,3,1,0,,,,,,
60113,6,2020,1,9,5,18,46,107,3920,1,1,1,1,3,2,3,1,1,0,72,36.20387778,-119.35629444,8,0,0,1,1,1,0,3,1,0,,,,,,
60114,6,2020,1,19,1,9,0,37,1294,1,2,2,2,9,2,3,98,1,0,0,34.22299444,-118.19053611,12,6,0,2,3,1,0,1,1,0,,,,,,
60115,6,2020,1,19,1,13,5,37,810,1,2,2,3,9,2,3,98,1,0,0,33.89570278,-118.22823611,12,6,0,8,1,1,0,1,1,0,,,,,,
60116,6,2020,1,9,5,23,19,85,2182,1,2,2,3,9,2,3,98,1,0,0,37.42196944,-121.86114167,12,6,0,2,3,1,0,3,1,0,,,,,,
60117,6,2020,1,12,1,18,51,71,115,1,2,2,2,9,2,3,98,1,0,0,34.47176944,-117.15561944,12,6,0,1,1,1,0,2,1,0,,,,,,
60118,6,2020,1,19,1,1,54,73,3260,1,1,1,1,9,2,4,98,1,0,0,32.71154722,-117.14743056,8,0,0,1,1,1,0,3,1,0,,,,,,
60119,6,2020,1,19,1,15,57,95,1260,1,2,2,5,9,2,3,98,1,0,0,38.27323056,-122.04895,12,6,0,2,2,1,0,1,1,0,,,,,,
60120,6,2020,1,19,1,16,29,67,2934,1,1,1,3,9,2,4,98,0,0,0,38.60279167,-121.29918056,19,0,0,3,3,4,0,5,1,0,,,,,,
60121,6,2020,1,19,1,19,5,37,1980,1,1,1,1,9,2,4,98,0,0,0,34.23532222,-118.42088333,9,0,0,1,1,1,0,3,1,0,,,,,,
60122,6,2020,1,20,2,5,14,37,1980,1,1,1,1,9,2,3,98,1,0,0,34.04991944,-118.30904444,8,0,0,3,3,1,0,3,10,0,0,0,,,,
60123,6,2020,1,13,2,19,43,85,3790,1,1,1,1,9,2,4,98,0,0,0,37.38963056,-122.01479167,8,0,0,3,3,1,0,1,1,0,,,,,,
60124,6,2020,2,8,7,22,33,71,2238,3,2,2,4,9,2,4,98,0,0,0,34.05216944,-117.70683889,12,6,0,2,2,1,0,3,1,0,,,,,,
60125,6,2020,2,7,6,19,37,1,2480,1,1,1,1,1,2,1,1,1,0,261,37.75748889,-122.21134444,8,0,0,1,1,1,0,2,5,0,,,,,,
60126,6,2020,2,25,3,11,15,71,0,1,1,1,1,1,1,1,1,1,0,199,34.84333056,-116.82183889,17,0,0,1,1,3,0,1,1,0,,,,,,
60127,6,2020,2,11,3,19,50,67,0,1,2,2,2,9,2,3,98,0,0,0,38.674675,-121.38288056,1,0,0,1,1,1,0,3,1,0,,,,,,
60128,6,2020,1,25,7,22,4,77,0,1,1,1,2,3,2,3,1,1,0,3,37.98755556,-121.24574444,8,0,0,1,1,1,0,3,1,0,,,,,,
60129,6,2020,2,29,7,4,5,47,0,1,1,1,1,3,1,2,1,1,0,77,37.08506944,-121.10705,24,0,0,1,1,4,0,2,1,0,,,,,,
60130,6,2020,2,22,7,18,35,73,1182,1,1,1,1,1,2,1,1,1,0,396,33.02188611,-117.27323333,8,0,0,1,1,1,1,1,1,0,,,,,,
60131,6,2020,1,16,5,10,21,53,0,1,1,1,2,3,1,3,1,1,0,1001,36.85673056,-121.771275,34,0,0,1,1,4,0,1,2,0,,,,,,
60132,6,2020,3,13,6,15,17,67,0,1,1,1,6,9,2,7,98,0,0,0,38.63265556,-121.37478611,5,0,0,1,1,1,0,1,1,0,,,,,,
60133,6,2020,1,29,4,14,14,97,0,1,1,1,2,9,1,5,98,0,0,0,38.26455833,-122.74275,35,0,0,1,1,4,0,1,1,0,,,,,,
60134,6,2020,1,26,1,9,26,37,0,1,2,2,4,3,2,2,1,1,0,563,34.53482778,-118.11761667,12,1,0,1,1,1,0,1,1,0,,,,,,
60135,6,2020,3,13,6,18,25,73,0,1,2,2,4,9,1,5,98,0,0,0,32.9991,-116.83736944,12,6,0,1,1,1,0,1,2,0,,,,,,
60136,6,2020,3,6,6,6,51,69,0,1,1,1,1,9,2,4,98,0,0,0,36.84745556,-121.36363333,42,0,0,1,1,4,0,4,10,0,,,7,2,,
60137,6,2020,1,5,1,7,0,7,0,1,2,2,2,3,2,3,1,1,0,21,39.33423889,-121.68310833,12,6,0,2,2,1,0,4,5,0,,,,,,
60138,6,2020,2,22,7,9,0,71,0,1,1,1,4,2,1,2,1,1,0,779,35.14305833,-114.83098611,43,0,0,1,1,4,0,1,2,0,,,,,,
60139,6,2020,1,5,1,20,54,37,1670,1,1,1,1,9,2,3,98,1,0,0,33.97446111,-118.22775278,8,0,0,3,3,1,0,1,1,0,,,,,,
60140,6,2020,1,13,2,17,55,39,0,1,1,1,1,3,1,3,1,1,0,205,37.16181667,-119.72768889,8,0,0,1,1,1,0,2,1,0,,,,,,
60141,6,2020,1,27,2,8,48,73,0,1,1,1,1,9,1,4,98,0,0,0,32.80921944,-116.89721111,33,0,0,1,1,4,0,1,1,0,,,,,,
60142,6,2020,1,16,5,11,25,59,3420,1,2,2,3,9,2,3,98,1,0,0,33.86827778,-117.75243056,12,6,0,2,3,1,1,1,1,0,,,,,,
60143,6,2020,1,20,2,10,33,1,340,1,1,1,2,9,2,3,98,1,0,0,37.86823611,-122.29778056,8,0,0,1,1,4,0,1,1,0,,,,,,
60144,6,2020,1,20,2,18,29,73,1200,1,1,1,1,9,2,3,98,1,0,0,33.12912778,-117.07688611,8,0,0,3,3,1,0,3,10,0,,,,,,
60145,6,2020,1,21,3,2,43,37,1015,1,1,1,1,9,2,4,98,1,0,0,34.03893056,-117.80268056,33,0,0,1,1,4,0,3,2,0,,,,,,
60146,6,2020,1,22,4,16,0,37,1980,1,2,2,2,3,2,3,1,1,0,97,33.79092778,-118.24811667,12,7,0,2,2,1,0,1,10,0,,,,,,
60147,6,2020,1,23,5,4,17,81,3390,1,1,1,3,2,2,2,1,1,0,148,37.58629167,-122.32966111,39,0,0,3,3,4,0,3,10,0,4,34,5,6,,
60148,6,2020,1,25,7,23,10,37,1808,1,3,3,3,9,2,3,98,1,0,0,33.84700833,-118.15989444,12,6,0,2,2,1,0,3,1,0,,,,,,
60149,6,2020,1,27,2,7,38,59,1790,1,1,1,1,9,2,5,98,1,0,0,33.93186667,-117.94177222,8,0,0,3,2,1,0,4,1,0,,,,,,
60150,6,2020,1,29,4,14,33,107,3920,1,2,2,3,3,2,3,1,1,0,181,36.21100556,-119.30331667,12,2,0,3,2,1,0,1,1,0,,,,,,
60151,6,2020,1,30,5,13,50,59,1842,1,2,2,2,9,2,4,98,0,0,0,33.84896389,-118.037275,12,6,0,8,1,1,0,1,1,0,,,,,,
60152,6,2020,1,31,6,1,47,95,1260,1,1,1,1,9,2,3,98,1,0,0,38.25044167,-122.03448056,33,0,0,3,3,4,0,3,1,0,,,,,,
60153,6,2020,3,10,3,20,15,33,0,1,1,1,2,3,1,3,1,1,0,383,38.99641111,-122.51955,1,0,0,1,1,1,0,2,1,0,,,,,,
60154,6,2020,2,12,4,18,37,65,0,1,1,1,4,9,2,4,98,0,0,0,33.83699444,-117.3194,8,0,0,1,1,1,0,2,1,0,,,,,,
60156,6,2020,3,21,7,19,50,115,0,1,2,2,2,9,1,5,98,0,0,0,39.21994444,-121.51081389,12,6,0,1,1,1,0,5,1,0,,,,,,
60157,6,2020,1,18,7,11,35,25,0,1,4,1,1,9,1,5,98,1,0,0,33.40610833,-116.04150556,8,0,0,3,2,1,0,1,1,0,,,,,,
60158,6,2020,1,31,6,12,40,65,0,1,3,1,1,9,1,7,98,0,0,0,33.76170278,-116.888875,14,0,0,1,1,4,0,1,1,0,,,,,,
60159,6,2020,3,1,1,5,0,89,0,1,1,1,1,1,2,1,1,1,0,221,40.67685833,-122.34803611,42,0,0,5,1,4,0,2,1,0,,,,,,
60160,6,2020,3,17,3,17,0,49,0,1,2,2,2,3,1,3,1,1,0,65,41.49361111,-120.968375,12,6,0,1,1,1,0,1,4,0,,,,,,
60161,6,2020,2,29,7,11,48,65,0,1,1,1,1,9,2,7,98,0,0,,33.85721667,-117.29197778,1,0,0,1,1,4,0,1,1,0,11,52,11,59,,
60162,6,2020,2,8,7,,,71,0,1,1,1,1,9,1,5,98,0,0,0,35.23418056,-117.35929722,1,0,0,1,1,4,0,2,1,0,6,50,7,25,,
60163,6,2020,1,22,4,15,5,71,0,1,1,1,1,4,2,7,2,0,0,0,34.24285833,-117.32038889,8,0,0,1,1,1,0,1,1,0,,,,,,
60164,6,2020,1,19,1,4,20,71,0,2,2,2,3,1,1,1,1,1,0,586,34.73520278,-117.18305556,12,11,0,1,1,1,0,2,1,0,,,,,,
60165,6,2020,3,23,2,6,54,71,0,1,3,3,3,4,2,4,2,0,0,0,34.49328889,-117.27734722,12,6,0,2,3,1,0,1,1,0,,,,,,
60168,6,2020,3,24,3,17,5,71,0,1,2,2,2,1,1,1,1,1,0,535,34.66779722,-117.20987222,12,1,0,1,1,1,0,1,10,0,17,10,17,13,,
60169,6,2020,3,2,2,1,5,37,0,1,1,1,1,4,1,5,2,0,0,0,34.76303611,-118.06337222,30,0,0,1,1,4,0,2,10,0,,,,,,
60170,6,2020,1,24,6,16,23,25,0,1,1,1,2,4,1,7,2,0,0,0,32.87635833,-115.39728889,43,0,0,1,1,4,0,1,1,0,,,,,,
60171,6,2020,2,28,6,19,0,65,0,1,1,1,1,3,2,3,1,1,0,462,33.74789167,-116.87468889,8,0,0,1,1,1,0,2,1,0,19,3,19,18,,
60172,6,2020,1,16,5,4,19,71,1305,1,1,1,1,1,2,1,1,1,0,150,34.06645,-117.45610833,8,0,1,20,1,1,0,2,1,0,,,,,,
60173,6,2020,3,3,3,7,30,29,0,1,3,3,6,9,1,5,98,0,0,356,35.44193611,-119.32856944,12,2,0,1,1,1,0,1,1,0,,,,,,
60174,6,2020,3,3,3,18,55,73,0,1,3,3,4,9,1,4,98,0,0,0,33.3213,-116.96703056,12,8,0,1,1,1,0,2,1,0,,,,,,
60175,6,2020,1,20,2,5,4,73,1820,1,1,1,1,1,2,1,1,1,0,109,32.77105833,-117.02506667,33,0,0,1,1,4,0,2,1,0,,,,,,
60176,6,2020,2,22,7,19,5,107,0,1,2,2,5,3,1,3,1,0,0,4,36.05128611,-119.30385556,12,6,0,2,2,1,0,2,1,0,,,,,,
60177,6,2020,1,15,4,23,57,37,1840,1,1,1,1,3,2,2,1,1,0,692,34.70798333,-118.16989444,8,0,0,1,1,1,0,3,1,0,,,,,,
60178,6,2020,2,21,6,18,58,77,0,1,1,1,1,3,2,2,1,1,0,204,37.98490278,-121.2514,42,0,1,5,1,4,0,2,1,0,,,,,,
60179,6,2020,2,25,3,7,20,77,0,1,3,3,4,3,1,3,1,1,0,116,37.79807222,-121.09306667,12,2,0,1,1,1,0,1,1,0,,,,,,
60180,6,2020,1,2,5,21,27,73,0,1,1,1,1,3,2,3,1,1,0,209,32.70470833,-116.86898056,8,0,0,1,1,1,0,2,1,0,,,,,,
60181,6,2020,1,26,1,5,34,77,3770,1,1,1,2,1,2,1,1,1,0,255,37.93905833,-121.29777778,42,0,0,1,1,4,0,2,2,0,,,,,,
60182,6,2020,1,29,4,12,45,53,0,1,1,1,1,9,1,5,98,0,0,0,36.90433889,-121.74281667,33,0,0,1,1,4,0,1,1,0,,,,,,
60183,6,2020,2,1,7,20,20,37,0,1,2,2,3,9,1,5,98,0,0,0,34.57776111,-117.82663889,12,2,0,1,1,1,0,2,1,0,,,,,,
60184,6,2020,2,11,3,14,37,77,0,2,1,1,3,9,2,3,98,0,0,0,38.05789444,-121.36956944,33,0,0,1,1,4,0,1,1,0,,,,,,
60185,6,2020,2,13,5,1,40,37,0,1,1,1,1,9,2,5,98,0,0,0,34.54293333,-117.96318611,8,0,0,1,1,1,0,2,1,0,,,,,,
60186,6,2020,2,4,3,15,52,25,0,1,1,1,1,9,1,5,98,0,0,0,32.75578056,-114.61604444,31,0,0,1,1,4,0,1,6,0,,,,,,
60187,6,2020,2,6,5,18,30,71,0,1,2,2,4,2,1,2,1,1,0,273,34.40931389,-114.65243056,12,2,0,1,1,2,0,2,1,0,,,,,,
60188,6,2020,2,22,7,12,40,71,0,1,1,1,2,9,1,7,98,0,0,0,34.97568333,-117.18915833,44,0,0,1,1,1,0,1,1,0,,,,,,
60189,6,2020,1,18,7,1,49,107,0,1,1,1,1,9,1,7,98,0,0,0,35.93486944,-119.28577778,8,0,0,1,1,1,0,2,5,0,,,,,,
60190,6,2020,1,28,3,7,45,45,0,1,2,2,2,3,1,3,1,1,0,348,39.23983889,-123.18106944,12,6,0,1,1,1,0,1,2,0,,,,,,
60191,6,2020,2,14,6,8,29,97,0,1,2,2,4,9,1,7,98,0,0,0,38.34441667,-122.80687778,12,1,0,1,1,1,0,1,10,0,,,,,,
60192,6,2020,2,29,7,4,38,99,2200,1,1,1,1,3,2,2,1,1,0,173,37.65103056,-121.022575,8,0,0,1,1,1,0,2,1,0,,,,,,
60193,6,2020,2,2,1,21,7,73,1876,1,1,1,1,3,2,2,1,1,0,80,32.74411389,-117.04812222,8,0,1,18,1,1,0,2,10,0,,,,,,
60194,6,2020,2,13,5,13,29,73,0,1,2,1,1,1,2,1,1,1,0,301,32.83505278,-116.73822778,14,0,0,1,1,2,0,1,1,0,,,,,,
60195,6,2020,2,5,4,0,25,87,0,1,1,1,1,3,1,2,1,1,0,105,36.97799722,-121.9102,8,0,0,1,1,1,0,2,1,0,,,,,,
60196,6,2020,2,25,3,19,5,65,0,1,2,2,2,9,1,5,98,0,0,0,33.82723611,-117.40689167,12,2,0,1,1,1,0,2,1,0,19,8,19,18,,
60197,6,2020,2,22,7,12,55,29,0,1,1,1,1,9,1,7,98,0,0,,35.19237222,-118.19237222,1,0,0,1,1,4,0,1,1,0,,,13,10,,
60198,6,2020,3,16,2,14,30,29,0,1,2,2,3,1,1,1,1,1,0,6,34.824925,-118.87435556,25,0,0,1,1,3,0,1,2,0,,,,,,
60199,6,2020,3,16,2,12,19,87,0,1,1,1,2,4,2,7,2,0,0,0,36.93701667,-121.82486111,38,0,0,1,1,4,0,1,1,0,,,,,,
60200,6,2020,3,15,1,20,15,79,0,1,2,2,2,3,1,3,1,1,0,568,35.74068889,-120.25598611,12,2,0,1,1,1,0,9,10,0,,,,,,
60201,6,2020,3,5,5,20,35,37,0,1,2,2,2,3,2,3,1,1,0,538,34.52102778,-117.99974444,8,0,0,1,1,1,0,3,1,0,,,,,,
60202,6,2020,3,17,3,4,55,73,0,1,1,1,1,3,1,4,1,0,0,116,32.93224444,-116.95289722,35,0,0,1,1,4,0,2,2,0,,,,,,
60203,6,2020,3,14,7,14,45,61,0,1,3,3,3,3,1,3,1,1,0,100,38.99361944,-121.11101667,12,6,0,1,1,1,0,1,2,0,,,,,,
60204,6,2020,3,15,1,21,40,29,0,1,3,3,3,3,1,4,1,0,0,711,35.75404722,-119.96187778,12,2,0,1,1,1,0,2,10,0,,,,,,
60205,6,2020,3,6,6,4,35,47,0,1,1,1,1,1,1,1,1,1,0,243,37.13835278,-121.037575,8,0,0,1,1,1,0,2,1,0,,,,,,
60206,6,2020,3,22,1,22,30,103,0,1,2,2,2,9,1,4,98,0,0,0,39.90610833,-122.15863611,12,2,0,1,1,1,0,2,1,0,,,,,,
60207,6,2020,3,6,6,8,40,77,0,1,2,2,2,3,1,4,1,0,0,36,37.98196111,-121.20238333,12,6,0,1,1,1,0,1,1,0,8,44,8,54,,
60208,6,2020,3,14,7,4,24,107,0,1,1,1,1,3,1,4,1,0,0,206,36.50123056,-119.28662778,58,0,0,3,2,1,0,2,6,0,,,,,,
60209,6,2020,3,16,2,1,9,67,0,1,1,1,1,4,2,5,2,0,0,0,38.472025,-121.41789444,8,0,0,1,1,1,0,3,2,0,,,,,,
60210,6,2020,3,4,4,14,19,67,0,1,3,3,3,9,2,3,98,1,0,0,38.65320556,-121.35508056,12,1,0,1,1,1,0,1,1,0,,,,,,
60211,6,2020,1,28,3,6,57,67,1390,2,4,4,5,3,2,2,1,1,0,19,38.26950278,-121.30192778,12,1,0,1,1,1,0,4,1,0,,,,,,
60212,6,2020,2,15,7,10,30,9,0,2,2,2,6,3,1,3,1,1,0,149,38.04664444,-120.64657222,12,2,0,1,1,1,0,1,1,0,,,,,,
60213,6,2020,1,22,4,7,30,67,0,2,2,2,6,9,1,7,98,0,0,0,38.52409722,-121.26109722,12,2,0,1,1,1,0,1,10,0,,,,,,
60214,6,2020,3,15,1,5,35,41,2460,1,1,1,1,2,2,2,1,1,0,161,38.04135278,-122.53655833,35,0,0,1,1,4,0,2,2,0,,,,,,
60215,6,2020,2,23,1,0,35,29,0,1,1,1,1,9,2,4,98,0,0,0,35.37091111,-118.96686667,8,0,0,1,1,1,0,3,1,0,,,,,,
60216,6,2020,1,17,6,3,23,85,537,1,2,2,2,3,2,2,1,1,0,162,37.1818,-121.5626,12,2,0,1,1,1,0,2,1,0,,,,,,
60218,6,2020,3,24,3,3,52,71,1603,1,1,1,1,1,2,1,1,1,0,328,34.41150833,-117.39246389,8,0,0,1,1,1,0,2,1,0,,,,,,
60220,6,2020,3,11,4,18,49,29,0,1,2,2,4,9,1,4,98,0,0,0,35.32525833,-118.93205833,12,1,0,3,2,1,0,5,1,0,,,,,,
60221,6,2020,2,9,1,1,55,39,0,2,1,1,2,3,1,3,1,1,0,289,37.26383611,-119.68633611,59,0,0,1,1,4,0,3,1,0,,,,,,
60222,6,2020,2,6,5,14,32,47,0,1,1,1,2,9,1,5,98,0,0,0,37.51756389,-120.356875,17,0,0,1,1,4,0,1,1,0,,,,,,
60223,6,2020,3,5,5,2,53,37,2645,1,2,2,2,3,2,2,1,1,0,629,34.61968056,-118.15348611,12,1,0,1,1,1,0,2,1,0,,,,,,
60224,6,2020,2,24,2,18,10,73,0,1,1,1,1,9,2,5,98,0,0,0,32.82515278,-116.95748056,9,0,0,3,3,1,0,3,1,0,,,,,,
60225,6,2020,2,13,5,14,0,27,0,2,2,2,3,2,1,3,1,1,0,179,36.04580556,-117.94722222,12,6,0,2,2,1,0,1,1,0,,,,,,
60226,6,2020,2,29,7,12,40,13,1590,1,1,1,1,1,2,1,1,1,0,98,38.01267778,-122.27171111,16,0,0,1,1,1,0,1,1,0,12,40,,,,
60227,6,2020,3,3,3,5,43,29,0,1,1,1,2,3,1,4,1,0,0,218,35.26711111,-119.18876944,8,0,0,1,1,1,0,2,1,0,5,45,5,59,,
60228,6,2020,2,17,2,5,10,37,0,1,1,1,1,9,2,3,98,0,0,0,34.10715,-117.91578611,8,0,0,1,1,1,0,2,1,0,,,,,,
60229,6,2020,3,24,3,18,26,31,0,1,2,2,3,3,2,4,1,0,0,13,36.10893611,-119.53648889,12,6,0,2,2,1,0,1,10,0,,,,,,
60230,6,2020,1,29,4,19,49,37,1980,2,1,1,2,2,2,2,1,1,0,2,34.05188056,-118.22351667,33,0,1,5,1,4,0,3,1,0,,,,,,
60231,6,2020,3,17,3,6,55,53,0,1,1,1,1,9,2,5,98,0,0,0,36.32379722,-121.31355,8,0,0,1,1,1,0,2,10,0,,,,,,
60232,6,2020,1,14,3,22,36,37,0,1,1,1,1,9,1,4,98,0,0,0,34.04520833,-118.09246944,30,0,0,1,1,4,0,3,10,0,,,,,,
60233,6,2020,3,14,7,17,35,73,0,1,1,1,1,1,2,1,1,1,0,505,33.384775,-117.17473333,59,0,0,1,1,8,0,1,10,0,,,,,,
60234,6,2020,1,3,6,0,21,65,0,1,2,2,3,3,1,4,1,0,0,128,33.47686944,-117.02883889,12,2,0,1,1,1,0,2,1,0,,,,,,
60235,6,2020,3,31,3,1,30,71,1603,1,3,3,4,1,2,1,1,1,0,352,34.44138333,-117.36868889,12,1,0,1,1,1,0,2,1,0,,,,,,
60236,6,2020,2,14,6,1,15,89,2950,1,2,2,3,1,2,1,1,1,0,176,40.61551389,-122.36450556,12,1,0,1,1,1,0,2,1,0,,,,,,
60237,6,2020,3,12,5,15,0,65,0,1,3,1,3,1,1,1,1,1,0,288,33.9219,-116.633275,14,0,0,1,1,2,0,1,2,0,,,,,,
60238,6,2020,3,10,3,21,22,65,0,1,2,2,2,1,1,1,1,1,0,357,33.90929722,-117.27979722,7,0,1,5,1,2,0,3,10,0,,,,,,
60239,6,2020,3,20,6,0,43,71,0,1,1,1,2,1,1,1,1,1,0,1150,35.08557222,-116.35801667,1,0,0,1,1,4,0,2,1,0,,,,,,
60240,6,2020,2,2,1,16,38,1,2480,1,1,1,2,1,2,1,1,1,0,406,37.79189167,-122.20276667,35,0,0,1,1,4,0,1,1,0,,,,,,
60241,6,2020,2,20,5,5,50,19,0,1,2,2,4,9,1,5,98,0,0,0,36.59018056,-119.52114444,12,6,0,2,2,1,0,2,1,0,,,,,,
60242,6,2020,4,1,4,3,19,31,0,1,1,1,1,3,1,3,1,1,0,436,36.33415278,-119.80780556,8,0,0,1,1,1,0,2,1,0,,,,,,
60243,6,2020,3,5,5,15,0,77,0,1,3,3,4,9,1,5,98,0,0,0,37.73126667,-121.33151667,12,2,0,1,1,1,0,1,1,0,,,,,,
60244,6,2020,3,5,5,8,30,19,0,2,2,2,3,9,1,5,98,0,0,0,36.66352778,-119.68189722,12,6,0,2,2,1,0,1,1,0,8,32,8,48,,
60245,6,2020,1,17,6,20,20,29,0,1,1,1,1,9,2,4,98,0,0,0,35.2597,-118.90526389,39,0,0,3,3,4,0,3,1,0,,,,,,
60246,6,2020,3,23,2,15,58,71,1305,1,1,1,1,1,2,1,1,1,0,116,34.06753333,-117.51744167,24,0,1,5,1,4,0,1,1,0,,,,,,
60247,6,2020,3,21,7,18,30,7,0,1,1,1,2,3,1,4,1,0,0,66,39.69048056,-121.61979444,1,0,0,1,1,4,0,1,1,0,,,,,,
60248,6,2020,1,18,7,16,15,85,0,1,3,3,5,3,1,5,1,0,0,10,37.26031389,-122.11285556,12,8,0,1,1,1,0,5,1,0,,,,,,
60249,6,2020,1,14,3,17,0,37,0,1,1,1,1,9,1,5,98,0,0,0,34.301,-118.25160556,35,0,0,1,1,4,0,1,1,0,,,,,,
60250,6,2020,3,14,7,12,0,7,0,1,2,2,3,3,1,2,1,1,0,438,39.85768889,-121.95454444,12,2,0,1,1,1,0,1,10,0,,,,,,
60251,6,2020,1,5,1,22,35,67,1108,1,1,1,2,3,2,2,1,1,0,134,38.41835833,-121.39288889,8,0,0,1,1,1,0,3,1,0,,,,,,
60252,6,2020,2,21,6,22,30,55,2330,1,1,1,1,3,2,2,1,1,0,109,38.28994444,-122.30177778,8,0,0,1,1,1,0,3,1,0,,,,,,
60253,6,2020,3,5,5,12,35,51,0,1,1,1,3,2,1,3,1,1,0,95,37.55968333,-118.66367778,43,0,0,1,1,4,0,1,1,0,,,,,,