st_case,state,year,month,day,day_week,hour,minute,county,city,fatals_crash,vehicles_total,vehicles_in_transport,persons_total,route,rural_urban,functional_system,road_owner,nhs,special_jurisdiction,milepoint,latitude,longitude,first_harmful_event,manner_collision,rel_jct_interchange,rel_jct_location,intersection_type,relation_to_road,work_zone,light_condition,weather,school_bus_related,ems_notified_hour,ems_notified_min,ems_arrival_hour,ems_arrival_min,hospital_hour,hospital_min
61927,6,2020,8,31,2,4,51,59,4130,1,1,1,1,3,2,3,1,1,0,80,33.76405833,-117.98982222,8,0,0,1,1,1,0,3,1,0,,,,,,
61928,6,2020,11,17,3,13,15,73,0,1,2,2,8,9,1,4,98,0,0,0,33.22830556,-116.99889444,12,7,0,1,1,1,0,1,1,0,,,,,,
61929,6,2020,12,1,3,17,33,77,0,1,1,1,1,9,2,5,98,0,0,0,37.92979722,-121.25373333,8,0,0,1,1,1,0,2,1,0,17,34,17,47,,
61930,6,2020,11,1,1,19,40,19,0,1,1,1,1,3,2,2,1,0,0,160,36.67971111,-119.74373056,8,0,0,1,1,1,0,2,1,0,19,44,19,49,,
61931,6,2020,6,30,3,3,30,37,0,1,3,1,2,9,2,4,98,0,0,0,33.99084444,-117.96515833,33,0,0,1,1,4,0,3,1,0,,,,,,
61932,6,2020,9,9,4,20,9,65,0,1,1,1,1,3,2,3,1,1,0,452,33.74784167,-116.89229444,8,0,0,1,1,1,0,2,1,0,,,,,,
61933,6,2020,11,11,4,13,15,65,0,1,3,3,3,3,2,3,1,1,0,188,33.73323611,-117.07636389,12,1,0,1,1,1,0,1,1,0,,,,,,
61934,6,2020,10,18,1,0,31,71,2550,1,1,1,4,3,2,2,1,1,0,90,34.02821111,-117.57359722,8,0,0,1,1,1,1,2,1,0,,,,,,
61935,6,2020,10,15,5,6,30,33,0,1,1,1,1,3,2,3,1,1,0,2,38.91221944,-122.61228056,8,0,0,1,1,1,0,2,1,0,,,,,,
61936,6,2020,8,11,3,23,48,71,680,1,1,1,1,3,2,2,1,1,0,42,34.03050556,-117.65695556,8,0,0,1,1,1,0,3,1,0,,,,,,
61937,6,2020,9,24,5,0,2,57,0,1,1,1,1,3,1,4,1,0,0,233,39.29789722,-121.10769722,24,0,0,1,1,4,0,2,1,0,,,,,,
61938,6,2020,1,27,2,13,27,37,230,1,1,1,1,6,2,7,98,0,0,0,34.13263333,-117.90752778,9,0,0,1,1,1,0,1,1,0,,,,,,
61939,6,2020,8,12,4,,,35,0,1,1,1,1,2,1,3,1,1,0,1157,40.86978056,-120.46606111,43,0,0,1,1,4,0,1,1,0,,,,,,
61940,6,2020,11,4,4,23,15,5,0,2,2,2,2,3,1,3,1,1,0,119,38.35336667,-120.83381667,12,2,0,1,1,1,0,2,1,0,,,,,,
61941,6,2020,6,26,6,1,12,73,3260,1,2,2,1,3,2,2,1,1,0,131,32.84676667,-117.02789444,12,6,0,1,1,1,0,2,1,0,,,,,,
61942,6,2020,3,1,1,22,31,85,3340,1,1,1,1,6,2,6,98,0,0,0,37.27314722,-121.83763333,33,0,0,3,2,4,0,3,1,0,,,,,,
61943,6,2020,3,12,5,23,16,59,1782,1,1,1,1,6,2,6,98,0,0,0,33.56609167,-117.67648056,31,0,0,3,2,4,0,3,10,0,,,,,,
61944,6,2020,12,1,3,13,33,29,0,1,2,2,3,9,2,7,98,0,0,0,35.13184167,-119.4574,12,6,0,2,2,1,0,1,1,0,13,42,14,2,,
61945,6,2020,11,12,5,5,0,57,0,1,1,1,1,1,1,1,1,1,0,38,39.32823889,-120.37001944,43,0,0,1,1,4,0,2,1,0,,,,,,
61946,6,2020,10,4,1,18,20,19,1370,1,1,1,2,3,2,2,1,1,0,245,36.75345556,-119.77575556,25,0,0,1,1,3,0,1,1,0,18,21,18,33,,
61947,6,2020,12,1,3,9,5,19,1370,1,1,1,1,3,2,2,1,1,0,219,36.71820278,-119.78453889,24,0,0,1,1,4,0,1,1,0,9,9,9,18,,
61948,6,2020,9,12,7,11,20,1,2480,1,2,2,5,1,2,1,1,1,0,452,37.82421111,-122.26834444,20,0,1,5,1,8,0,1,1,0,,,,,,
61949,6,2020,11,11,4,,,31,0,2,1,1,2,3,1,3,1,1,0,221,36.058725,-119.94056667,24,0,0,1,1,4,0,2,1,0,,,,,,
61950,6,2020,11,18,4,1,4,99,0,1,2,2,2,3,2,2,1,1,0,7,37.46751944,-120.83322778,12,1,0,1,1,1,0,2,1,0,,,,,,
61951,6,2020,11,30,2,15,50,99,0,1,1,1,1,9,2,5,98,0,0,0,37.48694167,-120.83876389,19,0,0,3,3,4,0,1,1,0,15,51,16,2,,
61952,6,2020,10,19,2,23,18,25,0,1,2,2,2,9,1,3,98,1,0,0,32.69399167,-115.53397778,12,6,0,2,2,1,0,2,1,0,23,20,23,30,,
61953,6,2020,10,29,5,23,30,77,0,1,2,2,2,9,1,7,98,0,0,0,38.21856667,-121.21386389,12,1,0,8,1,1,0,3,1,0,,,,,,
61954,6,2020,11,13,6,15,35,29,0,1,2,2,2,9,1,5,98,0,0,0,35.71782778,-119.15975556,12,1,0,3,2,1,0,1,1,0,,,,,,
61955,6,2020,11,6,6,5,25,31,0,1,1,1,1,9,1,5,98,0,0,0,36.38634722,-119.94857222,1,0,0,1,1,4,0,2,1,0,,,,,,
61956,6,2020,11,1,1,0,15,73,0,1,1,1,3,9,2,4,98,0,0,0,33.36380556,-117.24937778,8,0,0,1,1,1,0,3,1,0,,,,,,
61957,6,2020,11,13,6,13,41,113,0,1,1,1,1,9,1,5,98,0,0,0,38.66056944,-121.61253056,42,0,0,1,1,4,0,1,10,0,,,,,,
61958,6,2020,10,28,4,2,50,107,0,1,1,1,1,4,1,5,2,0,0,0,36.55983333,-119.35073333,58,0,0,1,1,1,0,2,1,0,,,,,,
61959,6,2020,2,8,7,21,24,1,2480,1,2,2,2,6,2,3,98,1,0,0,37.75625833,-122.19013889,12,6,0,2,4,1,0,3,1,0,,,,,,
61960,6,2020,2,17,2,23,10,111,3641,1,5,1,1,6,2,4,98,0,0,0,34.25706389,-118.76054167,33,0,0,3,2,4,0,3,1,0,,,,,,
61961,6,2020,3,13,6,3,26,37,2870,1,2,2,2,6,2,6,98,0,0,0,34.05291667,-117.73250833,12,6,0,4,1,1,0,3,2,0,,,,,,
61962,6,2020,10,8,5,11,41,19,0,1,2,2,2,9,1,6,98,0,0,0,36.76426944,-119.92516944,12,6,0,2,2,1,0,1,1,0,,,,,,
61963,6,2020,8,15,7,16,10,19,0,1,1,1,2,3,1,4,1,0,0,111,36.08941667,-120.49988056,35,0,0,1,1,4,0,1,1,0,,,,,,
61964,6,2020,3,13,6,23,41,71,3,1,2,2,2,6,1,6,98,0,0,0,34.57201389,-117.40340278,8,0,0,1,1,1,0,2,1,0,,,,,,
61965,6,2020,12,8,3,0,40,71,4040,1,2,2,6,1,2,1,1,1,0,416,34.52521944,-117.31783889,12,7,0,1,1,1,0,3,1,0,,,,,,
61966,6,2020,10,24,7,16,54,65,2278,1,2,1,3,9,2,7,98,0,0,0,33.94257778,-117.24753611,14,0,0,3,3,7,0,1,1,0,,,,,,
61967,6,2020,10,19,2,8,54,7,0,1,1,1,1,9,1,5,98,0,0,0,39.82014444,-121.84470278,35,0,0,1,1,4,0,1,1,0,,,,,,
61968,6,2020,8,18,3,23,10,37,0,1,1,1,2,9,2,4,98,0,0,0,33.92277222,-118.23461667,33,0,0,1,1,4,0,3,1,0,,,,,,
61969,6,2020,11,15,1,4,27,37,0,1,1,1,1,3,1,3,1,1,0,442,34.49733889,-118.26840833,8,0,0,1,1,2,0,2,1,0,,,,,,
61970,6,2020,2,5,4,3,46,37,2458,2,3,3,3,1,2,1,1,1,0,66,33.89903056,-118.10515278,25,0,0,1,1,3,0,3,1,0,,,,,,
61971,6,2020,6,13,7,2,10,37,3455,1,2,2,2,1,2,1,1,1,0,104,33.95227222,-118.09035278,8,0,0,1,1,1,0,2,1,0,,,,,,
61972,6,2020,10,29,5,13,5,37,0,1,1,1,1,3,2,2,1,1,0,180,33.99580833,-117.93134167,9,0,1,3,2,1,0,1,1,0,,,,,,
61973,6,2020,11,7,7,15,15,73,2340,1,2,2,2,1,2,1,1,1,0,1,32.64942778,-117.10195833,12,7,1,20,1,1,0,1,1,0,,,,,,
61974,6,2020,11,2,2,20,30,73,0,1,1,1,1,1,2,1,1,1,0,704,33.37959167,-117.56765,38,0,0,1,1,4,0,3,1,0,,,,,,
61975,6,2020,9,4,6,13,39,71,0,1,2,2,2,9,2,4,98,0,0,0,34.1469,-117.33546667,12,6,0,2,2,1,0,1,1,0,,,,,,
61976,6,2020,9,13,1,21,26,73,0,1,1,1,1,9,2,3,98,1,0,0,32.83808056,-116.93361667,8,0,0,1,1,4,0,2,1,0,,,,,,
61978,6,2020,2,28,6,18,49,65,850,1,1,1,1,9,2,3,98,0,0,0,33.87460833,-117.56687778,46,0,0,3,2,4,0,3,1,0,,,18,56,,
61979,6,2020,4,16,5,21,18,65,850,1,1,1,1,9,2,3,98,0,0,0,33.85398333,-117.5561,30,0,0,3,2,4,0,3,1,0,21,18,,,,
61980,6,2020,4,19,1,17,56,65,850,1,1,1,1,9,2,4,98,0,0,0,33.86741944,-117.59334167,33,0,0,3,3,4,0,1,1,0,,,,,,
61981,6,2020,10,2,6,4,56,19,0,1,1,1,1,6,1,3,98,0,0,0,36.65653889,-119.71074722,8,0,0,1,1,1,0,2,1,0,,,,,,
61982,6,2020,10,17,7,1,33,19,1370,1,1,1,1,3,2,2,1,1,0,248,36.75794167,-119.77613333,8,0,0,1,1,1,0,3,1,0,,,,,,
61983,6,2020,9,19,7,22,12,71,1305,1,1,1,1,1,2,1,1,1,0,111,34.16572222,-117.46076111000001,25,0,0,1,1,4,0,3,1,0,,,,,,
61984,6,2020,10,25,1,19,15,99,0,1,2,2,3,3,2,3,1,1,0,357,37.75457778,-120.89028333,12,6,0,1,1,1,0,2,1,0,,,,,,
61985,6,2020,10,30,6,12,36,73,4060,1,1,1,1,3,2,2,1,1,0,90,33.16837778,-117.21613333,25,0,1,19,1,3,0,1,1,0,,,,,,
61986,6,2020,9,18,6,18,5,73,0,1,3,3,5,3,2,2,1,1,0,84,32.74498611,-117.04056667,12,1,1,18,1,1,0,1,1,0,,,,,,
61987,6,2020,8,3,2,1,42,71,2922,1,1,1,1,1,2,1,1,1,0,49,34.10235,-117.53668056,8,0,0,1,1,1,0,2,1,0,,,,,,
61988,6,2020,10,25,1,21,37,71,0,1,1,1,4,3,2,2,1,1,0,132,34.13652778,-117.46676111,20,0,0,1,1,4,0,3,1,0,,,,,,
61989,6,2020,9,29,3,16,50,47,0,1,1,1,4,9,1,5,98,0,0,0,37.09294722,-120.91445556,1,0,0,1,1,4,0,1,1,0,16,52,17,0,,
61990,6,2020,3,14,7,21,11,65,2278,1,1,1,1,6,2,4,98,0,0,0,33.916425,-117.23498611,9,0,0,1,1,1,0,3,1,0,,,,,,
61991,6,2020,10,16,6,13,55,89,0,1,2,2,3,3,1,4,1,0,0,536,40.86304167,-121.80606944,12,8,0,1,1,1,0,1,1,0,,,,,,
61992,6,2020,9,9,4,5,25,11,0,1,1,1,2,1,1,1,1,1,0,189,39.16900556,-122.15160278,8,0,0,1,1,1,0,3,1,0,,,,,,
61993,6,2020,12,11,6,17,5,115,0,1,1,1,1,3,1,3,1,1,0,209,39.23532778,-121.60033611,31,0,0,1,1,4,0,2,2,0,,,,,,
61994,6,2020,8,15,7,4,55,1,2370,1,1,1,1,3,2,2,1,1,0,55,37.5571,-122.04398611,8,0,0,1,1,1,0,2,1,0,,,,,,
61995,6,2020,9,19,7,1,5,37,720,1,2,2,4,1,2,1,1,1,0,477,34.08160556,-117.71935278,12,1,0,1,1,1,0,2,1,0,,,,,,
61997,6,2020,12,11,6,6,12,67,0,1,3,3,3,9,2,3,98,1,0,0,38.65745,-121.38294444,12,7,0,2,2,1,0,3,10,0,,,,,,
61998,6,2020,11,16,2,12,20,19,1370,1,1,1,2,3,2,2,1,1,0,278,36.79930833,-119.78550833,1,0,0,1,1,4,0,1,1,0,,,,,,
61999,6,2020,11,6,6,19,40,107,0,1,1,1,1,9,1,5,98,0,0,0,35.89192778,-119.24999722,42,0,0,1,1,5,0,2,1,0,,,,,,
62000,6,2020,8,15,7,15,45,37,0,1,1,1,2,4,1,5,2,0,0,0,34.52520556,-118.44248611,35,0,0,1,1,4,0,1,1,0,,,,,,
62001,6,2020,10,28,4,15,20,19,0,1,2,2,3,9,1,6,98,0,0,0,36.47447778,-119.70853056,12,6,0,2,3,1,0,1,1,0,,,,,,
62002,6,2020,12,18,6,19,0,71,0,1,2,2,2,3,1,3,1,0,0,1098,34.50653056,-117.55531944,12,6,0,2,2,1,0,3,1,0,,,,,,
62003,6,2020,12,20,1,17,45,71,0,1,2,2,2,3,1,4,1,0,0,412,34.4439,-116.88540556,91,0,0,1,1,1,0,2,1,0,17,54,18,22,,
62004,6,2020,10,24,7,18,52,19,0,1,1,1,1,9,2,5,98,0,0,0,36.77227778,-119.76608333,8,0,0,1,1,1,0,2,1,0,,,,,,
62005,6,2020,4,11,7,0,15,111,2270,3,1,1,3,6,2,4,4,0,0,0,34.28447222,-118.88584444,42,0,0,1,1,4,0,3,1,0,,,,,,
62006,6,2020,12,4,6,15,15,73,560,1,1,1,1,9,2,4,98,0,0,0,33.13709167,-117.271975,1,0,0,3,3,4,0,1,1,0,,,,,,
62007,6,2020,11,30,2,13,25,65,2730,1,2,1,1,9,2,7,98,0,0,0,33.83071111,-117.20262778,8,0,0,1,1,4,0,1,1,0,,,,,,
62008,6,2020,11,5,5,14,5,73,2510,3,1,1,3,3,2,2,1,1,0,18,33.18232222,-117.32275833,38,0,0,1,1,4,0,1,1,0,,,,,,
62009,6,2020,3,9,2,18,1,87,0,1,2,2,2,3,1,3,1,0,0,57,36.91024722,-121.65143056,12,2,0,1,1,1,0,1,10,0,,,,,,
62010,6,2020,8,25,3,3,38,111,2270,1,1,1,1,3,2,2,1,1,0,229,34.28459444,-118.79394444,1,0,0,1,1,3,0,2,1,0,,,,,,
62011,6,2020,11,2,2,0,4,71,680,1,1,1,1,3,2,2,1,1,0,10,34.02995,-117.712725,8,0,0,1,1,1,0,3,1,0,0,9,0,15,,
62012,6,2020,7,17,6,6,10,61,3110,1,1,1,1,3,2,2,1,1,0,55,38.77438056,-121.259725,1,0,0,1,1,4,0,1,1,0,,,,,,
62013,6,2020,11,8,1,16,35,5,0,1,1,1,1,3,1,3,1,0,0,76,38.449875,-120.89975833,1,0,0,1,1,4,0,1,1,0,,,,,,
62014,6,2020,9,29,3,15,50,107,0,1,1,1,1,3,1,3,1,0,0,505,36.48064722,-119.50695556,25,0,0,1,1,3,0,1,1,0,,,,,,
62015,6,2020,10,20,3,5,50,73,0,1,1,1,3,1,2,1,1,1,0,692,33.37012778,-117.55186111,38,0,0,1,1,4,0,4,1,0,6,0,6,20,,
62016,6,2020,4,22,4,14,12,19,0,1,1,1,2,3,1,3,1,0,0,335,37.04510556,-119.40684167,33,0,0,1,1,4,0,1,1,0,,,,,,
62017,6,2020,10,1,5,15,35,53,0,1,1,1,1,6,1,6,98,0,0,0,36.52484167,-121.79646389,33,0,0,1,1,4,0,1,1,0,,,,,,
62018,6,2020,10,5,2,23,6,53,0,1,2,2,2,9,1,6,98,0,0,0,36.73931389,-121.67359722,12,6,0,8,1,1,0,2,5,0,,,,,,
62019,6,2020,10,12,2,19,25,53,0,1,1,1,2,9,2,5,98,0,0,0,36.82839444,-121.67751944,8,0,0,1,1,1,0,2,1,0,,,,,,
62020,6,2020,10,14,4,16,42,53,0,1,2,1,2,9,2,5,98,0,0,0,36.62923056,-121.64316111,14,0,0,1,1,2,0,1,1,0,,,,,,
62021,6,2020,8,22,7,3,6,29,0,1,1,1,4,3,2,3,1,1,0,46,34.88344167,-118.16652778,33,0,0,1,1,4,0,2,1,0,,,,,,
62022,6,2020,10,4,1,21,12,71,0,1,1,1,1,3,1,4,98,0,0,166,34.27860278,-117.18733611,23,0,0,1,1,4,0,2,1,0,22,15,23,6,,
62023,6,2020,9,30,4,6,29,99,2200,1,1,1,1,3,2,3,1,1,0,163,37.63818611,-120.973175,15,0,0,3,3,1,0,3,1,0,,,,,,
62024,6,2020,8,5,4,0,30,47,0,1,1,1,1,3,2,2,1,1,0,55,37.36610278,-120.66358889,8,0,0,1,1,1,0,2,1,0,,,,,,
62025,6,2020,10,19,2,5,30,73,0,1,1,1,1,9,1,5,98,0,0,0,32.78187222,-116.85758889,40,0,0,1,1,4,0,2,10,0,,,,,,
62026,6,2020,6,16,3,19,53,73,1200,1,1,1,1,9,2,5,98,0,0,0,33.12991667,-117.05929167,8,0,0,1,1,1,0,3,1,0,19,52,19,55,,
62027,6,2020,6,18,5,19,58,23,1220,1,2,2,2,9,2,5,98,0,0,0,40.789025,-124.17502222,1,0,0,2,2,1,0,1,10,0,,,,,,
62028,6,2020,12,11,6,15,45,65,0,1,1,1,1,9,2,5,98,0,0,0,33.83511667,-117.11698611,59,0,0,1,1,4,0,1,10,0,15,49,16,2,,
62029,6,2020,6,10,4,12,45,7,0,2,6,6,8,3,1,3,1,1,0,260,39.66548056,-121.74332778,12,1,0,3,2,1,0,1,1,0,,,,,,
62030,6,2020,2,24,2,3,36,37,804,1,1,1,1,1,2,1,1,1,0,139,34.01681667,-118.17468056,8,0,1,18,1,1,0,2,1,0,,,,,,
62031,6,2020,11,22,1,8,0,71,0,1,2,2,2,3,1,3,1,1,0,388,34.4438,-116.875975,11,0,0,1,1,1,0,1,1,0,,,,,,
62032,6,2020,5,2,7,1,35,85,3340,1,1,1,2,1,2,1,1,1,0,22,37.32528056,-121.88601667,24,0,0,1,1,4,0,3,1,0,,,,,,
62033,6,2020,9,12,7,19,55,85,3340,1,1,1,2,2,2,2,1,1,0,358,37.34995556,-121.86193056,8,0,0,20,1,1,0,2,1,0,,,,,,
62034,6,2020,10,23,6,7,55,85,0,1,1,1,1,3,2,2,1,1,0,131,37.17538611,-121.99573333,52,0,0,1,1,4,0,1,1,0,,,,,,
62035,6,2020,11,8,1,17,12,25,0,2,1,1,6,1,1,1,1,1,0,10,32.656975,-116.09697778,35,0,0,1,1,4,0,5,2,0,,,,,,
62036,6,2020,5,25,2,10,15,111,0,1,2,2,3,3,1,2,1,0,0,367,34.59901944,-119.33544722,12,6,0,1,1,2,0,1,1,0,,,,,,
62037,6,2020,9,4,6,,,11,0,2,1,1,2,1,1,1,1,1,0,303,39.32601389,-122.19515278,38,0,0,1,1,5,0,2,1,0,,,,,,
62038,6,2020,7,26,1,13,45,95,4020,1,2,2,3,1,2,1,1,1,0,89,38.17824444,-122.18951944,54,11,0,1,1,1,0,1,1,0,,,,,,
62039,6,2020,11,27,6,13,25,19,0,1,1,1,2,9,1,7,98,0,0,0,36.43081111,-119.65363056,11,0,0,1,1,1,0,1,1,0,,,,,,
62040,6,2020,11,19,5,6,57,59,0,1,1,1,1,3,2,3,1,1,0,62,33.73855,-117.9893,33,0,0,1,1,4,0,1,1,0,,,,,,
62041,6,2020,10,1,5,21,55,65,0,1,1,1,1,3,2,2,1,1,0,58,34.00470278,-117.38570833,39,0,0,1,1,3,1,3,1,0,,,,,,
62042,6,2020,11,24,3,23,37,71,0,1,1,1,1,3,1,4,1,0,0,115,34.33943889,-117.5231,8,0,0,1,1,1,0,2,1,0,,,,,,
62043,6,2020,8,6,5,4,30,67,1300,1,2,2,2,2,2,2,1,1,0,229,38.64681667,-121.08945556,8,0,0,1,1,1,0,2,1,0,,,,,,
62044,6,2020,12,10,5,15,10,115,0,1,1,1,1,9,1,5,98,0,0,0,39.31321389,-121.40691389,8,0,0,1,1,1,0,1,1,0,15,13,15,26,,
62045,6,2020,11,19,5,13,0,19,0,1,2,2,4,9,1,4,98,0,0,0,36.68806944,-119.74563889,12,6,0,2,3,1,0,1,1,0,,,,,,
62046,6,2020,11,21,7,17,20,107,0,1,2,2,2,4,1,7,2,0,0,0,36.13660556,-119.32014444000001,12,8,0,1,1,1,0,2,1,0,,,,,,
62047,6,2020,6,15,2,18,50,65,2730,1,2,2,4,6,2,4,98,0,0,0,33.81205,-117.19991944,12,6,0,2,2,1,0,1,1,0,,,,,,
62048,6,2020,7,7,3,4,57,29,240,1,1,1,1,9,1,4,98,0,0,0,35.35853611,-119.03946944,9,0,0,1,1,1,0,3,1,0,,,,,,
62049,6,2020,11,20,6,19,33,29,240,1,1,1,1,9,2,3,98,0,0,0,35.33966389,-119.05574444,8,0,0,7,1,1,0,3,1,0,,,,,,
62050,6,2020,10,26,2,18,15,109,0,1,2,2,6,9,2,5,98,0,0,0,38.00598056,-120.30684167,12,2,0,1,1,1,0,5,1,0,,,,,,
62051,6,2020,6,4,5,14,26,37,1970,1,2,2,2,9,2,3,98,1,0,0,33.7655,-118.17605278,12,6,0,2,3,1,0,1,1,0,,,,,,
62052,6,2020,4,12,1,,,7,0,3,1,1,5,9,2,7,98,0,0,0,39.50942778,-121.63290833,17,0,0,1,1,4,0,1,1,0,,,,,,
62053,6,2020,6,14,1,12,40,71,4040,1,2,1,1,9,2,7,98,0,0,0,34.49799444,-117.36813056,14,0,0,3,2,7,0,1,1,0,14,15,15,26,,
62054,6,2020,8,16,1,9,5,13,2583,1,1,1,2,3,2,2,1,1,0,15,37.86911389,-122.19405278,1,0,0,1,1,4,0,1,2,0,,,,,,
62055,6,2020,12,14,2,1,15,71,0,1,1,1,1,1,1,1,1,1,0,1801,35.55314167,-115.41424722,1,0,0,1,1,4,0,2,1,0,,,,,,
62056,6,2020,11,9,2,9,33,71,0,1,2,2,2,1,1,1,1,1,0,195,34.29297222,-117.45273056,12,1,0,1,1,1,0,1,1,0,,,,,,
62057,6,2020,12,9,4,20,30,71,0,1,2,2,2,3,1,4,1,0,0,198,34.32508056,-117.41588333,12,2,0,1,1,1,0,2,1,0,20,37,21,10,,
62058,6,2020,12,2,4,16,50,65,0,1,1,1,6,1,1,1,1,1,0,233,33.92090556,-116.71135278,38,0,0,1,1,4,1,2,1,0,16,55,17,0,,
62059,6,2020,10,2,6,21,0,65,1003,1,1,1,2,1,1,1,1,1,0,344,33.89715833,-116.52560833,42,0,0,1,1,4,0,2,1,0,21,4,21,18,,
62060,6,2020,9,6,1,0,30,19,0,1,2,2,2,3,1,3,1,1,0,44,36.46570833,-119.79478056,12,2,0,1,1,1,0,2,1,0,,,,,,
62061,6,2020,8,30,1,1,5,65,0,2,2,2,4,9,1,5,98,0,0,0,33.91758611,-116.54531944,12,2,0,3,2,1,0,2,1,0,,,,,,
62062,6,2020,11,11,4,0,45,65,0,1,1,1,1,3,1,3,1,1,0,573,33.87883333,-116.58939722,1,0,0,1,1,1,0,2,1,0,,,,,,
62063,6,2020,12,1,3,5,41,71,0,1,2,2,3,1,1,1,1,1,0,1534,35.39398333,-115.82756111,12,1,0,1,1,1,0,2,1,0,5,43,5,58,,
62064,6,2020,10,18,1,0,0,13,0,1,1,1,1,1,2,1,1,1,0,123,38.04063333,-122.24448333,1,0,0,1,1,1,0,3,10,0,,,,,,
62065,6,2020,8,16,1,15,18,65,0,1,2,2,4,3,1,6,1,0,0,66,33.46686667,-116.92708611,12,2,0,1,1,1,0,1,1,0,,,,,,
62066,6,2020,9,26,7,22,53,85,0,1,1,1,1,2,2,2,1,1,0,106,37.06361667,-121.58668056,8,0,0,20,1,1,0,2,1,0,,,,,,
62067,6,2020,11,6,6,19,49,83,0,1,2,2,2,2,1,2,1,1,0,326,34.46025556,-119.99886111000001,8,0,0,1,1,1,0,2,1,0,,,,,,
62068,6,2020,5,23,7,1,29,111,3641,1,1,1,1,9,2,3,98,0,1,0,34.27182778,-118.70173333,31,0,0,1,1,4,0,3,1,0,,,,,,
62069,6,2020,10,30,6,20,30,107,0,1,1,1,1,4,2,3,2,0,0,0,36.35646944,-119.37325,15,0,0,1,1,1,0,2,1,0,,,,,,
62070,6,2020,8,21,6,5,13,73,3260,1,2,2,2,3,2,2,1,1,0,67,32.56588056,-117.01494167,33,0,1,3,2,4,0,3,1,0,,,,,,
62071,6,2020,7,10,6,23,46,77,3770,1,1,1,1,9,2,5,98,1,0,0,37.911475,-121.2962,33,0,0,3,3,4,0,3,1,0,23,46,,,,
62072,6,2020,5,26,3,9,28,97,2740,1,2,2,2,9,2,7,98,0,0,0,38.26303333,-122.65978333,59,0,0,1,1,4,0,1,1,0,,,,,,
62073,6,2020,5,29,6,19,1,107,3920,1,1,1,1,9,2,5,98,0,0,0,36.21355833,-119.33771667,30,0,0,1,1,4,0,1,1,0,,,,,,
62074,6,2020,6,15,2,14,12,87,3450,1,1,1,2,9,2,4,98,0,0,0,36.96700833,-122.00901667,33,0,0,3,2,4,0,1,1,0,14,12,,,,
62075,6,2020,6,24,4,8,34,65,9997,1,2,2,2,9,2,5,98,0,0,0,33.92759167,-117.59996389,12,6,0,2,3,1,0,1,1,0,,,,,,
62076,6,2020,10,4,1,23,10,61,0,1,2,1,1,9,1,5,98,0,0,0,39.02803889,-120.80079167,17,0,0,1,1,4,0,2,1,0,23,16,23,44,,
62077,6,2020,12,17,5,10,40,29,240,1,1,1,2,3,2,3,1,1,0,17,35.3807,-119.0146,18,0,0,1,1,3,0,1,1,0,,,,,,
62078,6,2020,12,5,7,17,0,63,0,1,1,1,1,3,1,4,1,0,0,188,40.01287778,-121.19394444,17,0,0,1,1,4,0,2,1,0,17,6,17,17,,
62079,6,2020,8,19,4,15,0,1,340,1,4,4,4,1,2,1,1,1,0,69,37.882230560000004,-122.30805556,12,7,0,1,1,1,0,1,1,0,,,,,,
62080,6,2020,8,13,5,2,4,19,0,1,1,1,1,9,1,5,98,0,0,0,37.00861944,-119.58640278,31,0,0,1,1,4,0,2,1,0,,,,,,
62081,6,2020,11,7,7,5,10,19,0,1,2,2,2,9,2,5,98,0,0,0,36.86771944,-119.71114167,12,2,0,1,1,1,0,2,1,0,,,,,,
62082,6,2020,11,5,5,19,5,19,0,1,2,2,5,3,1,4,1,0,0,234,36.2483,-120.30263333,12,6,0,1,1,1,0,2,10,0,,,,,,
62083,6,2020,10,11,1,3,39,37,2870,1,1,1,1,1,2,1,1,1,0,462,34.07716667,-117.74454444,8,0,0,1,1,1,0,2,10,0,,,,,,
62084,6,2020,10,18,1,18,34,37,3445,2,2,2,5,3,2,2,1,1,0,255,34.34315833,-118.50505833,12,1,0,1,1,1,0,5,1,0,,,,,,
62085,6,2020,9,5,7,20,51,53,0,1,1,1,1,9,1,5,98,0,0,0,36.63018056,-121.64255833,8,0,0,1,1,1,0,2,1,0,,,,,,
62086,6,2020,11,7,7,5,42,53,0,1,3,3,4,2,1,2,1,1,0,788,36.58996389,-121.53961944,12,6,0,2,3,1,0,2,10,0,,,,,,
62087,6,2020,11,19,5,19,31,53,0,1,1,1,1,9,2,5,98,0,0,0,36.87838889,-121.75083056,59,0,0,1,1,4,0,2,1,0,,,,,,
62088,6,2020,7,23,5,2,10,29,0,1,2,2,2,2,1,3,1,1,0,119,35.52335833,-117.67663056,12,2,0,1,1,1,0,2,1,0,,,,,,
62089,6,2020,9,4,6,22,30,29,0,1,1,1,1,9,1,7,98,0,0,0,34.86172778,-118.43236944,1,0,0,1,1,1,0,2,1,0,,,,,,
62090,6,2020,12,18,6,19,0,71,0,2,2,2,2,3,1,4,1,0,0,806,34.45415833,-117.06825833,12,2,0,1,1,1,0,2,1,0,,,,,,