st_case,state,year,month,day,day_week,hour,minute,county,city,fatals_crash,vehicles_total,vehicles_in_transport,persons_total,route,rural_urban,functional_system,road_owner,nhs,special_jurisdiction,milepoint,latitude,longitude,first_harmful_event,manner_collision,rel_jct_interchange,rel_jct_location,intersection_type,relation_to_road,work_zone,light_condition,weather,school_bus_related,ems_notified_hour,ems_notified_min,ems_arrival_hour,ems_arrival_min,hospital_hour,hospital_min
63075,6,2020,1,4,7,19,57,37,1015,1,1,1,1,6,1,7,98,0,0,0,34.03794444,-117.81096944,8,0,0,1,1,1,0,3,1,0,,,,,,
63076,6,2020,1,22,4,14,25,37,1110,1,1,1,2,6,1,3,98,1,0,0,34.0683,-118.02726389,8,0,0,1,1,1,0,1,1,0,,,,,,
63077,6,2020,9,28,2,22,50,37,1980,1,2,2,2,9,9,3,98,1,0,235,33.97451111,-118.33381111,12,6,0,2,2,1,0,3,1,0,,,,,,
63078,6,2020,2,16,1,13,48,73,1080,1,1,1,1,6,1,3,98,1,0,0,32.81279167,-116.93568056,42,0,0,1,1,4,0,1,1,0,,,,,,
63079,6,2020,10,8,5,20,9,73,3260,1,1,1,2,9,2,4,98,0,0,0,32.71636111,-117.04522778,8,0,0,1,1,1,0,2,10,0,,,,,,
63080,6,2020,2,19,4,18,51,37,306,1,2,1,1,6,1,6,98,0,0,0,33.97208333,-118.15424167,8,0,0,1,1,1,0,3,1,0,,,,,,
63081,6,2020,2,27,5,11,45,37,1110,1,1,1,1,6,1,4,98,0,0,0,34.05078056,-118.02361389,33,0,0,3,2,4,0,1,1,0,,,,,,
63082,6,2020,2,29,7,18,49,19,740,1,2,2,2,6,1,4,98,0,0,0,36.80866944,-119.68173056,12,6,0,8,1,1,0,3,1,0,,,,,,
63083,6,2020,10,2,6,6,15,37,1980,1,1,1,1,9,2,4,98,0,0,0,33.94323056,-118.24621111,8,0,0,2,2,1,0,1,1,0,,,,,,
63084,6,2020,5,10,1,21,28,71,3210,2,1,1,2,6,1,4,98,0,0,0,34.09808611,-117.25956389,58,0,0,3,2,4,0,3,1,0,,,,,,
63085,6,2020,6,1,2,2,50,95,4010,2,1,1,3,9,2,3,98,0,0,0,38.33553056,-121.98497778,33,0,0,1,1,4,0,3,1,0,,,,,,
63086,6,2020,12,27,1,14,58,37,0,2,1,1,4,3,1,3,1,1,0,256,34.77552222,-118.36890833,43,0,0,1,1,4,0,1,1,0,,,,,,
63087,6,2020,11,24,3,21,48,73,3260,1,3,3,7,1,2,1,1,1,0,126,32.70713889,-117.09678056,8,0,0,1,1,1,0,3,10,0,,,,,,
63088,6,2020,7,21,3,18,38,59,1713,1,2,1,2,6,1,7,98,0,0,0,33.67044167,-117.79303889,8,0,0,1,1,2,0,1,1,0,,,,,,
63089,6,2020,9,20,1,21,32,71,4040,1,2,2,5,6,1,4,98,0,0,0,34.49275,-117.29165833,12,6,0,2,2,1,0,2,1,0,,,,,,
63090,6,2020,9,21,2,19,49,37,1110,1,1,1,2,6,1,3,98,1,0,0,34.06148056,-118.01667778,8,0,0,3,3,1,0,3,1,0,,,,,,
63091,6,2020,9,23,4,17,53,111,3480,1,1,1,1,6,1,6,98,0,0,0,34.35144722,-119.07400833,9,0,0,1,1,1,0,1,1,0,,,,,,
63092,6,2020,9,23,4,18,32,97,2740,1,2,2,3,3,1,3,1,1,0,49,38.23418056,-122.59989722,12,6,0,2,2,1,0,1,1,0,,,,,,
63093,6,2020,4,22,4,5,29,59,3420,1,1,1,3,9,2,3,98,1,0,0,33.708525,-117.86803889,8,0,0,1,1,1,0,3,1,0,,,,,,
63094,6,2020,7,31,6,15,30,19,0,1,2,2,3,3,1,3,1,1,0,340,36.25532778,-120.11518056,12,1,0,1,1,1,0,1,1,0,,,,,,
63095,6,2020,10,18,1,8,41,29,240,1,2,2,4,9,2,3,98,1,0,0,35.34668889,-119.01891944,12,6,1,2,2,1,0,1,1,0,,,,,,
63096,6,2020,11,25,4,18,27,29,240,1,1,1,1,9,2,3,98,1,0,0,35.39241667,-119.00298333,8,0,0,1,1,1,0,1,1,0,,,,,,
63097,6,2020,12,7,2,18,2,77,0,1,2,1,1,3,1,3,1,1,0,212,38.13805278,-121.18816944,14,0,0,1,1,4,4,2,1,0,,,,,,
63098,6,2020,12,14,2,23,50,39,0,1,1,1,1,9,1,7,98,0,0,0,37.08343056,-120.20621111,8,0,0,1,1,1,0,2,5,0,,,,,,
63100,6,2020,9,26,7,10,40,67,2934,1,2,2,3,6,1,3,98,1,0,0,38.51622778,-121.24261111,12,6,0,1,1,1,0,1,1,0,,,,,,
63101,6,2020,9,3,5,22,0,59,3760,1,1,1,1,3,2,3,1,1,0,107,33.80348333,-117.99301389,8,0,0,1,1,1,0,3,1,0,,,,,,
63102,6,2020,10,7,4,22,10,13,110,1,1,1,1,9,2,4,98,0,0,0,37.99769167,-121.79976944,8,0,0,1,1,1,0,3,1,0,,,,,,
63103,6,2020,10,10,7,0,15,37,1980,1,1,1,1,9,2,5,98,0,0,0,34.07928056,-118.22571111,33,0,0,1,1,4,0,3,1,0,,,,,,
63104,6,2020,10,10,7,2,0,37,2645,1,2,2,2,3,2,3,1,1,0,452,34.57962778,-118.10299444,12,6,0,2,2,1,0,3,1,0,,,,,,
63105,6,2020,7,31,6,3,59,71,2550,1,2,2,2,6,2,3,98,1,0,0,34.04815833,-117.57601944,12,6,0,2,2,1,0,3,1,0,,,,,,
63106,6,2020,10,12,2,8,21,13,110,1,1,1,2,9,2,4,98,0,0,0,37.97971389,-121.81181944,9,0,0,1,1,1,0,1,1,0,,,,,,
63107,6,2020,10,9,6,23,29,31,1880,1,1,1,2,6,2,7,98,0,0,0,36.30449167,-119.79900278,42,0,0,1,1,4,0,3,1,0,,,,,,
63108,6,2020,10,10,7,19,55,37,1980,1,2,2,3,6,2,3,98,1,0,0,34.08242778,-118.43213056,12,2,0,1,1,1,0,3,1,0,,,,,,
63109,6,2020,10,13,3,16,2,5,1740,1,2,2,3,3,2,3,1,1,0,72,38.35146944,-120.77580556,12,6,0,8,1,1,0,1,1,0,,,,,,
63110,6,2020,9,21,2,3,52,67,3150,1,1,1,1,9,2,5,98,0,0,0,38.62223056,-121.42189444,8,0,0,3,3,1,0,3,1,0,,,,,,
63111,6,2020,9,20,1,3,17,37,1980,2,1,1,2,9,2,3,98,1,0,0,34.01093056,-118.335125,33,0,0,1,1,3,0,3,1,0,,,,,,
63112,6,2020,10,16,6,16,4,65,1688,1,1,1,1,9,2,5,98,0,0,0,33.69270556,-116.24731944,30,0,0,1,1,4,0,1,1,0,,,,,,
63113,6,2020,10,16,6,21,35,111,3860,1,2,2,2,9,2,3,98,1,0,0,34.18637222,-118.84749722,12,2,0,1,1,1,0,3,1,0,,,,,,
63114,6,2020,10,17,7,1,20,67,3150,1,1,1,1,9,2,3,98,1,0,0,38.61084444,-121.43488611,8,0,0,1,1,1,0,3,1,0,,,,,,
63115,6,2020,10,12,2,14,5,71,360,1,2,2,4,3,1,3,1,1,0,512,34.25059167,-116.88371111,12,6,0,8,1,1,0,1,1,0,,,,,,
63116,6,2020,11,8,1,2,3,37,0,2,2,2,5,1,2,1,1,1,0,389,34.06825,-117.85055556,12,1,0,1,1,1,4,2,1,0,,,,,,
63117,6,2020,12,12,7,22,35,37,0,1,1,1,1,9,2,3,98,1,0,0,33.90358333,-118.19272222,8,0,0,1,1,1,0,2,1,0,,,,,,
63118,6,2020,2,12,4,13,0,95,4020,1,1,1,1,1,2,1,1,1,0,60,38.08592222,-122.21073056,35,0,0,1,1,4,0,1,1,0,,,,,,
63119,6,2020,9,25,6,23,5,95,0,1,2,2,2,1,1,1,1,1,0,81,38.16954167,-122.20014444,12,7,0,1,1,1,0,2,1,0,,,,,,
63120,6,2020,9,30,4,,,95,0,1,1,1,1,9,1,7,98,0,0,0,38.29724167,-121.60530556,3,0,0,1,1,4,0,2,1,0,,,,,,
63121,6,2020,11,4,4,22,5,71,3970,1,1,1,4,3,2,3,1,1,0,347,34.13594722,-116.02781111,33,0,0,3,3,4,0,3,1,0,22,7,22,13,,
63122,6,2020,10,17,7,19,9,77,1940,1,1,1,1,9,2,5,98,0,0,0,38.14033611,-121.27189167,8,0,0,1,1,1,0,3,1,0,19,8,19,25,,
63123,6,2020,10,24,7,7,46,67,712,1,1,1,3,9,2,3,98,1,0,0,38.68686944,-121.30886944,33,0,0,1,1,4,0,1,1,0,7,46,7,47,,
63124,6,2020,10,17,7,16,46,13,2830,1,2,2,4,9,2,4,98,0,0,0,37.98140556,-122.06707222,12,6,0,8,1,1,0,1,1,0,16,46,,,,
63125,6,2020,7,4,7,5,5,73,3260,1,2,2,1,1,2,1,1,1,0,352,32.96379722,-117.24689722,12,1,0,1,1,1,0,2,1,0,,,,,,
63126,6,2020,5,15,6,18,7,71,3210,2,1,1,2,9,2,4,98,0,0,0,34.09214167,-117.25953889,39,0,0,3,2,5,0,1,1,0,,,,,,
63127,6,2020,10,2,6,9,30,71,4000,1,3,3,3,9,2,4,98,0,0,0,34.12154722,-117.68092778,12,6,0,2,2,1,0,1,1,0,,,,,,
63128,6,2020,10,2,6,21,53,37,2645,1,1,1,1,3,2,3,1,1,0,467,34.58021667,-118.07589722,8,0,0,1,1,1,0,3,1,0,,,,,,
63129,6,2020,9,29,3,16,21,71,3000,1,2,2,2,9,2,3,1,1,0,195,34.11716667,-117.37038889,12,6,0,2,3,1,0,1,1,0,,,,,,
63130,6,2020,10,9,6,22,40,37,1980,1,1,1,1,9,2,3,98,1,0,0,34.02272222,-118.30889722,8,0,0,1,1,1,0,3,1,0,,,,,,
63131,6,2020,7,8,4,14,5,71,3210,1,1,1,1,9,2,4,98,0,0,0,34.09808056,-117.25956944,58,0,0,2,2,1,0,1,1,0,,,,,,
63132,6,2020,10,9,6,12,55,37,1980,1,3,2,2,9,2,5,98,0,0,0,34.30915833,-118.46758056,12,2,0,8,1,1,0,1,1,0,,,,,,
63133,6,2020,9,3,5,13,10,65,9997,1,2,2,2,9,2,4,98,0,0,0,33.99269722,-117.52328889,12,6,0,2,2,1,0,1,1,0,,,,,,
63134,6,2020,8,2,1,19,20,67,0,3,2,2,5,3,1,3,1,1,0,31,38.14239444,-121.63250278,12,2,0,1,1,1,0,1,1,0,,,,,,
63135,6,2020,10,1,5,4,30,31,220,1,1,1,1,3,1,3,1,1,0,36,36.04483333,-120.11048333,8,0,0,1,1,1,0,2,1,0,,,,,,
63136,6,2020,9,9,4,22,42,95,4020,1,1,1,1,3,2,3,1,1,0,47,38.13717778,-122.25621667,9,0,0,1,1,1,0,3,1,0,,,,,,
63137,6,2020,9,27,1,0,56,19,740,1,1,1,1,6,2,3,98,1,0,0,36.79418056,-119.72515278,8,0,0,1,1,1,0,3,1,0,,,,,,
63138,6,2020,9,26,7,19,45,47,1990,1,6,1,3,6,1,4,98,0,0,0,37.05194722,-120.86763056,14,0,0,1,1,4,0,3,1,0,,,,,,
63139,6,2020,1,8,4,0,53,19,1370,1,1,1,1,9,2,4,4,0,0,0,36.82289722,-119.78130278,9,0,0,3,2,1,0,3,1,0,,,,,,
63140,6,2020,7,27,2,10,57,19,1370,1,1,1,1,9,2,5,98,0,0,0,36.80046944,-119.85336667,9,0,0,3,3,1,0,1,1,0,,,,,,
63141,6,2020,11,16,2,17,9,19,1370,1,2,2,3,9,2,3,98,0,0,0,36.83712778,-119.81088333,12,1,0,1,1,1,0,3,1,0,,,,,,
63142,6,2020,12,21,2,0,3,99,3950,1,2,2,2,3,2,3,1,1,0,29,37.48399722,-120.86555278,12,1,0,1,1,1,0,2,5,0,,,,,,
63143,6,2020,11,23,2,0,12,37,1980,3,1,1,5,1,2,1,1,1,0,0,33.93069167,-118.2813,20,0,1,5,1,8,0,3,5,0,,,,,,
63144,6,2020,6,25,5,16,43,73,3260,1,2,2,3,1,2,1,1,1,0,106,32.84180556,-117.12083056,12,1,0,1,1,1,0,1,1,0,,,,,,
63145,6,2020,10,27,3,6,22,1,0,1,5,4,5,1,1,1,1,1,0,107,37.583475,-121.87350278,18,0,0,1,1,4,1,2,1,0,,,,,,
63146,6,2020,11,7,7,20,47,71,2238,2,1,1,3,1,2,1,1,1,0,112,34.084975,-117.691125,33,0,0,1,1,8,4,3,10,0,,,,,,
63147,6,2020,10,4,1,,,1,2480,1,1,1,1,1,2,1,1,1,0,64,37.78693889,-122.19695,8,0,0,5,1,1,0,2,5,0,,,,,,
63148,6,2020,8,19,4,10,45,37,0,1,2,2,14,3,2,3,98,1,0,143,34.02393611,-118.18006944,12,6,0,2,2,1,0,1,1,0,,,,,,
63149,6,2020,12,27,1,23,35,67,1108,1,2,2,5,3,2,2,1,1,0,120,38.3898,-121.37534722,12,7,0,1,1,1,0,3,1,0,,,,,,
63150,6,2020,9,5,7,23,49,75,3290,1,2,2,1,2,2,2,1,1,0,16,37.73081389,-122.40385833,12,1,1,20,1,1,0,3,1,0,,,,,,
63151,6,2020,5,10,1,13,17,19,0,1,6,6,15,3,2,2,98,1,0,33,36.54195,-119.59006389,12,1,0,1,1,1,4,1,1,0,,,,,,
63152,6,2020,9,30,4,19,35,37,1980,1,1,1,3,1,2,1,1,1,0,216,34.0393,-118.27376111,25,0,1,19,1,3,0,3,1,0,,,,,,
63153,6,2020,8,1,7,1,22,37,300,1,2,2,4,9,2,3,1,1,0,194,33.9703,-118.18804444,12,1,0,3,2,1,0,3,1,0,,,,,,
63154,6,2020,1,18,7,20,32,19,1370,1,2,2,4,9,2,4,98,0,0,0,36.80854444,-119.75678056,8,0,0,1,1,1,0,6,1,0,,,,,,
63155,6,2020,1,22,4,20,15,37,1970,1,1,1,1,9,2,4,98,0,0,0,33.79000278,-118.10799167,8,0,0,1,1,1,0,3,1,0,,,,,,
63156,6,2020,1,30,5,15,55,19,1370,1,1,1,1,9,2,4,98,0,0,0,36.79043889,-119.84430833,15,0,0,3,3,1,0,1,1,0,,,,,,
63157,6,2020,2,7,6,16,23,85,3340,1,1,1,1,9,2,3,98,1,0,0,37.32681944,-121.81947778,42,0,0,1,1,3,0,1,1,0,,,,,,
63158,6,2020,2,8,7,1,40,19,1370,1,1,1,1,9,2,5,98,0,0,0,36.79936389,-119.85335833,33,0,0,1,1,4,0,3,1,0,,,,,,
63159,6,2020,2,13,5,8,59,19,1370,1,2,2,3,9,2,4,98,0,0,0,36.74506944,-119.79053889,12,6,0,2,3,1,0,1,1,0,,,,,,
63160,6,2020,7,3,6,21,55,71,3210,2,1,1,3,3,2,3,1,1,0,216,34.10825556,-117.32835556,33,0,0,1,1,4,0,3,1,0,,,,,,
63161,6,2020,12,17,5,19,30,71,1603,1,1,1,3,9,2,5,98,0,0,0,34.36856667,-117.24998889,1,0,0,1,1,4,0,2,1,0,19,31,19,45,,
63162,6,2020,1,27,2,21,21,19,1370,1,3,3,4,9,2,4,98,0,0,0,36.73581389,-119.76789167,8,0,0,1,1,1,0,3,1,0,,,,,,
63163,6,2020,2,22,7,19,0,85,3340,1,1,1,1,6,2,3,98,1,0,0,37.32346944,-121.92884444,8,0,0,2,3,1,0,1,1,0,,,,,,
63164,6,2020,6,16,3,12,41,71,3210,1,2,2,4,9,9,4,98,0,0,0,34.16933889,-117.3163,12,6,0,2,2,1,0,1,1,0,,,,,,
63165,6,2020,2,26,4,5,13,19,1370,1,1,1,1,6,2,4,98,0,0,0,36.72134167,-119.81535556,8,0,0,1,1,1,0,3,1,0,,,,,,
63166,6,2020,3,2,2,18,43,19,1370,1,1,1,3,6,2,3,98,1,0,0,36.77678611,-119.826525,8,0,0,1,1,1,0,3,1,0,,,,,,
63167,6,2020,3,11,4,6,47,19,1370,1,1,1,3,6,2,6,98,0,0,0,36.74069444,-119.78308611,8,0,0,3,2,1,0,3,10,0,,,,,,
63168,6,2020,3,19,5,3,42,19,1370,1,1,1,1,6,2,4,98,0,0,0,36.77510556,-119.835475,8,0,0,1,1,1,0,2,10,0,,,,,,
63169,6,2020,10,21,4,18,20,37,1980,1,2,2,3,9,2,3,98,1,0,0,33.79576111,-118.29750278,12,6,0,2,2,1,0,3,1,0,20,0,20,12,,
63170,6,2020,10,18,1,2,42,19,1370,1,1,1,1,3,2,2,1,1,0,233,36.75746667,-119.83025556,15,0,1,3,2,1,0,3,1,0,,,,,,
63171,6,2020,3,24,3,12,38,37,1970,1,3,1,1,6,2,3,98,1,0,0,33.84662222,-118.19096389,14,0,0,1,1,1,0,1,1,0,,,,,,
63172,6,2020,7,23,5,22,21,37,2870,1,4,1,2,9,2,7,98,0,0,0,34.04738889,-117.76723889,58,0,0,2,2,1,0,3,1,0,,,,,,
63173,6,2020,1,24,6,18,22,19,1370,1,1,1,1,9,2,5,98,0,0,0,36.76742778,-119.86224444,15,0,0,1,1,2,0,3,1,0,,,,,,
63174,6,2020,11,5,5,18,36,87,3450,1,1,1,1,3,2,3,1,1,0,182,36.97587778,-122.033,8,0,0,3,2,1,0,3,1,0,18,36,,,,
63175,6,2020,10,17,7,22,53,37,2645,1,1,1,1,9,2,5,98,0,0,0,34.53791944,-118.08248611,25,0,0,3,2,4,1,3,1,0,,,,,,
63176,6,2020,4,25,7,15,3,19,1370,1,2,2,3,9,2,4,98,0,0,0,36.85214167,-119.73869167,12,6,0,2,2,1,0,1,1,0,,,,,,
63177,6,2020,9,17,5,20,1,65,2278,1,1,1,1,9,2,4,98,0,0,0,33.88843333,-117.22520278,8,0,0,1,1,1,0,3,1,0,,,,,,
63178,6,2020,12,12,7,23,4,29,240,1,1,1,1,3,2,2,1,1,0,530,35.35275833,-119.02782778,8,0,0,1,1,1,0,3,1,0,,,,,,
63179,6,2020,4,26,1,22,38,85,3340,1,1,1,2,6,2,3,98,1,0,0,37.32244167,-121.825975,8,0,0,3,2,1,0,3,1,0,,,,,,
63180,6,2020,6,9,3,22,24,19,1370,1,1,1,1,6,2,6,98,0,0,0,36.75032778,-119.79054722,8,0,0,3,2,1,0,3,1,0,,,,,,
63181,6,2020,6,10,4,15,1,19,1370,1,1,1,1,6,2,6,98,0,0,0,36.74125833,-119.74375833,9,0,0,3,4,1,0,1,1,0,,,,,,
63182,6,2020,6,16,3,12,18,83,0,1,2,2,3,6,1,4,98,0,0,0,34.67788611,-120.496775,12,2,0,1,1,1,0,1,1,0,,,,,,
63183,6,2020,12,12,7,12,2,113,0,1,2,2,3,9,1,4,98,0,0,0,38.5711,-121.80321111,12,2,0,1,1,1,0,1,10,0,,,,,,
63184,6,2020,11,26,5,1,0,37,480,1,2,1,1,1,2,1,1,1,0,317,34.20440833,-118.34168889,14,0,0,1,1,5,4,2,1,0,,,,,,
63185,6,2020,6,20,7,,,19,1370,1,1,1,1,9,2,5,98,0,0,0,36.73571667,-119.83991111,9,0,0,1,1,4,0,3,1,0,,,,,,
63186,6,2020,7,2,5,21,1,19,1370,1,1,1,1,9,2,4,98,0,0,0,36.77972222,-119.776475,9,0,0,2,3,1,0,3,1,0,,,,,,
63187,6,2020,7,1,4,20,59,37,1970,1,1,1,1,9,2,3,98,1,0,0,33.80438889,-118.21203056,8,0,0,1,1,1,0,3,1,0,,,,,,
63188,6,2020,7,26,1,3,17,37,1970,1,1,1,1,9,2,4,98,0,0,0,33.84820833,-118.17698056,9,0,0,1,1,1,0,3,1,0,,,,,,
63189,6,2020,5,6,4,21,28,19,1370,1,1,1,2,9,2,5,98,0,0,0,36.75772778,-119.77023611,8,0,0,3,2,1,0,3,1,0,,,,,,
63190,6,2020,5,11,2,18,36,37,1970,1,2,2,2,9,2,4,98,0,0,0,33.79712778,-118.21551944,12,6,0,2,2,1,0,1,1,0,,,,,,
63191,6,2020,10,19,2,11,55,37,1980,1,1,1,1,9,2,4,98,0,0,0,34.19738611,-118.58845278,9,0,0,3,2,1,0,1,1,0,,,,,,
63192,6,2020,10,20,3,19,30,53,1450,1,1,1,1,9,2,5,98,0,0,0,36.50908889,-121.44786389,8,0,0,2,3,1,0,2,1,0,,,,,,
63193,6,2020,5,14,5,22,19,19,1370,1,1,1,1,9,2,5,98,0,0,0,36.72144722,-119.78725278,33,0,0,1,1,4,0,3,1,0,,,,,,
63194,6,2020,11,5,5,16,30,37,1980,1,1,1,1,9,2,4,98,0,0,0,33.79621667,-118.27522778,9,0,0,1,1,1,0,1,1,0,16,40,,,,
63195,6,2020,10,17,7,15,18,67,1108,1,1,1,6,9,1,5,98,0,0,0,38.39413611,-121.40843889,9,0,0,1,1,1,0,1,1,0,,,,,,
63197,6,2020,10,30,6,19,10,67,0,1,1,1,1,9,2,3,98,1,0,0,38.71156389,-121.39110556,15,0,0,1,1,4,0,3,1,0,,,,,,
63198,6,2020,5,23,7,20,3,13,3412,1,1,1,1,1,2,1,1,1,0,9,37.73478889,-121.94908889,42,0,0,1,1,4,0,1,1,0,,,,,,
63199,6,2020,5,20,4,18,22,73,3260,1,1,1,1,3,2,2,1,1,0,27,32.7502,-117.15528889,25,0,1,19,1,4,0,1,1,0,,,,,,
63200,6,2020,8,8,7,9,6,19,1370,1,2,2,2,9,2,4,98,0,0,0,36.77932778,-119.81645833,12,6,0,2,3,1,0,1,1,0,,,,,,
63201,6,2020,6,5,6,17,51,19,1370,1,2,2,3,9,2,4,1,1,0,23,36.78313889,-119.73636944,12,6,0,2,3,1,0,1,1,0,,,,,,
63202,6,2020,8,16,1,13,52,19,1370,1,1,1,1,9,2,5,98,0,0,0,36.76215556,-119.80860556,8,0,0,1,1,1,0,1,1,0,,,,,,
63203,6,2020,9,5,7,21,37,19,1370,1,1,1,1,9,2,4,98,0,0,0,36.73171111,-119.79808611,18,0,0,3,2,1,0,3,1,0,,,,,,
63204,6,2020,8,19,4,21,23,19,1370,1,1,1,2,9,2,5,98,0,0,0,36.78388333,-119.74532778,8,0,0,1,1,1,0,3,10,0,,,,,,
63205,6,2020,4,23,5,21,15,19,1370,1,1,1,1,9,2,4,98,0,0,0,36.77955,-119.79788056,8,0,0,1,1,1,0,3,1,0,,,,,,
63206,6,2020,9,2,4,20,32,19,1370,1,1,1,1,9,2,3,98,1,0,0,36.89604167,-119.73597778,33,0,0,1,1,4,0,2,1,0,,,,,,
63207,6,2020,10,18,1,19,16,37,1970,1,1,1,2,3,2,3,1,1,0,57,33.78985833,-118.17961667,8,0,0,3,3,1,0,3,1,0,,,,,,
63208,6,2020,5,30,7,21,31,19,1370,1,1,1,1,9,2,5,98,1,0,250,36.7781,-119.84632778,8,0,0,1,1,1,0,3,10,0,,,,,,
63209,6,2020,9,26,7,9,39,85,3340,1,1,1,1,9,2,3,98,1,0,0,37.26587222,-121.85462222,33,0,0,1,1,4,0,1,1,0,,,,,,
63210,6,2020,10,18,1,20,10,29,9997,1,2,2,3,9,2,4,98,0,0,0,35.60809444,-117.64447222,12,2,0,1,1,1,0,2,1,0,,,,,,
63211,6,2020,9,25,6,5,35,19,1370,1,1,1,1,9,2,4,98,0,0,0,36.73584167,-119.73255833,8,0,0,1,1,1,0,3,1,0,,,,,,
63212,6,2020,9,26,7,1,18,19,1370,1,2,2,5,9,2,3,98,1,0,0,36.706938890000004,-119.76390556,12,2,0,1,1,1,0,3,1,0,,,,,,
63213,6,2020,7,25,7,22,49,19,1370,1,2,2,2,9,2,5,98,0,0,0,36.77196667,-119.83171667,8,0,0,1,1,1,0,3,1,0,,,,,,
63214,6,2020,9,27,1,8,16,85,3340,2,2,2,3,3,2,3,1,1,0,17,37.36115278,-121.83809167,12,6,0,2,2,1,0,1,1,0,,,,,,
63215,6,2020,10,17,7,19,10,37,1980,1,2,2,2,9,2,3,98,0,0,0,33.98791389,-118.2783,12,6,0,1,1,1,0,3,1,0,,,,,,
63216,6,2020,10,9,6,20,52,85,3340,1,1,1,1,9,2,4,98,0,0,0,37.34952778,-121.83501667,8,0,0,1,1,1,0,3,1,0,,,,,,
63217,6,2020,10,27,3,19,3,75,3290,1,2,1,1,9,2,3,98,1,0,0,37.78836389,-122.42359444,1,0,0,1,1,1,0,3,1,0,,,,,,
63218,6,2020,11,1,1,3,31,37,4190,2,4,1,4,6,2,3,98,1,0,0,33.99938333,-118.05631944,33,0,0,1,1,3,0,3,1,0,,,,,,
63219,6,2020,9,12,7,19,23,19,1370,1,1,1,1,9,2,4,98,0,0,0,36.77245556,-119.83461667,8,0,0,1,1,1,0,1,1,0,,,,,,
63220,6,2020,11,7,7,5,36,29,4080,1,1,1,2,6,1,6,98,0,0,0,35.57943333,-119.34939722,42,0,0,1,1,4,0,3,2,0,,,,,,
63221,6,2020,9,25,6,18,24,37,1970,1,1,1,1,9,2,3,98,1,0,0,33.84225556,-118.167625,33,0,0,1,1,4,0,1,1,0,,,,,,
63222,6,2020,10,16,6,19,49,19,1370,1,1,1,1,9,2,4,98,0,0,0,36.79430833,-119.77241111,8,0,0,1,1,1,0,3,1,0,,,,,,
63223,6,2020,10,12,2,15,23,37,3870,1,2,2,2,9,2,3,98,1,0,0,33.81365,-118.35120833,12,6,0,8,1,1,0,1,1,0,,,,,,
63224,6,2020,10,30,6,16,59,73,3260,1,4,2,4,9,2,4,98,0,0,0,32.76769444,-117.17446667,12,6,0,8,1,1,0,1,1,0,,,,,,
63225,6,2020,11,6,6,17,7,37,4120,1,4,4,5,6,2,6,98,0,0,0,34.06081667,-117.91673889,12,2,0,1,1,1,0,5,1,0,,,,,,
63226,6,2020,9,29,3,17,1,37,1970,1,4,4,8,3,2,3,1,1,0,10,33.76328889,-118.1152,12,8,0,1,1,1,0,1,1,0,,,,,,
63227,6,2020,12,17,5,0,15,37,1440,1,2,2,2,1,2,1,1,1,0,436,34.11902778,-117.84004167,12,6,0,1,1,1,0,2,1,0,,,,,,
63228,6,2020,12,17,5,0,17,37,1440,1,3,3,4,1,2,1,1,1,0,436,34.11902778,-117.84004167,12,1,0,1,1,1,0,2,1,0,,,,,,
63229,6,2020,12,26,7,17,41,61,0,1,1,1,1,9,1,5,98,0,0,0,38.72921944,-121.32308889,8,0,0,1,1,1,0,2,1,0,,,,,,
63230,6,2020,10,27,3,5,43,111,0,1,4,4,4,3,1,3,1,1,0,287,34.40905556,-118.787525,9,0,0,1,1,1,0,2,1,0,,,,,,
63231,6,2020,11,8,1,22,10,37,1980,1,2,2,2,6,2,3,98,1,0,0,34.20123889,-118.50113611,12,6,0,2,4,1,0,3,1,0,,,,,,
63232,6,2020,11,9,2,16,11,65,3070,1,2,2,6,6,2,6,98,0,0,0,33.96048056,-117.44703889,12,6,0,2,2,1,0,1,1,0,,,,,,
63233,6,2020,12,8,3,19,0,59,2560,1,1,1,2,9,2,3,98,0,0,0,33.820175,-117.83599167,8,0,0,1,1,1,0,3,1,0,,,,,,
63235,6,2020,7,15,4,,,57,0,1,1,1,1,1,1,1,1,1,0,239,39.37347222,-120.06408056,42,0,0,1,1,4,0,2,1,0,,,,,,
63236,6,2020,7,28,3,23,30,19,1370,1,1,1,1,9,2,7,98,0,0,0,36.81158611,-119.87859722,8,0,0,1,1,1,0,2,1,0,,,,,,
63237,6,2020,7,17,6,20,32,19,1370,1,1,1,1,9,2,5,98,0,0,0,36.71280833,-119.81789167,8,0,0,1,1,1,0,2,1,0,,,,,,
63238,6,2020,7,30,5,22,30,19,1370,1,2,2,2,9,2,4,98,1,0,264,36.77946944,-119.79506111,12,6,0,2,2,1,0,3,1,0,,,,,,