st_case,state,year,month,day,day_week,hour,minute,county,city,fatals_crash,vehicles_total,vehicles_in_transport,persons_total,route,rural_urban,functional_system,road_owner,nhs,special_jurisdiction,milepoint,latitude,longitude,first_harmful_event,manner_collision,rel_jct_interchange,rel_jct_location,intersection_type,relation_to_road,work_zone,light_condition,weather,school_bus_related,ems_notified_hour,ems_notified_min,ems_arrival_hour,ems_arrival_min,hospital_hour,hospital_min
63403,6,2020,6,15,2,2,2,85,3340,1,1,1,1,9,2,4,98,0,0,0,37.32895556,-121.84999444,8,0,0,3,2,1,0,3,1,0,,,,,,
63404,6,2020,7,29,4,20,5,37,245,2,3,2,3,9,2,4,4,0,0,0,34.08234167,-117.96607778,12,7,0,1,1,1,0,5,1,0,,,,,,
63405,6,2020,9,24,5,9,22,71,3210,1,2,2,2,9,2,4,98,0,0,0,34.10083056,-117.31382222,12,6,0,2,2,1,0,1,1,0,,,,,,
63406,6,2020,10,31,7,0,19,95,4020,1,1,1,4,9,2,3,98,1,0,0,38.13769167,-122.25604444,30,0,0,3,4,4,0,3,1,0,,,,,,
63407,6,2020,12,16,4,5,0,37,1980,1,1,1,1,9,2,3,98,1,0,0,34.220025,-118.58519722,8,0,0,1,1,1,0,3,1,0,,,,,,
63408,6,2020,12,16,4,18,25,37,1980,1,1,1,1,9,2,3,98,1,0,0,34.02152222,-118.24510278,8,0,0,2,3,1,0,5,1,0,,,,,,
63409,6,2020,12,2,4,2,16,71,3210,1,1,1,1,9,2,4,98,0,0,0,34.15269444,-117.28507222,33,0,0,1,1,4,0,3,1,0,,,,,,
63410,6,2020,12,18,6,3,58,99,2710,1,2,2,2,3,2,4,1,0,0,132,37.47205833,-121.129,12,6,0,2,2,1,0,3,1,0,,,,,,
63411,6,2020,12,10,5,18,31,65,9997,1,1,1,1,9,2,3,98,1,0,0,33.900575,-116.5454,8,0,0,1,1,1,0,2,1,0,,,,,,
63412,6,2020,10,15,5,18,42,107,4050,1,1,1,1,9,2,4,98,0,0,0,36.31430278,-119.29202778,8,0,0,1,1,1,0,3,1,0,,,,,,
63413,6,2020,12,18,6,10,30,37,1980,1,2,2,2,9,2,3,98,1,0,0,33.98915278,-118.30451667,12,6,0,2,2,1,0,1,1,0,,,,,,
63414,6,2020,12,18,6,16,27,103,2940,1,1,1,3,9,2,4,4,0,0,0,40.168525,-122.25532222,8,0,0,1,1,1,0,5,1,0,,,,,,
63415,6,2020,12,20,1,20,9,37,2870,1,2,2,2,9,2,4,98,0,0,0,34.06451389,-117.75042778,12,6,0,2,2,1,0,3,1,0,,,,,,
63416,6,2020,6,20,7,23,3,59,80,1,2,1,1,6,2,3,98,1,0,0,33.81986667,-117.95894167,30,0,0,1,1,4,0,3,1,0,,,,,,
63417,6,2020,8,14,6,20,53,59,80,2,1,1,1,6,2,3,98,1,0,0,33.8326,-117.95444167,8,0,0,3,3,1,0,3,1,0,,,,,,
63418,6,2020,9,4,6,15,54,83,1445,1,2,2,3,9,2,4,98,0,0,0,34.44163056,-119.88576389,12,6,0,2,3,1,0,1,1,0,,,,,,
63419,6,2020,12,13,1,14,59,71,1603,1,2,2,2,6,2,7,98,0,0,0,34.45556111,-117.29278056,12,6,0,2,2,1,0,1,1,0,,,,,,
63420,6,2020,11,15,1,1,56,71,4040,1,1,1,1,3,2,3,1,1,0,922,34.54035,-117.29806944,39,0,0,3,3,4,0,3,1,0,,,,,,
63421,6,2020,10,12,2,5,25,37,1980,1,1,1,1,9,2,3,98,1,0,0,34.26803056,-118.60611944,8,0,0,3,3,1,0,3,1,0,,,,,,
63422,6,2020,12,9,4,11,58,79,3370,2,1,1,2,9,1,4,98,0,0,0,35.27478056,-120.66934167,33,0,0,3,2,4,0,1,1,0,11,58,12,0,,
63423,6,2020,12,18,6,6,40,37,1980,1,4,2,2,9,2,7,98,0,0,0,33.93146389,-118.23635556,12,6,0,2,2,1,0,1,1,0,,,,,,
63424,6,2020,12,6,1,13,5,37,0,1,1,1,1,3,1,3,1,1,0,542,34.34918611,-117.96401944,26,0,0,1,1,1,0,1,1,0,,,,,,
63425,6,2020,12,15,3,0,13,71,115,1,2,2,2,3,2,3,1,1,0,915,34.52860278,-117.22453889,8,0,0,1,1,1,0,2,1,0,,,,,,
63426,6,2020,12,18,6,17,34,111,4027,1,1,1,1,9,2,3,98,1,0,0,34.25198333,-119.21149722,8,0,0,1,1,1,0,3,1,0,,,,,,
63427,6,2020,12,15,3,1,24,87,4100,1,1,1,1,9,2,3,98,1,0,0,36.89923333,-121.77568333,8,0,0,1,1,1,0,3,1,0,,,,,,
63428,6,2020,12,15,3,9,5,73,3260,1,1,1,1,9,2,4,98,0,0,0,32.71782778,-117.15460278,8,0,0,3,2,1,0,1,1,0,,,,,,
63429,6,2020,12,15,3,9,58,37,4120,1,1,1,1,9,2,4,98,0,0,0,34.04010833,-117.92040278,8,0,0,3,2,1,0,1,1,0,,,,,,
63430,6,2020,12,15,3,11,52,61,1890,1,2,2,3,9,2,4,98,0,0,0,38.87023333,-121.29245556,12,7,0,1,1,1,0,1,1,0,,,,,,
63431,6,2020,12,15,3,15,0,65,3070,1,1,1,1,9,2,5,98,0,0,0,33.95653889,-117.38908889,30,0,0,1,1,4,0,1,1,0,,,,,,
63432,6,2020,12,20,1,9,0,7,2600,1,2,1,1,6,1,6,98,0,0,0,39.52408889,-121.56479167,8,0,0,1,1,4,0,1,1,0,,,,,,
63433,6,2020,11,10,3,17,53,77,3770,1,1,1,1,9,2,3,98,1,0,178,37.94391111,-121.26833056,15,0,0,2,2,1,0,3,1,0,,,,,,
63434,6,2020,12,15,3,19,40,71,260,1,2,2,3,3,2,3,1,1,0,347,34.88354722,-117.08891944,12,6,0,2,2,1,0,3,1,0,,,,,,
63435,6,2020,10,26,2,20,0,37,1980,1,3,3,3,9,2,3,98,1,0,0,34.27901944,-118.46018333,12,1,0,1,1,1,0,3,1,0,,,,,,
63436,6,2020,12,15,3,20,19,29,4080,1,2,2,3,3,2,3,1,1,0,472,35.6015,-119.39972222,12,2,0,1,1,1,0,2,1,0,,,,,,
63437,6,2020,12,16,4,14,41,99,3060,1,2,2,2,3,2,3,3,1,0,306,37.73268889,-120.96593056,12,6,0,4,1,1,0,1,1,0,,,,,,
63438,6,2020,12,16,4,18,38,77,3770,1,2,2,3,9,2,3,98,1,0,0,38.02087778,-121.30040278,8,0,0,3,2,1,0,3,1,0,,,,,,
63439,6,2020,12,16,4,20,19,71,3210,1,4,4,4,9,2,3,98,1,0,0,34.10460556,-117.27876111,12,1,0,3,2,1,0,3,1,0,,,,,,
63440,6,2020,12,16,4,22,42,71,115,3,2,2,4,9,2,3,98,1,0,0,34.47145833,-117.199825,12,2,0,1,1,1,0,3,1,0,,,,,,
63441,6,2020,12,22,3,4,47,25,520,1,3,2,2,6,1,6,98,0,0,0,32.68229722,-115.50757222,14,0,0,3,3,4,0,3,1,0,,,,,,
63442,6,2020,1,30,5,20,53,1,2480,1,1,1,1,6,2,4,4,0,0,0,37.777475,-122.23086944,10,0,0,6,1,1,0,3,1,0,,,,,,
63443,6,2020,9,20,1,0,3,59,3558,1,1,1,2,3,2,3,1,1,0,314,33.72760278,-118.08216944,8,0,0,2,3,1,0,3,1,0,,,,,,
63444,6,2020,12,22,3,8,19,37,1970,1,1,1,1,3,2,3,1,1,0,193,33.78986667,-118.21053056,8,0,0,3,2,1,0,1,1,0,,,,,,
63445,6,2020,11,10,3,19,28,71,1457,1,1,1,1,8,2,5,2,0,0,0,34.01933611,-117.33358611,10,0,0,6,1,1,0,3,1,0,,,,,,
63446,6,2020,12,18,6,18,4,85,3340,1,1,1,1,9,2,4,98,0,0,0,37.31853056,-121.90823889,33,0,0,1,1,4,0,3,1,0,,,,,,
63447,6,2020,7,29,4,10,0,99,3950,1,2,2,2,6,2,3,98,1,0,0,37.48974722,-120.84903056,12,6,0,2,3,1,0,1,1,0,,,,,,
63448,6,2020,12,22,3,17,30,113,4163,1,1,1,2,9,2,3,98,0,0,0,38.58546111,-121.52645556,8,0,0,1,1,1,0,5,1,0,17,30,,,,
63449,6,2020,12,19,7,22,51,67,3150,1,1,1,1,9,2,3,98,1,0,0,38.61274722,-121.49775556,33,0,0,3,2,4,0,3,5,0,,,,,,
63450,6,2020,12,22,3,19,55,37,1980,1,1,1,1,9,2,3,98,0,0,0,34.03246944,-118.36265278,8,0,0,3,3,1,0,1,1,0,,,,,,
63451,6,2020,12,20,1,18,58,89,2950,1,2,2,2,3,2,3,1,1,0,224,40.58443056,-122.42369167,12,6,0,2,3,1,0,3,1,0,,,,,,
63452,6,2020,12,22,3,21,40,37,1980,1,1,1,2,9,2,3,98,1,0,0,33.94546111,-118.30804167,8,0,0,3,2,1,0,3,1,0,22,1,22,22,,
63453,6,2020,9,26,7,18,9,85,3790,1,1,1,2,9,2,7,98,0,0,0,37.40323611,-122.00346111,8,0,0,1,1,1,0,1,1,0,,,,,,
63454,6,2020,12,22,3,22,37,37,3870,1,3,3,4,3,2,3,1,1,0,149,33.95451111,-118.30902222,12,6,0,2,2,1,0,3,1,0,,,,,,
63455,6,2020,12,6,1,16,37,71,3210,1,2,2,2,9,2,4,98,0,0,0,34.14141944,-117.289625,12,6,0,2,3,1,0,1,1,0,,,,,,
63456,6,2020,12,22,3,4,0,13,3010,1,1,1,1,6,2,7,98,0,0,0,37.98640833,-122.35246389,30,0,0,1,1,4,0,3,1,0,,,,,,
63457,6,2020,12,18,6,19,39,37,2700,1,1,1,1,9,2,3,98,1,0,0,34.14613611,-118.09459722,8,0,0,3,2,1,0,3,1,0,,,,,,
63458,6,2020,12,24,5,22,35,71,4040,1,1,1,3,3,2,3,1,1,0,974,34.50678889,-117.33808056,8,0,0,1,1,1,0,3,1,0,,,,,,
63459,6,2020,12,19,7,4,25,59,3558,1,1,1,1,3,2,3,1,1,0,311,33.72456667,-118.07792222,46,0,0,3,2,4,0,3,1,0,,,,,,
63460,6,2020,12,26,7,12,45,37,1980,1,2,2,2,6,2,6,98,0,0,0,34.08344167,-118.25440833,12,6,0,2,2,1,0,1,1,0,,,,,,
63461,6,2020,12,10,5,21,24,67,3150,1,2,2,4,9,2,4,98,0,0,0,38.62884167,-121.44612778,12,6,0,2,3,1,0,3,1,0,,,,,,
63462,6,2020,12,10,5,5,45,37,4120,1,2,2,1,9,2,3,98,1,0,0,34.00219444,-117.88309444,8,0,0,1,1,1,0,4,1,0,,,,,,
63463,6,2020,12,29,3,3,20,95,4020,1,1,1,1,9,2,7,98,0,0,0,38.15073333,-122.27084444,33,0,0,1,1,4,0,3,1,0,,,,,,
63464,6,2020,12,11,6,6,18,37,1980,1,2,2,2,9,2,3,98,1,0,0,33.92946944,-118.25124167,8,0,0,1,1,1,0,3,1,0,,,,,,
63465,6,2020,12,26,7,17,20,113,4163,1,2,2,2,3,2,3,1,0,0,0,38.53773889,-121.55126389,12,6,0,8,1,1,0,3,1,0,,,,,,
63466,6,2020,12,12,7,18,1,37,1400,1,1,1,1,9,2,4,98,0,0,0,33.87658611,-118.29941667,8,0,0,1,1,1,0,3,1,0,,,,,,
63467,6,2020,11,14,7,16,50,73,2340,1,1,1,1,1,2,1,1,1,0,112,32.67611389,-117.10945278,52,0,0,1,1,4,0,1,1,0,,,,,,
63468,6,2020,12,19,7,16,3,67,3150,1,2,2,2,9,2,4,98,0,0,0,38.6691,-121.42916944,12,1,0,2,2,1,0,1,1,0,,,,,,
63469,6,2020,12,12,7,3,49,65,1580,2,2,2,4,9,2,3,98,1,0,0,33.74738889,-116.99793333,12,1,0,3,2,1,0,3,1,0,,,,,,
63470,6,2020,12,25,6,13,46,37,602,1,2,2,2,9,2,7,98,0,0,0,33.81720556,-118.25869722,12,7,0,1,1,1,0,1,1,0,,,,,,
63471,6,2020,11,8,1,20,4,95,1020,1,1,1,1,3,2,3,1,1,0,194,38.44655833,-121.8225,8,0,0,3,2,1,0,3,1,0,,,,,,
63472,6,2020,7,12,1,14,41,67,3150,1,1,1,1,9,2,3,98,1,0,0,38.61148333,-121.47556667,8,0,0,1,1,1,0,1,1,0,,,,,,
63473,6,2020,12,23,4,19,34,85,3340,1,1,1,1,9,2,3,98,0,0,0,37.1839,-121.70576389,9,0,0,1,1,2,0,3,1,0,19,34,19,50,,
63474,6,2020,12,25,6,18,43,71,2922,1,1,1,8,9,2,4,98,0,0,0,34.13104722,-117.61620556,15,0,0,3,3,1,0,3,1,0,,,,,,
63475,6,2020,12,23,4,5,45,99,2710,1,1,1,1,9,2,4,1,0,0,0,37.49171667,-121.142275,42,0,0,1,1,4,0,2,2,0,7,25,8,0,,
63476,6,2020,12,30,4,16,12,75,3290,1,1,1,1,9,2,3,98,1,0,0,37.77318611,-122.42179167,98,0,0,1,1,1,0,1,1,0,,,,,,
63477,6,2020,12,26,7,17,40,37,810,1,1,1,1,9,2,3,98,1,0,0,33.91630278,-118.25033333,9,0,0,1,1,1,0,3,1,0,,,,,,
63478,6,2020,12,27,1,17,40,37,1980,1,1,1,1,9,2,3,98,1,0,0,34.15040556,-118.36587778,8,0,0,3,2,1,0,3,1,0,,,,,,
63479,6,2020,10,20,3,0,10,65,0,1,1,1,1,9,2,4,98,0,0,0,33.63326667,-117.33544444,8,0,0,1,1,1,0,2,1,0,,,,,,
63480,6,2020,12,17,5,17,52,33,0,1,2,2,3,3,1,3,1,1,0,178,38.88025833,-122.61298333,12,1,0,3,3,1,0,2,1,0,,,,,,
63481,6,2020,8,14,6,10,57,71,115,1,3,3,4,9,2,5,98,0,0,0,34.51650556,-117.17285556,12,8,0,1,1,1,0,1,1,0,,,,,,
63482,6,2020,9,10,5,20,15,19,1370,3,2,2,4,9,2,5,98,0,0,0,36.73715833,-119.74546944,12,2,0,1,1,1,0,3,1,0,,,,,,
63483,6,2020,12,27,1,19,44,71,3210,1,1,1,1,6,2,6,98,0,0,0,34.10281111,-117.29864167,8,0,0,3,2,1,0,3,1,0,,,,,,
63484,6,2020,11,23,2,17,43,59,1380,1,1,1,2,9,2,3,98,1,0,0,33.88183056,-117.95056111,9,0,0,1,1,1,0,3,1,0,,,,,,
63485,6,2020,11,25,4,12,49,29,240,1,2,2,4,9,9,4,98,0,0,0,35.32491944,-119.02614722,12,6,0,2,3,1,0,1,1,0,,,,,,
63486,6,2020,12,2,4,18,9,77,3880,1,1,1,1,9,2,3,98,1,0,0,,,9,0,0,1,1,1,0,3,1,0,,,,,,
63487,6,2020,12,25,6,17,54,71,3210,1,1,1,1,9,2,4,98,0,0,0,34.13586667,-117.25888333,8,0,0,1,1,1,0,3,1,0,,,,,,
63488,6,2020,12,26,7,18,31,85,3340,1,2,2,2,9,2,3,98,1,0,0,37.32677778,-121.86325278,8,0,0,1,1,1,0,3,10,0,,,,,,
63489,6,2020,12,27,1,5,54,71,1603,1,1,1,1,9,2,3,98,1,0,0,34.42705,-117.33213889,15,0,0,1,1,1,0,2,1,0,,,,,,
63490,6,2020,12,27,1,18,41,71,115,1,2,2,3,3,2,3,1,1,0,920,34.53245,-117.23188611,8,0,0,1,1,1,0,3,1,0,,,,,,
63491,6,2020,12,31,5,15,25,73,1820,1,1,1,2,6,2,6,98,0,0,0,32.76596389,-117.04203611,8,0,0,3,2,1,0,1,1,0,,,,,,
63492,6,2020,8,12,4,11,22,85,3520,2,2,2,4,3,2,3,1,1,0,137,37.27683611,-122.00724444,12,6,1,2,2,1,0,1,1,0,,,,,,
63493,6,2020,12,13,1,3,13,77,3770,1,2,2,3,9,2,3,98,1,0,0,37.98991389,-121.30334444,12,6,0,2,2,1,0,3,10,0,,,,,,
63494,6,2020,10,29,5,17,18,77,3770,1,2,2,3,9,2,3,98,1,0,0,37.98331944,-121.30065,12,6,0,2,3,1,0,5,1,0,,,,,,
63495,6,2020,12,12,7,0,40,37,1980,1,1,1,1,9,2,3,98,1,0,0,33.95000833,-118.25407222,30,0,0,1,1,4,0,3,1,0,,,,,,
63496,6,2020,8,16,1,2,46,85,940,1,1,1,1,9,2,4,98,0,0,0,37.33085556,-122.01428333,9,0,1,18,1,1,0,3,1,0,,,,,,
63497,6,2020,12,26,7,23,48,29,3820,2,1,1,2,9,2,4,98,0,0,0,35.15049722,-119.45630833,33,0,0,1,1,4,0,3,1,0,,,,,,
63498,6,2020,8,23,1,0,12,1,2480,1,1,1,1,9,2,4,98,0,0,0,37.73445556,-122.17649167,8,0,0,3,2,1,0,3,1,0,,,,,,
63499,6,2020,12,30,4,21,39,69,1620,1,1,1,1,9,2,7,98,0,0,0,36.84993333,-121.40414722,38,0,0,1,1,4,0,2,10,0,,,,,,
63501,6,2020,7,15,4,18,53,1,2480,1,1,1,1,9,2,4,98,0,0,0,37.79889722,-122.27045833,40,0,0,1,1,4,0,1,1,0,,,,,,
63502,6,2020,12,27,1,18,10,19,2130,1,1,1,1,3,2,4,1,0,0,624,36.76386667,-120.38690278,8,0,0,1,1,1,0,2,1,0,,,,,,
63503,6,2020,12,31,5,21,54,71,1603,1,1,1,1,9,2,7,98,0,0,0,34.38744722,-117.41236944,1,0,0,1,1,1,0,2,1,0,,,,,,
63504,6,2020,3,10,3,6,54,1,2480,1,1,1,1,9,2,4,98,0,0,0,37.77033611,-122.18744722,8,0,0,1,1,1,0,3,1,0,,,,,,
63505,6,2020,3,20,6,22,32,85,3340,1,1,1,2,3,2,2,1,1,0,2,37.2412,-121.77247778,9,0,1,2,2,1,0,3,1,0,,,,,,
63506,6,2020,5,26,3,23,39,85,3340,1,2,2,3,9,2,4,98,0,0,0,37.22849167,-121.77528611,8,0,0,3,3,1,0,3,1,0,,,,,,
63507,6,2020,9,10,5,6,11,1,2480,1,1,1,1,9,2,3,98,1,0,0,37.828925,-122.26451944,8,0,0,4,1,1,0,3,1,0,,,,,,
63508,6,2020,9,30,4,9,25,1,2480,1,2,2,3,9,2,4,98,0,0,0,37.77217222,-122.23613611,12,2,0,1,1,1,0,1,1,0,,,,,,
63509,6,2020,10,1,5,3,58,71,680,1,1,1,1,9,2,3,98,1,0,0,33.95876944,-117.62205833,8,0,0,1,1,1,0,6,1,0,,,,,,
63510,6,2020,8,1,7,18,50,47,2150,1,5,3,11,9,2,4,98,0,0,0,37.29866111,-120.50318056,12,6,0,2,2,1,0,1,1,0,,,,,,
63511,6,2020,10,17,7,17,35,71,3000,1,3,3,4,6,2,6,98,0,0,0,34.12136944,-117.36606111,12,6,0,2,2,1,0,1,1,0,,,,,,
63512,6,2020,12,9,4,21,0,65,612,1,1,1,1,9,2,3,98,1,0,0,33.81599167,-116.46422778,8,0,0,3,98,1,0,3,1,0,21,5,21,30,,
63513,6,2020,11,15,1,13,24,59,1842,1,1,1,1,6,2,4,98,0,0,0,33.83920278,-118.03712778,9,0,0,8,1,1,0,1,1,0,,,,,,
63514,6,2020,12,13,1,3,42,37,2645,1,2,2,2,3,2,3,1,1,0,110,34.53170833,-118.01493889,12,2,0,1,1,1,0,2,1,0,,,,,,
63515,6,2020,10,26,2,6,3,71,1305,1,2,2,3,9,2,4,98,0,0,0,34.06292778,-117.47561667,12,6,0,2,2,1,0,3,1,0,,,,,,
63516,6,2020,12,27,1,2,5,37,1980,1,1,1,1,9,2,3,98,1,0,0,33.71875556,-118.32012778000001,33,0,0,3,3,4,0,3,1,0,,,,,,
63517,6,2020,11,20,6,20,7,37,1980,2,1,1,3,1,2,1,1,1,0,7,34.02916111,-118.21345,33,0,1,19,1,4,0,3,1,0,20,11,20,20,,
63518,6,2020,6,25,5,5,15,89,0,1,1,1,1,3,1,3,1,1,0,677,40.6846,-121.3752,17,0,0,1,1,4,0,4,1,0,,,,,,
63519,6,2020,9,14,2,7,7,29,0,1,1,1,1,1,1,1,1,1,0,134,34.98667222,-118.94443889,35,0,1,5,1,4,0,1,10,0,,,,,,
63520,6,2020,11,29,1,21,5,47,0,1,2,2,3,9,2,5,98,0,0,0,37.38935833,-120.65201389,12,2,0,1,1,1,0,2,1,0,,,,,,
63521,6,2020,8,13,5,12,8,67,3150,1,1,1,1,9,2,3,98,1,0,238,38.58353056,-121.50098611,8,0,0,3,2,1,0,1,1,0,,,,,,
63522,6,2020,12,13,1,5,29,37,1110,1,2,2,3,6,2,3,98,1,0,0,34.09092222,-118.01442778,12,6,0,2,2,1,0,3,1,0,,,,,,
63523,6,2020,10,25,1,21,50,71,4040,1,2,2,2,9,2,4,98,0,0,0,34.51252778,-117.31713056,8,0,0,3,3,1,0,3,1,0,,,,,,
63524,6,2020,12,31,5,15,58,75,3290,2,2,2,2,6,2,3,98,1,0,0,37.78801111,-122.39978889,12,6,0,2,2,1,0,1,1,0,,,,,,
63525,6,2020,9,3,5,5,58,85,3340,1,1,1,1,9,2,4,98,0,0,0,37.33463611,-121.893825,8,0,0,3,2,1,0,3,1,0,,,,,,
63526,6,2020,12,31,5,23,50,19,1672,1,1,1,1,3,1,3,1,0,0,87,36.19792778,-120.10341944,8,0,0,1,1,1,0,3,1,0,,,,,,
63527,6,2020,7,19,1,9,59,59,3760,1,2,2,2,3,2,3,1,1,0,107,33.80378056,-117.99302778,12,1,0,2,3,1,0,1,1,0,,,,,,
63528,6,2020,12,13,1,14,10,59,3420,1,1,1,1,9,2,3,98,1,0,0,33.70518333,-117.86806667,8,0,0,3,3,1,0,1,1,0,,,,,,
63529,6,2020,12,31,5,23,51,77,3770,1,2,2,3,9,2,3,98,1,0,0,37.96796667,-121.31459167,12,6,0,2,2,1,0,3,1,0,,,,,,
63530,6,2020,6,23,3,15,40,81,0,1,4,1,2,1,2,1,1,1,0,48,37.4516,-122.28089444,14,0,0,1,1,4,0,1,1,0,,,,,,
63531,6,2020,9,28,2,5,33,71,115,1,2,2,2,9,2,4,98,0,0,0,34.62411944,-117.20710833,12,6,0,2,2,1,0,2,1,0,,,,,,
63532,6,2020,11,1,1,9,9,47,0,1,3,3,4,1,1,1,1,1,0,320,37.241825,-121.08760833,12,1,0,1,1,1,1,1,1,0,,,,,,
63533,6,2020,12,26,7,0,45,77,3770,1,1,1,1,9,2,3,98,1,0,0,38.01454722,-121.30883333,33,0,0,1,1,3,0,3,10,0,,,,,,
63534,6,2020,11,23,2,3,51,95,4020,1,1,1,1,9,2,3,1,1,0,32,38.11614167,-122.25449444,8,0,0,1,1,1,0,3,1,0,,,,,,
63535,6,2020,10,21,4,18,57,1,2480,1,1,1,1,9,2,3,98,1,0,0,37.76322778,-122.19554722,8,0,0,3,98,1,0,3,1,0,,,,,,
63536,6,2020,6,30,3,11,5,55,0,1,2,2,4,3,2,3,1,1,0,20,38.27009444,-122.27199722,12,6,0,2,3,1,0,1,1,0,,,,,,
63537,6,2020,10,4,1,19,40,73,3260,1,1,1,1,1,2,1,1,1,0,7,32.54840833,-117.03852778,8,0,0,1,1,1,0,2,1,0,,,,,,
63538,6,2020,12,18,6,2,46,59,2560,1,1,1,1,3,2,2,1,1,0,132,33.77986944,-117.83136111,59,0,0,1,1,4,0,3,1,0,,,,,,
63539,6,2020,1,31,6,21,44,65,9997,1,1,1,1,9,2,3,98,0,0,0,33.72578333,-116.35622778,8,0,0,3,2,1,0,3,1,0,,,,,,
63540,6,2020,7,30,5,11,43,59,3420,1,2,2,2,6,2,3,98,1,0,0,33.766825,-117.88480833,12,6,0,2,2,1,0,1,1,0,,,,,,
63541,6,2020,8,31,2,10,3,19,2990,1,1,1,1,6,2,7,98,0,0,0,36.59306944,-119.44565833,9,0,0,2,4,1,0,1,1,0,,,,,,
63542,6,2020,12,21,2,8,7,1,1920,1,1,1,1,9,2,3,98,1,0,0,37.67605833,-121.80524722,9,0,0,3,3,1,0,1,1,0,,,,,,
63543,6,2020,4,11,7,6,47,59,3420,1,1,1,1,9,2,3,98,1,0,0,33.71602222,-117.86316667,8,0,0,1,1,1,0,4,1,0,,,,,,
63544,6,2020,3,10,3,20,45,37,1980,1,1,1,3,9,2,4,98,0,0,0,34.00005833,-118.30908889,9,0,0,8,1,1,0,3,1,0,,,,,,
63545,6,2020,9,1,3,23,40,59,1713,1,1,1,1,1,2,1,1,1,0,221,33.65376944,-117.74236111,25,0,0,1,1,3,0,3,1,0,,,,,,
63546,6,2020,11,3,3,16,3,59,1713,1,1,1,4,1,2,1,1,1,0,78,33.6823,-117.85636111,8,0,0,1,1,1,0,1,1,0,,,,,,
63547,6,2020,11,1,1,18,44,21,4230,1,1,1,1,1,2,1,1,1,0,94,39.51711111,-122.21298056,1,0,0,1,1,4,0,2,1,0,,,,,,
63548,6,2020,10,16,6,16,2,71,3210,1,3,3,7,9,2,4,98,0,0,0,34.13604167,-117.34015556,12,2,0,1,1,1,0,1,1,0,,,,,,
63549,6,2020,8,17,2,21,38,65,2278,1,2,2,2,6,2,3,98,1,0,0,33.94945278,-117.22651667,8,0,0,3,3,1,0,3,1,0,,,,,,
63550,6,2020,12,29,3,23,37,65,2278,1,1,1,1,9,2,4,98,0,0,0,33.90283056,-117.24361111,39,0,0,3,2,4,0,3,1,0,,,,,,
63551,6,2020,11,8,1,16,42,19,0,1,1,1,2,9,1,6,98,0,0,0,36.16471111,-120.37333611,1,0,0,1,1,4,0,5,10,0,,,,,,
63552,6,2020,11,13,6,19,25,73,3260,1,2,2,3,3,2,2,1,1,0,51,32.78186111,-117.16248611,12,1,0,1,1,1,0,2,1,0,,,,,,
63554,6,2020,11,5,5,17,4,71,2922,1,2,2,2,6,2,4,98,0,0,0,34.12153056,-117.56810833,12,6,0,2,3,1,0,5,1,0,,,,,,
63555,6,2020,12,14,2,0,19,71,3210,2,1,1,2,9,2,4,98,0,0,0,34.09807222,-117.2597,99,99,0,2,2,1,0,3,1,0,,,,,,
63556,6,2020,11,27,6,23,47,71,3210,3,2,2,6,6,2,6,98,0,0,0,34.17627222,-117.33115,12,6,0,2,2,1,0,2,1,0,,,,,,
63557,6,2020,12,21,2,12,38,59,3420,1,1,1,1,6,2,3,4,1,0,0,33.73872778,-117.85025278,10,0,0,6,1,1,0,1,1,0,12,38,12,41,,
63558,6,2020,9,13,1,18,0,37,1980,1,1,1,1,1,2,1,1,1,0,149,34.038325,-118.27194167,25,0,0,5,1,4,0,1,1,0,,,,,,
63559,6,2020,12,26,7,17,53,19,1770,1,3,2,2,9,2,4,98,0,0,0,36.51368333,-119.55439167,12,6,1,2,2,1,0,1,1,0,,,,,,
63560,6,2020,12,28,2,4,26,37,639,1,2,2,1,1,2,1,1,1,0,38,33.85840833,-118.09608056,12,11,1,18,1,1,0,3,2,0,,,,,,
63561,6,2020,1,5,1,18,0,37,2260,1,2,2,1,9,2,4,98,0,0,0,34.06101944,-118.14195278,33,0,0,1,1,8,0,3,1,0,18,25,18,41,,
63562,6,2020,1,21,3,0,22,1,3360,1,1,1,1,9,2,4,98,0,0,0,37.7093,-122.16933889,33,0,0,3,3,3,0,3,1,0,,,,,,
63563,6,2020,12,21,2,23,30,87,0,1,1,1,1,3,2,3,1,1,0,213,36.96220833,-122.08034167,8,0,0,1,1,1,0,2,1,0,,,,,,
63564,6,2020,9,11,6,19,20,37,1980,1,1,1,1,9,2,7,98,0,0,0,34.07116111,-118.30290833,8,0,0,3,2,1,0,1,1,0,,,,,,
63565,6,2020,6,13,7,14,34,65,1003,1,4,4,6,3,1,3,1,1,0,32,33.96131944,-116.59044167,12,6,0,2,2,1,0,1,1,0,,,,,,